{
  "n_events": 200,
  "mean_edep_MeV": 1.9246881999999998,
  "std_edep_MeV": 0.8091256566286599,
  "mean_pe": 57.905,
  "std_pe": 25.367616659828332,
  "mean_photons_prod": 19246.295,
  "csv": "muon_panel_hits.csv"
}