ISO-10303-21;
HEADER;
FILE_DESCRIPTION(('FreeCAD Model'),'2;1');
FILE_NAME('Open CASCADE Shape Model','2026-09-30T17:57:58',('Author'),(
    ''),'Open CASCADE STEP processor 7.8','FreeCAD','Unknown');
FILE_SCHEMA(('AUTOMOTIVE_DESIGN { 1 0 10303 214 1 1 1 1 }'));
ENDSEC;
DATA;
#1 = APPLICATION_PROTOCOL_DEFINITION('international standard',
  'automotive_design',2000,#2);
#2 = APPLICATION_CONTEXT(
  'core data for automotive mechanical design processes');
#3 = SHAPE_DEFINITION_REPRESENTATION(#4,#10);
#4 = PRODUCT_DEFINITION_SHAPE('','',#5);
#5 = PRODUCT_DEFINITION('design','',#6,#9);
#6 = PRODUCT_DEFINITION_FORMATION('','',#7);
#7 = PRODUCT('Tile_0','Tile_0','',(#8));
#8 = PRODUCT_CONTEXT('',#2,'mechanical');
#9 = PRODUCT_DEFINITION_CONTEXT('part definition',#2,'design');
#10 = SHAPE_REPRESENTATION('',(#11,#15,#19,#23,#27,#31,#35,#39,#43,#47,
    #51),#55);
#11 = AXIS2_PLACEMENT_3D('',#12,#13,#14);
#12 = CARTESIAN_POINT('',(0.,0.,0.));
#13 = DIRECTION('',(0.,0.,1.));
#14 = DIRECTION('',(1.,0.,-0.));
#15 = AXIS2_PLACEMENT_3D('',#16,#17,#18);
#16 = CARTESIAN_POINT('',(0.,0.,0.));
#17 = DIRECTION('',(0.,0.,1.));
#18 = DIRECTION('',(1.,0.,0.));
#19 = AXIS2_PLACEMENT_3D('',#20,#21,#22);
#20 = CARTESIAN_POINT('',(0.,0.,0.));
#21 = DIRECTION('',(0.,0.,1.));
#22 = DIRECTION('',(1.,0.,0.));
#23 = AXIS2_PLACEMENT_3D('',#24,#25,#26);
#24 = CARTESIAN_POINT('',(0.,0.,0.));
#25 = DIRECTION('',(0.,0.,1.));
#26 = DIRECTION('',(1.,0.,0.));
#27 = AXIS2_PLACEMENT_3D('',#28,#29,#30);
#28 = CARTESIAN_POINT('',(0.,0.,0.));
#29 = DIRECTION('',(0.,0.,1.));
#30 = DIRECTION('',(1.,0.,0.));
#31 = AXIS2_PLACEMENT_3D('',#32,#33,#34);
#32 = CARTESIAN_POINT('',(0.,0.,0.));
#33 = DIRECTION('',(0.,0.,1.));
#34 = DIRECTION('',(1.,0.,0.));
#35 = AXIS2_PLACEMENT_3D('',#36,#37,#38);
#36 = CARTESIAN_POINT('',(0.,0.,0.));
#37 = DIRECTION('',(0.,0.,1.));
#38 = DIRECTION('',(1.,0.,0.));
#39 = AXIS2_PLACEMENT_3D('',#40,#41,#42);
#40 = CARTESIAN_POINT('',(0.,0.,0.));
#41 = DIRECTION('',(0.,0.,1.));
#42 = DIRECTION('',(1.,0.,0.));
#43 = AXIS2_PLACEMENT_3D('',#44,#45,#46);
#44 = CARTESIAN_POINT('',(0.,0.,0.));
#45 = DIRECTION('',(0.,0.,1.));
#46 = DIRECTION('',(1.,0.,0.));
#47 = AXIS2_PLACEMENT_3D('',#48,#49,#50);
#48 = CARTESIAN_POINT('',(0.,0.,0.));
#49 = DIRECTION('',(0.,0.,1.));
#50 = DIRECTION('',(1.,0.,0.));
#51 = AXIS2_PLACEMENT_3D('',#52,#53,#54);
#52 = CARTESIAN_POINT('',(0.,0.,0.));
#53 = DIRECTION('',(0.,0.,1.));
#54 = DIRECTION('',(1.,0.,0.));
#55 = ( GEOMETRIC_REPRESENTATION_CONTEXT(3) 
GLOBAL_UNCERTAINTY_ASSIGNED_CONTEXT((#59)) GLOBAL_UNIT_ASSIGNED_CONTEXT(
(#56,#57,#58)) REPRESENTATION_CONTEXT('Context #1',
  '3D Context with UNIT and UNCERTAINTY') );
#56 = ( LENGTH_UNIT() NAMED_UNIT(*) SI_UNIT(.MILLI.,.METRE.) );
#57 = ( NAMED_UNIT(*) PLANE_ANGLE_UNIT() SI_UNIT($,.RADIAN.) );
#58 = ( NAMED_UNIT(*) SI_UNIT($,.STERADIAN.) SOLID_ANGLE_UNIT() );
#59 = UNCERTAINTY_MEASURE_WITH_UNIT(LENGTH_MEASURE(2.E-06),#56,
  'distance_accuracy_value','confusion accuracy');
#60 = PRODUCT_RELATED_PRODUCT_CATEGORY('part',$,(#7));
#61 = SHAPE_DEFINITION_REPRESENTATION(#62,#68);
#62 = PRODUCT_DEFINITION_SHAPE('','',#63);
#63 = PRODUCT_DEFINITION('design','',#64,#67);
#64 = PRODUCT_DEFINITION_FORMATION('','',#65);
#65 = PRODUCT('Tile0_Body','Tile0_Body','',(#66));
#66 = PRODUCT_CONTEXT('',#2,'mechanical');
#67 = PRODUCT_DEFINITION_CONTEXT('part definition',#2,'design');
#68 = ADVANCED_BREP_SHAPE_REPRESENTATION('',(#11,#69),#571);
#69 = MANIFOLD_SOLID_BREP('',#70);
#70 = CLOSED_SHELL('',(#71,#111,#142,#173,#190,#207,#307,#342,#352,#377,
    #407,#433,#463,#493,#521,#549));
#71 = ADVANCED_FACE('',(#72),#106,.F.);
#72 = FACE_BOUND('',#73,.F.);
#73 = EDGE_LOOP('',(#74,#84,#92,#100));
#74 = ORIENTED_EDGE('',*,*,#75,.T.);
#75 = EDGE_CURVE('',#76,#78,#80,.T.);
#76 = VERTEX_POINT('',#77);
#77 = CARTESIAN_POINT('',(0.,-0.38,-3.5));
#78 = VERTEX_POINT('',#79);
#79 = CARTESIAN_POINT('',(0.,-0.38,3.5));
#80 = LINE('',#81,#82);
#81 = CARTESIAN_POINT('',(0.,-0.38,-3.5));
#82 = VECTOR('',#83,1.);
#83 = DIRECTION('',(0.,0.,1.));
#84 = ORIENTED_EDGE('',*,*,#85,.T.);
#85 = EDGE_CURVE('',#78,#86,#88,.T.);
#86 = VERTEX_POINT('',#87);
#87 = CARTESIAN_POINT('',(186.652,-0.38,3.5));
#88 = LINE('',#89,#90);
#89 = CARTESIAN_POINT('',(0.,-0.38,3.5));
#90 = VECTOR('',#91,1.);
#91 = DIRECTION('',(1.,0.,0.));
#92 = ORIENTED_EDGE('',*,*,#93,.F.);
#93 = EDGE_CURVE('',#94,#86,#96,.T.);
#94 = VERTEX_POINT('',#95);
#95 = CARTESIAN_POINT('',(186.652,-0.38,-3.5));
#96 = LINE('',#97,#98);
#97 = CARTESIAN_POINT('',(186.652,-0.38,-3.5));
#98 = VECTOR('',#99,1.);
#99 = DIRECTION('',(0.,0.,1.));
#100 = ORIENTED_EDGE('',*,*,#101,.F.);
#101 = EDGE_CURVE('',#76,#94,#102,.T.);
#102 = LINE('',#103,#104);
#103 = CARTESIAN_POINT('',(0.,-0.38,-3.5));
#104 = VECTOR('',#105,1.);
#105 = DIRECTION('',(1.,0.,0.));
#106 = PLANE('',#107);
#107 = AXIS2_PLACEMENT_3D('',#108,#109,#110);
#108 = CARTESIAN_POINT('',(0.,-0.38,-3.5));
#109 = DIRECTION('',(0.,1.,0.));
#110 = DIRECTION('',(1.,0.,0.));
#111 = ADVANCED_FACE('',(#112),#137,.F.);
#112 = FACE_BOUND('',#113,.F.);
#113 = EDGE_LOOP('',(#114,#124,#130,#131));
#114 = ORIENTED_EDGE('',*,*,#115,.T.);
#115 = EDGE_CURVE('',#116,#118,#120,.T.);
#116 = VERTEX_POINT('',#117);
#117 = CARTESIAN_POINT('',(190.467,190.62,-3.5));
#118 = VERTEX_POINT('',#119);
#119 = CARTESIAN_POINT('',(190.467,190.62,3.5));
#120 = LINE('',#121,#122);
#121 = CARTESIAN_POINT('',(190.467,190.62,-3.5));
#122 = VECTOR('',#123,1.);
#123 = DIRECTION('',(0.,0.,1.));
#124 = ORIENTED_EDGE('',*,*,#125,.T.);
#125 = EDGE_CURVE('',#118,#78,#126,.T.);
#126 = LINE('',#127,#128);
#127 = CARTESIAN_POINT('',(190.467,190.62,3.5));
#128 = VECTOR('',#129,1.);
#129 = DIRECTION('',(-0.706118095803,-0.708094086107,0.));
#130 = ORIENTED_EDGE('',*,*,#75,.F.);
#131 = ORIENTED_EDGE('',*,*,#132,.F.);
#132 = EDGE_CURVE('',#116,#76,#133,.T.);
#133 = LINE('',#134,#135);
#134 = CARTESIAN_POINT('',(190.467,190.62,-3.5));
#135 = VECTOR('',#136,1.);
#136 = DIRECTION('',(-0.706118095803,-0.708094086107,0.));
#137 = PLANE('',#138);
#138 = AXIS2_PLACEMENT_3D('',#139,#140,#141);
#139 = CARTESIAN_POINT('',(190.467,190.62,-3.5));
#140 = DIRECTION('',(0.708094086107,-0.706118095803,0.));
#141 = DIRECTION('',(-0.706118095803,-0.708094086107,0.));
#142 = ADVANCED_FACE('',(#143),#168,.F.);
#143 = FACE_BOUND('',#144,.F.);
#144 = EDGE_LOOP('',(#145,#146,#154,#162));
#145 = ORIENTED_EDGE('',*,*,#93,.T.);
#146 = ORIENTED_EDGE('',*,*,#147,.T.);
#147 = EDGE_CURVE('',#86,#148,#150,.T.);
#148 = VERTEX_POINT('',#149);
#149 = CARTESIAN_POINT('',(403.165,190.62,3.5));
#150 = LINE('',#151,#152);
#151 = CARTESIAN_POINT('',(186.652,-0.38,3.5));
#152 = VECTOR('',#153,1.);
#153 = DIRECTION('',(0.749908099631,0.661542018399,0.));
#154 = ORIENTED_EDGE('',*,*,#155,.F.);
#155 = EDGE_CURVE('',#156,#148,#158,.T.);
#156 = VERTEX_POINT('',#157);
#157 = CARTESIAN_POINT('',(403.165,190.62,-3.5));
#158 = LINE('',#159,#160);
#159 = CARTESIAN_POINT('',(403.165,190.62,-3.5));
#160 = VECTOR('',#161,1.);
#161 = DIRECTION('',(0.,0.,1.));
#162 = ORIENTED_EDGE('',*,*,#163,.F.);
#163 = EDGE_CURVE('',#94,#156,#164,.T.);
#164 = LINE('',#165,#166);
#165 = CARTESIAN_POINT('',(186.652,-0.38,-3.5));
#166 = VECTOR('',#167,1.);
#167 = DIRECTION('',(0.749908099631,0.661542018399,0.));
#168 = PLANE('',#169);
#169 = AXIS2_PLACEMENT_3D('',#170,#171,#172);
#170 = CARTESIAN_POINT('',(186.652,-0.38,-3.5));
#171 = DIRECTION('',(-0.661542018399,0.749908099631,0.));
#172 = DIRECTION('',(0.749908099631,0.661542018399,0.));
#173 = ADVANCED_FACE('',(#174),#185,.F.);
#174 = FACE_BOUND('',#175,.F.);
#175 = EDGE_LOOP('',(#176,#177,#178,#184));
#176 = ORIENTED_EDGE('',*,*,#101,.T.);
#177 = ORIENTED_EDGE('',*,*,#163,.T.);
#178 = ORIENTED_EDGE('',*,*,#179,.T.);
#179 = EDGE_CURVE('',#156,#116,#180,.T.);
#180 = LINE('',#181,#182);
#181 = CARTESIAN_POINT('',(403.165,190.62,-3.5));
#182 = VECTOR('',#183,1.);
#183 = DIRECTION('',(-1.,0.,0.));
#184 = ORIENTED_EDGE('',*,*,#132,.T.);
#185 = PLANE('',#186);
#186 = AXIS2_PLACEMENT_3D('',#187,#188,#189);
#187 = CARTESIAN_POINT('',(199.81630302248,97.716965346941,-3.5));
#188 = DIRECTION('',(0.,0.,1.));
#189 = DIRECTION('',(1.,0.,-0.));
#190 = ADVANCED_FACE('',(#191),#202,.T.);
#191 = FACE_BOUND('',#192,.T.);
#192 = EDGE_LOOP('',(#193,#194,#195,#201));
#193 = ORIENTED_EDGE('',*,*,#85,.T.);
#194 = ORIENTED_EDGE('',*,*,#147,.T.);
#195 = ORIENTED_EDGE('',*,*,#196,.T.);
#196 = EDGE_CURVE('',#148,#118,#197,.T.);
#197 = LINE('',#198,#199);
#198 = CARTESIAN_POINT('',(403.165,190.62,3.5));
#199 = VECTOR('',#200,1.);
#200 = DIRECTION('',(-1.,0.,0.));
#201 = ORIENTED_EDGE('',*,*,#125,.T.);
#202 = PLANE('',#203);
#203 = AXIS2_PLACEMENT_3D('',#204,#205,#206);
#204 = CARTESIAN_POINT('',(199.81630302248,97.716965346941,3.5));
#205 = DIRECTION('',(0.,0.,1.));
#206 = DIRECTION('',(1.,0.,-0.));
#207 = ADVANCED_FACE('',(#208,#214,#291),#302,.F.);
#208 = FACE_BOUND('',#209,.F.);
#209 = EDGE_LOOP('',(#210,#211,#212,#213));
#210 = ORIENTED_EDGE('',*,*,#155,.T.);
#211 = ORIENTED_EDGE('',*,*,#196,.T.);
#212 = ORIENTED_EDGE('',*,*,#115,.F.);
#213 = ORIENTED_EDGE('',*,*,#179,.F.);
#214 = FACE_BOUND('',#215,.F.);
#215 = EDGE_LOOP('',(#216,#285));
#216 = ORIENTED_EDGE('',*,*,#217,.F.);
#217 = EDGE_CURVE('',#218,#220,#222,.T.);
#218 = VERTEX_POINT('',#219);
#219 = CARTESIAN_POINT('',(259.611,190.62,-0.65));
#220 = VERTEX_POINT('',#221);
#221 = CARTESIAN_POINT('',(259.610999993,190.61999999999,0.65));
#222 = B_SPLINE_CURVE_WITH_KNOTS('',5,(#223,#224,#225,#226,#227,#228,
    #229,#230,#231,#232,#233,#234,#235,#236,#237,#238,#239,#240,#241,
    #242,#243,#244,#245,#246,#247,#248,#249,#250,#251,#252,#253,#254,
    #255,#256,#257,#258,#259,#260,#261,#262,#263,#264,#265,#266,#267,
    #268,#269,#270,#271,#272,#273,#274,#275,#276,#277,#278,#279,#280,
    #281,#282,#283,#284),.UNSPECIFIED.,.F.,.F.,(6,4,4,4,4,4,4,4,4,4,4,4,
    4,4,4,6),(0.,0.175997730479,0.237998058837,0.285998322122,
    0.347998650479,0.381998839676,0.41999905056,0.45199922881,
    0.503499516595,0.553267667609,0.603267942623,0.659268246628,
    0.70926852164,0.759268796652,0.837269177909,1.),.UNSPECIFIED.);
#223 = CARTESIAN_POINT('',(259.611,190.62,-0.65));
#224 = CARTESIAN_POINT('',(259.68287830723,190.62,-0.65));
#225 = CARTESIAN_POINT('',(259.75476266515,190.62,-0.640064009817));
#226 = CARTESIAN_POINT('',(259.82480412656,190.62,-0.620191448913));
#227 = CARTESIAN_POINT('',(259.89119544816,190.62,-0.59089507861));
#228 = CARTESIAN_POINT('',(259.97391171623,190.62,-0.539848345925));
#229 = CARTESIAN_POINT('',(259.99481246728,190.62,-0.525500944058));
#230 = CARTESIAN_POINT('',(260.01499736428,190.62,-0.510146430135));
#231 = CARTESIAN_POINT('',(260.03440274647,190.62,-0.493833230455));
#232 = CARTESIAN_POINT('',(260.06734406908,190.62,-0.46328648444));
#233 = CARTESIAN_POINT('',(260.08121597292,190.62,-0.449415074464));
#234 = CARTESIAN_POINT('',(260.0945580843,190.62,-0.435027065905));
#235 = CARTESIAN_POINT('',(260.10734515726,190.62,-0.420149683776));
#236 = CARTESIAN_POINT('',(260.13532375067,190.62,-0.385000960168));
#237 = CARTESIAN_POINT('',(260.15012885659,190.62,-0.364421888338));
#238 = CARTESIAN_POINT('',(260.16391928216,190.62,-0.343137731072));
#239 = CARTESIAN_POINT('',(260.17665153405,190.62,-0.321215616052));
#240 = CARTESIAN_POINT('',(260.19467031213,190.62,-0.286394389493));
#241 = CARTESIAN_POINT('',(260.20072264377,190.62,-0.273891453021));
#242 = CARTESIAN_POINT('',(260.20643958125,190.62,-0.261229839315));
#243 = CARTESIAN_POINT('',(260.21181569307,190.62,-0.248421577871));
#244 = CARTESIAN_POINT('',(260.22246851058,190.62,-0.221013741392));
#245 = CARTESIAN_POINT('',(260.22765911619,190.62,-0.206380688442));
#246 = CARTESIAN_POINT('',(260.23241132102,190.62,-0.191597034456));
#247 = CARTESIAN_POINT('',(260.23671948631,190.62,-0.176680321079));
#248 = CARTESIAN_POINT('',(260.24382915483,190.62,-0.148989988908));
#249 = CARTESIAN_POINT('',(260.24676114852,190.62,-0.136249863297));
#250 = CARTESIAN_POINT('',(260.24937226191,190.62,-0.123438721923));
#251 = CARTESIAN_POINT('',(260.25166029735,190.62,-0.110567347414));
#252 = CARTESIAN_POINT('',(260.2567832883,190.62,-7.685235756743E-02));
#253 = CARTESIAN_POINT('',(260.25910189357,190.62,-5.593024592259E-02));
#254 = CARTESIAN_POINT('',(260.26057251062,190.62,-3.492577855021E-02));
#255 = CARTESIAN_POINT('',(260.26119193687,190.62,-1.388469794021E-02));
#256 = CARTESIAN_POINT('',(260.26073718472,190.62,2.747131091796E-02));
#257 = CARTESIAN_POINT('',(260.25971926709,190.62,4.778692518024E-02));
#258 = CARTESIAN_POINT('',(260.25790738051,190.62,6.805232589274E-02));
#259 = CARTESIAN_POINT('',(260.25530521022,190.62,8.822629441418E-02));
#260 = CARTESIAN_POINT('',(260.24851832908,190.62,0.128402985564));
#261 = CARTESIAN_POINT('',(260.2443262839,190.62,0.148404528101));
#262 = CARTESIAN_POINT('',(260.23935054613,190.62,0.168231024784));
#263 = CARTESIAN_POINT('',(260.23360133054,190.62,0.187841773495));
#264 = CARTESIAN_POINT('',(260.21980165613,190.62,0.228874586498));
#265 = CARTESIAN_POINT('',(260.21155780724,190.62,0.250231698588));
#266 = CARTESIAN_POINT('',(260.20237937673,190.62,0.271212125041));
#267 = CARTESIAN_POINT('',(260.1922899912,190.62,0.291761859281));
#268 = CARTESIAN_POINT('',(260.17152163589,190.62,0.32974604215));
#269 = CARTESIAN_POINT('',(260.16102162431,190.62,0.347278431985));
#270 = CARTESIAN_POINT('',(260.14983819419,190.62,0.364389212706));
#271 = CARTESIAN_POINT('',(260.13799430416,190.62,0.381043257328));
#272 = CARTESIAN_POINT('',(260.11303704152,190.62,0.413371228192));
#273 = CARTESIAN_POINT('',(260.09992363263,190.62,0.42904520143));
#274 = CARTESIAN_POINT('',(260.0862011734,190.62,0.444195846044));
#275 = CARTESIAN_POINT('',(260.0718978349,190.62,0.45879205904));
#276 = CARTESIAN_POINT('',(260.03387262557,190.62,0.494665048734));
#277 = CARTESIAN_POINT('',(260.00936163211,190.62,0.515105800639));
#278 = CARTESIAN_POINT('',(259.98362796425,190.62,0.534017207773));
#279 = CARTESIAN_POINT('',(259.95679989575,190.62,0.551305003074));
#280 = CARTESIAN_POINT('',(259.87105484071,190.62,0.599406714548));
#281 = CARTESIAN_POINT('',(259.80893290238,190.62,0.624516501868));
#282 = CARTESIAN_POINT('',(259.7439241781,190.62,0.641505620186));
#283 = CARTESIAN_POINT('',(259.67746003495,190.62,0.65));
#284 = CARTESIAN_POINT('',(259.611,190.62,0.65));
#285 = ORIENTED_EDGE('',*,*,#286,.F.);
#286 = EDGE_CURVE('',#220,#218,#287,.T.);
#287 = LINE('',#288,#289);
#288 = CARTESIAN_POINT('',(259.61099998403,190.62,-1.75));
#289 = VECTOR('',#290,1.);
#290 = DIRECTION('',(-0.,-0.,-1.));
#291 = FACE_BOUND('',#292,.F.);
#292 = EDGE_LOOP('',(#293));
#293 = ORIENTED_EDGE('',*,*,#294,.F.);
#294 = EDGE_CURVE('',#295,#295,#297,.T.);
#295 = VERTEX_POINT('',#296);
#296 = CARTESIAN_POINT('',(258.411,190.62,-0.65));
#297 = CIRCLE('',#298,0.65);
#298 = AXIS2_PLACEMENT_3D('',#299,#300,#301);
#299 = CARTESIAN_POINT('',(258.411,190.62,0.));
#300 = DIRECTION('',(0.,-1.,0.));
#301 = DIRECTION('',(0.,0.,-1.));
#302 = PLANE('',#303);
#303 = AXIS2_PLACEMENT_3D('',#304,#305,#306);
#304 = CARTESIAN_POINT('',(403.165,190.62,-3.5));
#305 = DIRECTION('',(0.,-1.,0.));
#306 = DIRECTION('',(-1.,0.,0.));
#307 = ADVANCED_FACE('',(#308),#334,.F.);
#308 = FACE_BOUND('',#309,.F.);
#309 = EDGE_LOOP('',(#310,#319,#325,#326,#333));
#310 = ORIENTED_EDGE('',*,*,#311,.T.);
#311 = EDGE_CURVE('',#312,#312,#314,.T.);
#312 = VERTEX_POINT('',#313);
#313 = CARTESIAN_POINT('',(259.611,186.62,-0.65));
#314 = CIRCLE('',#315,0.65);
#315 = AXIS2_PLACEMENT_3D('',#316,#317,#318);
#316 = CARTESIAN_POINT('',(259.611,186.62,0.));
#317 = DIRECTION('',(-3.292460248103E-04,0.999999945799,-0.));
#318 = DIRECTION('',(0.,-0.,-1.));
#319 = ORIENTED_EDGE('',*,*,#320,.T.);
#320 = EDGE_CURVE('',#312,#218,#321,.T.);
#321 = LINE('',#322,#323);
#322 = CARTESIAN_POINT('',(259.611,186.62,-0.65));
#323 = VECTOR('',#324,1.);
#324 = DIRECTION('',(0.,1.,0.));
#325 = ORIENTED_EDGE('',*,*,#217,.T.);
#326 = ORIENTED_EDGE('',*,*,#327,.F.);
#327 = EDGE_CURVE('',#218,#220,#328,.T.);
#328 = CIRCLE('',#329,0.65);
#329 = AXIS2_PLACEMENT_3D('',#330,#331,#332);
#330 = CARTESIAN_POINT('',(259.611,190.62,0.));
#331 = DIRECTION('',(-3.292460248103E-04,0.999999945799,0.));
#332 = DIRECTION('',(0.,0.,-1.));
#333 = ORIENTED_EDGE('',*,*,#320,.F.);
#334 = SURFACE_OF_LINEAR_EXTRUSION('',#335,#340);
#335 = CIRCLE('',#336,0.65);
#336 = AXIS2_PLACEMENT_3D('',#337,#338,#339);
#337 = CARTESIAN_POINT('',(259.611,186.62,0.));
#338 = DIRECTION('',(-3.292460248103E-04,0.999999945799,0.));
#339 = DIRECTION('',(0.,0.,-1.));
#340 = VECTOR('',#341,1.);
#341 = DIRECTION('',(0.,1.,0.));
#342 = ADVANCED_FACE('',(#343),#347,.F.);
#343 = FACE_BOUND('',#344,.F.);
#344 = EDGE_LOOP('',(#345,#346));
#345 = ORIENTED_EDGE('',*,*,#286,.T.);
#346 = ORIENTED_EDGE('',*,*,#327,.T.);
#347 = PLANE('',#348);
#348 = AXIS2_PLACEMENT_3D('',#349,#350,#351);
#349 = CARTESIAN_POINT('',(259.611,190.62,3.28711570322E-15));
#350 = DIRECTION('',(-3.292460248309E-04,0.999999945799,0.));
#351 = DIRECTION('',(0.999999945799,3.292460248309E-04,0.));
#352 = ADVANCED_FACE('',(#353),#372,.F.);
#353 = FACE_BOUND('',#354,.F.);
#354 = EDGE_LOOP('',(#355,#363,#370,#371));
#355 = ORIENTED_EDGE('',*,*,#356,.T.);
#356 = EDGE_CURVE('',#295,#357,#359,.T.);
#357 = VERTEX_POINT('',#358);
#358 = CARTESIAN_POINT('',(258.411,186.62,-0.65));
#359 = LINE('',#360,#361);
#360 = CARTESIAN_POINT('',(258.411,190.62,-0.65));
#361 = VECTOR('',#362,1.);
#362 = DIRECTION('',(0.,-1.,0.));
#363 = ORIENTED_EDGE('',*,*,#364,.F.);
#364 = EDGE_CURVE('',#357,#357,#365,.T.);
#365 = CIRCLE('',#366,0.65);
#366 = AXIS2_PLACEMENT_3D('',#367,#368,#369);
#367 = CARTESIAN_POINT('',(258.411,186.62,0.));
#368 = DIRECTION('',(0.,-1.,0.));
#369 = DIRECTION('',(0.,0.,-1.));
#370 = ORIENTED_EDGE('',*,*,#356,.F.);
#371 = ORIENTED_EDGE('',*,*,#294,.T.);
#372 = CYLINDRICAL_SURFACE('',#373,0.65);
#373 = AXIS2_PLACEMENT_3D('',#374,#375,#376);
#374 = CARTESIAN_POINT('',(258.411,190.62,0.));
#375 = DIRECTION('',(0.,-1.,0.));
#376 = DIRECTION('',(0.,0.,-1.));
#377 = ADVANCED_FACE('',(#378),#398,.T.);
#378 = FACE_BOUND('',#379,.T.);
#379 = EDGE_LOOP('',(#380,#389,#390,#391));
#380 = ORIENTED_EDGE('',*,*,#381,.T.);
#381 = EDGE_CURVE('',#382,#312,#384,.T.);
#382 = VERTEX_POINT('',#383);
#383 = CARTESIAN_POINT('',(287.5094,161.7886,-0.65));
#384 = CIRCLE('',#385,24.999957991531);
#385 = AXIS2_PLACEMENT_3D('',#386,#387,#388);
#386 = CARTESIAN_POINT('',(284.61095799151,186.61996994814,-0.65));
#387 = DIRECTION('',(0.,-0.,-1.));
#388 = DIRECTION('',(0.115937875154,-0.993256466933,0.));
#389 = ORIENTED_EDGE('',*,*,#311,.T.);
#390 = ORIENTED_EDGE('',*,*,#381,.F.);
#391 = ORIENTED_EDGE('',*,*,#392,.F.);
#392 = EDGE_CURVE('',#382,#382,#393,.T.);
#393 = CIRCLE('',#394,0.65);
#394 = AXIS2_PLACEMENT_3D('',#395,#396,#397);
#395 = CARTESIAN_POINT('',(287.5094,161.7886,0.));
#396 = DIRECTION('',(-0.993218101253,-0.116266088538,0.));
#397 = DIRECTION('',(-0.,0.,-1.));
#398 = SURFACE_OF_REVOLUTION('',#399,#404);
#399 = CIRCLE('',#400,0.65);
#400 = AXIS2_PLACEMENT_3D('',#401,#402,#403);
#401 = CARTESIAN_POINT('',(287.5094,161.7886,0.));
#402 = DIRECTION('',(-0.993218101253,-0.116266088538,-0.));
#403 = DIRECTION('',(0.,0.,-1.));
#404 = AXIS1_PLACEMENT('',#405,#406);
#405 = CARTESIAN_POINT('',(284.61095799151,186.61996994814,0.));
#406 = DIRECTION('',(0.,-0.,-1.));
#407 = ADVANCED_FACE('',(#408),#428,.F.);
#408 = FACE_BOUND('',#409,.F.);
#409 = EDGE_LOOP('',(#410,#419,#426,#427));
#410 = ORIENTED_EDGE('',*,*,#411,.T.);
#411 = EDGE_CURVE('',#357,#412,#414,.T.);
#412 = VERTEX_POINT('',#413);
#413 = CARTESIAN_POINT('',(258.4259,185.7581,-0.65));
#414 = CIRCLE('',#415,24.76965451559);
#415 = AXIS2_PLACEMENT_3D('',#416,#417,#418);
#416 = CARTESIAN_POINT('',(283.1806543486,186.61712384243,-0.65));
#417 = DIRECTION('',(0.,0.,1.));
#418 = DIRECTION('',(-0.999999993259,1.161161760833E-04,0.));
#419 = ORIENTED_EDGE('',*,*,#420,.T.);
#420 = EDGE_CURVE('',#412,#412,#421,.T.);
#421 = CIRCLE('',#422,0.65);
#422 = AXIS2_PLACEMENT_3D('',#423,#424,#425);
#423 = CARTESIAN_POINT('',(258.4259,185.7581,0.));
#424 = DIRECTION('',(-3.468049350039E-02,0.999398450755,0.));
#425 = DIRECTION('',(-0.999398450755,-3.468049350039E-02,0.));
#426 = ORIENTED_EDGE('',*,*,#411,.F.);
#427 = ORIENTED_EDGE('',*,*,#364,.T.);
#428 = TOROIDAL_SURFACE('',#429,24.76965451559,0.65);
#429 = AXIS2_PLACEMENT_3D('',#430,#431,#432);
#430 = CARTESIAN_POINT('',(283.1806543486,186.61712384243,0.));
#431 = DIRECTION('',(0.,0.,1.));
#432 = DIRECTION('',(-0.999999993259,1.161161760833E-04,0.));
#433 = ADVANCED_FACE('',(#434),#454,.T.);
#434 = FACE_BOUND('',#435,.T.);
#435 = EDGE_LOOP('',(#436,#445,#446,#447));
#436 = ORIENTED_EDGE('',*,*,#437,.T.);
#437 = EDGE_CURVE('',#438,#382,#440,.T.);
#438 = VERTEX_POINT('',#439);
#439 = CARTESIAN_POINT('',(302.9078,115.3065,-0.65));
#440 = CIRCLE('',#441,25.000049078925);
#441 = AXIS2_PLACEMENT_3D('',#442,#443,#444);
#442 = CARTESIAN_POINT('',(290.40767338406,136.957118664,-0.65));
#443 = DIRECTION('',(-0.,0.,1.));
#444 = DIRECTION('',(0.500004083051,-0.866023046421,0.));
#445 = ORIENTED_EDGE('',*,*,#392,.T.);
#446 = ORIENTED_EDGE('',*,*,#437,.F.);
#447 = ORIENTED_EDGE('',*,*,#448,.F.);
#448 = EDGE_CURVE('',#438,#438,#449,.T.);
#449 = CIRCLE('',#450,0.65);
#450 = AXIS2_PLACEMENT_3D('',#451,#452,#453);
#451 = CARTESIAN_POINT('',(302.9078,115.3065,0.));
#452 = DIRECTION('',(0.865854163601,0.500296479475,0.));
#453 = DIRECTION('',(0.,0.,-1.));
#454 = SURFACE_OF_REVOLUTION('',#455,#460);
#455 = CIRCLE('',#456,0.65);
#456 = AXIS2_PLACEMENT_3D('',#457,#458,#459);
#457 = CARTESIAN_POINT('',(302.9078,115.3065,0.));
#458 = DIRECTION('',(0.865854163601,0.500296479475,0.));
#459 = DIRECTION('',(0.,0.,-1.));
#460 = AXIS1_PLACEMENT('',#461,#462);
#461 = CARTESIAN_POINT('',(290.40767338406,136.957118664,0.));
#462 = DIRECTION('',(-0.,0.,1.));
#463 = ADVANCED_FACE('',(#464),#484,.T.);
#464 = FACE_BOUND('',#465,.T.);
#465 = EDGE_LOOP('',(#466,#475,#482,#483));
#466 = ORIENTED_EDGE('',*,*,#467,.T.);
#467 = EDGE_CURVE('',#412,#468,#470,.T.);
#468 = VERTEX_POINT('',#469);
#469 = CARTESIAN_POINT('',(245.9407,163.2456,-0.65));
#470 = CIRCLE('',#471,25.000449881257);
#471 = AXIS2_PLACEMENT_3D('',#472,#473,#474);
#472 = CARTESIAN_POINT('',(233.44030052845,184.89652393679,-0.65));
#473 = DIRECTION('',(0.,0.,-1.));
#474 = DIRECTION('',(0.999405994301,3.446242236817E-02,0.));
#475 = ORIENTED_EDGE('',*,*,#476,.T.);
#476 = EDGE_CURVE('',#468,#468,#477,.T.);
#477 = CIRCLE('',#478,0.65);
#478 = AXIS2_PLACEMENT_3D('',#479,#480,#481);
#479 = CARTESIAN_POINT('',(245.9407,163.2456,0.));
#480 = DIRECTION('',(-0.865854163601,-0.500296479475,-0.));
#481 = DIRECTION('',(0.,0.,-1.));
#482 = ORIENTED_EDGE('',*,*,#467,.F.);
#483 = ORIENTED_EDGE('',*,*,#420,.T.);
#484 = SURFACE_OF_REVOLUTION('',#485,#490);
#485 = CIRCLE('',#486,0.65);
#486 = AXIS2_PLACEMENT_3D('',#487,#488,#489);
#487 = CARTESIAN_POINT('',(258.4259,185.7581,0.));
#488 = DIRECTION('',(3.479653959307E-02,-0.999394417051,0.));
#489 = DIRECTION('',(0.,0.,-1.));
#490 = AXIS1_PLACEMENT('',#491,#492);
#491 = CARTESIAN_POINT('',(233.44030052845,184.89652393679,0.));
#492 = DIRECTION('',(0.,-0.,-1.));
#493 = ADVANCED_FACE('',(#494),#513,.F.);
#494 = FACE_BOUND('',#495,.F.);
#495 = EDGE_LOOP('',(#496,#504,#505,#506));
#496 = ORIENTED_EDGE('',*,*,#497,.T.);
#497 = EDGE_CURVE('',#498,#438,#500,.T.);
#498 = VERTEX_POINT('',#499);
#499 = CARTESIAN_POINT('',(124.511,12.3091,-0.65));
#500 = LINE('',#501,#502);
#501 = CARTESIAN_POINT('',(124.511,12.3091,-0.65));
#502 = VECTOR('',#503,1.);
#503 = DIRECTION('',(0.866025488923,0.499999852536,0.));
#504 = ORIENTED_EDGE('',*,*,#448,.F.);
#505 = ORIENTED_EDGE('',*,*,#497,.F.);
#506 = ORIENTED_EDGE('',*,*,#507,.T.);
#507 = EDGE_CURVE('',#498,#498,#508,.T.);
#508 = CIRCLE('',#509,0.65);
#509 = AXIS2_PLACEMENT_3D('',#510,#511,#512);
#510 = CARTESIAN_POINT('',(124.511,12.3091,0.));
#511 = DIRECTION('',(0.865854163601,0.500296479475,0.));
#512 = DIRECTION('',(-0.,0.,-1.));
#513 = SURFACE_OF_LINEAR_EXTRUSION('',#514,#519);
#514 = CIRCLE('',#515,0.65);
#515 = AXIS2_PLACEMENT_3D('',#516,#517,#518);
#516 = CARTESIAN_POINT('',(124.511,12.3091,0.));
#517 = DIRECTION('',(0.865854163601,0.500296479475,0.));
#518 = DIRECTION('',(0.,0.,-1.));
#519 = VECTOR('',#520,1.);
#520 = DIRECTION('',(0.866025488923,0.499999852536,0.));
#521 = ADVANCED_FACE('',(#522),#541,.F.);
#522 = FACE_BOUND('',#523,.F.);
#523 = EDGE_LOOP('',(#524,#532,#539,#540));
#524 = ORIENTED_EDGE('',*,*,#525,.T.);
#525 = EDGE_CURVE('',#468,#526,#528,.T.);
#526 = VERTEX_POINT('',#527);
#527 = CARTESIAN_POINT('',(89.511,72.9309,-0.65));
#528 = LINE('',#529,#530);
#529 = CARTESIAN_POINT('',(245.9407,163.2456,-0.65));
#530 = VECTOR('',#531,1.);
#531 = DIRECTION('',(-0.866025474274,-0.499999877909,0.));
#532 = ORIENTED_EDGE('',*,*,#533,.F.);
#533 = EDGE_CURVE('',#526,#526,#534,.T.);
#534 = CIRCLE('',#535,0.65);
#535 = AXIS2_PLACEMENT_3D('',#536,#537,#538);
#536 = CARTESIAN_POINT('',(89.510999999998,72.930900000003,0.));
#537 = DIRECTION('',(-0.865854163601,-0.500296479475,-0.));
#538 = DIRECTION('',(0.,0.,-1.));
#539 = ORIENTED_EDGE('',*,*,#525,.F.);
#540 = ORIENTED_EDGE('',*,*,#476,.T.);
#541 = SURFACE_OF_LINEAR_EXTRUSION('',#542,#547);
#542 = CIRCLE('',#543,0.65);
#543 = AXIS2_PLACEMENT_3D('',#544,#545,#546);
#544 = CARTESIAN_POINT('',(245.9407,163.2456,0.));
#545 = DIRECTION('',(-0.865854163601,-0.500296479475,-0.));
#546 = DIRECTION('',(0.,0.,-1.));
#547 = VECTOR('',#548,1.);
#548 = DIRECTION('',(-0.866025474274,-0.499999877909,0.));
#549 = ADVANCED_FACE('',(#550),#562,.T.);
#550 = FACE_BOUND('',#551,.T.);
#551 = EDGE_LOOP('',(#552,#559,#560,#561));
#552 = ORIENTED_EDGE('',*,*,#553,.T.);
#553 = EDGE_CURVE('',#526,#498,#554,.T.);
#554 = CIRCLE('',#555,35.00000941157);
#555 = AXIS2_PLACEMENT_3D('',#556,#557,#558);
#556 = CARTESIAN_POINT('',(107.011,42.62,-0.65));
#557 = DIRECTION('',(0.,0.,1.));
#558 = DIRECTION('',(-0.499999865549,0.86602548141,0.));
#559 = ORIENTED_EDGE('',*,*,#507,.T.);
#560 = ORIENTED_EDGE('',*,*,#553,.F.);
#561 = ORIENTED_EDGE('',*,*,#533,.F.);
#562 = SURFACE_OF_REVOLUTION('',#563,#568);
#563 = CIRCLE('',#564,0.65);
#564 = AXIS2_PLACEMENT_3D('',#565,#566,#567);
#565 = CARTESIAN_POINT('',(89.511,72.9309,0.));
#566 = DIRECTION('',(-0.865854163601,-0.500296479475,-0.));
#567 = DIRECTION('',(0.,0.,-1.));
#568 = AXIS1_PLACEMENT('',#569,#570);
#569 = CARTESIAN_POINT('',(107.011,42.62,0.));
#570 = DIRECTION('',(0.,0.,1.));
#571 = ( GEOMETRIC_REPRESENTATION_CONTEXT(3) 
GLOBAL_UNCERTAINTY_ASSIGNED_CONTEXT((#575)) GLOBAL_UNIT_ASSIGNED_CONTEXT
((#572,#573,#574)) REPRESENTATION_CONTEXT('Context #1',
  '3D Context with UNIT and UNCERTAINTY') );
#572 = ( LENGTH_UNIT() NAMED_UNIT(*) SI_UNIT(.MILLI.,.METRE.) );
#573 = ( NAMED_UNIT(*) PLANE_ANGLE_UNIT() SI_UNIT($,.RADIAN.) );
#574 = ( NAMED_UNIT(*) SI_UNIT($,.STERADIAN.) SOLID_ANGLE_UNIT() );
#575 = UNCERTAINTY_MEASURE_WITH_UNIT(LENGTH_MEASURE(5.E-06),#572,
  'distance_accuracy_value','confusion accuracy');
#576 = CONTEXT_DEPENDENT_SHAPE_REPRESENTATION(#577,#579);
#577 = ( REPRESENTATION_RELATIONSHIP('','',#68,#10) 
REPRESENTATION_RELATIONSHIP_WITH_TRANSFORMATION(#578) 
SHAPE_REPRESENTATION_RELATIONSHIP() );
#578 = ITEM_DEFINED_TRANSFORMATION('','',#11,#15);
#579 = PRODUCT_DEFINITION_SHAPE('Placement','Placement of an item',#580
  );
#580 = NEXT_ASSEMBLY_USAGE_OCCURRENCE('1','Tile0_Body','',#5,#63,$);
#581 = PRODUCT_RELATED_PRODUCT_CATEGORY('part',$,(#65));
#582 = SHAPE_DEFINITION_REPRESENTATION(#583,#589);
#583 = PRODUCT_DEFINITION_SHAPE('','',#584);
#584 = PRODUCT_DEFINITION('design','',#585,#588);
#585 = PRODUCT_DEFINITION_FORMATION('','',#586);
#586 = PRODUCT('Tile0_Fiber','Tile0_Fiber','',(#587));
#587 = PRODUCT_CONTEXT('',#2,'mechanical');
#588 = PRODUCT_DEFINITION_CONTEXT('part definition',#2,'design');
#589 = ADVANCED_BREP_SHAPE_REPRESENTATION('',(#11,#590),#873);
#590 = MANIFOLD_SOLID_BREP('',#591);
#591 = CLOSED_SHELL('',(#592,#625,#651,#681,#709,#739,#767,#797,#827,
    #855,#864));
#592 = ADVANCED_FACE('',(#593),#620,.T.);
#593 = FACE_BOUND('',#594,.T.);
#594 = EDGE_LOOP('',(#595,#605,#612,#613));
#595 = ORIENTED_EDGE('',*,*,#596,.T.);
#596 = EDGE_CURVE('',#597,#599,#601,.T.);
#597 = VERTEX_POINT('',#598);
#598 = CARTESIAN_POINT('',(258.411,190.62,-0.5));
#599 = VERTEX_POINT('',#600);
#600 = CARTESIAN_POINT('',(258.411,186.62,-0.5));
#601 = LINE('',#602,#603);
#602 = CARTESIAN_POINT('',(258.411,190.62,-0.5));
#603 = VECTOR('',#604,1.);
#604 = DIRECTION('',(0.,-1.,0.));
#605 = ORIENTED_EDGE('',*,*,#606,.F.);
#606 = EDGE_CURVE('',#599,#599,#607,.T.);
#607 = CIRCLE('',#608,0.5);
#608 = AXIS2_PLACEMENT_3D('',#609,#610,#611);
#609 = CARTESIAN_POINT('',(258.411,186.62,0.));
#610 = DIRECTION('',(0.,-1.,0.));
#611 = DIRECTION('',(0.,0.,-1.));
#612 = ORIENTED_EDGE('',*,*,#596,.F.);
#613 = ORIENTED_EDGE('',*,*,#614,.T.);
#614 = EDGE_CURVE('',#597,#597,#615,.T.);
#615 = CIRCLE('',#616,0.5);
#616 = AXIS2_PLACEMENT_3D('',#617,#618,#619);
#617 = CARTESIAN_POINT('',(258.411,190.62,0.));
#618 = DIRECTION('',(0.,-1.,0.));
#619 = DIRECTION('',(0.,0.,-1.));
#620 = CYLINDRICAL_SURFACE('',#621,0.5);
#621 = AXIS2_PLACEMENT_3D('',#622,#623,#624);
#622 = CARTESIAN_POINT('',(258.411,190.62,0.));
#623 = DIRECTION('',(0.,-1.,0.));
#624 = DIRECTION('',(0.,0.,-1.));
#625 = ADVANCED_FACE('',(#626),#646,.T.);
#626 = FACE_BOUND('',#627,.T.);
#627 = EDGE_LOOP('',(#628,#637,#644,#645));
#628 = ORIENTED_EDGE('',*,*,#629,.T.);
#629 = EDGE_CURVE('',#599,#630,#632,.T.);
#630 = VERTEX_POINT('',#631);
#631 = CARTESIAN_POINT('',(258.4259,185.7581,-0.5));
#632 = CIRCLE('',#633,24.76965451559);
#633 = AXIS2_PLACEMENT_3D('',#634,#635,#636);
#634 = CARTESIAN_POINT('',(283.1806543486,186.61712384243,-0.5));
#635 = DIRECTION('',(0.,0.,1.));
#636 = DIRECTION('',(-0.999999993259,1.161161760833E-04,0.));
#637 = ORIENTED_EDGE('',*,*,#638,.T.);
#638 = EDGE_CURVE('',#630,#630,#639,.T.);
#639 = CIRCLE('',#640,0.5);
#640 = AXIS2_PLACEMENT_3D('',#641,#642,#643);
#641 = CARTESIAN_POINT('',(258.4259,185.7581,0.));
#642 = DIRECTION('',(-3.468049350039E-02,0.999398450755,0.));
#643 = DIRECTION('',(-0.999398450755,-3.468049350039E-02,0.));
#644 = ORIENTED_EDGE('',*,*,#629,.F.);
#645 = ORIENTED_EDGE('',*,*,#606,.T.);
#646 = TOROIDAL_SURFACE('',#647,24.76965451559,0.5);
#647 = AXIS2_PLACEMENT_3D('',#648,#649,#650);
#648 = CARTESIAN_POINT('',(283.1806543486,186.61712384243,0.));
#649 = DIRECTION('',(0.,0.,1.));
#650 = DIRECTION('',(-0.999999993259,1.161161760833E-04,0.));
#651 = ADVANCED_FACE('',(#652),#672,.F.);
#652 = FACE_BOUND('',#653,.F.);
#653 = EDGE_LOOP('',(#654,#663,#670,#671));
#654 = ORIENTED_EDGE('',*,*,#655,.T.);
#655 = EDGE_CURVE('',#630,#656,#658,.T.);
#656 = VERTEX_POINT('',#657);
#657 = CARTESIAN_POINT('',(245.9407,163.2456,-0.5));
#658 = CIRCLE('',#659,25.000449881257);
#659 = AXIS2_PLACEMENT_3D('',#660,#661,#662);
#660 = CARTESIAN_POINT('',(233.44030052845,184.89652393679,-0.5));
#661 = DIRECTION('',(0.,0.,-1.));
#662 = DIRECTION('',(0.999405994301,3.446242236817E-02,0.));
#663 = ORIENTED_EDGE('',*,*,#664,.T.);
#664 = EDGE_CURVE('',#656,#656,#665,.T.);
#665 = CIRCLE('',#666,0.5);
#666 = AXIS2_PLACEMENT_3D('',#667,#668,#669);
#667 = CARTESIAN_POINT('',(245.9407,163.2456,0.));
#668 = DIRECTION('',(-0.865854163601,-0.500296479475,-0.));
#669 = DIRECTION('',(0.,0.,-1.));
#670 = ORIENTED_EDGE('',*,*,#655,.F.);
#671 = ORIENTED_EDGE('',*,*,#638,.T.);
#672 = SURFACE_OF_REVOLUTION('',#673,#678);
#673 = CIRCLE('',#674,0.5);
#674 = AXIS2_PLACEMENT_3D('',#675,#676,#677);
#675 = CARTESIAN_POINT('',(258.4259,185.7581,0.));
#676 = DIRECTION('',(3.479653959307E-02,-0.999394417051,0.));
#677 = DIRECTION('',(0.,0.,-1.));
#678 = AXIS1_PLACEMENT('',#679,#680);
#679 = CARTESIAN_POINT('',(233.44030052845,184.89652393679,0.));
#680 = DIRECTION('',(0.,-0.,-1.));
#681 = ADVANCED_FACE('',(#682),#701,.T.);
#682 = FACE_BOUND('',#683,.T.);
#683 = EDGE_LOOP('',(#684,#692,#699,#700));
#684 = ORIENTED_EDGE('',*,*,#685,.T.);
#685 = EDGE_CURVE('',#656,#686,#688,.T.);
#686 = VERTEX_POINT('',#687);
#687 = CARTESIAN_POINT('',(89.511,72.9309,-0.5));
#688 = LINE('',#689,#690);
#689 = CARTESIAN_POINT('',(245.9407,163.2456,-0.5));
#690 = VECTOR('',#691,1.);
#691 = DIRECTION('',(-0.866025474274,-0.499999877909,0.));
#692 = ORIENTED_EDGE('',*,*,#693,.F.);
#693 = EDGE_CURVE('',#686,#686,#694,.T.);
#694 = CIRCLE('',#695,0.5);
#695 = AXIS2_PLACEMENT_3D('',#696,#697,#698);
#696 = CARTESIAN_POINT('',(89.510999999998,72.930900000003,0.));
#697 = DIRECTION('',(-0.865854163601,-0.500296479475,-0.));
#698 = DIRECTION('',(0.,0.,-1.));
#699 = ORIENTED_EDGE('',*,*,#685,.F.);
#700 = ORIENTED_EDGE('',*,*,#664,.T.);
#701 = SURFACE_OF_LINEAR_EXTRUSION('',#702,#707);
#702 = CIRCLE('',#703,0.5);
#703 = AXIS2_PLACEMENT_3D('',#704,#705,#706);
#704 = CARTESIAN_POINT('',(245.9407,163.2456,0.));
#705 = DIRECTION('',(-0.865854163601,-0.500296479475,-0.));
#706 = DIRECTION('',(0.,0.,-1.));
#707 = VECTOR('',#708,1.);
#708 = DIRECTION('',(-0.866025474274,-0.499999877909,0.));
#709 = ADVANCED_FACE('',(#710),#730,.F.);
#710 = FACE_BOUND('',#711,.F.);
#711 = EDGE_LOOP('',(#712,#721,#728,#729));
#712 = ORIENTED_EDGE('',*,*,#713,.T.);
#713 = EDGE_CURVE('',#686,#714,#716,.T.);
#714 = VERTEX_POINT('',#715);
#715 = CARTESIAN_POINT('',(124.511,12.3091,-0.5));
#716 = CIRCLE('',#717,35.00000941157);
#717 = AXIS2_PLACEMENT_3D('',#718,#719,#720);
#718 = CARTESIAN_POINT('',(107.011,42.62,-0.5));
#719 = DIRECTION('',(0.,0.,1.));
#720 = DIRECTION('',(-0.499999865549,0.86602548141,0.));
#721 = ORIENTED_EDGE('',*,*,#722,.T.);
#722 = EDGE_CURVE('',#714,#714,#723,.T.);
#723 = CIRCLE('',#724,0.5);
#724 = AXIS2_PLACEMENT_3D('',#725,#726,#727);
#725 = CARTESIAN_POINT('',(124.511,12.3091,0.));
#726 = DIRECTION('',(0.865854163601,0.500296479475,0.));
#727 = DIRECTION('',(-0.,0.,-1.));
#728 = ORIENTED_EDGE('',*,*,#713,.F.);
#729 = ORIENTED_EDGE('',*,*,#693,.F.);
#730 = SURFACE_OF_REVOLUTION('',#731,#736);
#731 = CIRCLE('',#732,0.5);
#732 = AXIS2_PLACEMENT_3D('',#733,#734,#735);
#733 = CARTESIAN_POINT('',(89.511,72.9309,0.));
#734 = DIRECTION('',(-0.865854163601,-0.500296479475,-0.));
#735 = DIRECTION('',(0.,0.,-1.));
#736 = AXIS1_PLACEMENT('',#737,#738);
#737 = CARTESIAN_POINT('',(107.011,42.62,0.));
#738 = DIRECTION('',(0.,0.,1.));
#739 = ADVANCED_FACE('',(#740),#759,.T.);
#740 = FACE_BOUND('',#741,.T.);
#741 = EDGE_LOOP('',(#742,#750,#757,#758));
#742 = ORIENTED_EDGE('',*,*,#743,.T.);
#743 = EDGE_CURVE('',#714,#744,#746,.T.);
#744 = VERTEX_POINT('',#745);
#745 = CARTESIAN_POINT('',(302.9078,115.3065,-0.5));
#746 = LINE('',#747,#748);
#747 = CARTESIAN_POINT('',(124.511,12.3091,-0.5));
#748 = VECTOR('',#749,1.);
#749 = DIRECTION('',(0.866025488923,0.499999852536,0.));
#750 = ORIENTED_EDGE('',*,*,#751,.F.);
#751 = EDGE_CURVE('',#744,#744,#752,.T.);
#752 = CIRCLE('',#753,0.5);
#753 = AXIS2_PLACEMENT_3D('',#754,#755,#756);
#754 = CARTESIAN_POINT('',(302.9078,115.3065,0.));
#755 = DIRECTION('',(0.865854163601,0.500296479475,0.));
#756 = DIRECTION('',(0.,0.,-1.));
#757 = ORIENTED_EDGE('',*,*,#743,.F.);
#758 = ORIENTED_EDGE('',*,*,#722,.T.);
#759 = SURFACE_OF_LINEAR_EXTRUSION('',#760,#765);
#760 = CIRCLE('',#761,0.5);
#761 = AXIS2_PLACEMENT_3D('',#762,#763,#764);
#762 = CARTESIAN_POINT('',(124.511,12.3091,0.));
#763 = DIRECTION('',(0.865854163601,0.500296479475,0.));
#764 = DIRECTION('',(0.,0.,-1.));
#765 = VECTOR('',#766,1.);
#766 = DIRECTION('',(0.866025488923,0.499999852536,0.));
#767 = ADVANCED_FACE('',(#768),#788,.F.);
#768 = FACE_BOUND('',#769,.F.);
#769 = EDGE_LOOP('',(#770,#779,#786,#787));
#770 = ORIENTED_EDGE('',*,*,#771,.T.);
#771 = EDGE_CURVE('',#744,#772,#774,.T.);
#772 = VERTEX_POINT('',#773);
#773 = CARTESIAN_POINT('',(287.5094,161.7886,-0.5));
#774 = CIRCLE('',#775,25.000049078925);
#775 = AXIS2_PLACEMENT_3D('',#776,#777,#778);
#776 = CARTESIAN_POINT('',(290.40767338406,136.957118664,-0.5));
#777 = DIRECTION('',(-0.,0.,1.));
#778 = DIRECTION('',(0.500004083051,-0.866023046421,0.));
#779 = ORIENTED_EDGE('',*,*,#780,.T.);
#780 = EDGE_CURVE('',#772,#772,#781,.T.);
#781 = CIRCLE('',#782,0.5);
#782 = AXIS2_PLACEMENT_3D('',#783,#784,#785);
#783 = CARTESIAN_POINT('',(287.5094,161.7886,0.));
#784 = DIRECTION('',(-0.993218101253,-0.116266088538,0.));
#785 = DIRECTION('',(-0.,0.,-1.));
#786 = ORIENTED_EDGE('',*,*,#771,.F.);
#787 = ORIENTED_EDGE('',*,*,#751,.F.);
#788 = SURFACE_OF_REVOLUTION('',#789,#794);
#789 = CIRCLE('',#790,0.5);
#790 = AXIS2_PLACEMENT_3D('',#791,#792,#793);
#791 = CARTESIAN_POINT('',(302.9078,115.3065,0.));
#792 = DIRECTION('',(0.865854163601,0.500296479475,0.));
#793 = DIRECTION('',(0.,0.,-1.));
#794 = AXIS1_PLACEMENT('',#795,#796);
#795 = CARTESIAN_POINT('',(290.40767338406,136.957118664,0.));
#796 = DIRECTION('',(-0.,0.,1.));
#797 = ADVANCED_FACE('',(#798),#818,.F.);
#798 = FACE_BOUND('',#799,.F.);
#799 = EDGE_LOOP('',(#800,#809,#816,#817));
#800 = ORIENTED_EDGE('',*,*,#801,.T.);
#801 = EDGE_CURVE('',#772,#802,#804,.T.);
#802 = VERTEX_POINT('',#803);
#803 = CARTESIAN_POINT('',(259.611,186.62,-0.5));
#804 = CIRCLE('',#805,24.999957991531);
#805 = AXIS2_PLACEMENT_3D('',#806,#807,#808);
#806 = CARTESIAN_POINT('',(284.61095799151,186.61996994814,-0.5));
#807 = DIRECTION('',(0.,-0.,-1.));
#808 = DIRECTION('',(0.115937875154,-0.993256466933,0.));
#809 = ORIENTED_EDGE('',*,*,#810,.T.);
#810 = EDGE_CURVE('',#802,#802,#811,.T.);
#811 = CIRCLE('',#812,0.5);
#812 = AXIS2_PLACEMENT_3D('',#813,#814,#815);
#813 = CARTESIAN_POINT('',(259.611,186.62,0.));
#814 = DIRECTION('',(-3.292460248103E-04,0.999999945799,-0.));
#815 = DIRECTION('',(0.,-0.,-1.));
#816 = ORIENTED_EDGE('',*,*,#801,.F.);
#817 = ORIENTED_EDGE('',*,*,#780,.F.);
#818 = SURFACE_OF_REVOLUTION('',#819,#824);
#819 = CIRCLE('',#820,0.5);
#820 = AXIS2_PLACEMENT_3D('',#821,#822,#823);
#821 = CARTESIAN_POINT('',(287.5094,161.7886,0.));
#822 = DIRECTION('',(-0.993218101253,-0.116266088538,-0.));
#823 = DIRECTION('',(0.,0.,-1.));
#824 = AXIS1_PLACEMENT('',#825,#826);
#825 = CARTESIAN_POINT('',(284.61095799151,186.61996994814,0.));
#826 = DIRECTION('',(0.,-0.,-1.));
#827 = ADVANCED_FACE('',(#828),#847,.T.);
#828 = FACE_BOUND('',#829,.T.);
#829 = EDGE_LOOP('',(#830,#838,#845,#846));
#830 = ORIENTED_EDGE('',*,*,#831,.T.);
#831 = EDGE_CURVE('',#802,#832,#834,.T.);
#832 = VERTEX_POINT('',#833);
#833 = CARTESIAN_POINT('',(259.611,190.62,-0.5));
#834 = LINE('',#835,#836);
#835 = CARTESIAN_POINT('',(259.611,186.62,-0.5));
#836 = VECTOR('',#837,1.);
#837 = DIRECTION('',(0.,1.,0.));
#838 = ORIENTED_EDGE('',*,*,#839,.F.);
#839 = EDGE_CURVE('',#832,#832,#840,.T.);
#840 = CIRCLE('',#841,0.5);
#841 = AXIS2_PLACEMENT_3D('',#842,#843,#844);
#842 = CARTESIAN_POINT('',(259.611,190.62,0.));
#843 = DIRECTION('',(-3.292460248103E-04,0.999999945799,0.));
#844 = DIRECTION('',(0.,0.,-1.));
#845 = ORIENTED_EDGE('',*,*,#831,.F.);
#846 = ORIENTED_EDGE('',*,*,#810,.T.);
#847 = SURFACE_OF_LINEAR_EXTRUSION('',#848,#853);
#848 = CIRCLE('',#849,0.5);
#849 = AXIS2_PLACEMENT_3D('',#850,#851,#852);
#850 = CARTESIAN_POINT('',(259.611,186.62,0.));
#851 = DIRECTION('',(-3.292460248103E-04,0.999999945799,0.));
#852 = DIRECTION('',(0.,0.,-1.));
#853 = VECTOR('',#854,1.);
#854 = DIRECTION('',(0.,1.,0.));
#855 = ADVANCED_FACE('',(#856),#859,.F.);
#856 = FACE_BOUND('',#857,.F.);
#857 = EDGE_LOOP('',(#858));
#858 = ORIENTED_EDGE('',*,*,#614,.T.);
#859 = PLANE('',#860);
#860 = AXIS2_PLACEMENT_3D('',#861,#862,#863);
#861 = CARTESIAN_POINT('',(258.411,190.62,-1.324707628398E-15));
#862 = DIRECTION('',(-0.,-1.,-0.));
#863 = DIRECTION('',(0.,0.,-1.));
#864 = ADVANCED_FACE('',(#865),#868,.T.);
#865 = FACE_BOUND('',#866,.T.);
#866 = EDGE_LOOP('',(#867));
#867 = ORIENTED_EDGE('',*,*,#839,.T.);
#868 = PLANE('',#869);
#869 = AXIS2_PLACEMENT_3D('',#870,#871,#872);
#870 = CARTESIAN_POINT('',(259.611,190.62,1.249925746149E-15));
#871 = DIRECTION('',(-3.292460247905E-04,0.999999945799,0.));
#872 = DIRECTION('',(0.999999945799,3.292460247905E-04,0.));
#873 = ( GEOMETRIC_REPRESENTATION_CONTEXT(3) 
GLOBAL_UNCERTAINTY_ASSIGNED_CONTEXT((#877)) GLOBAL_UNIT_ASSIGNED_CONTEXT
((#874,#875,#876)) REPRESENTATION_CONTEXT('Context #1',
  '3D Context with UNIT and UNCERTAINTY') );
#874 = ( LENGTH_UNIT() NAMED_UNIT(*) SI_UNIT(.MILLI.,.METRE.) );
#875 = ( NAMED_UNIT(*) PLANE_ANGLE_UNIT() SI_UNIT($,.RADIAN.) );
#876 = ( NAMED_UNIT(*) SI_UNIT($,.STERADIAN.) SOLID_ANGLE_UNIT() );
#877 = UNCERTAINTY_MEASURE_WITH_UNIT(LENGTH_MEASURE(1.E-05),#874,
  'distance_accuracy_value','confusion accuracy');
#878 = CONTEXT_DEPENDENT_SHAPE_REPRESENTATION(#879,#881);
#879 = ( REPRESENTATION_RELATIONSHIP('','',#589,#10) 
REPRESENTATION_RELATIONSHIP_WITH_TRANSFORMATION(#880) 
SHAPE_REPRESENTATION_RELATIONSHIP() );
#880 = ITEM_DEFINED_TRANSFORMATION('','',#11,#19);
#881 = PRODUCT_DEFINITION_SHAPE('Placement','Placement of an item',#882
  );
#882 = NEXT_ASSEMBLY_USAGE_OCCURRENCE('2','Tile0_Fiber','',#5,#584,$);
#883 = PRODUCT_RELATED_PRODUCT_CATEGORY('part',$,(#586));
#884 = SHAPE_DEFINITION_REPRESENTATION(#885,#891);
#885 = PRODUCT_DEFINITION_SHAPE('','',#886);
#886 = PRODUCT_DEFINITION('design','',#887,#890);
#887 = PRODUCT_DEFINITION_FORMATION('','',#888);
#888 = PRODUCT('Tile0_Coating','Tile0_Coating','',(#889));
#889 = PRODUCT_CONTEXT('',#2,'mechanical');
#890 = PRODUCT_DEFINITION_CONTEXT('part definition',#2,'design');
#891 = ADVANCED_BREP_SHAPE_REPRESENTATION('',(#11,#892),#1326);
#892 = MANIFOLD_SOLID_BREP('',#893);
#893 = CLOSED_SHELL('',(#894,#934,#965,#996,#1013,#1030,#1076,#1107,
    #1131,#1155,#1172,#1218,#1249,#1273,#1297,#1314));
#894 = ADVANCED_FACE('',(#895),#929,.F.);
#895 = FACE_BOUND('',#896,.F.);
#896 = EDGE_LOOP('',(#897,#907,#915,#923));
#897 = ORIENTED_EDGE('',*,*,#898,.T.);
#898 = EDGE_CURVE('',#899,#901,#903,.T.);
#899 = VERTEX_POINT('',#900);
#900 = CARTESIAN_POINT('',(-0.120472556492,-0.43,-3.55));
#901 = VERTEX_POINT('',#902);
#902 = CARTESIAN_POINT('',(-0.120472556492,-0.43,3.55));
#903 = LINE('',#904,#905);
#904 = CARTESIAN_POINT('',(-0.120472556492,-0.43,-3.55));
#905 = VECTOR('',#906,1.);
#906 = DIRECTION('',(0.,0.,1.));
#907 = ORIENTED_EDGE('',*,*,#908,.T.);
#908 = EDGE_CURVE('',#901,#909,#911,.T.);
#909 = VERTEX_POINT('',#910);
#910 = CARTESIAN_POINT('',(186.67090219316,-0.43,3.55));
#911 = LINE('',#912,#913);
#912 = CARTESIAN_POINT('',(0.,-0.43,3.55));
#913 = VECTOR('',#914,1.);
#914 = DIRECTION('',(1.,0.,0.));
#915 = ORIENTED_EDGE('',*,*,#916,.F.);
#916 = EDGE_CURVE('',#917,#909,#919,.T.);
#917 = VERTEX_POINT('',#918);
#918 = CARTESIAN_POINT('',(186.67090219316,-0.43,-3.55));
#919 = LINE('',#920,#921);
#920 = CARTESIAN_POINT('',(186.67090219316,-0.43,-3.55));
#921 = VECTOR('',#922,1.);
#922 = DIRECTION('',(0.,0.,1.));
#923 = ORIENTED_EDGE('',*,*,#924,.F.);
#924 = EDGE_CURVE('',#899,#917,#925,.T.);
#925 = LINE('',#926,#927);
#926 = CARTESIAN_POINT('',(0.,-0.43,-3.55));
#927 = VECTOR('',#928,1.);
#928 = DIRECTION('',(1.,0.,0.));
#929 = PLANE('',#930);
#930 = AXIS2_PLACEMENT_3D('',#931,#932,#933);
#931 = CARTESIAN_POINT('',(-0.120472556492,-0.43,-3.55));
#932 = DIRECTION('',(0.,1.,0.));
#933 = DIRECTION('',(1.,0.,0.));
#934 = ADVANCED_FACE('',(#935),#960,.F.);
#935 = FACE_BOUND('',#936,.F.);
#936 = EDGE_LOOP('',(#937,#947,#953,#954));
#937 = ORIENTED_EDGE('',*,*,#938,.T.);
#938 = EDGE_CURVE('',#939,#941,#943,.T.);
#939 = VERTEX_POINT('',#940);
#940 = CARTESIAN_POINT('',(190.44624838591,190.67,-3.55));
#941 = VERTEX_POINT('',#942);
#942 = CARTESIAN_POINT('',(190.44624838591,190.67,3.55));
#943 = LINE('',#944,#945);
#944 = CARTESIAN_POINT('',(190.44624838591,190.67,-3.55));
#945 = VECTOR('',#946,1.);
#946 = DIRECTION('',(0.,0.,1.));
#947 = ORIENTED_EDGE('',*,*,#948,.T.);
#948 = EDGE_CURVE('',#941,#901,#949,.T.);
#949 = LINE('',#950,#951);
#950 = CARTESIAN_POINT('',(190.43159529569,190.65530590479,3.55));
#951 = VECTOR('',#952,1.);
#952 = DIRECTION('',(-0.706118095803,-0.708094086107,0.));
#953 = ORIENTED_EDGE('',*,*,#898,.F.);
#954 = ORIENTED_EDGE('',*,*,#955,.F.);
#955 = EDGE_CURVE('',#939,#899,#956,.T.);
#956 = LINE('',#957,#958);
#957 = CARTESIAN_POINT('',(190.43159529569,190.65530590479,-3.55));
#958 = VECTOR('',#959,1.);
#959 = DIRECTION('',(-0.706118095803,-0.708094086107,0.));
#960 = PLANE('',#961);
#961 = AXIS2_PLACEMENT_3D('',#962,#963,#964);
#962 = CARTESIAN_POINT('',(190.44624838591,190.67,-3.55));
#963 = DIRECTION('',(0.708094086107,-0.706118095803,0.));
#964 = DIRECTION('',(-0.706118095803,-0.708094086107,0.));
#965 = ADVANCED_FACE('',(#966),#991,.F.);
#966 = FACE_BOUND('',#967,.F.);
#967 = EDGE_LOOP('',(#968,#969,#977,#985));
#968 = ORIENTED_EDGE('',*,*,#916,.T.);
#969 = ORIENTED_EDGE('',*,*,#970,.T.);
#970 = EDGE_CURVE('',#909,#971,#973,.T.);
#971 = VERTEX_POINT('',#972);
#972 = CARTESIAN_POINT('',(403.29725978478,190.67,3.55));
#973 = LINE('',#974,#975);
#974 = CARTESIAN_POINT('',(186.68507710092,-0.417495404982,3.55));
#975 = VECTOR('',#976,1.);
#976 = DIRECTION('',(0.749908099631,0.661542018399,0.));
#977 = ORIENTED_EDGE('',*,*,#978,.F.);
#978 = EDGE_CURVE('',#979,#971,#981,.T.);
#979 = VERTEX_POINT('',#980);
#980 = CARTESIAN_POINT('',(403.29725978478,190.67,-3.55));
#981 = LINE('',#982,#983);
#982 = CARTESIAN_POINT('',(403.29725978478,190.67,-3.55));
#983 = VECTOR('',#984,1.);
#984 = DIRECTION('',(0.,0.,1.));
#985 = ORIENTED_EDGE('',*,*,#986,.F.);
#986 = EDGE_CURVE('',#917,#979,#987,.T.);
#987 = LINE('',#988,#989);
#988 = CARTESIAN_POINT('',(186.68507710092,-0.417495404982,-3.55));
#989 = VECTOR('',#990,1.);
#990 = DIRECTION('',(0.749908099631,0.661542018399,0.));
#991 = PLANE('',#992);
#992 = AXIS2_PLACEMENT_3D('',#993,#994,#995);
#993 = CARTESIAN_POINT('',(186.67090219316,-0.43,-3.55));
#994 = DIRECTION('',(-0.661542018399,0.749908099631,0.));
#995 = DIRECTION('',(0.749908099631,0.661542018399,0.));
#996 = ADVANCED_FACE('',(#997),#1008,.F.);
#997 = FACE_BOUND('',#998,.T.);
#998 = EDGE_LOOP('',(#999,#1000,#1001,#1007));
#999 = ORIENTED_EDGE('',*,*,#924,.F.);
#1000 = ORIENTED_EDGE('',*,*,#955,.F.);
#1001 = ORIENTED_EDGE('',*,*,#1002,.F.);
#1002 = EDGE_CURVE('',#979,#939,#1003,.T.);
#1003 = LINE('',#1004,#1005);
#1004 = CARTESIAN_POINT('',(403.165,190.67,-3.55));
#1005 = VECTOR('',#1006,1.);
#1006 = DIRECTION('',(-1.,0.,0.));
#1007 = ORIENTED_EDGE('',*,*,#986,.F.);
#1008 = PLANE('',#1009);
#1009 = AXIS2_PLACEMENT_3D('',#1010,#1011,#1012);
#1010 = CARTESIAN_POINT('',(199.81630302248,97.716965346941,-3.55));
#1011 = DIRECTION('',(0.,0.,1.));
#1012 = DIRECTION('',(1.,0.,-0.));
#1013 = ADVANCED_FACE('',(#1014),#1025,.T.);
#1014 = FACE_BOUND('',#1015,.F.);
#1015 = EDGE_LOOP('',(#1016,#1017,#1018,#1024));
#1016 = ORIENTED_EDGE('',*,*,#908,.F.);
#1017 = ORIENTED_EDGE('',*,*,#948,.F.);
#1018 = ORIENTED_EDGE('',*,*,#1019,.F.);
#1019 = EDGE_CURVE('',#971,#941,#1020,.T.);
#1020 = LINE('',#1021,#1022);
#1021 = CARTESIAN_POINT('',(403.165,190.67,3.55));
#1022 = VECTOR('',#1023,1.);
#1023 = DIRECTION('',(-1.,0.,0.));
#1024 = ORIENTED_EDGE('',*,*,#970,.F.);
#1025 = PLANE('',#1026);
#1026 = AXIS2_PLACEMENT_3D('',#1027,#1028,#1029);
#1027 = CARTESIAN_POINT('',(199.81630302248,97.716965346941,3.55));
#1028 = DIRECTION('',(0.,0.,1.));
#1029 = DIRECTION('',(1.,0.,-0.));
#1030 = ADVANCED_FACE('',(#1031,#1037),#1071,.F.);
#1031 = FACE_BOUND('',#1032,.F.);
#1032 = EDGE_LOOP('',(#1033,#1034,#1035,#1036));
#1033 = ORIENTED_EDGE('',*,*,#978,.T.);
#1034 = ORIENTED_EDGE('',*,*,#1019,.T.);
#1035 = ORIENTED_EDGE('',*,*,#938,.F.);
#1036 = ORIENTED_EDGE('',*,*,#1002,.F.);
#1037 = FACE_BOUND('',#1038,.F.);
#1038 = EDGE_LOOP('',(#1039,#1049,#1057,#1065));
#1039 = ORIENTED_EDGE('',*,*,#1040,.T.);
#1040 = EDGE_CURVE('',#1041,#1043,#1045,.T.);
#1041 = VERTEX_POINT('',#1042);
#1042 = CARTESIAN_POINT('',(268.011,190.67,-3.));
#1043 = VERTEX_POINT('',#1044);
#1044 = CARTESIAN_POINT('',(250.011,190.67,-3.));
#1045 = LINE('',#1046,#1047);
#1046 = CARTESIAN_POINT('',(326.65412989239,190.67,-3.));
#1047 = VECTOR('',#1048,1.);
#1048 = DIRECTION('',(-1.,0.,0.));
#1049 = ORIENTED_EDGE('',*,*,#1050,.T.);
#1050 = EDGE_CURVE('',#1043,#1051,#1053,.T.);
#1051 = VERTEX_POINT('',#1052);
#1052 = CARTESIAN_POINT('',(250.011,190.67,3.));
#1053 = LINE('',#1054,#1055);
#1054 = CARTESIAN_POINT('',(250.011,190.67,-3.275));
#1055 = VECTOR('',#1056,1.);
#1056 = DIRECTION('',(0.,0.,1.));
#1057 = ORIENTED_EDGE('',*,*,#1058,.F.);
#1058 = EDGE_CURVE('',#1059,#1051,#1061,.T.);
#1059 = VERTEX_POINT('',#1060);
#1060 = CARTESIAN_POINT('',(268.011,190.67,3.));
#1061 = LINE('',#1062,#1063);
#1062 = CARTESIAN_POINT('',(326.65412989239,190.67,3.));
#1063 = VECTOR('',#1064,1.);
#1064 = DIRECTION('',(-1.,0.,0.));
#1065 = ORIENTED_EDGE('',*,*,#1066,.F.);
#1066 = EDGE_CURVE('',#1041,#1059,#1067,.T.);
#1067 = LINE('',#1068,#1069);
#1068 = CARTESIAN_POINT('',(268.011,190.67,-3.275));
#1069 = VECTOR('',#1070,1.);
#1070 = DIRECTION('',(0.,0.,1.));
#1071 = PLANE('',#1072);
#1072 = AXIS2_PLACEMENT_3D('',#1073,#1074,#1075);
#1073 = CARTESIAN_POINT('',(403.29725978478,190.67,-3.55));
#1074 = DIRECTION('',(0.,-1.,0.));
#1075 = DIRECTION('',(-1.,0.,0.));
#1076 = ADVANCED_FACE('',(#1077),#1102,.T.);
#1077 = FACE_BOUND('',#1078,.T.);
#1078 = EDGE_LOOP('',(#1079,#1087,#1095,#1101));
#1079 = ORIENTED_EDGE('',*,*,#1080,.F.);
#1080 = EDGE_CURVE('',#1081,#1043,#1083,.T.);
#1081 = VERTEX_POINT('',#1082);
#1082 = CARTESIAN_POINT('',(250.011,190.62,-3.));
#1083 = LINE('',#1084,#1085);
#1084 = CARTESIAN_POINT('',(250.011,190.12,-3.));
#1085 = VECTOR('',#1086,1.);
#1086 = DIRECTION('',(-0.,1.,0.));
#1087 = ORIENTED_EDGE('',*,*,#1088,.F.);
#1088 = EDGE_CURVE('',#1089,#1081,#1091,.T.);
#1089 = VERTEX_POINT('',#1090);
#1090 = CARTESIAN_POINT('',(268.011,190.62,-3.));
#1091 = LINE('',#1092,#1093);
#1092 = CARTESIAN_POINT('',(326.588,190.62,-3.));
#1093 = VECTOR('',#1094,1.);
#1094 = DIRECTION('',(-1.,0.,0.));
#1095 = ORIENTED_EDGE('',*,*,#1096,.T.);
#1096 = EDGE_CURVE('',#1089,#1041,#1097,.T.);
#1097 = LINE('',#1098,#1099);
#1098 = CARTESIAN_POINT('',(268.011,190.12,-3.));
#1099 = VECTOR('',#1100,1.);
#1100 = DIRECTION('',(-0.,1.,0.));
#1101 = ORIENTED_EDGE('',*,*,#1040,.T.);
#1102 = PLANE('',#1103);
#1103 = AXIS2_PLACEMENT_3D('',#1104,#1105,#1106);
#1104 = CARTESIAN_POINT('',(250.011,190.12,-3.));
#1105 = DIRECTION('',(0.,0.,1.));
#1106 = DIRECTION('',(1.,0.,-0.));
#1107 = ADVANCED_FACE('',(#1108),#1126,.F.);
#1108 = FACE_BOUND('',#1109,.F.);
#1109 = EDGE_LOOP('',(#1110,#1118,#1124,#1125));
#1110 = ORIENTED_EDGE('',*,*,#1111,.F.);
#1111 = EDGE_CURVE('',#1112,#1059,#1114,.T.);
#1112 = VERTEX_POINT('',#1113);
#1113 = CARTESIAN_POINT('',(268.011,190.62,3.));
#1114 = LINE('',#1115,#1116);
#1115 = CARTESIAN_POINT('',(268.011,190.12,3.));
#1116 = VECTOR('',#1117,1.);
#1117 = DIRECTION('',(-0.,1.,0.));
#1118 = ORIENTED_EDGE('',*,*,#1119,.F.);
#1119 = EDGE_CURVE('',#1089,#1112,#1120,.T.);
#1120 = LINE('',#1121,#1122);
#1121 = CARTESIAN_POINT('',(268.011,190.62,-3.25));
#1122 = VECTOR('',#1123,1.);
#1123 = DIRECTION('',(0.,0.,1.));
#1124 = ORIENTED_EDGE('',*,*,#1096,.T.);
#1125 = ORIENTED_EDGE('',*,*,#1066,.T.);
#1126 = PLANE('',#1127);
#1127 = AXIS2_PLACEMENT_3D('',#1128,#1129,#1130);
#1128 = CARTESIAN_POINT('',(268.011,190.12,-3.));
#1129 = DIRECTION('',(1.,0.,-0.));
#1130 = DIRECTION('',(0.,0.,1.));
#1131 = ADVANCED_FACE('',(#1132),#1150,.F.);
#1132 = FACE_BOUND('',#1133,.F.);
#1133 = EDGE_LOOP('',(#1134,#1142,#1148,#1149));
#1134 = ORIENTED_EDGE('',*,*,#1135,.F.);
#1135 = EDGE_CURVE('',#1136,#1051,#1138,.T.);
#1136 = VERTEX_POINT('',#1137);
#1137 = CARTESIAN_POINT('',(250.011,190.62,3.));
#1138 = LINE('',#1139,#1140);
#1139 = CARTESIAN_POINT('',(250.011,190.12,3.));
#1140 = VECTOR('',#1141,1.);
#1141 = DIRECTION('',(-0.,1.,0.));
#1142 = ORIENTED_EDGE('',*,*,#1143,.F.);
#1143 = EDGE_CURVE('',#1112,#1136,#1144,.T.);
#1144 = LINE('',#1145,#1146);
#1145 = CARTESIAN_POINT('',(326.588,190.62,3.));
#1146 = VECTOR('',#1147,1.);
#1147 = DIRECTION('',(-1.,0.,0.));
#1148 = ORIENTED_EDGE('',*,*,#1111,.T.);
#1149 = ORIENTED_EDGE('',*,*,#1058,.T.);
#1150 = PLANE('',#1151);
#1151 = AXIS2_PLACEMENT_3D('',#1152,#1153,#1154);
#1152 = CARTESIAN_POINT('',(250.011,190.12,3.));
#1153 = DIRECTION('',(0.,0.,1.));
#1154 = DIRECTION('',(1.,0.,-0.));
#1155 = ADVANCED_FACE('',(#1156),#1167,.T.);
#1156 = FACE_BOUND('',#1157,.T.);
#1157 = EDGE_LOOP('',(#1158,#1159,#1165,#1166));
#1158 = ORIENTED_EDGE('',*,*,#1135,.F.);
#1159 = ORIENTED_EDGE('',*,*,#1160,.F.);
#1160 = EDGE_CURVE('',#1081,#1136,#1161,.T.);
#1161 = LINE('',#1162,#1163);
#1162 = CARTESIAN_POINT('',(250.011,190.62,-3.25));
#1163 = VECTOR('',#1164,1.);
#1164 = DIRECTION('',(0.,0.,1.));
#1165 = ORIENTED_EDGE('',*,*,#1080,.T.);
#1166 = ORIENTED_EDGE('',*,*,#1050,.T.);
#1167 = PLANE('',#1168);
#1168 = AXIS2_PLACEMENT_3D('',#1169,#1170,#1171);
#1169 = CARTESIAN_POINT('',(250.011,190.12,-3.));
#1170 = DIRECTION('',(1.,0.,-0.));
#1171 = DIRECTION('',(0.,0.,1.));
#1172 = ADVANCED_FACE('',(#1173,#1207),#1213,.T.);
#1173 = FACE_BOUND('',#1174,.T.);
#1174 = EDGE_LOOP('',(#1175,#1185,#1193,#1201));
#1175 = ORIENTED_EDGE('',*,*,#1176,.T.);
#1176 = EDGE_CURVE('',#1177,#1179,#1181,.T.);
#1177 = VERTEX_POINT('',#1178);
#1178 = CARTESIAN_POINT('',(403.165,190.62,-3.5));
#1179 = VERTEX_POINT('',#1180);
#1180 = CARTESIAN_POINT('',(403.165,190.62,3.5));
#1181 = LINE('',#1182,#1183);
#1182 = CARTESIAN_POINT('',(403.165,190.62,-3.5));
#1183 = VECTOR('',#1184,1.);
#1184 = DIRECTION('',(0.,0.,1.));
#1185 = ORIENTED_EDGE('',*,*,#1186,.T.);
#1186 = EDGE_CURVE('',#1179,#1187,#1189,.T.);
#1187 = VERTEX_POINT('',#1188);
#1188 = CARTESIAN_POINT('',(190.467,190.62,3.5));
#1189 = LINE('',#1190,#1191);
#1190 = CARTESIAN_POINT('',(403.165,190.62,3.5));
#1191 = VECTOR('',#1192,1.);
#1192 = DIRECTION('',(-1.,0.,0.));
#1193 = ORIENTED_EDGE('',*,*,#1194,.F.);
#1194 = EDGE_CURVE('',#1195,#1187,#1197,.T.);
#1195 = VERTEX_POINT('',#1196);
#1196 = CARTESIAN_POINT('',(190.467,190.62,-3.5));
#1197 = LINE('',#1198,#1199);
#1198 = CARTESIAN_POINT('',(190.467,190.62,-3.5));
#1199 = VECTOR('',#1200,1.);
#1200 = DIRECTION('',(0.,0.,1.));
#1201 = ORIENTED_EDGE('',*,*,#1202,.F.);
#1202 = EDGE_CURVE('',#1177,#1195,#1203,.T.);
#1203 = LINE('',#1204,#1205);
#1204 = CARTESIAN_POINT('',(403.165,190.62,-3.5));
#1205 = VECTOR('',#1206,1.);
#1206 = DIRECTION('',(-1.,0.,0.));
#1207 = FACE_BOUND('',#1208,.T.);
#1208 = EDGE_LOOP('',(#1209,#1210,#1211,#1212));
#1209 = ORIENTED_EDGE('',*,*,#1088,.T.);
#1210 = ORIENTED_EDGE('',*,*,#1160,.T.);
#1211 = ORIENTED_EDGE('',*,*,#1143,.F.);
#1212 = ORIENTED_EDGE('',*,*,#1119,.F.);
#1213 = PLANE('',#1214);
#1214 = AXIS2_PLACEMENT_3D('',#1215,#1216,#1217);
#1215 = CARTESIAN_POINT('',(403.165,190.62,-3.5));
#1216 = DIRECTION('',(0.,-1.,0.));
#1217 = DIRECTION('',(-1.,0.,0.));
#1218 = ADVANCED_FACE('',(#1219),#1244,.T.);
#1219 = FACE_BOUND('',#1220,.T.);
#1220 = EDGE_LOOP('',(#1221,#1231,#1237,#1238));
#1221 = ORIENTED_EDGE('',*,*,#1222,.T.);
#1222 = EDGE_CURVE('',#1223,#1225,#1227,.T.);
#1223 = VERTEX_POINT('',#1224);
#1224 = CARTESIAN_POINT('',(186.652,-0.38,-3.5));
#1225 = VERTEX_POINT('',#1226);
#1226 = CARTESIAN_POINT('',(186.652,-0.38,3.5));
#1227 = LINE('',#1228,#1229);
#1228 = CARTESIAN_POINT('',(186.652,-0.38,-3.5));
#1229 = VECTOR('',#1230,1.);
#1230 = DIRECTION('',(0.,0.,1.));
#1231 = ORIENTED_EDGE('',*,*,#1232,.T.);
#1232 = EDGE_CURVE('',#1225,#1179,#1233,.T.);
#1233 = LINE('',#1234,#1235);
#1234 = CARTESIAN_POINT('',(186.652,-0.38,3.5));
#1235 = VECTOR('',#1236,1.);
#1236 = DIRECTION('',(0.749908099631,0.661542018399,0.));
#1237 = ORIENTED_EDGE('',*,*,#1176,.F.);
#1238 = ORIENTED_EDGE('',*,*,#1239,.F.);
#1239 = EDGE_CURVE('',#1223,#1177,#1240,.T.);
#1240 = LINE('',#1241,#1242);
#1241 = CARTESIAN_POINT('',(186.652,-0.38,-3.5));
#1242 = VECTOR('',#1243,1.);
#1243 = DIRECTION('',(0.749908099631,0.661542018399,0.));
#1244 = PLANE('',#1245);
#1245 = AXIS2_PLACEMENT_3D('',#1246,#1247,#1248);
#1246 = CARTESIAN_POINT('',(186.652,-0.38,-3.5));
#1247 = DIRECTION('',(-0.661542018399,0.749908099631,0.));
#1248 = DIRECTION('',(0.749908099631,0.661542018399,0.));
#1249 = ADVANCED_FACE('',(#1250),#1268,.T.);
#1250 = FACE_BOUND('',#1251,.T.);
#1251 = EDGE_LOOP('',(#1252,#1260,#1261,#1262));
#1252 = ORIENTED_EDGE('',*,*,#1253,.T.);
#1253 = EDGE_CURVE('',#1254,#1223,#1256,.T.);
#1254 = VERTEX_POINT('',#1255);
#1255 = CARTESIAN_POINT('',(0.,-0.38,-3.5));
#1256 = LINE('',#1257,#1258);
#1257 = CARTESIAN_POINT('',(0.,-0.38,-3.5));
#1258 = VECTOR('',#1259,1.);
#1259 = DIRECTION('',(1.,0.,0.));
#1260 = ORIENTED_EDGE('',*,*,#1239,.T.);
#1261 = ORIENTED_EDGE('',*,*,#1202,.T.);
#1262 = ORIENTED_EDGE('',*,*,#1263,.T.);
#1263 = EDGE_CURVE('',#1195,#1254,#1264,.T.);
#1264 = LINE('',#1265,#1266);
#1265 = CARTESIAN_POINT('',(190.467,190.62,-3.5));
#1266 = VECTOR('',#1267,1.);
#1267 = DIRECTION('',(-0.706118095803,-0.708094086107,0.));
#1268 = PLANE('',#1269);
#1269 = AXIS2_PLACEMENT_3D('',#1270,#1271,#1272);
#1270 = CARTESIAN_POINT('',(199.81630302248,97.716965346941,-3.5));
#1271 = DIRECTION('',(0.,0.,1.));
#1272 = DIRECTION('',(1.,0.,-0.));
#1273 = ADVANCED_FACE('',(#1274),#1292,.F.);
#1274 = FACE_BOUND('',#1275,.F.);
#1275 = EDGE_LOOP('',(#1276,#1284,#1285,#1286));
#1276 = ORIENTED_EDGE('',*,*,#1277,.T.);
#1277 = EDGE_CURVE('',#1278,#1225,#1280,.T.);
#1278 = VERTEX_POINT('',#1279);
#1279 = CARTESIAN_POINT('',(0.,-0.38,3.5));
#1280 = LINE('',#1281,#1282);
#1281 = CARTESIAN_POINT('',(0.,-0.38,3.5));
#1282 = VECTOR('',#1283,1.);
#1283 = DIRECTION('',(1.,0.,0.));
#1284 = ORIENTED_EDGE('',*,*,#1232,.T.);
#1285 = ORIENTED_EDGE('',*,*,#1186,.T.);
#1286 = ORIENTED_EDGE('',*,*,#1287,.T.);
#1287 = EDGE_CURVE('',#1187,#1278,#1288,.T.);
#1288 = LINE('',#1289,#1290);
#1289 = CARTESIAN_POINT('',(190.467,190.62,3.5));
#1290 = VECTOR('',#1291,1.);
#1291 = DIRECTION('',(-0.706118095803,-0.708094086107,0.));
#1292 = PLANE('',#1293);
#1293 = AXIS2_PLACEMENT_3D('',#1294,#1295,#1296);
#1294 = CARTESIAN_POINT('',(199.81630302248,97.716965346941,3.5));
#1295 = DIRECTION('',(0.,0.,1.));
#1296 = DIRECTION('',(1.,0.,-0.));
#1297 = ADVANCED_FACE('',(#1298),#1309,.T.);
#1298 = FACE_BOUND('',#1299,.T.);
#1299 = EDGE_LOOP('',(#1300,#1301,#1302,#1308));
#1300 = ORIENTED_EDGE('',*,*,#1194,.T.);
#1301 = ORIENTED_EDGE('',*,*,#1287,.T.);
#1302 = ORIENTED_EDGE('',*,*,#1303,.F.);
#1303 = EDGE_CURVE('',#1254,#1278,#1304,.T.);
#1304 = LINE('',#1305,#1306);
#1305 = CARTESIAN_POINT('',(0.,-0.38,-3.5));
#1306 = VECTOR('',#1307,1.);
#1307 = DIRECTION('',(0.,0.,1.));
#1308 = ORIENTED_EDGE('',*,*,#1263,.F.);
#1309 = PLANE('',#1310);
#1310 = AXIS2_PLACEMENT_3D('',#1311,#1312,#1313);
#1311 = CARTESIAN_POINT('',(190.467,190.62,-3.5));
#1312 = DIRECTION('',(0.708094086107,-0.706118095803,0.));
#1313 = DIRECTION('',(-0.706118095803,-0.708094086107,0.));
#1314 = ADVANCED_FACE('',(#1315),#1321,.T.);
#1315 = FACE_BOUND('',#1316,.T.);
#1316 = EDGE_LOOP('',(#1317,#1318,#1319,#1320));
#1317 = ORIENTED_EDGE('',*,*,#1303,.T.);
#1318 = ORIENTED_EDGE('',*,*,#1277,.T.);
#1319 = ORIENTED_EDGE('',*,*,#1222,.F.);
#1320 = ORIENTED_EDGE('',*,*,#1253,.F.);
#1321 = PLANE('',#1322);
#1322 = AXIS2_PLACEMENT_3D('',#1323,#1324,#1325);
#1323 = CARTESIAN_POINT('',(0.,-0.38,-3.5));
#1324 = DIRECTION('',(0.,1.,0.));
#1325 = DIRECTION('',(1.,0.,0.));
#1326 = ( GEOMETRIC_REPRESENTATION_CONTEXT(3) 
GLOBAL_UNCERTAINTY_ASSIGNED_CONTEXT((#1330)) 
GLOBAL_UNIT_ASSIGNED_CONTEXT((#1327,#1328,#1329)) REPRESENTATION_CONTEXT
('Context #1','3D Context with UNIT and UNCERTAINTY') );
#1327 = ( LENGTH_UNIT() NAMED_UNIT(*) SI_UNIT(.MILLI.,.METRE.) );
#1328 = ( NAMED_UNIT(*) PLANE_ANGLE_UNIT() SI_UNIT($,.RADIAN.) );
#1329 = ( NAMED_UNIT(*) SI_UNIT($,.STERADIAN.) SOLID_ANGLE_UNIT() );
#1330 = UNCERTAINTY_MEASURE_WITH_UNIT(LENGTH_MEASURE(1.E-07),#1327,
  'distance_accuracy_value','confusion accuracy');
#1331 = CONTEXT_DEPENDENT_SHAPE_REPRESENTATION(#1332,#1334);
#1332 = ( REPRESENTATION_RELATIONSHIP('','',#891,#10) 
REPRESENTATION_RELATIONSHIP_WITH_TRANSFORMATION(#1333) 
SHAPE_REPRESENTATION_RELATIONSHIP() );
#1333 = ITEM_DEFINED_TRANSFORMATION('','',#11,#23);
#1334 = PRODUCT_DEFINITION_SHAPE('Placement','Placement of an item',
  #1335);
#1335 = NEXT_ASSEMBLY_USAGE_OCCURRENCE('3','Tile0_Coating','',#5,#886,$
  );
#1336 = PRODUCT_RELATED_PRODUCT_CATEGORY('part',$,(#888));
#1337 = SHAPE_DEFINITION_REPRESENTATION(#1338,#1344);
#1338 = PRODUCT_DEFINITION_SHAPE('','',#1339);
#1339 = PRODUCT_DEFINITION('design','',#1340,#1343);
#1340 = PRODUCT_DEFINITION_FORMATION('','',#1341);
#1341 = PRODUCT('Tile0_WrapAl','Tile0_WrapAl','',(#1342));
#1342 = PRODUCT_CONTEXT('',#2,'mechanical');
#1343 = PRODUCT_DEFINITION_CONTEXT('part definition',#2,'design');
#1344 = ADVANCED_BREP_SHAPE_REPRESENTATION('',(#11,#1345),#1779);
#1345 = MANIFOLD_SOLID_BREP('',#1346);
#1346 = CLOSED_SHELL('',(#1347,#1387,#1418,#1449,#1466,#1483,#1529,#1560
    ,#1584,#1608,#1625,#1671,#1702,#1726,#1750,#1767));
#1347 = ADVANCED_FACE('',(#1348),#1382,.F.);
#1348 = FACE_BOUND('',#1349,.F.);
#1349 = EDGE_LOOP('',(#1350,#1360,#1368,#1376));
#1350 = ORIENTED_EDGE('',*,*,#1351,.T.);
#1351 = EDGE_CURVE('',#1352,#1354,#1356,.T.);
#1352 = VERTEX_POINT('',#1353);
#1353 = CARTESIAN_POINT('',(-0.361417669476,-0.53,-3.65));
#1354 = VERTEX_POINT('',#1355);
#1355 = CARTESIAN_POINT('',(-0.361417669476,-0.53,3.65));
#1356 = LINE('',#1357,#1358);
#1357 = CARTESIAN_POINT('',(-0.361417669476,-0.53,-3.65));
#1358 = VECTOR('',#1359,1.);
#1359 = DIRECTION('',(0.,0.,1.));
#1360 = ORIENTED_EDGE('',*,*,#1361,.T.);
#1361 = EDGE_CURVE('',#1354,#1362,#1364,.T.);
#1362 = VERTEX_POINT('',#1363);
#1363 = CARTESIAN_POINT('',(186.70870657949,-0.53,3.65));
#1364 = LINE('',#1365,#1366);
#1365 = CARTESIAN_POINT('',(0.,-0.53,3.65));
#1366 = VECTOR('',#1367,1.);
#1367 = DIRECTION('',(1.,0.,0.));
#1368 = ORIENTED_EDGE('',*,*,#1369,.F.);
#1369 = EDGE_CURVE('',#1370,#1362,#1372,.T.);
#1370 = VERTEX_POINT('',#1371);
#1371 = CARTESIAN_POINT('',(186.70870657949,-0.53,-3.65));
#1372 = LINE('',#1373,#1374);
#1373 = CARTESIAN_POINT('',(186.70870657949,-0.53,-3.65));
#1374 = VECTOR('',#1375,1.);
#1375 = DIRECTION('',(0.,0.,1.));
#1376 = ORIENTED_EDGE('',*,*,#1377,.F.);
#1377 = EDGE_CURVE('',#1352,#1370,#1378,.T.);
#1378 = LINE('',#1379,#1380);
#1379 = CARTESIAN_POINT('',(0.,-0.53,-3.65));
#1380 = VECTOR('',#1381,1.);
#1381 = DIRECTION('',(1.,0.,0.));
#1382 = PLANE('',#1383);
#1383 = AXIS2_PLACEMENT_3D('',#1384,#1385,#1386);
#1384 = CARTESIAN_POINT('',(-0.361417669476,-0.53,-3.65));
#1385 = DIRECTION('',(0.,1.,0.));
#1386 = DIRECTION('',(1.,0.,0.));
#1387 = ADVANCED_FACE('',(#1388),#1413,.F.);
#1388 = FACE_BOUND('',#1389,.F.);
#1389 = EDGE_LOOP('',(#1390,#1400,#1406,#1407));
#1390 = ORIENTED_EDGE('',*,*,#1391,.T.);
#1391 = EDGE_CURVE('',#1392,#1394,#1396,.T.);
#1392 = VERTEX_POINT('',#1393);
#1393 = CARTESIAN_POINT('',(190.40474515774,190.77,-3.65));
#1394 = VERTEX_POINT('',#1395);
#1395 = CARTESIAN_POINT('',(190.40474515774,190.77,3.65));
#1396 = LINE('',#1397,#1398);
#1397 = CARTESIAN_POINT('',(190.40474515774,190.77,-3.65));
#1398 = VECTOR('',#1399,1.);
#1399 = DIRECTION('',(0.,0.,1.));
#1400 = ORIENTED_EDGE('',*,*,#1401,.T.);
#1401 = EDGE_CURVE('',#1394,#1354,#1402,.T.);
#1402 = LINE('',#1403,#1404);
#1403 = CARTESIAN_POINT('',(190.36078588708,190.72591771437,3.65));
#1404 = VECTOR('',#1405,1.);
#1405 = DIRECTION('',(-0.706118095803,-0.708094086107,0.));
#1406 = ORIENTED_EDGE('',*,*,#1351,.F.);
#1407 = ORIENTED_EDGE('',*,*,#1408,.F.);
#1408 = EDGE_CURVE('',#1392,#1352,#1409,.T.);
#1409 = LINE('',#1410,#1411);
#1410 = CARTESIAN_POINT('',(190.36078588708,190.72591771437,-3.65));
#1411 = VECTOR('',#1412,1.);
#1412 = DIRECTION('',(-0.706118095803,-0.708094086107,0.));
#1413 = PLANE('',#1414);
#1414 = AXIS2_PLACEMENT_3D('',#1415,#1416,#1417);
#1415 = CARTESIAN_POINT('',(190.40474515774,190.77,-3.65));
#1416 = DIRECTION('',(0.708094086107,-0.706118095803,0.));
#1417 = DIRECTION('',(-0.706118095803,-0.708094086107,0.));
#1418 = ADVANCED_FACE('',(#1419),#1444,.F.);
#1419 = FACE_BOUND('',#1420,.F.);
#1420 = EDGE_LOOP('',(#1421,#1422,#1430,#1438));
#1421 = ORIENTED_EDGE('',*,*,#1369,.T.);
#1422 = ORIENTED_EDGE('',*,*,#1423,.T.);
#1423 = EDGE_CURVE('',#1362,#1424,#1426,.T.);
#1424 = VERTEX_POINT('',#1425);
#1425 = CARTESIAN_POINT('',(403.56177935436,190.77,3.65));
#1426 = LINE('',#1427,#1428);
#1427 = CARTESIAN_POINT('',(186.75123130276,-0.492486214945,3.65));
#1428 = VECTOR('',#1429,1.);
#1429 = DIRECTION('',(0.749908099631,0.661542018399,0.));
#1430 = ORIENTED_EDGE('',*,*,#1431,.F.);
#1431 = EDGE_CURVE('',#1432,#1424,#1434,.T.);
#1432 = VERTEX_POINT('',#1433);
#1433 = CARTESIAN_POINT('',(403.56177935436,190.77,-3.65));
#1434 = LINE('',#1435,#1436);
#1435 = CARTESIAN_POINT('',(403.56177935436,190.77,-3.65));
#1436 = VECTOR('',#1437,1.);
#1437 = DIRECTION('',(0.,0.,1.));
#1438 = ORIENTED_EDGE('',*,*,#1439,.F.);
#1439 = EDGE_CURVE('',#1370,#1432,#1440,.T.);
#1440 = LINE('',#1441,#1442);
#1441 = CARTESIAN_POINT('',(186.75123130276,-0.492486214945,-3.65));
#1442 = VECTOR('',#1443,1.);
#1443 = DIRECTION('',(0.749908099631,0.661542018399,0.));
#1444 = PLANE('',#1445);
#1445 = AXIS2_PLACEMENT_3D('',#1446,#1447,#1448);
#1446 = CARTESIAN_POINT('',(186.70870657949,-0.53,-3.65));
#1447 = DIRECTION('',(-0.661542018399,0.749908099631,0.));
#1448 = DIRECTION('',(0.749908099631,0.661542018399,0.));
#1449 = ADVANCED_FACE('',(#1450),#1461,.F.);
#1450 = FACE_BOUND('',#1451,.T.);
#1451 = EDGE_LOOP('',(#1452,#1453,#1454,#1460));
#1452 = ORIENTED_EDGE('',*,*,#1377,.F.);
#1453 = ORIENTED_EDGE('',*,*,#1408,.F.);
#1454 = ORIENTED_EDGE('',*,*,#1455,.F.);
#1455 = EDGE_CURVE('',#1432,#1392,#1456,.T.);
#1456 = LINE('',#1457,#1458);
#1457 = CARTESIAN_POINT('',(403.165,190.77,-3.65));
#1458 = VECTOR('',#1459,1.);
#1459 = DIRECTION('',(-1.,0.,0.));
#1460 = ORIENTED_EDGE('',*,*,#1439,.F.);
#1461 = PLANE('',#1462);
#1462 = AXIS2_PLACEMENT_3D('',#1463,#1464,#1465);
#1463 = CARTESIAN_POINT('',(199.81630302248,97.716965346941,-3.65));
#1464 = DIRECTION('',(0.,0.,1.));
#1465 = DIRECTION('',(1.,0.,-0.));
#1466 = ADVANCED_FACE('',(#1467),#1478,.T.);
#1467 = FACE_BOUND('',#1468,.F.);
#1468 = EDGE_LOOP('',(#1469,#1470,#1471,#1477));
#1469 = ORIENTED_EDGE('',*,*,#1361,.F.);
#1470 = ORIENTED_EDGE('',*,*,#1401,.F.);
#1471 = ORIENTED_EDGE('',*,*,#1472,.F.);
#1472 = EDGE_CURVE('',#1424,#1394,#1473,.T.);
#1473 = LINE('',#1474,#1475);
#1474 = CARTESIAN_POINT('',(403.165,190.77,3.65));
#1475 = VECTOR('',#1476,1.);
#1476 = DIRECTION('',(-1.,0.,0.));
#1477 = ORIENTED_EDGE('',*,*,#1423,.F.);
#1478 = PLANE('',#1479);
#1479 = AXIS2_PLACEMENT_3D('',#1480,#1481,#1482);
#1480 = CARTESIAN_POINT('',(199.81630302248,97.716965346941,3.65));
#1481 = DIRECTION('',(0.,0.,1.));
#1482 = DIRECTION('',(1.,0.,-0.));
#1483 = ADVANCED_FACE('',(#1484,#1490),#1524,.F.);
#1484 = FACE_BOUND('',#1485,.F.);
#1485 = EDGE_LOOP('',(#1486,#1487,#1488,#1489));
#1486 = ORIENTED_EDGE('',*,*,#1431,.T.);
#1487 = ORIENTED_EDGE('',*,*,#1472,.T.);
#1488 = ORIENTED_EDGE('',*,*,#1391,.F.);
#1489 = ORIENTED_EDGE('',*,*,#1455,.F.);
#1490 = FACE_BOUND('',#1491,.F.);
#1491 = EDGE_LOOP('',(#1492,#1502,#1510,#1518));
#1492 = ORIENTED_EDGE('',*,*,#1493,.T.);
#1493 = EDGE_CURVE('',#1494,#1496,#1498,.T.);
#1494 = VERTEX_POINT('',#1495);
#1495 = CARTESIAN_POINT('',(268.011,190.77,-3.));
#1496 = VERTEX_POINT('',#1497);
#1497 = CARTESIAN_POINT('',(250.011,190.77,-3.));
#1498 = LINE('',#1499,#1500);
#1499 = CARTESIAN_POINT('',(326.78638967718,190.77,-3.));
#1500 = VECTOR('',#1501,1.);
#1501 = DIRECTION('',(-1.,0.,0.));
#1502 = ORIENTED_EDGE('',*,*,#1503,.T.);
#1503 = EDGE_CURVE('',#1496,#1504,#1506,.T.);
#1504 = VERTEX_POINT('',#1505);
#1505 = CARTESIAN_POINT('',(250.011,190.77,3.));
#1506 = LINE('',#1507,#1508);
#1507 = CARTESIAN_POINT('',(250.011,190.77,-3.325));
#1508 = VECTOR('',#1509,1.);
#1509 = DIRECTION('',(0.,0.,1.));
#1510 = ORIENTED_EDGE('',*,*,#1511,.F.);
#1511 = EDGE_CURVE('',#1512,#1504,#1514,.T.);
#1512 = VERTEX_POINT('',#1513);
#1513 = CARTESIAN_POINT('',(268.011,190.77,3.));
#1514 = LINE('',#1515,#1516);
#1515 = CARTESIAN_POINT('',(326.78638967718,190.77,3.));
#1516 = VECTOR('',#1517,1.);
#1517 = DIRECTION('',(-1.,0.,0.));
#1518 = ORIENTED_EDGE('',*,*,#1519,.F.);
#1519 = EDGE_CURVE('',#1494,#1512,#1520,.T.);
#1520 = LINE('',#1521,#1522);
#1521 = CARTESIAN_POINT('',(268.011,190.77,-3.325));
#1522 = VECTOR('',#1523,1.);
#1523 = DIRECTION('',(0.,0.,1.));
#1524 = PLANE('',#1525);
#1525 = AXIS2_PLACEMENT_3D('',#1526,#1527,#1528);
#1526 = CARTESIAN_POINT('',(403.56177935436,190.77,-3.65));
#1527 = DIRECTION('',(0.,-1.,0.));
#1528 = DIRECTION('',(-1.,0.,0.));
#1529 = ADVANCED_FACE('',(#1530),#1555,.T.);
#1530 = FACE_BOUND('',#1531,.T.);
#1531 = EDGE_LOOP('',(#1532,#1540,#1548,#1554));
#1532 = ORIENTED_EDGE('',*,*,#1533,.F.);
#1533 = EDGE_CURVE('',#1534,#1496,#1536,.T.);
#1534 = VERTEX_POINT('',#1535);
#1535 = CARTESIAN_POINT('',(250.011,190.67,-3.));
#1536 = LINE('',#1537,#1538);
#1537 = CARTESIAN_POINT('',(250.011,190.12,-3.));
#1538 = VECTOR('',#1539,1.);
#1539 = DIRECTION('',(-0.,1.,0.));
#1540 = ORIENTED_EDGE('',*,*,#1541,.F.);
#1541 = EDGE_CURVE('',#1542,#1534,#1544,.T.);
#1542 = VERTEX_POINT('',#1543);
#1543 = CARTESIAN_POINT('',(268.011,190.67,-3.));
#1544 = LINE('',#1545,#1546);
#1545 = CARTESIAN_POINT('',(326.65412989239,190.67,-3.));
#1546 = VECTOR('',#1547,1.);
#1547 = DIRECTION('',(-1.,0.,0.));
#1548 = ORIENTED_EDGE('',*,*,#1549,.T.);
#1549 = EDGE_CURVE('',#1542,#1494,#1550,.T.);
#1550 = LINE('',#1551,#1552);
#1551 = CARTESIAN_POINT('',(268.011,190.12,-3.));
#1552 = VECTOR('',#1553,1.);
#1553 = DIRECTION('',(-0.,1.,0.));
#1554 = ORIENTED_EDGE('',*,*,#1493,.T.);
#1555 = PLANE('',#1556);
#1556 = AXIS2_PLACEMENT_3D('',#1557,#1558,#1559);
#1557 = CARTESIAN_POINT('',(250.011,190.12,-3.));
#1558 = DIRECTION('',(0.,0.,1.));
#1559 = DIRECTION('',(1.,0.,-0.));
#1560 = ADVANCED_FACE('',(#1561),#1579,.F.);
#1561 = FACE_BOUND('',#1562,.F.);
#1562 = EDGE_LOOP('',(#1563,#1571,#1577,#1578));
#1563 = ORIENTED_EDGE('',*,*,#1564,.F.);
#1564 = EDGE_CURVE('',#1565,#1512,#1567,.T.);
#1565 = VERTEX_POINT('',#1566);
#1566 = CARTESIAN_POINT('',(268.011,190.67,3.));
#1567 = LINE('',#1568,#1569);
#1568 = CARTESIAN_POINT('',(268.011,190.12,3.));
#1569 = VECTOR('',#1570,1.);
#1570 = DIRECTION('',(-0.,1.,0.));
#1571 = ORIENTED_EDGE('',*,*,#1572,.F.);
#1572 = EDGE_CURVE('',#1542,#1565,#1573,.T.);
#1573 = LINE('',#1574,#1575);
#1574 = CARTESIAN_POINT('',(268.011,190.67,-3.275));
#1575 = VECTOR('',#1576,1.);
#1576 = DIRECTION('',(0.,0.,1.));
#1577 = ORIENTED_EDGE('',*,*,#1549,.T.);
#1578 = ORIENTED_EDGE('',*,*,#1519,.T.);
#1579 = PLANE('',#1580);
#1580 = AXIS2_PLACEMENT_3D('',#1581,#1582,#1583);
#1581 = CARTESIAN_POINT('',(268.011,190.12,-3.));
#1582 = DIRECTION('',(1.,0.,-0.));
#1583 = DIRECTION('',(0.,0.,1.));
#1584 = ADVANCED_FACE('',(#1585),#1603,.F.);
#1585 = FACE_BOUND('',#1586,.F.);
#1586 = EDGE_LOOP('',(#1587,#1595,#1601,#1602));
#1587 = ORIENTED_EDGE('',*,*,#1588,.F.);
#1588 = EDGE_CURVE('',#1589,#1504,#1591,.T.);
#1589 = VERTEX_POINT('',#1590);
#1590 = CARTESIAN_POINT('',(250.011,190.67,3.));
#1591 = LINE('',#1592,#1593);
#1592 = CARTESIAN_POINT('',(250.011,190.12,3.));
#1593 = VECTOR('',#1594,1.);
#1594 = DIRECTION('',(-0.,1.,0.));
#1595 = ORIENTED_EDGE('',*,*,#1596,.F.);
#1596 = EDGE_CURVE('',#1565,#1589,#1597,.T.);
#1597 = LINE('',#1598,#1599);
#1598 = CARTESIAN_POINT('',(326.65412989239,190.67,3.));
#1599 = VECTOR('',#1600,1.);
#1600 = DIRECTION('',(-1.,0.,0.));
#1601 = ORIENTED_EDGE('',*,*,#1564,.T.);
#1602 = ORIENTED_EDGE('',*,*,#1511,.T.);
#1603 = PLANE('',#1604);
#1604 = AXIS2_PLACEMENT_3D('',#1605,#1606,#1607);
#1605 = CARTESIAN_POINT('',(250.011,190.12,3.));
#1606 = DIRECTION('',(0.,0.,1.));
#1607 = DIRECTION('',(1.,0.,-0.));
#1608 = ADVANCED_FACE('',(#1609),#1620,.T.);
#1609 = FACE_BOUND('',#1610,.T.);
#1610 = EDGE_LOOP('',(#1611,#1612,#1618,#1619));
#1611 = ORIENTED_EDGE('',*,*,#1588,.F.);
#1612 = ORIENTED_EDGE('',*,*,#1613,.F.);
#1613 = EDGE_CURVE('',#1534,#1589,#1614,.T.);
#1614 = LINE('',#1615,#1616);
#1615 = CARTESIAN_POINT('',(250.011,190.67,-3.275));
#1616 = VECTOR('',#1617,1.);
#1617 = DIRECTION('',(0.,0.,1.));
#1618 = ORIENTED_EDGE('',*,*,#1533,.T.);
#1619 = ORIENTED_EDGE('',*,*,#1503,.T.);
#1620 = PLANE('',#1621);
#1621 = AXIS2_PLACEMENT_3D('',#1622,#1623,#1624);
#1622 = CARTESIAN_POINT('',(250.011,190.12,-3.));
#1623 = DIRECTION('',(1.,0.,-0.));
#1624 = DIRECTION('',(0.,0.,1.));
#1625 = ADVANCED_FACE('',(#1626,#1660),#1666,.T.);
#1626 = FACE_BOUND('',#1627,.T.);
#1627 = EDGE_LOOP('',(#1628,#1638,#1646,#1654));
#1628 = ORIENTED_EDGE('',*,*,#1629,.T.);
#1629 = EDGE_CURVE('',#1630,#1632,#1634,.T.);
#1630 = VERTEX_POINT('',#1631);
#1631 = CARTESIAN_POINT('',(403.29725978478,190.67,-3.55));
#1632 = VERTEX_POINT('',#1633);
#1633 = CARTESIAN_POINT('',(403.29725978478,190.67,3.55));
#1634 = LINE('',#1635,#1636);
#1635 = CARTESIAN_POINT('',(403.29725978478,190.67,-3.55));
#1636 = VECTOR('',#1637,1.);
#1637 = DIRECTION('',(0.,0.,1.));
#1638 = ORIENTED_EDGE('',*,*,#1639,.T.);
#1639 = EDGE_CURVE('',#1632,#1640,#1642,.T.);
#1640 = VERTEX_POINT('',#1641);
#1641 = CARTESIAN_POINT('',(190.44624838591,190.67,3.55));
#1642 = LINE('',#1643,#1644);
#1643 = CARTESIAN_POINT('',(403.165,190.67,3.55));
#1644 = VECTOR('',#1645,1.);
#1645 = DIRECTION('',(-1.,0.,0.));
#1646 = ORIENTED_EDGE('',*,*,#1647,.F.);
#1647 = EDGE_CURVE('',#1648,#1640,#1650,.T.);
#1648 = VERTEX_POINT('',#1649);
#1649 = CARTESIAN_POINT('',(190.44624838591,190.67,-3.55));
#1650 = LINE('',#1651,#1652);
#1651 = CARTESIAN_POINT('',(190.44624838591,190.67,-3.55));
#1652 = VECTOR('',#1653,1.);
#1653 = DIRECTION('',(0.,0.,1.));
#1654 = ORIENTED_EDGE('',*,*,#1655,.F.);
#1655 = EDGE_CURVE('',#1630,#1648,#1656,.T.);
#1656 = LINE('',#1657,#1658);
#1657 = CARTESIAN_POINT('',(403.165,190.67,-3.55));
#1658 = VECTOR('',#1659,1.);
#1659 = DIRECTION('',(-1.,0.,0.));
#1660 = FACE_BOUND('',#1661,.T.);
#1661 = EDGE_LOOP('',(#1662,#1663,#1664,#1665));
#1662 = ORIENTED_EDGE('',*,*,#1541,.T.);
#1663 = ORIENTED_EDGE('',*,*,#1613,.T.);
#1664 = ORIENTED_EDGE('',*,*,#1596,.F.);
#1665 = ORIENTED_EDGE('',*,*,#1572,.F.);
#1666 = PLANE('',#1667);
#1667 = AXIS2_PLACEMENT_3D('',#1668,#1669,#1670);
#1668 = CARTESIAN_POINT('',(403.29725978478,190.67,-3.55));
#1669 = DIRECTION('',(0.,-1.,0.));
#1670 = DIRECTION('',(-1.,0.,0.));
#1671 = ADVANCED_FACE('',(#1672),#1697,.T.);
#1672 = FACE_BOUND('',#1673,.T.);
#1673 = EDGE_LOOP('',(#1674,#1684,#1690,#1691));
#1674 = ORIENTED_EDGE('',*,*,#1675,.T.);
#1675 = EDGE_CURVE('',#1676,#1678,#1680,.T.);
#1676 = VERTEX_POINT('',#1677);
#1677 = CARTESIAN_POINT('',(186.67090219316,-0.43,-3.55));
#1678 = VERTEX_POINT('',#1679);
#1679 = CARTESIAN_POINT('',(186.67090219316,-0.43,3.55));
#1680 = LINE('',#1681,#1682);
#1681 = CARTESIAN_POINT('',(186.67090219316,-0.43,-3.55));
#1682 = VECTOR('',#1683,1.);
#1683 = DIRECTION('',(0.,0.,1.));
#1684 = ORIENTED_EDGE('',*,*,#1685,.T.);
#1685 = EDGE_CURVE('',#1678,#1632,#1686,.T.);
#1686 = LINE('',#1687,#1688);
#1687 = CARTESIAN_POINT('',(186.68507710092,-0.417495404982,3.55));
#1688 = VECTOR('',#1689,1.);
#1689 = DIRECTION('',(0.749908099631,0.661542018399,0.));
#1690 = ORIENTED_EDGE('',*,*,#1629,.F.);
#1691 = ORIENTED_EDGE('',*,*,#1692,.F.);
#1692 = EDGE_CURVE('',#1676,#1630,#1693,.T.);
#1693 = LINE('',#1694,#1695);
#1694 = CARTESIAN_POINT('',(186.68507710092,-0.417495404982,-3.55));
#1695 = VECTOR('',#1696,1.);
#1696 = DIRECTION('',(0.749908099631,0.661542018399,0.));
#1697 = PLANE('',#1698);
#1698 = AXIS2_PLACEMENT_3D('',#1699,#1700,#1701);
#1699 = CARTESIAN_POINT('',(186.67090219316,-0.43,-3.55));
#1700 = DIRECTION('',(-0.661542018399,0.749908099631,0.));
#1701 = DIRECTION('',(0.749908099631,0.661542018399,0.));
#1702 = ADVANCED_FACE('',(#1703),#1721,.T.);
#1703 = FACE_BOUND('',#1704,.F.);
#1704 = EDGE_LOOP('',(#1705,#1713,#1719,#1720));
#1705 = ORIENTED_EDGE('',*,*,#1706,.F.);
#1706 = EDGE_CURVE('',#1707,#1676,#1709,.T.);
#1707 = VERTEX_POINT('',#1708);
#1708 = CARTESIAN_POINT('',(-0.120472556492,-0.43,-3.55));
#1709 = LINE('',#1710,#1711);
#1710 = CARTESIAN_POINT('',(0.,-0.43,-3.55));
#1711 = VECTOR('',#1712,1.);
#1712 = DIRECTION('',(1.,0.,0.));
#1713 = ORIENTED_EDGE('',*,*,#1714,.F.);
#1714 = EDGE_CURVE('',#1648,#1707,#1715,.T.);
#1715 = LINE('',#1716,#1717);
#1716 = CARTESIAN_POINT('',(190.43159529569,190.65530590479,-3.55));
#1717 = VECTOR('',#1718,1.);
#1718 = DIRECTION('',(-0.706118095803,-0.708094086107,0.));
#1719 = ORIENTED_EDGE('',*,*,#1655,.F.);
#1720 = ORIENTED_EDGE('',*,*,#1692,.F.);
#1721 = PLANE('',#1722);
#1722 = AXIS2_PLACEMENT_3D('',#1723,#1724,#1725);
#1723 = CARTESIAN_POINT('',(199.81630302248,97.716965346941,-3.55));
#1724 = DIRECTION('',(0.,0.,1.));
#1725 = DIRECTION('',(1.,0.,-0.));
#1726 = ADVANCED_FACE('',(#1727),#1745,.F.);
#1727 = FACE_BOUND('',#1728,.T.);
#1728 = EDGE_LOOP('',(#1729,#1737,#1743,#1744));
#1729 = ORIENTED_EDGE('',*,*,#1730,.F.);
#1730 = EDGE_CURVE('',#1731,#1678,#1733,.T.);
#1731 = VERTEX_POINT('',#1732);
#1732 = CARTESIAN_POINT('',(-0.120472556492,-0.43,3.55));
#1733 = LINE('',#1734,#1735);
#1734 = CARTESIAN_POINT('',(0.,-0.43,3.55));
#1735 = VECTOR('',#1736,1.);
#1736 = DIRECTION('',(1.,0.,0.));
#1737 = ORIENTED_EDGE('',*,*,#1738,.F.);
#1738 = EDGE_CURVE('',#1640,#1731,#1739,.T.);
#1739 = LINE('',#1740,#1741);
#1740 = CARTESIAN_POINT('',(190.43159529569,190.65530590479,3.55));
#1741 = VECTOR('',#1742,1.);
#1742 = DIRECTION('',(-0.706118095803,-0.708094086107,0.));
#1743 = ORIENTED_EDGE('',*,*,#1639,.F.);
#1744 = ORIENTED_EDGE('',*,*,#1685,.F.);
#1745 = PLANE('',#1746);
#1746 = AXIS2_PLACEMENT_3D('',#1747,#1748,#1749);
#1747 = CARTESIAN_POINT('',(199.81630302248,97.716965346941,3.55));
#1748 = DIRECTION('',(0.,0.,1.));
#1749 = DIRECTION('',(1.,0.,-0.));
#1750 = ADVANCED_FACE('',(#1751),#1762,.T.);
#1751 = FACE_BOUND('',#1752,.T.);
#1752 = EDGE_LOOP('',(#1753,#1754,#1755,#1761));
#1753 = ORIENTED_EDGE('',*,*,#1647,.T.);
#1754 = ORIENTED_EDGE('',*,*,#1738,.T.);
#1755 = ORIENTED_EDGE('',*,*,#1756,.F.);
#1756 = EDGE_CURVE('',#1707,#1731,#1757,.T.);
#1757 = LINE('',#1758,#1759);
#1758 = CARTESIAN_POINT('',(-0.120472556492,-0.43,-3.55));
#1759 = VECTOR('',#1760,1.);
#1760 = DIRECTION('',(0.,0.,1.));
#1761 = ORIENTED_EDGE('',*,*,#1714,.F.);
#1762 = PLANE('',#1763);
#1763 = AXIS2_PLACEMENT_3D('',#1764,#1765,#1766);
#1764 = CARTESIAN_POINT('',(190.44624838591,190.67,-3.55));
#1765 = DIRECTION('',(0.708094086107,-0.706118095803,0.));
#1766 = DIRECTION('',(-0.706118095803,-0.708094086107,0.));
#1767 = ADVANCED_FACE('',(#1768),#1774,.T.);
#1768 = FACE_BOUND('',#1769,.T.);
#1769 = EDGE_LOOP('',(#1770,#1771,#1772,#1773));
#1770 = ORIENTED_EDGE('',*,*,#1756,.T.);
#1771 = ORIENTED_EDGE('',*,*,#1730,.T.);
#1772 = ORIENTED_EDGE('',*,*,#1675,.F.);
#1773 = ORIENTED_EDGE('',*,*,#1706,.F.);
#1774 = PLANE('',#1775);
#1775 = AXIS2_PLACEMENT_3D('',#1776,#1777,#1778);
#1776 = CARTESIAN_POINT('',(-0.120472556492,-0.43,-3.55));
#1777 = DIRECTION('',(0.,1.,0.));
#1778 = DIRECTION('',(1.,0.,0.));
#1779 = ( GEOMETRIC_REPRESENTATION_CONTEXT(3) 
GLOBAL_UNCERTAINTY_ASSIGNED_CONTEXT((#1783)) 
GLOBAL_UNIT_ASSIGNED_CONTEXT((#1780,#1781,#1782)) REPRESENTATION_CONTEXT
('Context #1','3D Context with UNIT and UNCERTAINTY') );
#1780 = ( LENGTH_UNIT() NAMED_UNIT(*) SI_UNIT(.MILLI.,.METRE.) );
#1781 = ( NAMED_UNIT(*) PLANE_ANGLE_UNIT() SI_UNIT($,.RADIAN.) );
#1782 = ( NAMED_UNIT(*) SI_UNIT($,.STERADIAN.) SOLID_ANGLE_UNIT() );
#1783 = UNCERTAINTY_MEASURE_WITH_UNIT(LENGTH_MEASURE(1.E-07),#1780,
  'distance_accuracy_value','confusion accuracy');
#1784 = CONTEXT_DEPENDENT_SHAPE_REPRESENTATION(#1785,#1787);
#1785 = ( REPRESENTATION_RELATIONSHIP('','',#1344,#10) 
REPRESENTATION_RELATIONSHIP_WITH_TRANSFORMATION(#1786) 
SHAPE_REPRESENTATION_RELATIONSHIP() );
#1786 = ITEM_DEFINED_TRANSFORMATION('','',#11,#27);
#1787 = PRODUCT_DEFINITION_SHAPE('Placement','Placement of an item',
  #1788);
#1788 = NEXT_ASSEMBLY_USAGE_OCCURRENCE('4','Tile0_WrapAl','',#5,#1339,$
  );
#1789 = PRODUCT_RELATED_PRODUCT_CATEGORY('part',$,(#1341));
#1790 = SHAPE_DEFINITION_REPRESENTATION(#1791,#1797);
#1791 = PRODUCT_DEFINITION_SHAPE('','',#1792);
#1792 = PRODUCT_DEFINITION('design','',#1793,#1796);
#1793 = PRODUCT_DEFINITION_FORMATION('','',#1794);
#1794 = PRODUCT('Tile0_WrapCling','Tile0_WrapCling','',(#1795));
#1795 = PRODUCT_CONTEXT('',#2,'mechanical');
#1796 = PRODUCT_DEFINITION_CONTEXT('part definition',#2,'design');
#1797 = ADVANCED_BREP_SHAPE_REPRESENTATION('',(#11,#1798),#2232);
#1798 = MANIFOLD_SOLID_BREP('',#1799);
#1799 = CLOSED_SHELL('',(#1800,#1840,#1871,#1902,#1919,#1936,#1982,#2013
    ,#2037,#2061,#2078,#2124,#2155,#2179,#2203,#2220));
#1800 = ADVANCED_FACE('',(#1801),#1835,.F.);
#1801 = FACE_BOUND('',#1802,.F.);
#1802 = EDGE_LOOP('',(#1803,#1813,#1821,#1829));
#1803 = ORIENTED_EDGE('',*,*,#1804,.T.);
#1804 = EDGE_CURVE('',#1805,#1807,#1809,.T.);
#1805 = VERTEX_POINT('',#1806);
#1806 = CARTESIAN_POINT('',(-0.433701203371,-0.56,-3.68));
#1807 = VERTEX_POINT('',#1808);
#1808 = CARTESIAN_POINT('',(-0.433701203371,-0.56,3.68));
#1809 = LINE('',#1810,#1811);
#1810 = CARTESIAN_POINT('',(-0.433701203371,-0.56,-3.68));
#1811 = VECTOR('',#1812,1.);
#1812 = DIRECTION('',(0.,0.,1.));
#1813 = ORIENTED_EDGE('',*,*,#1814,.T.);
#1814 = EDGE_CURVE('',#1807,#1815,#1817,.T.);
#1815 = VERTEX_POINT('',#1816);
#1816 = CARTESIAN_POINT('',(186.72004789539,-0.56,3.68));
#1817 = LINE('',#1818,#1819);
#1818 = CARTESIAN_POINT('',(0.,-0.56,3.68));
#1819 = VECTOR('',#1820,1.);
#1820 = DIRECTION('',(1.,0.,0.));
#1821 = ORIENTED_EDGE('',*,*,#1822,.F.);
#1822 = EDGE_CURVE('',#1823,#1815,#1825,.T.);
#1823 = VERTEX_POINT('',#1824);
#1824 = CARTESIAN_POINT('',(186.72004789539,-0.56,-3.68));
#1825 = LINE('',#1826,#1827);
#1826 = CARTESIAN_POINT('',(186.72004789539,-0.56,-3.68));
#1827 = VECTOR('',#1828,1.);
#1828 = DIRECTION('',(0.,0.,1.));
#1829 = ORIENTED_EDGE('',*,*,#1830,.F.);
#1830 = EDGE_CURVE('',#1805,#1823,#1831,.T.);
#1831 = LINE('',#1832,#1833);
#1832 = CARTESIAN_POINT('',(0.,-0.56,-3.68));
#1833 = VECTOR('',#1834,1.);
#1834 = DIRECTION('',(1.,0.,0.));
#1835 = PLANE('',#1836);
#1836 = AXIS2_PLACEMENT_3D('',#1837,#1838,#1839);
#1837 = CARTESIAN_POINT('',(-0.433701203371,-0.56,-3.68));
#1838 = DIRECTION('',(0.,1.,0.));
#1839 = DIRECTION('',(1.,0.,0.));
#1840 = ADVANCED_FACE('',(#1841),#1866,.F.);
#1841 = FACE_BOUND('',#1842,.F.);
#1842 = EDGE_LOOP('',(#1843,#1853,#1859,#1860));
#1843 = ORIENTED_EDGE('',*,*,#1844,.T.);
#1844 = EDGE_CURVE('',#1845,#1847,#1849,.T.);
#1845 = VERTEX_POINT('',#1846);
#1846 = CARTESIAN_POINT('',(190.39229418929,190.8,-3.68));
#1847 = VERTEX_POINT('',#1848);
#1848 = CARTESIAN_POINT('',(190.39229418929,190.8,3.68));
#1849 = LINE('',#1850,#1851);
#1850 = CARTESIAN_POINT('',(190.39229418929,190.8,-3.68));
#1851 = VECTOR('',#1852,1.);
#1852 = DIRECTION('',(0.,0.,1.));
#1853 = ORIENTED_EDGE('',*,*,#1854,.T.);
#1854 = EDGE_CURVE('',#1847,#1807,#1855,.T.);
#1855 = LINE('',#1856,#1857);
#1856 = CARTESIAN_POINT('',(190.3395430645,190.74710125724,3.68));
#1857 = VECTOR('',#1858,1.);
#1858 = DIRECTION('',(-0.706118095803,-0.708094086107,0.));
#1859 = ORIENTED_EDGE('',*,*,#1804,.F.);
#1860 = ORIENTED_EDGE('',*,*,#1861,.F.);
#1861 = EDGE_CURVE('',#1845,#1805,#1862,.T.);
#1862 = LINE('',#1863,#1864);
#1863 = CARTESIAN_POINT('',(190.3395430645,190.74710125724,-3.68));
#1864 = VECTOR('',#1865,1.);
#1865 = DIRECTION('',(-0.706118095803,-0.708094086107,0.));
#1866 = PLANE('',#1867);
#1867 = AXIS2_PLACEMENT_3D('',#1868,#1869,#1870);
#1868 = CARTESIAN_POINT('',(190.39229418929,190.8,-3.68));
#1869 = DIRECTION('',(0.708094086107,-0.706118095803,0.));
#1870 = DIRECTION('',(-0.706118095803,-0.708094086107,0.));
#1871 = ADVANCED_FACE('',(#1872),#1897,.F.);
#1872 = FACE_BOUND('',#1873,.F.);
#1873 = EDGE_LOOP('',(#1874,#1875,#1883,#1891));
#1874 = ORIENTED_EDGE('',*,*,#1822,.T.);
#1875 = ORIENTED_EDGE('',*,*,#1876,.T.);
#1876 = EDGE_CURVE('',#1815,#1877,#1879,.T.);
#1877 = VERTEX_POINT('',#1878);
#1878 = CARTESIAN_POINT('',(403.64113522523,190.8,3.68));
#1879 = LINE('',#1880,#1881);
#1880 = CARTESIAN_POINT('',(186.77107756331,-0.514983457934,3.68));
#1881 = VECTOR('',#1882,1.);
#1882 = DIRECTION('',(0.749908099631,0.661542018399,0.));
#1883 = ORIENTED_EDGE('',*,*,#1884,.F.);
#1884 = EDGE_CURVE('',#1885,#1877,#1887,.T.);
#1885 = VERTEX_POINT('',#1886);
#1886 = CARTESIAN_POINT('',(403.64113522523,190.8,-3.68));
#1887 = LINE('',#1888,#1889);
#1888 = CARTESIAN_POINT('',(403.64113522523,190.8,-3.68));
#1889 = VECTOR('',#1890,1.);
#1890 = DIRECTION('',(0.,0.,1.));
#1891 = ORIENTED_EDGE('',*,*,#1892,.F.);
#1892 = EDGE_CURVE('',#1823,#1885,#1893,.T.);
#1893 = LINE('',#1894,#1895);
#1894 = CARTESIAN_POINT('',(186.77107756331,-0.514983457934,-3.68));
#1895 = VECTOR('',#1896,1.);
#1896 = DIRECTION('',(0.749908099631,0.661542018399,0.));
#1897 = PLANE('',#1898);
#1898 = AXIS2_PLACEMENT_3D('',#1899,#1900,#1901);
#1899 = CARTESIAN_POINT('',(186.72004789539,-0.56,-3.68));
#1900 = DIRECTION('',(-0.661542018399,0.749908099631,0.));
#1901 = DIRECTION('',(0.749908099631,0.661542018399,0.));
#1902 = ADVANCED_FACE('',(#1903),#1914,.F.);
#1903 = FACE_BOUND('',#1904,.T.);
#1904 = EDGE_LOOP('',(#1905,#1906,#1907,#1913));
#1905 = ORIENTED_EDGE('',*,*,#1830,.F.);
#1906 = ORIENTED_EDGE('',*,*,#1861,.F.);
#1907 = ORIENTED_EDGE('',*,*,#1908,.F.);
#1908 = EDGE_CURVE('',#1885,#1845,#1909,.T.);
#1909 = LINE('',#1910,#1911);
#1910 = CARTESIAN_POINT('',(403.165,190.8,-3.68));
#1911 = VECTOR('',#1912,1.);
#1912 = DIRECTION('',(-1.,0.,0.));
#1913 = ORIENTED_EDGE('',*,*,#1892,.F.);
#1914 = PLANE('',#1915);
#1915 = AXIS2_PLACEMENT_3D('',#1916,#1917,#1918);
#1916 = CARTESIAN_POINT('',(199.81630302248,97.716965346941,-3.68));
#1917 = DIRECTION('',(0.,0.,1.));
#1918 = DIRECTION('',(1.,0.,-0.));
#1919 = ADVANCED_FACE('',(#1920),#1931,.T.);
#1920 = FACE_BOUND('',#1921,.F.);
#1921 = EDGE_LOOP('',(#1922,#1923,#1924,#1930));
#1922 = ORIENTED_EDGE('',*,*,#1814,.F.);
#1923 = ORIENTED_EDGE('',*,*,#1854,.F.);
#1924 = ORIENTED_EDGE('',*,*,#1925,.F.);
#1925 = EDGE_CURVE('',#1877,#1847,#1926,.T.);
#1926 = LINE('',#1927,#1928);
#1927 = CARTESIAN_POINT('',(403.165,190.8,3.68));
#1928 = VECTOR('',#1929,1.);
#1929 = DIRECTION('',(-1.,0.,0.));
#1930 = ORIENTED_EDGE('',*,*,#1876,.F.);
#1931 = PLANE('',#1932);
#1932 = AXIS2_PLACEMENT_3D('',#1933,#1934,#1935);
#1933 = CARTESIAN_POINT('',(199.81630302248,97.716965346941,3.68));
#1934 = DIRECTION('',(0.,0.,1.));
#1935 = DIRECTION('',(1.,0.,-0.));
#1936 = ADVANCED_FACE('',(#1937,#1943),#1977,.F.);
#1937 = FACE_BOUND('',#1938,.F.);
#1938 = EDGE_LOOP('',(#1939,#1940,#1941,#1942));
#1939 = ORIENTED_EDGE('',*,*,#1884,.T.);
#1940 = ORIENTED_EDGE('',*,*,#1925,.T.);
#1941 = ORIENTED_EDGE('',*,*,#1844,.F.);
#1942 = ORIENTED_EDGE('',*,*,#1908,.F.);
#1943 = FACE_BOUND('',#1944,.F.);
#1944 = EDGE_LOOP('',(#1945,#1955,#1963,#1971));
#1945 = ORIENTED_EDGE('',*,*,#1946,.T.);
#1946 = EDGE_CURVE('',#1947,#1949,#1951,.T.);
#1947 = VERTEX_POINT('',#1948);
#1948 = CARTESIAN_POINT('',(268.011,190.8,-3.));
#1949 = VERTEX_POINT('',#1950);
#1950 = CARTESIAN_POINT('',(250.011,190.8,-3.));
#1951 = LINE('',#1952,#1953);
#1952 = CARTESIAN_POINT('',(326.82606761261,190.8,-3.));
#1953 = VECTOR('',#1954,1.);
#1954 = DIRECTION('',(-1.,0.,0.));
#1955 = ORIENTED_EDGE('',*,*,#1956,.T.);
#1956 = EDGE_CURVE('',#1949,#1957,#1959,.T.);
#1957 = VERTEX_POINT('',#1958);
#1958 = CARTESIAN_POINT('',(250.011,190.8,3.));
#1959 = LINE('',#1960,#1961);
#1960 = CARTESIAN_POINT('',(250.011,190.8,-3.34));
#1961 = VECTOR('',#1962,1.);
#1962 = DIRECTION('',(0.,0.,1.));
#1963 = ORIENTED_EDGE('',*,*,#1964,.F.);
#1964 = EDGE_CURVE('',#1965,#1957,#1967,.T.);
#1965 = VERTEX_POINT('',#1966);
#1966 = CARTESIAN_POINT('',(268.011,190.8,3.));
#1967 = LINE('',#1968,#1969);
#1968 = CARTESIAN_POINT('',(326.82606761261,190.8,3.));
#1969 = VECTOR('',#1970,1.);
#1970 = DIRECTION('',(-1.,0.,0.));
#1971 = ORIENTED_EDGE('',*,*,#1972,.F.);
#1972 = EDGE_CURVE('',#1947,#1965,#1973,.T.);
#1973 = LINE('',#1974,#1975);
#1974 = CARTESIAN_POINT('',(268.011,190.8,-3.34));
#1975 = VECTOR('',#1976,1.);
#1976 = DIRECTION('',(0.,0.,1.));
#1977 = PLANE('',#1978);
#1978 = AXIS2_PLACEMENT_3D('',#1979,#1980,#1981);
#1979 = CARTESIAN_POINT('',(403.64113522523,190.8,-3.68));
#1980 = DIRECTION('',(0.,-1.,0.));
#1981 = DIRECTION('',(-1.,0.,0.));
#1982 = ADVANCED_FACE('',(#1983),#2008,.T.);
#1983 = FACE_BOUND('',#1984,.T.);
#1984 = EDGE_LOOP('',(#1985,#1993,#2001,#2007));
#1985 = ORIENTED_EDGE('',*,*,#1986,.F.);
#1986 = EDGE_CURVE('',#1987,#1949,#1989,.T.);
#1987 = VERTEX_POINT('',#1988);
#1988 = CARTESIAN_POINT('',(250.011,190.77,-3.));
#1989 = LINE('',#1990,#1991);
#1990 = CARTESIAN_POINT('',(250.011,190.12,-3.));
#1991 = VECTOR('',#1992,1.);
#1992 = DIRECTION('',(-0.,1.,0.));
#1993 = ORIENTED_EDGE('',*,*,#1994,.F.);
#1994 = EDGE_CURVE('',#1995,#1987,#1997,.T.);
#1995 = VERTEX_POINT('',#1996);
#1996 = CARTESIAN_POINT('',(268.011,190.77,-3.));
#1997 = LINE('',#1998,#1999);
#1998 = CARTESIAN_POINT('',(326.78638967718,190.77,-3.));
#1999 = VECTOR('',#2000,1.);
#2000 = DIRECTION('',(-1.,0.,0.));
#2001 = ORIENTED_EDGE('',*,*,#2002,.T.);
#2002 = EDGE_CURVE('',#1995,#1947,#2003,.T.);
#2003 = LINE('',#2004,#2005);
#2004 = CARTESIAN_POINT('',(268.011,190.12,-3.));
#2005 = VECTOR('',#2006,1.);
#2006 = DIRECTION('',(-0.,1.,0.));
#2007 = ORIENTED_EDGE('',*,*,#1946,.T.);
#2008 = PLANE('',#2009);
#2009 = AXIS2_PLACEMENT_3D('',#2010,#2011,#2012);
#2010 = CARTESIAN_POINT('',(250.011,190.12,-3.));
#2011 = DIRECTION('',(0.,0.,1.));
#2012 = DIRECTION('',(1.,0.,-0.));
#2013 = ADVANCED_FACE('',(#2014),#2032,.F.);
#2014 = FACE_BOUND('',#2015,.F.);
#2015 = EDGE_LOOP('',(#2016,#2024,#2030,#2031));
#2016 = ORIENTED_EDGE('',*,*,#2017,.F.);
#2017 = EDGE_CURVE('',#2018,#1965,#2020,.T.);
#2018 = VERTEX_POINT('',#2019);
#2019 = CARTESIAN_POINT('',(268.011,190.77,3.));
#2020 = LINE('',#2021,#2022);
#2021 = CARTESIAN_POINT('',(268.011,190.12,3.));
#2022 = VECTOR('',#2023,1.);
#2023 = DIRECTION('',(-0.,1.,0.));
#2024 = ORIENTED_EDGE('',*,*,#2025,.F.);
#2025 = EDGE_CURVE('',#1995,#2018,#2026,.T.);
#2026 = LINE('',#2027,#2028);
#2027 = CARTESIAN_POINT('',(268.011,190.77,-3.325));
#2028 = VECTOR('',#2029,1.);
#2029 = DIRECTION('',(0.,0.,1.));
#2030 = ORIENTED_EDGE('',*,*,#2002,.T.);
#2031 = ORIENTED_EDGE('',*,*,#1972,.T.);
#2032 = PLANE('',#2033);
#2033 = AXIS2_PLACEMENT_3D('',#2034,#2035,#2036);
#2034 = CARTESIAN_POINT('',(268.011,190.12,-3.));
#2035 = DIRECTION('',(1.,0.,-0.));
#2036 = DIRECTION('',(0.,0.,1.));
#2037 = ADVANCED_FACE('',(#2038),#2056,.F.);
#2038 = FACE_BOUND('',#2039,.F.);
#2039 = EDGE_LOOP('',(#2040,#2048,#2054,#2055));
#2040 = ORIENTED_EDGE('',*,*,#2041,.F.);
#2041 = EDGE_CURVE('',#2042,#1957,#2044,.T.);
#2042 = VERTEX_POINT('',#2043);
#2043 = CARTESIAN_POINT('',(250.011,190.77,3.));
#2044 = LINE('',#2045,#2046);
#2045 = CARTESIAN_POINT('',(250.011,190.12,3.));
#2046 = VECTOR('',#2047,1.);
#2047 = DIRECTION('',(-0.,1.,0.));
#2048 = ORIENTED_EDGE('',*,*,#2049,.F.);
#2049 = EDGE_CURVE('',#2018,#2042,#2050,.T.);
#2050 = LINE('',#2051,#2052);
#2051 = CARTESIAN_POINT('',(326.78638967718,190.77,3.));
#2052 = VECTOR('',#2053,1.);
#2053 = DIRECTION('',(-1.,0.,0.));
#2054 = ORIENTED_EDGE('',*,*,#2017,.T.);
#2055 = ORIENTED_EDGE('',*,*,#1964,.T.);
#2056 = PLANE('',#2057);
#2057 = AXIS2_PLACEMENT_3D('',#2058,#2059,#2060);
#2058 = CARTESIAN_POINT('',(250.011,190.12,3.));
#2059 = DIRECTION('',(0.,0.,1.));
#2060 = DIRECTION('',(1.,0.,-0.));
#2061 = ADVANCED_FACE('',(#2062),#2073,.T.);
#2062 = FACE_BOUND('',#2063,.T.);
#2063 = EDGE_LOOP('',(#2064,#2065,#2071,#2072));
#2064 = ORIENTED_EDGE('',*,*,#2041,.F.);
#2065 = ORIENTED_EDGE('',*,*,#2066,.F.);
#2066 = EDGE_CURVE('',#1987,#2042,#2067,.T.);
#2067 = LINE('',#2068,#2069);
#2068 = CARTESIAN_POINT('',(250.011,190.77,-3.325));
#2069 = VECTOR('',#2070,1.);
#2070 = DIRECTION('',(0.,0.,1.));
#2071 = ORIENTED_EDGE('',*,*,#1986,.T.);
#2072 = ORIENTED_EDGE('',*,*,#1956,.T.);
#2073 = PLANE('',#2074);
#2074 = AXIS2_PLACEMENT_3D('',#2075,#2076,#2077);
#2075 = CARTESIAN_POINT('',(250.011,190.12,-3.));
#2076 = DIRECTION('',(1.,0.,-0.));
#2077 = DIRECTION('',(0.,0.,1.));
#2078 = ADVANCED_FACE('',(#2079,#2113),#2119,.T.);
#2079 = FACE_BOUND('',#2080,.T.);
#2080 = EDGE_LOOP('',(#2081,#2091,#2099,#2107));
#2081 = ORIENTED_EDGE('',*,*,#2082,.T.);
#2082 = EDGE_CURVE('',#2083,#2085,#2087,.T.);
#2083 = VERTEX_POINT('',#2084);
#2084 = CARTESIAN_POINT('',(403.56177935436,190.77,-3.65));
#2085 = VERTEX_POINT('',#2086);
#2086 = CARTESIAN_POINT('',(403.56177935436,190.77,3.65));
#2087 = LINE('',#2088,#2089);
#2088 = CARTESIAN_POINT('',(403.56177935436,190.77,-3.65));
#2089 = VECTOR('',#2090,1.);
#2090 = DIRECTION('',(0.,0.,1.));
#2091 = ORIENTED_EDGE('',*,*,#2092,.T.);
#2092 = EDGE_CURVE('',#2085,#2093,#2095,.T.);
#2093 = VERTEX_POINT('',#2094);
#2094 = CARTESIAN_POINT('',(190.40474515774,190.77,3.65));
#2095 = LINE('',#2096,#2097);
#2096 = CARTESIAN_POINT('',(403.165,190.77,3.65));
#2097 = VECTOR('',#2098,1.);
#2098 = DIRECTION('',(-1.,0.,0.));
#2099 = ORIENTED_EDGE('',*,*,#2100,.F.);
#2100 = EDGE_CURVE('',#2101,#2093,#2103,.T.);
#2101 = VERTEX_POINT('',#2102);
#2102 = CARTESIAN_POINT('',(190.40474515774,190.77,-3.65));
#2103 = LINE('',#2104,#2105);
#2104 = CARTESIAN_POINT('',(190.40474515774,190.77,-3.65));
#2105 = VECTOR('',#2106,1.);
#2106 = DIRECTION('',(0.,0.,1.));
#2107 = ORIENTED_EDGE('',*,*,#2108,.F.);
#2108 = EDGE_CURVE('',#2083,#2101,#2109,.T.);
#2109 = LINE('',#2110,#2111);
#2110 = CARTESIAN_POINT('',(403.165,190.77,-3.65));
#2111 = VECTOR('',#2112,1.);
#2112 = DIRECTION('',(-1.,0.,0.));
#2113 = FACE_BOUND('',#2114,.T.);
#2114 = EDGE_LOOP('',(#2115,#2116,#2117,#2118));
#2115 = ORIENTED_EDGE('',*,*,#1994,.T.);
#2116 = ORIENTED_EDGE('',*,*,#2066,.T.);
#2117 = ORIENTED_EDGE('',*,*,#2049,.F.);
#2118 = ORIENTED_EDGE('',*,*,#2025,.F.);
#2119 = PLANE('',#2120);
#2120 = AXIS2_PLACEMENT_3D('',#2121,#2122,#2123);
#2121 = CARTESIAN_POINT('',(403.56177935436,190.77,-3.65));
#2122 = DIRECTION('',(0.,-1.,0.));
#2123 = DIRECTION('',(-1.,0.,0.));
#2124 = ADVANCED_FACE('',(#2125),#2150,.T.);
#2125 = FACE_BOUND('',#2126,.T.);
#2126 = EDGE_LOOP('',(#2127,#2137,#2143,#2144));
#2127 = ORIENTED_EDGE('',*,*,#2128,.T.);
#2128 = EDGE_CURVE('',#2129,#2131,#2133,.T.);
#2129 = VERTEX_POINT('',#2130);
#2130 = CARTESIAN_POINT('',(186.70870657949,-0.53,-3.65));
#2131 = VERTEX_POINT('',#2132);
#2132 = CARTESIAN_POINT('',(186.70870657949,-0.53,3.65));
#2133 = LINE('',#2134,#2135);
#2134 = CARTESIAN_POINT('',(186.70870657949,-0.53,-3.65));
#2135 = VECTOR('',#2136,1.);
#2136 = DIRECTION('',(0.,0.,1.));
#2137 = ORIENTED_EDGE('',*,*,#2138,.T.);
#2138 = EDGE_CURVE('',#2131,#2085,#2139,.T.);
#2139 = LINE('',#2140,#2141);
#2140 = CARTESIAN_POINT('',(186.75123130276,-0.492486214945,3.65));
#2141 = VECTOR('',#2142,1.);
#2142 = DIRECTION('',(0.749908099631,0.661542018399,0.));
#2143 = ORIENTED_EDGE('',*,*,#2082,.F.);
#2144 = ORIENTED_EDGE('',*,*,#2145,.F.);
#2145 = EDGE_CURVE('',#2129,#2083,#2146,.T.);
#2146 = LINE('',#2147,#2148);
#2147 = CARTESIAN_POINT('',(186.75123130276,-0.492486214945,-3.65));
#2148 = VECTOR('',#2149,1.);
#2149 = DIRECTION('',(0.749908099631,0.661542018399,0.));
#2150 = PLANE('',#2151);
#2151 = AXIS2_PLACEMENT_3D('',#2152,#2153,#2154);
#2152 = CARTESIAN_POINT('',(186.70870657949,-0.53,-3.65));
#2153 = DIRECTION('',(-0.661542018399,0.749908099631,0.));
#2154 = DIRECTION('',(0.749908099631,0.661542018399,0.));
#2155 = ADVANCED_FACE('',(#2156),#2174,.T.);
#2156 = FACE_BOUND('',#2157,.F.);
#2157 = EDGE_LOOP('',(#2158,#2166,#2172,#2173));
#2158 = ORIENTED_EDGE('',*,*,#2159,.F.);
#2159 = EDGE_CURVE('',#2160,#2129,#2162,.T.);
#2160 = VERTEX_POINT('',#2161);
#2161 = CARTESIAN_POINT('',(-0.361417669476,-0.53,-3.65));
#2162 = LINE('',#2163,#2164);
#2163 = CARTESIAN_POINT('',(0.,-0.53,-3.65));
#2164 = VECTOR('',#2165,1.);
#2165 = DIRECTION('',(1.,0.,0.));
#2166 = ORIENTED_EDGE('',*,*,#2167,.F.);
#2167 = EDGE_CURVE('',#2101,#2160,#2168,.T.);
#2168 = LINE('',#2169,#2170);
#2169 = CARTESIAN_POINT('',(190.36078588708,190.72591771437,-3.65));
#2170 = VECTOR('',#2171,1.);
#2171 = DIRECTION('',(-0.706118095803,-0.708094086107,0.));
#2172 = ORIENTED_EDGE('',*,*,#2108,.F.);
#2173 = ORIENTED_EDGE('',*,*,#2145,.F.);
#2174 = PLANE('',#2175);
#2175 = AXIS2_PLACEMENT_3D('',#2176,#2177,#2178);
#2176 = CARTESIAN_POINT('',(199.81630302248,97.716965346941,-3.65));
#2177 = DIRECTION('',(0.,0.,1.));
#2178 = DIRECTION('',(1.,0.,-0.));
#2179 = ADVANCED_FACE('',(#2180),#2198,.F.);
#2180 = FACE_BOUND('',#2181,.T.);
#2181 = EDGE_LOOP('',(#2182,#2190,#2196,#2197));
#2182 = ORIENTED_EDGE('',*,*,#2183,.F.);
#2183 = EDGE_CURVE('',#2184,#2131,#2186,.T.);
#2184 = VERTEX_POINT('',#2185);
#2185 = CARTESIAN_POINT('',(-0.361417669476,-0.53,3.65));
#2186 = LINE('',#2187,#2188);
#2187 = CARTESIAN_POINT('',(0.,-0.53,3.65));
#2188 = VECTOR('',#2189,1.);
#2189 = DIRECTION('',(1.,0.,0.));
#2190 = ORIENTED_EDGE('',*,*,#2191,.F.);
#2191 = EDGE_CURVE('',#2093,#2184,#2192,.T.);
#2192 = LINE('',#2193,#2194);
#2193 = CARTESIAN_POINT('',(190.36078588708,190.72591771437,3.65));
#2194 = VECTOR('',#2195,1.);
#2195 = DIRECTION('',(-0.706118095803,-0.708094086107,0.));
#2196 = ORIENTED_EDGE('',*,*,#2092,.F.);
#2197 = ORIENTED_EDGE('',*,*,#2138,.F.);
#2198 = PLANE('',#2199);
#2199 = AXIS2_PLACEMENT_3D('',#2200,#2201,#2202);
#2200 = CARTESIAN_POINT('',(199.81630302248,97.716965346941,3.65));
#2201 = DIRECTION('',(0.,0.,1.));
#2202 = DIRECTION('',(1.,0.,-0.));
#2203 = ADVANCED_FACE('',(#2204),#2215,.T.);
#2204 = FACE_BOUND('',#2205,.T.);
#2205 = EDGE_LOOP('',(#2206,#2207,#2208,#2214));
#2206 = ORIENTED_EDGE('',*,*,#2100,.T.);
#2207 = ORIENTED_EDGE('',*,*,#2191,.T.);
#2208 = ORIENTED_EDGE('',*,*,#2209,.F.);
#2209 = EDGE_CURVE('',#2160,#2184,#2210,.T.);
#2210 = LINE('',#2211,#2212);
#2211 = CARTESIAN_POINT('',(-0.361417669476,-0.53,-3.65));
#2212 = VECTOR('',#2213,1.);
#2213 = DIRECTION('',(0.,0.,1.));
#2214 = ORIENTED_EDGE('',*,*,#2167,.F.);
#2215 = PLANE('',#2216);
#2216 = AXIS2_PLACEMENT_3D('',#2217,#2218,#2219);
#2217 = CARTESIAN_POINT('',(190.40474515774,190.77,-3.65));
#2218 = DIRECTION('',(0.708094086107,-0.706118095803,0.));
#2219 = DIRECTION('',(-0.706118095803,-0.708094086107,0.));
#2220 = ADVANCED_FACE('',(#2221),#2227,.T.);
#2221 = FACE_BOUND('',#2222,.T.);
#2222 = EDGE_LOOP('',(#2223,#2224,#2225,#2226));
#2223 = ORIENTED_EDGE('',*,*,#2209,.T.);
#2224 = ORIENTED_EDGE('',*,*,#2183,.T.);
#2225 = ORIENTED_EDGE('',*,*,#2128,.F.);
#2226 = ORIENTED_EDGE('',*,*,#2159,.F.);
#2227 = PLANE('',#2228);
#2228 = AXIS2_PLACEMENT_3D('',#2229,#2230,#2231);
#2229 = CARTESIAN_POINT('',(-0.361417669476,-0.53,-3.65));
#2230 = DIRECTION('',(0.,1.,0.));
#2231 = DIRECTION('',(1.,0.,0.));
#2232 = ( GEOMETRIC_REPRESENTATION_CONTEXT(3) 
GLOBAL_UNCERTAINTY_ASSIGNED_CONTEXT((#2236)) 
GLOBAL_UNIT_ASSIGNED_CONTEXT((#2233,#2234,#2235)) REPRESENTATION_CONTEXT
('Context #1','3D Context with UNIT and UNCERTAINTY') );
#2233 = ( LENGTH_UNIT() NAMED_UNIT(*) SI_UNIT(.MILLI.,.METRE.) );
#2234 = ( NAMED_UNIT(*) PLANE_ANGLE_UNIT() SI_UNIT($,.RADIAN.) );
#2235 = ( NAMED_UNIT(*) SI_UNIT($,.STERADIAN.) SOLID_ANGLE_UNIT() );
#2236 = UNCERTAINTY_MEASURE_WITH_UNIT(LENGTH_MEASURE(1.E-07),#2233,
  'distance_accuracy_value','confusion accuracy');
#2237 = CONTEXT_DEPENDENT_SHAPE_REPRESENTATION(#2238,#2240);
#2238 = ( REPRESENTATION_RELATIONSHIP('','',#1797,#10) 
REPRESENTATION_RELATIONSHIP_WITH_TRANSFORMATION(#2239) 
SHAPE_REPRESENTATION_RELATIONSHIP() );
#2239 = ITEM_DEFINED_TRANSFORMATION('','',#11,#31);
#2240 = PRODUCT_DEFINITION_SHAPE('Placement','Placement of an item',
  #2241);
#2241 = NEXT_ASSEMBLY_USAGE_OCCURRENCE('5','Tile0_WrapCling','',#5,#1792
  ,$);
#2242 = PRODUCT_RELATED_PRODUCT_CATEGORY('part',$,(#1794));
#2243 = SHAPE_DEFINITION_REPRESENTATION(#2244,#2250);
#2244 = PRODUCT_DEFINITION_SHAPE('','',#2245);
#2245 = PRODUCT_DEFINITION('design','',#2246,#2249);
#2246 = PRODUCT_DEFINITION_FORMATION('','',#2247);
#2247 = PRODUCT('Tile0_WrapVinyl','Tile0_WrapVinyl','',(#2248));
#2248 = PRODUCT_CONTEXT('',#2,'mechanical');
#2249 = PRODUCT_DEFINITION_CONTEXT('part definition',#2,'design');
#2250 = ADVANCED_BREP_SHAPE_REPRESENTATION('',(#11,#2251),#2685);
#2251 = MANIFOLD_SOLID_BREP('',#2252);
#2252 = CLOSED_SHELL('',(#2253,#2293,#2324,#2355,#2372,#2389,#2435,#2466
    ,#2490,#2514,#2531,#2577,#2608,#2632,#2656,#2673));
#2253 = ADVANCED_FACE('',(#2254),#2288,.F.);
#2254 = FACE_BOUND('',#2255,.F.);
#2255 = EDGE_LOOP('',(#2256,#2266,#2274,#2282));
#2256 = ORIENTED_EDGE('',*,*,#2257,.T.);
#2257 = EDGE_CURVE('',#2258,#2260,#2262,.T.);
#2258 = VERTEX_POINT('',#2259);
#2259 = CARTESIAN_POINT('',(-0.674646316356,-0.66,-3.78));
#2260 = VERTEX_POINT('',#2261);
#2261 = CARTESIAN_POINT('',(-0.674646316356,-0.66,3.78));
#2262 = LINE('',#2263,#2264);
#2263 = CARTESIAN_POINT('',(-0.674646316356,-0.66,-3.78));
#2264 = VECTOR('',#2265,1.);
#2265 = DIRECTION('',(0.,0.,1.));
#2266 = ORIENTED_EDGE('',*,*,#2267,.T.);
#2267 = EDGE_CURVE('',#2260,#2268,#2270,.T.);
#2268 = VERTEX_POINT('',#2269);
#2269 = CARTESIAN_POINT('',(186.75785228172,-0.66,3.78));
#2270 = LINE('',#2271,#2272);
#2271 = CARTESIAN_POINT('',(0.,-0.66,3.78));
#2272 = VECTOR('',#2273,1.);
#2273 = DIRECTION('',(1.,0.,0.));
#2274 = ORIENTED_EDGE('',*,*,#2275,.F.);
#2275 = EDGE_CURVE('',#2276,#2268,#2278,.T.);
#2276 = VERTEX_POINT('',#2277);
#2277 = CARTESIAN_POINT('',(186.75785228172,-0.66,-3.78));
#2278 = LINE('',#2279,#2280);
#2279 = CARTESIAN_POINT('',(186.75785228172,-0.66,-3.78));
#2280 = VECTOR('',#2281,1.);
#2281 = DIRECTION('',(0.,0.,1.));
#2282 = ORIENTED_EDGE('',*,*,#2283,.F.);
#2283 = EDGE_CURVE('',#2258,#2276,#2284,.T.);
#2284 = LINE('',#2285,#2286);
#2285 = CARTESIAN_POINT('',(0.,-0.66,-3.78));
#2286 = VECTOR('',#2287,1.);
#2287 = DIRECTION('',(1.,0.,0.));
#2288 = PLANE('',#2289);
#2289 = AXIS2_PLACEMENT_3D('',#2290,#2291,#2292);
#2290 = CARTESIAN_POINT('',(-0.674646316356,-0.66,-3.78));
#2291 = DIRECTION('',(0.,1.,0.));
#2292 = DIRECTION('',(1.,0.,0.));
#2293 = ADVANCED_FACE('',(#2294),#2319,.F.);
#2294 = FACE_BOUND('',#2295,.F.);
#2295 = EDGE_LOOP('',(#2296,#2306,#2312,#2313));
#2296 = ORIENTED_EDGE('',*,*,#2297,.T.);
#2297 = EDGE_CURVE('',#2298,#2300,#2302,.T.);
#2298 = VERTEX_POINT('',#2299);
#2299 = CARTESIAN_POINT('',(190.35079096113,190.9,-3.78));
#2300 = VERTEX_POINT('',#2301);
#2301 = CARTESIAN_POINT('',(190.35079096113,190.9,3.78));
#2302 = LINE('',#2303,#2304);
#2303 = CARTESIAN_POINT('',(190.35079096113,190.9,-3.78));
#2304 = VECTOR('',#2305,1.);
#2305 = DIRECTION('',(0.,0.,1.));
#2306 = ORIENTED_EDGE('',*,*,#2307,.T.);
#2307 = EDGE_CURVE('',#2300,#2260,#2308,.T.);
#2308 = LINE('',#2309,#2310);
#2309 = CARTESIAN_POINT('',(190.26873365589,190.81771306682,3.78));
#2310 = VECTOR('',#2311,1.);
#2311 = DIRECTION('',(-0.706118095803,-0.708094086107,0.));
#2312 = ORIENTED_EDGE('',*,*,#2257,.F.);
#2313 = ORIENTED_EDGE('',*,*,#2314,.F.);
#2314 = EDGE_CURVE('',#2298,#2258,#2315,.T.);
#2315 = LINE('',#2316,#2317);
#2316 = CARTESIAN_POINT('',(190.26873365589,190.81771306682,-3.78));
#2317 = VECTOR('',#2318,1.);
#2318 = DIRECTION('',(-0.706118095803,-0.708094086107,0.));
#2319 = PLANE('',#2320);
#2320 = AXIS2_PLACEMENT_3D('',#2321,#2322,#2323);
#2321 = CARTESIAN_POINT('',(190.35079096113,190.9,-3.78));
#2322 = DIRECTION('',(0.708094086107,-0.706118095803,0.));
#2323 = DIRECTION('',(-0.706118095803,-0.708094086107,0.));
#2324 = ADVANCED_FACE('',(#2325),#2350,.F.);
#2325 = FACE_BOUND('',#2326,.F.);
#2326 = EDGE_LOOP('',(#2327,#2328,#2336,#2344));
#2327 = ORIENTED_EDGE('',*,*,#2275,.T.);
#2328 = ORIENTED_EDGE('',*,*,#2329,.T.);
#2329 = EDGE_CURVE('',#2268,#2330,#2332,.T.);
#2330 = VERTEX_POINT('',#2331);
#2331 = CARTESIAN_POINT('',(403.90565479481,190.9,3.78));
#2332 = LINE('',#2333,#2334);
#2333 = CARTESIAN_POINT('',(186.83723176515,-0.589974267897,3.78));
#2334 = VECTOR('',#2335,1.);
#2335 = DIRECTION('',(0.749908099631,0.661542018399,0.));
#2336 = ORIENTED_EDGE('',*,*,#2337,.F.);
#2337 = EDGE_CURVE('',#2338,#2330,#2340,.T.);
#2338 = VERTEX_POINT('',#2339);
#2339 = CARTESIAN_POINT('',(403.90565479481,190.9,-3.78));
#2340 = LINE('',#2341,#2342);
#2341 = CARTESIAN_POINT('',(403.90565479481,190.9,-3.78));
#2342 = VECTOR('',#2343,1.);
#2343 = DIRECTION('',(0.,0.,1.));
#2344 = ORIENTED_EDGE('',*,*,#2345,.F.);
#2345 = EDGE_CURVE('',#2276,#2338,#2346,.T.);
#2346 = LINE('',#2347,#2348);
#2347 = CARTESIAN_POINT('',(186.83723176515,-0.589974267897,-3.78));
#2348 = VECTOR('',#2349,1.);
#2349 = DIRECTION('',(0.749908099631,0.661542018399,0.));
#2350 = PLANE('',#2351);
#2351 = AXIS2_PLACEMENT_3D('',#2352,#2353,#2354);
#2352 = CARTESIAN_POINT('',(186.75785228172,-0.66,-3.78));
#2353 = DIRECTION('',(-0.661542018399,0.749908099631,0.));
#2354 = DIRECTION('',(0.749908099631,0.661542018399,0.));
#2355 = ADVANCED_FACE('',(#2356),#2367,.F.);
#2356 = FACE_BOUND('',#2357,.T.);
#2357 = EDGE_LOOP('',(#2358,#2359,#2360,#2366));
#2358 = ORIENTED_EDGE('',*,*,#2283,.F.);
#2359 = ORIENTED_EDGE('',*,*,#2314,.F.);
#2360 = ORIENTED_EDGE('',*,*,#2361,.F.);
#2361 = EDGE_CURVE('',#2338,#2298,#2362,.T.);
#2362 = LINE('',#2363,#2364);
#2363 = CARTESIAN_POINT('',(403.165,190.9,-3.78));
#2364 = VECTOR('',#2365,1.);
#2365 = DIRECTION('',(-1.,0.,0.));
#2366 = ORIENTED_EDGE('',*,*,#2345,.F.);
#2367 = PLANE('',#2368);
#2368 = AXIS2_PLACEMENT_3D('',#2369,#2370,#2371);
#2369 = CARTESIAN_POINT('',(199.81630302248,97.716965346941,-3.78));
#2370 = DIRECTION('',(0.,0.,1.));
#2371 = DIRECTION('',(1.,0.,-0.));
#2372 = ADVANCED_FACE('',(#2373),#2384,.T.);
#2373 = FACE_BOUND('',#2374,.F.);
#2374 = EDGE_LOOP('',(#2375,#2376,#2377,#2383));
#2375 = ORIENTED_EDGE('',*,*,#2267,.F.);
#2376 = ORIENTED_EDGE('',*,*,#2307,.F.);
#2377 = ORIENTED_EDGE('',*,*,#2378,.F.);
#2378 = EDGE_CURVE('',#2330,#2300,#2379,.T.);
#2379 = LINE('',#2380,#2381);
#2380 = CARTESIAN_POINT('',(403.165,190.9,3.78));
#2381 = VECTOR('',#2382,1.);
#2382 = DIRECTION('',(-1.,0.,0.));
#2383 = ORIENTED_EDGE('',*,*,#2329,.F.);
#2384 = PLANE('',#2385);
#2385 = AXIS2_PLACEMENT_3D('',#2386,#2387,#2388);
#2386 = CARTESIAN_POINT('',(199.81630302248,97.716965346941,3.78));
#2387 = DIRECTION('',(0.,0.,1.));
#2388 = DIRECTION('',(1.,0.,-0.));
#2389 = ADVANCED_FACE('',(#2390,#2396),#2430,.F.);
#2390 = FACE_BOUND('',#2391,.F.);
#2391 = EDGE_LOOP('',(#2392,#2393,#2394,#2395));
#2392 = ORIENTED_EDGE('',*,*,#2337,.T.);
#2393 = ORIENTED_EDGE('',*,*,#2378,.T.);
#2394 = ORIENTED_EDGE('',*,*,#2297,.F.);
#2395 = ORIENTED_EDGE('',*,*,#2361,.F.);
#2396 = FACE_BOUND('',#2397,.F.);
#2397 = EDGE_LOOP('',(#2398,#2408,#2416,#2424));
#2398 = ORIENTED_EDGE('',*,*,#2399,.T.);
#2399 = EDGE_CURVE('',#2400,#2402,#2404,.T.);
#2400 = VERTEX_POINT('',#2401);
#2401 = CARTESIAN_POINT('',(268.011,190.9,-3.));
#2402 = VERTEX_POINT('',#2403);
#2403 = CARTESIAN_POINT('',(250.011,190.9,-3.));
#2404 = LINE('',#2405,#2406);
#2405 = CARTESIAN_POINT('',(326.9583273974,190.9,-3.));
#2406 = VECTOR('',#2407,1.);
#2407 = DIRECTION('',(-1.,0.,0.));
#2408 = ORIENTED_EDGE('',*,*,#2409,.T.);
#2409 = EDGE_CURVE('',#2402,#2410,#2412,.T.);
#2410 = VERTEX_POINT('',#2411);
#2411 = CARTESIAN_POINT('',(250.011,190.9,3.));
#2412 = LINE('',#2413,#2414);
#2413 = CARTESIAN_POINT('',(250.011,190.9,-3.39));
#2414 = VECTOR('',#2415,1.);
#2415 = DIRECTION('',(0.,0.,1.));
#2416 = ORIENTED_EDGE('',*,*,#2417,.F.);
#2417 = EDGE_CURVE('',#2418,#2410,#2420,.T.);
#2418 = VERTEX_POINT('',#2419);
#2419 = CARTESIAN_POINT('',(268.011,190.9,3.));
#2420 = LINE('',#2421,#2422);
#2421 = CARTESIAN_POINT('',(326.9583273974,190.9,3.));
#2422 = VECTOR('',#2423,1.);
#2423 = DIRECTION('',(-1.,0.,0.));
#2424 = ORIENTED_EDGE('',*,*,#2425,.F.);
#2425 = EDGE_CURVE('',#2400,#2418,#2426,.T.);
#2426 = LINE('',#2427,#2428);
#2427 = CARTESIAN_POINT('',(268.011,190.9,-3.39));
#2428 = VECTOR('',#2429,1.);
#2429 = DIRECTION('',(0.,0.,1.));
#2430 = PLANE('',#2431);
#2431 = AXIS2_PLACEMENT_3D('',#2432,#2433,#2434);
#2432 = CARTESIAN_POINT('',(403.90565479481,190.9,-3.78));
#2433 = DIRECTION('',(0.,-1.,0.));
#2434 = DIRECTION('',(-1.,0.,0.));
#2435 = ADVANCED_FACE('',(#2436),#2461,.T.);
#2436 = FACE_BOUND('',#2437,.T.);
#2437 = EDGE_LOOP('',(#2438,#2446,#2454,#2460));
#2438 = ORIENTED_EDGE('',*,*,#2439,.F.);
#2439 = EDGE_CURVE('',#2440,#2402,#2442,.T.);
#2440 = VERTEX_POINT('',#2441);
#2441 = CARTESIAN_POINT('',(250.011,190.8,-3.));
#2442 = LINE('',#2443,#2444);
#2443 = CARTESIAN_POINT('',(250.011,190.12,-3.));
#2444 = VECTOR('',#2445,1.);
#2445 = DIRECTION('',(-0.,1.,0.));
#2446 = ORIENTED_EDGE('',*,*,#2447,.F.);
#2447 = EDGE_CURVE('',#2448,#2440,#2450,.T.);
#2448 = VERTEX_POINT('',#2449);
#2449 = CARTESIAN_POINT('',(268.011,190.8,-3.));
#2450 = LINE('',#2451,#2452);
#2451 = CARTESIAN_POINT('',(326.82606761261,190.8,-3.));
#2452 = VECTOR('',#2453,1.);
#2453 = DIRECTION('',(-1.,0.,0.));
#2454 = ORIENTED_EDGE('',*,*,#2455,.T.);
#2455 = EDGE_CURVE('',#2448,#2400,#2456,.T.);
#2456 = LINE('',#2457,#2458);
#2457 = CARTESIAN_POINT('',(268.011,190.12,-3.));
#2458 = VECTOR('',#2459,1.);
#2459 = DIRECTION('',(-0.,1.,0.));
#2460 = ORIENTED_EDGE('',*,*,#2399,.T.);
#2461 = PLANE('',#2462);
#2462 = AXIS2_PLACEMENT_3D('',#2463,#2464,#2465);
#2463 = CARTESIAN_POINT('',(250.011,190.12,-3.));
#2464 = DIRECTION('',(0.,0.,1.));
#2465 = DIRECTION('',(1.,0.,-0.));
#2466 = ADVANCED_FACE('',(#2467),#2485,.F.);
#2467 = FACE_BOUND('',#2468,.F.);
#2468 = EDGE_LOOP('',(#2469,#2477,#2483,#2484));
#2469 = ORIENTED_EDGE('',*,*,#2470,.F.);
#2470 = EDGE_CURVE('',#2471,#2418,#2473,.T.);
#2471 = VERTEX_POINT('',#2472);
#2472 = CARTESIAN_POINT('',(268.011,190.8,3.));
#2473 = LINE('',#2474,#2475);
#2474 = CARTESIAN_POINT('',(268.011,190.12,3.));
#2475 = VECTOR('',#2476,1.);
#2476 = DIRECTION('',(-0.,1.,0.));
#2477 = ORIENTED_EDGE('',*,*,#2478,.F.);
#2478 = EDGE_CURVE('',#2448,#2471,#2479,.T.);
#2479 = LINE('',#2480,#2481);
#2480 = CARTESIAN_POINT('',(268.011,190.8,-3.34));
#2481 = VECTOR('',#2482,1.);
#2482 = DIRECTION('',(0.,0.,1.));
#2483 = ORIENTED_EDGE('',*,*,#2455,.T.);
#2484 = ORIENTED_EDGE('',*,*,#2425,.T.);
#2485 = PLANE('',#2486);
#2486 = AXIS2_PLACEMENT_3D('',#2487,#2488,#2489);
#2487 = CARTESIAN_POINT('',(268.011,190.12,-3.));
#2488 = DIRECTION('',(1.,0.,-0.));
#2489 = DIRECTION('',(0.,0.,1.));
#2490 = ADVANCED_FACE('',(#2491),#2509,.F.);
#2491 = FACE_BOUND('',#2492,.F.);
#2492 = EDGE_LOOP('',(#2493,#2501,#2507,#2508));
#2493 = ORIENTED_EDGE('',*,*,#2494,.F.);
#2494 = EDGE_CURVE('',#2495,#2410,#2497,.T.);
#2495 = VERTEX_POINT('',#2496);
#2496 = CARTESIAN_POINT('',(250.011,190.8,3.));
#2497 = LINE('',#2498,#2499);
#2498 = CARTESIAN_POINT('',(250.011,190.12,3.));
#2499 = VECTOR('',#2500,1.);
#2500 = DIRECTION('',(-0.,1.,0.));
#2501 = ORIENTED_EDGE('',*,*,#2502,.F.);
#2502 = EDGE_CURVE('',#2471,#2495,#2503,.T.);
#2503 = LINE('',#2504,#2505);
#2504 = CARTESIAN_POINT('',(326.82606761261,190.8,3.));
#2505 = VECTOR('',#2506,1.);
#2506 = DIRECTION('',(-1.,0.,0.));
#2507 = ORIENTED_EDGE('',*,*,#2470,.T.);
#2508 = ORIENTED_EDGE('',*,*,#2417,.T.);
#2509 = PLANE('',#2510);
#2510 = AXIS2_PLACEMENT_3D('',#2511,#2512,#2513);
#2511 = CARTESIAN_POINT('',(250.011,190.12,3.));
#2512 = DIRECTION('',(0.,0.,1.));
#2513 = DIRECTION('',(1.,0.,-0.));
#2514 = ADVANCED_FACE('',(#2515),#2526,.T.);
#2515 = FACE_BOUND('',#2516,.T.);
#2516 = EDGE_LOOP('',(#2517,#2518,#2524,#2525));
#2517 = ORIENTED_EDGE('',*,*,#2494,.F.);
#2518 = ORIENTED_EDGE('',*,*,#2519,.F.);
#2519 = EDGE_CURVE('',#2440,#2495,#2520,.T.);
#2520 = LINE('',#2521,#2522);
#2521 = CARTESIAN_POINT('',(250.011,190.8,-3.34));
#2522 = VECTOR('',#2523,1.);
#2523 = DIRECTION('',(0.,0.,1.));
#2524 = ORIENTED_EDGE('',*,*,#2439,.T.);
#2525 = ORIENTED_EDGE('',*,*,#2409,.T.);
#2526 = PLANE('',#2527);
#2527 = AXIS2_PLACEMENT_3D('',#2528,#2529,#2530);
#2528 = CARTESIAN_POINT('',(250.011,190.12,-3.));
#2529 = DIRECTION('',(1.,0.,-0.));
#2530 = DIRECTION('',(0.,0.,1.));
#2531 = ADVANCED_FACE('',(#2532,#2566),#2572,.T.);
#2532 = FACE_BOUND('',#2533,.T.);
#2533 = EDGE_LOOP('',(#2534,#2544,#2552,#2560));
#2534 = ORIENTED_EDGE('',*,*,#2535,.T.);
#2535 = EDGE_CURVE('',#2536,#2538,#2540,.T.);
#2536 = VERTEX_POINT('',#2537);
#2537 = CARTESIAN_POINT('',(403.64113522523,190.8,-3.68));
#2538 = VERTEX_POINT('',#2539);
#2539 = CARTESIAN_POINT('',(403.64113522523,190.8,3.68));
#2540 = LINE('',#2541,#2542);
#2541 = CARTESIAN_POINT('',(403.64113522523,190.8,-3.68));
#2542 = VECTOR('',#2543,1.);
#2543 = DIRECTION('',(0.,0.,1.));
#2544 = ORIENTED_EDGE('',*,*,#2545,.T.);
#2545 = EDGE_CURVE('',#2538,#2546,#2548,.T.);
#2546 = VERTEX_POINT('',#2547);
#2547 = CARTESIAN_POINT('',(190.39229418929,190.8,3.68));
#2548 = LINE('',#2549,#2550);
#2549 = CARTESIAN_POINT('',(403.165,190.8,3.68));
#2550 = VECTOR('',#2551,1.);
#2551 = DIRECTION('',(-1.,0.,0.));
#2552 = ORIENTED_EDGE('',*,*,#2553,.F.);
#2553 = EDGE_CURVE('',#2554,#2546,#2556,.T.);
#2554 = VERTEX_POINT('',#2555);
#2555 = CARTESIAN_POINT('',(190.39229418929,190.8,-3.68));
#2556 = LINE('',#2557,#2558);
#2557 = CARTESIAN_POINT('',(190.39229418929,190.8,-3.68));
#2558 = VECTOR('',#2559,1.);
#2559 = DIRECTION('',(0.,0.,1.));
#2560 = ORIENTED_EDGE('',*,*,#2561,.F.);
#2561 = EDGE_CURVE('',#2536,#2554,#2562,.T.);
#2562 = LINE('',#2563,#2564);
#2563 = CARTESIAN_POINT('',(403.165,190.8,-3.68));
#2564 = VECTOR('',#2565,1.);
#2565 = DIRECTION('',(-1.,0.,0.));
#2566 = FACE_BOUND('',#2567,.T.);
#2567 = EDGE_LOOP('',(#2568,#2569,#2570,#2571));
#2568 = ORIENTED_EDGE('',*,*,#2447,.T.);
#2569 = ORIENTED_EDGE('',*,*,#2519,.T.);
#2570 = ORIENTED_EDGE('',*,*,#2502,.F.);
#2571 = ORIENTED_EDGE('',*,*,#2478,.F.);
#2572 = PLANE('',#2573);
#2573 = AXIS2_PLACEMENT_3D('',#2574,#2575,#2576);
#2574 = CARTESIAN_POINT('',(403.64113522523,190.8,-3.68));
#2575 = DIRECTION('',(0.,-1.,0.));
#2576 = DIRECTION('',(-1.,0.,0.));
#2577 = ADVANCED_FACE('',(#2578),#2603,.T.);
#2578 = FACE_BOUND('',#2579,.T.);
#2579 = EDGE_LOOP('',(#2580,#2590,#2596,#2597));
#2580 = ORIENTED_EDGE('',*,*,#2581,.T.);
#2581 = EDGE_CURVE('',#2582,#2584,#2586,.T.);
#2582 = VERTEX_POINT('',#2583);
#2583 = CARTESIAN_POINT('',(186.72004789539,-0.56,-3.68));
#2584 = VERTEX_POINT('',#2585);
#2585 = CARTESIAN_POINT('',(186.72004789539,-0.56,3.68));
#2586 = LINE('',#2587,#2588);
#2587 = CARTESIAN_POINT('',(186.72004789539,-0.56,-3.68));
#2588 = VECTOR('',#2589,1.);
#2589 = DIRECTION('',(0.,0.,1.));
#2590 = ORIENTED_EDGE('',*,*,#2591,.T.);
#2591 = EDGE_CURVE('',#2584,#2538,#2592,.T.);
#2592 = LINE('',#2593,#2594);
#2593 = CARTESIAN_POINT('',(186.77107756331,-0.514983457934,3.68));
#2594 = VECTOR('',#2595,1.);
#2595 = DIRECTION('',(0.749908099631,0.661542018399,0.));
#2596 = ORIENTED_EDGE('',*,*,#2535,.F.);
#2597 = ORIENTED_EDGE('',*,*,#2598,.F.);
#2598 = EDGE_CURVE('',#2582,#2536,#2599,.T.);
#2599 = LINE('',#2600,#2601);
#2600 = CARTESIAN_POINT('',(186.77107756331,-0.514983457934,-3.68));
#2601 = VECTOR('',#2602,1.);
#2602 = DIRECTION('',(0.749908099631,0.661542018399,0.));
#2603 = PLANE('',#2604);
#2604 = AXIS2_PLACEMENT_3D('',#2605,#2606,#2607);
#2605 = CARTESIAN_POINT('',(186.72004789539,-0.56,-3.68));
#2606 = DIRECTION('',(-0.661542018399,0.749908099631,0.));
#2607 = DIRECTION('',(0.749908099631,0.661542018399,0.));
#2608 = ADVANCED_FACE('',(#2609),#2627,.T.);
#2609 = FACE_BOUND('',#2610,.F.);
#2610 = EDGE_LOOP('',(#2611,#2619,#2625,#2626));
#2611 = ORIENTED_EDGE('',*,*,#2612,.F.);
#2612 = EDGE_CURVE('',#2613,#2582,#2615,.T.);
#2613 = VERTEX_POINT('',#2614);
#2614 = CARTESIAN_POINT('',(-0.433701203371,-0.56,-3.68));
#2615 = LINE('',#2616,#2617);
#2616 = CARTESIAN_POINT('',(0.,-0.56,-3.68));
#2617 = VECTOR('',#2618,1.);
#2618 = DIRECTION('',(1.,0.,0.));
#2619 = ORIENTED_EDGE('',*,*,#2620,.F.);
#2620 = EDGE_CURVE('',#2554,#2613,#2621,.T.);
#2621 = LINE('',#2622,#2623);
#2622 = CARTESIAN_POINT('',(190.3395430645,190.74710125724,-3.68));
#2623 = VECTOR('',#2624,1.);
#2624 = DIRECTION('',(-0.706118095803,-0.708094086107,0.));
#2625 = ORIENTED_EDGE('',*,*,#2561,.F.);
#2626 = ORIENTED_EDGE('',*,*,#2598,.F.);
#2627 = PLANE('',#2628);
#2628 = AXIS2_PLACEMENT_3D('',#2629,#2630,#2631);
#2629 = CARTESIAN_POINT('',(199.81630302248,97.716965346941,-3.68));
#2630 = DIRECTION('',(0.,0.,1.));
#2631 = DIRECTION('',(1.,0.,-0.));
#2632 = ADVANCED_FACE('',(#2633),#2651,.F.);
#2633 = FACE_BOUND('',#2634,.T.);
#2634 = EDGE_LOOP('',(#2635,#2643,#2649,#2650));
#2635 = ORIENTED_EDGE('',*,*,#2636,.F.);
#2636 = EDGE_CURVE('',#2637,#2584,#2639,.T.);
#2637 = VERTEX_POINT('',#2638);
#2638 = CARTESIAN_POINT('',(-0.433701203371,-0.56,3.68));
#2639 = LINE('',#2640,#2641);
#2640 = CARTESIAN_POINT('',(0.,-0.56,3.68));
#2641 = VECTOR('',#2642,1.);
#2642 = DIRECTION('',(1.,0.,0.));
#2643 = ORIENTED_EDGE('',*,*,#2644,.F.);
#2644 = EDGE_CURVE('',#2546,#2637,#2645,.T.);
#2645 = LINE('',#2646,#2647);
#2646 = CARTESIAN_POINT('',(190.3395430645,190.74710125724,3.68));
#2647 = VECTOR('',#2648,1.);
#2648 = DIRECTION('',(-0.706118095803,-0.708094086107,0.));
#2649 = ORIENTED_EDGE('',*,*,#2545,.F.);
#2650 = ORIENTED_EDGE('',*,*,#2591,.F.);
#2651 = PLANE('',#2652);
#2652 = AXIS2_PLACEMENT_3D('',#2653,#2654,#2655);
#2653 = CARTESIAN_POINT('',(199.81630302248,97.716965346941,3.68));
#2654 = DIRECTION('',(0.,0.,1.));
#2655 = DIRECTION('',(1.,0.,-0.));
#2656 = ADVANCED_FACE('',(#2657),#2668,.T.);
#2657 = FACE_BOUND('',#2658,.T.);
#2658 = EDGE_LOOP('',(#2659,#2660,#2661,#2667));
#2659 = ORIENTED_EDGE('',*,*,#2553,.T.);
#2660 = ORIENTED_EDGE('',*,*,#2644,.T.);
#2661 = ORIENTED_EDGE('',*,*,#2662,.F.);
#2662 = EDGE_CURVE('',#2613,#2637,#2663,.T.);
#2663 = LINE('',#2664,#2665);
#2664 = CARTESIAN_POINT('',(-0.433701203371,-0.56,-3.68));
#2665 = VECTOR('',#2666,1.);
#2666 = DIRECTION('',(0.,0.,1.));
#2667 = ORIENTED_EDGE('',*,*,#2620,.F.);
#2668 = PLANE('',#2669);
#2669 = AXIS2_PLACEMENT_3D('',#2670,#2671,#2672);
#2670 = CARTESIAN_POINT('',(190.39229418929,190.8,-3.68));
#2671 = DIRECTION('',(0.708094086107,-0.706118095803,0.));
#2672 = DIRECTION('',(-0.706118095803,-0.708094086107,0.));
#2673 = ADVANCED_FACE('',(#2674),#2680,.T.);
#2674 = FACE_BOUND('',#2675,.T.);
#2675 = EDGE_LOOP('',(#2676,#2677,#2678,#2679));
#2676 = ORIENTED_EDGE('',*,*,#2662,.T.);
#2677 = ORIENTED_EDGE('',*,*,#2636,.T.);
#2678 = ORIENTED_EDGE('',*,*,#2581,.F.);
#2679 = ORIENTED_EDGE('',*,*,#2612,.F.);
#2680 = PLANE('',#2681);
#2681 = AXIS2_PLACEMENT_3D('',#2682,#2683,#2684);
#2682 = CARTESIAN_POINT('',(-0.433701203371,-0.56,-3.68));
#2683 = DIRECTION('',(0.,1.,0.));
#2684 = DIRECTION('',(1.,0.,0.));
#2685 = ( GEOMETRIC_REPRESENTATION_CONTEXT(3) 
GLOBAL_UNCERTAINTY_ASSIGNED_CONTEXT((#2689)) 
GLOBAL_UNIT_ASSIGNED_CONTEXT((#2686,#2687,#2688)) REPRESENTATION_CONTEXT
('Context #1','3D Context with UNIT and UNCERTAINTY') );
#2686 = ( LENGTH_UNIT() NAMED_UNIT(*) SI_UNIT(.MILLI.,.METRE.) );
#2687 = ( NAMED_UNIT(*) PLANE_ANGLE_UNIT() SI_UNIT($,.RADIAN.) );
#2688 = ( NAMED_UNIT(*) SI_UNIT($,.STERADIAN.) SOLID_ANGLE_UNIT() );
#2689 = UNCERTAINTY_MEASURE_WITH_UNIT(LENGTH_MEASURE(1.E-07),#2686,
  'distance_accuracy_value','confusion accuracy');
#2690 = CONTEXT_DEPENDENT_SHAPE_REPRESENTATION(#2691,#2693);
#2691 = ( REPRESENTATION_RELATIONSHIP('','',#2250,#10) 
REPRESENTATION_RELATIONSHIP_WITH_TRANSFORMATION(#2692) 
SHAPE_REPRESENTATION_RELATIONSHIP() );
#2692 = ITEM_DEFINED_TRANSFORMATION('','',#11,#35);
#2693 = PRODUCT_DEFINITION_SHAPE('Placement','Placement of an item',
  #2694);
#2694 = NEXT_ASSEMBLY_USAGE_OCCURRENCE('6','Tile0_WrapVinyl','',#5,#2245
  ,$);
#2695 = PRODUCT_RELATED_PRODUCT_CATEGORY('part',$,(#2247));
#2696 = SHAPE_DEFINITION_REPRESENTATION(#2697,#2703);
#2697 = PRODUCT_DEFINITION_SHAPE('','',#2698);
#2698 = PRODUCT_DEFINITION('design','',#2699,#2702);
#2699 = PRODUCT_DEFINITION_FORMATION('','',#2700);
#2700 = PRODUCT('Tile0_Coupler','Tile0_Coupler','',(#2701));
#2701 = PRODUCT_CONTEXT('',#2,'mechanical');
#2702 = PRODUCT_DEFINITION_CONTEXT('part definition',#2,'design');
#2703 = ADVANCED_BREP_SHAPE_REPRESENTATION('',(#11,#2704),#3138);
#2704 = MANIFOLD_SOLID_BREP('',#2705);
#2705 = CLOSED_SHELL('',(#2706,#2746,#2811,#2835,#2859,#2876,#2888,#2919
    ,#2943,#2967,#2984,#3030,#3061,#3085,#3109,#3126));
#2706 = ADVANCED_FACE('',(#2707),#2741,.F.);
#2707 = FACE_BOUND('',#2708,.F.);
#2708 = EDGE_LOOP('',(#2709,#2719,#2727,#2735));
#2709 = ORIENTED_EDGE('',*,*,#2710,.F.);
#2710 = EDGE_CURVE('',#2711,#2713,#2715,.T.);
#2711 = VERTEX_POINT('',#2712);
#2712 = CARTESIAN_POINT('',(251.011,190.62,-4.));
#2713 = VERTEX_POINT('',#2714);
#2714 = CARTESIAN_POINT('',(251.011,190.62,4.));
#2715 = LINE('',#2716,#2717);
#2716 = CARTESIAN_POINT('',(251.011,190.62,-4.));
#2717 = VECTOR('',#2718,1.);
#2718 = DIRECTION('',(0.,0.,1.));
#2719 = ORIENTED_EDGE('',*,*,#2720,.T.);
#2720 = EDGE_CURVE('',#2711,#2721,#2723,.T.);
#2721 = VERTEX_POINT('',#2722);
#2722 = CARTESIAN_POINT('',(251.011,196.62,-4.));
#2723 = LINE('',#2724,#2725);
#2724 = CARTESIAN_POINT('',(251.011,190.62,-4.));
#2725 = VECTOR('',#2726,1.);
#2726 = DIRECTION('',(-0.,1.,0.));
#2727 = ORIENTED_EDGE('',*,*,#2728,.T.);
#2728 = EDGE_CURVE('',#2721,#2729,#2731,.T.);
#2729 = VERTEX_POINT('',#2730);
#2730 = CARTESIAN_POINT('',(251.011,196.62,4.));
#2731 = LINE('',#2732,#2733);
#2732 = CARTESIAN_POINT('',(251.011,196.62,-4.));
#2733 = VECTOR('',#2734,1.);
#2734 = DIRECTION('',(0.,0.,1.));
#2735 = ORIENTED_EDGE('',*,*,#2736,.F.);
#2736 = EDGE_CURVE('',#2713,#2729,#2737,.T.);
#2737 = LINE('',#2738,#2739);
#2738 = CARTESIAN_POINT('',(251.011,190.62,4.));
#2739 = VECTOR('',#2740,1.);
#2740 = DIRECTION('',(-0.,1.,0.));
#2741 = PLANE('',#2742);
#2742 = AXIS2_PLACEMENT_3D('',#2743,#2744,#2745);
#2743 = CARTESIAN_POINT('',(251.011,190.62,-4.));
#2744 = DIRECTION('',(1.,0.,-0.));
#2745 = DIRECTION('',(0.,0.,1.));
#2746 = ADVANCED_FACE('',(#2747,#2772),#2806,.F.);
#2747 = FACE_BOUND('',#2748,.F.);
#2748 = EDGE_LOOP('',(#2749,#2757,#2758,#2766));
#2749 = ORIENTED_EDGE('',*,*,#2750,.F.);
#2750 = EDGE_CURVE('',#2711,#2751,#2753,.T.);
#2751 = VERTEX_POINT('',#2752);
#2752 = CARTESIAN_POINT('',(267.011,190.62,-4.));
#2753 = LINE('',#2754,#2755);
#2754 = CARTESIAN_POINT('',(251.011,190.62,-4.));
#2755 = VECTOR('',#2756,1.);
#2756 = DIRECTION('',(1.,0.,-0.));
#2757 = ORIENTED_EDGE('',*,*,#2710,.T.);
#2758 = ORIENTED_EDGE('',*,*,#2759,.T.);
#2759 = EDGE_CURVE('',#2713,#2760,#2762,.T.);
#2760 = VERTEX_POINT('',#2761);
#2761 = CARTESIAN_POINT('',(267.011,190.62,4.));
#2762 = LINE('',#2763,#2764);
#2763 = CARTESIAN_POINT('',(251.011,190.62,4.));
#2764 = VECTOR('',#2765,1.);
#2765 = DIRECTION('',(1.,0.,-0.));
#2766 = ORIENTED_EDGE('',*,*,#2767,.F.);
#2767 = EDGE_CURVE('',#2751,#2760,#2768,.T.);
#2768 = LINE('',#2769,#2770);
#2769 = CARTESIAN_POINT('',(267.011,190.62,-4.));
#2770 = VECTOR('',#2771,1.);
#2771 = DIRECTION('',(0.,0.,1.));
#2772 = FACE_BOUND('',#2773,.F.);
#2773 = EDGE_LOOP('',(#2774,#2784,#2792,#2800));
#2774 = ORIENTED_EDGE('',*,*,#2775,.F.);
#2775 = EDGE_CURVE('',#2776,#2778,#2780,.T.);
#2776 = VERTEX_POINT('',#2777);
#2777 = CARTESIAN_POINT('',(256.511,190.62,2.5));
#2778 = VERTEX_POINT('',#2779);
#2779 = CARTESIAN_POINT('',(261.511,190.62,2.5));
#2780 = LINE('',#2781,#2782);
#2781 = CARTESIAN_POINT('',(253.761,190.62,2.5));
#2782 = VECTOR('',#2783,1.);
#2783 = DIRECTION('',(1.,0.,-0.));
#2784 = ORIENTED_EDGE('',*,*,#2785,.T.);
#2785 = EDGE_CURVE('',#2776,#2786,#2788,.T.);
#2786 = VERTEX_POINT('',#2787);
#2787 = CARTESIAN_POINT('',(256.511,190.62,-2.5));
#2788 = LINE('',#2789,#2790);
#2789 = CARTESIAN_POINT('',(256.511,190.62,-3.25));
#2790 = VECTOR('',#2791,1.);
#2791 = DIRECTION('',(-0.,0.,-1.));
#2792 = ORIENTED_EDGE('',*,*,#2793,.T.);
#2793 = EDGE_CURVE('',#2786,#2794,#2796,.T.);
#2794 = VERTEX_POINT('',#2795);
#2795 = CARTESIAN_POINT('',(261.511,190.62,-2.5));
#2796 = LINE('',#2797,#2798);
#2797 = CARTESIAN_POINT('',(253.761,190.62,-2.5));
#2798 = VECTOR('',#2799,1.);
#2799 = DIRECTION('',(1.,0.,-0.));
#2800 = ORIENTED_EDGE('',*,*,#2801,.F.);
#2801 = EDGE_CURVE('',#2778,#2794,#2802,.T.);
#2802 = LINE('',#2803,#2804);
#2803 = CARTESIAN_POINT('',(261.511,190.62,-3.25));
#2804 = VECTOR('',#2805,1.);
#2805 = DIRECTION('',(-0.,0.,-1.));
#2806 = PLANE('',#2807);
#2807 = AXIS2_PLACEMENT_3D('',#2808,#2809,#2810);
#2808 = CARTESIAN_POINT('',(251.011,190.62,-4.));
#2809 = DIRECTION('',(-0.,1.,0.));
#2810 = DIRECTION('',(0.,0.,1.));
#2811 = ADVANCED_FACE('',(#2812),#2830,.T.);
#2812 = FACE_BOUND('',#2813,.T.);
#2813 = EDGE_LOOP('',(#2814,#2815,#2816,#2824));
#2814 = ORIENTED_EDGE('',*,*,#2736,.F.);
#2815 = ORIENTED_EDGE('',*,*,#2759,.T.);
#2816 = ORIENTED_EDGE('',*,*,#2817,.T.);
#2817 = EDGE_CURVE('',#2760,#2818,#2820,.T.);
#2818 = VERTEX_POINT('',#2819);
#2819 = CARTESIAN_POINT('',(267.011,196.62,4.));
#2820 = LINE('',#2821,#2822);
#2821 = CARTESIAN_POINT('',(267.011,190.62,4.));
#2822 = VECTOR('',#2823,1.);
#2823 = DIRECTION('',(-0.,1.,0.));
#2824 = ORIENTED_EDGE('',*,*,#2825,.F.);
#2825 = EDGE_CURVE('',#2729,#2818,#2826,.T.);
#2826 = LINE('',#2827,#2828);
#2827 = CARTESIAN_POINT('',(251.011,196.62,4.));
#2828 = VECTOR('',#2829,1.);
#2829 = DIRECTION('',(1.,0.,-0.));
#2830 = PLANE('',#2831);
#2831 = AXIS2_PLACEMENT_3D('',#2832,#2833,#2834);
#2832 = CARTESIAN_POINT('',(251.011,190.62,4.));
#2833 = DIRECTION('',(0.,0.,1.));
#2834 = DIRECTION('',(1.,0.,-0.));
#2835 = ADVANCED_FACE('',(#2836),#2854,.T.);
#2836 = FACE_BOUND('',#2837,.T.);
#2837 = EDGE_LOOP('',(#2838,#2846,#2847,#2848));
#2838 = ORIENTED_EDGE('',*,*,#2839,.F.);
#2839 = EDGE_CURVE('',#2721,#2840,#2842,.T.);
#2840 = VERTEX_POINT('',#2841);
#2841 = CARTESIAN_POINT('',(267.011,196.62,-4.));
#2842 = LINE('',#2843,#2844);
#2843 = CARTESIAN_POINT('',(251.011,196.62,-4.));
#2844 = VECTOR('',#2845,1.);
#2845 = DIRECTION('',(1.,0.,-0.));
#2846 = ORIENTED_EDGE('',*,*,#2728,.T.);
#2847 = ORIENTED_EDGE('',*,*,#2825,.T.);
#2848 = ORIENTED_EDGE('',*,*,#2849,.F.);
#2849 = EDGE_CURVE('',#2840,#2818,#2850,.T.);
#2850 = LINE('',#2851,#2852);
#2851 = CARTESIAN_POINT('',(267.011,196.62,-4.));
#2852 = VECTOR('',#2853,1.);
#2853 = DIRECTION('',(0.,0.,1.));
#2854 = PLANE('',#2855);
#2855 = AXIS2_PLACEMENT_3D('',#2856,#2857,#2858);
#2856 = CARTESIAN_POINT('',(251.011,196.62,-4.));
#2857 = DIRECTION('',(-0.,1.,0.));
#2858 = DIRECTION('',(0.,0.,1.));
#2859 = ADVANCED_FACE('',(#2860),#2871,.F.);
#2860 = FACE_BOUND('',#2861,.F.);
#2861 = EDGE_LOOP('',(#2862,#2863,#2864,#2870));
#2862 = ORIENTED_EDGE('',*,*,#2720,.F.);
#2863 = ORIENTED_EDGE('',*,*,#2750,.T.);
#2864 = ORIENTED_EDGE('',*,*,#2865,.T.);
#2865 = EDGE_CURVE('',#2751,#2840,#2866,.T.);
#2866 = LINE('',#2867,#2868);
#2867 = CARTESIAN_POINT('',(267.011,190.62,-4.));
#2868 = VECTOR('',#2869,1.);
#2869 = DIRECTION('',(-0.,1.,0.));
#2870 = ORIENTED_EDGE('',*,*,#2839,.F.);
#2871 = PLANE('',#2872);
#2872 = AXIS2_PLACEMENT_3D('',#2873,#2874,#2875);
#2873 = CARTESIAN_POINT('',(251.011,190.62,-4.));
#2874 = DIRECTION('',(0.,0.,1.));
#2875 = DIRECTION('',(1.,0.,-0.));
#2876 = ADVANCED_FACE('',(#2877),#2883,.T.);
#2877 = FACE_BOUND('',#2878,.T.);
#2878 = EDGE_LOOP('',(#2879,#2880,#2881,#2882));
#2879 = ORIENTED_EDGE('',*,*,#2767,.F.);
#2880 = ORIENTED_EDGE('',*,*,#2865,.T.);
#2881 = ORIENTED_EDGE('',*,*,#2849,.T.);
#2882 = ORIENTED_EDGE('',*,*,#2817,.F.);
#2883 = PLANE('',#2884);
#2884 = AXIS2_PLACEMENT_3D('',#2885,#2886,#2887);
#2885 = CARTESIAN_POINT('',(267.011,190.62,-4.));
#2886 = DIRECTION('',(1.,0.,-0.));
#2887 = DIRECTION('',(0.,0.,1.));
#2888 = ADVANCED_FACE('',(#2889),#2914,.F.);
#2889 = FACE_BOUND('',#2890,.F.);
#2890 = EDGE_LOOP('',(#2891,#2899,#2900,#2908));
#2891 = ORIENTED_EDGE('',*,*,#2892,.F.);
#2892 = EDGE_CURVE('',#2776,#2893,#2895,.T.);
#2893 = VERTEX_POINT('',#2894);
#2894 = CARTESIAN_POINT('',(256.511,191.37,2.5));
#2895 = LINE('',#2896,#2897);
#2896 = CARTESIAN_POINT('',(256.511,190.52,2.5));
#2897 = VECTOR('',#2898,1.);
#2898 = DIRECTION('',(-0.,1.,0.));
#2899 = ORIENTED_EDGE('',*,*,#2775,.T.);
#2900 = ORIENTED_EDGE('',*,*,#2901,.T.);
#2901 = EDGE_CURVE('',#2778,#2902,#2904,.T.);
#2902 = VERTEX_POINT('',#2903);
#2903 = CARTESIAN_POINT('',(261.511,191.37,2.5));
#2904 = LINE('',#2905,#2906);
#2905 = CARTESIAN_POINT('',(261.511,190.52,2.5));
#2906 = VECTOR('',#2907,1.);
#2907 = DIRECTION('',(-0.,1.,0.));
#2908 = ORIENTED_EDGE('',*,*,#2909,.F.);
#2909 = EDGE_CURVE('',#2893,#2902,#2910,.T.);
#2910 = LINE('',#2911,#2912);
#2911 = CARTESIAN_POINT('',(256.511,191.37,2.5));
#2912 = VECTOR('',#2913,1.);
#2913 = DIRECTION('',(1.,0.,-0.));
#2914 = PLANE('',#2915);
#2915 = AXIS2_PLACEMENT_3D('',#2916,#2917,#2918);
#2916 = CARTESIAN_POINT('',(256.511,190.52,2.5));
#2917 = DIRECTION('',(0.,0.,1.));
#2918 = DIRECTION('',(1.,0.,-0.));
#2919 = ADVANCED_FACE('',(#2920),#2938,.F.);
#2920 = FACE_BOUND('',#2921,.F.);
#2921 = EDGE_LOOP('',(#2922,#2923,#2924,#2932));
#2922 = ORIENTED_EDGE('',*,*,#2901,.F.);
#2923 = ORIENTED_EDGE('',*,*,#2801,.T.);
#2924 = ORIENTED_EDGE('',*,*,#2925,.T.);
#2925 = EDGE_CURVE('',#2794,#2926,#2928,.T.);
#2926 = VERTEX_POINT('',#2927);
#2927 = CARTESIAN_POINT('',(261.511,191.37,-2.5));
#2928 = LINE('',#2929,#2930);
#2929 = CARTESIAN_POINT('',(261.511,190.52,-2.5));
#2930 = VECTOR('',#2931,1.);
#2931 = DIRECTION('',(-0.,1.,0.));
#2932 = ORIENTED_EDGE('',*,*,#2933,.T.);
#2933 = EDGE_CURVE('',#2926,#2902,#2934,.T.);
#2934 = LINE('',#2935,#2936);
#2935 = CARTESIAN_POINT('',(261.511,191.37,-2.5));
#2936 = VECTOR('',#2937,1.);
#2937 = DIRECTION('',(0.,0.,1.));
#2938 = PLANE('',#2939);
#2939 = AXIS2_PLACEMENT_3D('',#2940,#2941,#2942);
#2940 = CARTESIAN_POINT('',(261.511,190.52,-2.5));
#2941 = DIRECTION('',(1.,0.,-0.));
#2942 = DIRECTION('',(0.,0.,1.));
#2943 = ADVANCED_FACE('',(#2944),#2962,.T.);
#2944 = FACE_BOUND('',#2945,.T.);
#2945 = EDGE_LOOP('',(#2946,#2954,#2955,#2956));
#2946 = ORIENTED_EDGE('',*,*,#2947,.F.);
#2947 = EDGE_CURVE('',#2786,#2948,#2950,.T.);
#2948 = VERTEX_POINT('',#2949);
#2949 = CARTESIAN_POINT('',(256.511,191.37,-2.5));
#2950 = LINE('',#2951,#2952);
#2951 = CARTESIAN_POINT('',(256.511,190.52,-2.5));
#2952 = VECTOR('',#2953,1.);
#2953 = DIRECTION('',(-0.,1.,0.));
#2954 = ORIENTED_EDGE('',*,*,#2793,.T.);
#2955 = ORIENTED_EDGE('',*,*,#2925,.T.);
#2956 = ORIENTED_EDGE('',*,*,#2957,.F.);
#2957 = EDGE_CURVE('',#2948,#2926,#2958,.T.);
#2958 = LINE('',#2959,#2960);
#2959 = CARTESIAN_POINT('',(256.511,191.37,-2.5));
#2960 = VECTOR('',#2961,1.);
#2961 = DIRECTION('',(1.,0.,-0.));
#2962 = PLANE('',#2963);
#2963 = AXIS2_PLACEMENT_3D('',#2964,#2965,#2966);
#2964 = CARTESIAN_POINT('',(256.511,190.52,-2.5));
#2965 = DIRECTION('',(0.,0.,1.));
#2966 = DIRECTION('',(1.,0.,-0.));
#2967 = ADVANCED_FACE('',(#2968),#2979,.T.);
#2968 = FACE_BOUND('',#2969,.T.);
#2969 = EDGE_LOOP('',(#2970,#2971,#2972,#2973));
#2970 = ORIENTED_EDGE('',*,*,#2892,.F.);
#2971 = ORIENTED_EDGE('',*,*,#2785,.T.);
#2972 = ORIENTED_EDGE('',*,*,#2947,.T.);
#2973 = ORIENTED_EDGE('',*,*,#2974,.T.);
#2974 = EDGE_CURVE('',#2948,#2893,#2975,.T.);
#2975 = LINE('',#2976,#2977);
#2976 = CARTESIAN_POINT('',(256.511,191.37,-2.5));
#2977 = VECTOR('',#2978,1.);
#2978 = DIRECTION('',(0.,0.,1.));
#2979 = PLANE('',#2980);
#2980 = AXIS2_PLACEMENT_3D('',#2981,#2982,#2983);
#2981 = CARTESIAN_POINT('',(256.511,190.52,-2.5));
#2982 = DIRECTION('',(1.,0.,-0.));
#2983 = DIRECTION('',(0.,0.,1.));
#2984 = ADVANCED_FACE('',(#2985,#2991),#3025,.F.);
#2985 = FACE_BOUND('',#2986,.F.);
#2986 = EDGE_LOOP('',(#2987,#2988,#2989,#2990));
#2987 = ORIENTED_EDGE('',*,*,#2957,.F.);
#2988 = ORIENTED_EDGE('',*,*,#2974,.T.);
#2989 = ORIENTED_EDGE('',*,*,#2909,.T.);
#2990 = ORIENTED_EDGE('',*,*,#2933,.F.);
#2991 = FACE_BOUND('',#2992,.F.);
#2992 = EDGE_LOOP('',(#2993,#3003,#3011,#3019));
#2993 = ORIENTED_EDGE('',*,*,#2994,.F.);
#2994 = EDGE_CURVE('',#2995,#2997,#2999,.T.);
#2995 = VERTEX_POINT('',#2996);
#2996 = CARTESIAN_POINT('',(257.111,191.37,1.9));
#2997 = VERTEX_POINT('',#2998);
#2998 = CARTESIAN_POINT('',(260.911,191.37,1.9));
#2999 = LINE('',#3000,#3001);
#3000 = CARTESIAN_POINT('',(256.811,191.37,1.9));
#3001 = VECTOR('',#3002,1.);
#3002 = DIRECTION('',(1.,0.,-0.));
#3003 = ORIENTED_EDGE('',*,*,#3004,.T.);
#3004 = EDGE_CURVE('',#2995,#3005,#3007,.T.);
#3005 = VERTEX_POINT('',#3006);
#3006 = CARTESIAN_POINT('',(257.111,191.37,-1.9));
#3007 = LINE('',#3008,#3009);
#3008 = CARTESIAN_POINT('',(257.111,191.37,-2.2));
#3009 = VECTOR('',#3010,1.);
#3010 = DIRECTION('',(-0.,0.,-1.));
#3011 = ORIENTED_EDGE('',*,*,#3012,.T.);
#3012 = EDGE_CURVE('',#3005,#3013,#3015,.T.);
#3013 = VERTEX_POINT('',#3014);
#3014 = CARTESIAN_POINT('',(260.911,191.37,-1.9));
#3015 = LINE('',#3016,#3017);
#3016 = CARTESIAN_POINT('',(256.811,191.37,-1.9));
#3017 = VECTOR('',#3018,1.);
#3018 = DIRECTION('',(1.,0.,-0.));
#3019 = ORIENTED_EDGE('',*,*,#3020,.F.);
#3020 = EDGE_CURVE('',#2997,#3013,#3021,.T.);
#3021 = LINE('',#3022,#3023);
#3022 = CARTESIAN_POINT('',(260.911,191.37,-2.2));
#3023 = VECTOR('',#3024,1.);
#3024 = DIRECTION('',(-0.,0.,-1.));
#3025 = PLANE('',#3026);
#3026 = AXIS2_PLACEMENT_3D('',#3027,#3028,#3029);
#3027 = CARTESIAN_POINT('',(256.511,191.37,-2.5));
#3028 = DIRECTION('',(-0.,1.,0.));
#3029 = DIRECTION('',(0.,0.,1.));
#3030 = ADVANCED_FACE('',(#3031),#3056,.F.);
#3031 = FACE_BOUND('',#3032,.F.);
#3032 = EDGE_LOOP('',(#3033,#3041,#3042,#3050));
#3033 = ORIENTED_EDGE('',*,*,#3034,.F.);
#3034 = EDGE_CURVE('',#2995,#3035,#3037,.T.);
#3035 = VERTEX_POINT('',#3036);
#3036 = CARTESIAN_POINT('',(257.111,193.42,1.9));
#3037 = LINE('',#3038,#3039);
#3038 = CARTESIAN_POINT('',(257.111,191.32,1.9));
#3039 = VECTOR('',#3040,1.);
#3040 = DIRECTION('',(-0.,1.,0.));
#3041 = ORIENTED_EDGE('',*,*,#2994,.T.);
#3042 = ORIENTED_EDGE('',*,*,#3043,.T.);
#3043 = EDGE_CURVE('',#2997,#3044,#3046,.T.);
#3044 = VERTEX_POINT('',#3045);
#3045 = CARTESIAN_POINT('',(260.911,193.42,1.9));
#3046 = LINE('',#3047,#3048);
#3047 = CARTESIAN_POINT('',(260.911,191.32,1.9));
#3048 = VECTOR('',#3049,1.);
#3049 = DIRECTION('',(-0.,1.,0.));
#3050 = ORIENTED_EDGE('',*,*,#3051,.F.);
#3051 = EDGE_CURVE('',#3035,#3044,#3052,.T.);
#3052 = LINE('',#3053,#3054);
#3053 = CARTESIAN_POINT('',(257.111,193.42,1.9));
#3054 = VECTOR('',#3055,1.);
#3055 = DIRECTION('',(1.,0.,-0.));
#3056 = PLANE('',#3057);
#3057 = AXIS2_PLACEMENT_3D('',#3058,#3059,#3060);
#3058 = CARTESIAN_POINT('',(257.111,191.32,1.9));
#3059 = DIRECTION('',(0.,0.,1.));
#3060 = DIRECTION('',(1.,0.,-0.));
#3061 = ADVANCED_FACE('',(#3062),#3080,.F.);
#3062 = FACE_BOUND('',#3063,.F.);
#3063 = EDGE_LOOP('',(#3064,#3065,#3066,#3074));
#3064 = ORIENTED_EDGE('',*,*,#3043,.F.);
#3065 = ORIENTED_EDGE('',*,*,#3020,.T.);
#3066 = ORIENTED_EDGE('',*,*,#3067,.T.);
#3067 = EDGE_CURVE('',#3013,#3068,#3070,.T.);
#3068 = VERTEX_POINT('',#3069);
#3069 = CARTESIAN_POINT('',(260.911,193.42,-1.9));
#3070 = LINE('',#3071,#3072);
#3071 = CARTESIAN_POINT('',(260.911,191.32,-1.9));
#3072 = VECTOR('',#3073,1.);
#3073 = DIRECTION('',(-0.,1.,0.));
#3074 = ORIENTED_EDGE('',*,*,#3075,.T.);
#3075 = EDGE_CURVE('',#3068,#3044,#3076,.T.);
#3076 = LINE('',#3077,#3078);
#3077 = CARTESIAN_POINT('',(260.911,193.42,-1.9));
#3078 = VECTOR('',#3079,1.);
#3079 = DIRECTION('',(0.,0.,1.));
#3080 = PLANE('',#3081);
#3081 = AXIS2_PLACEMENT_3D('',#3082,#3083,#3084);
#3082 = CARTESIAN_POINT('',(260.911,191.32,-1.9));
#3083 = DIRECTION('',(1.,0.,-0.));
#3084 = DIRECTION('',(0.,0.,1.));
#3085 = ADVANCED_FACE('',(#3086),#3104,.T.);
#3086 = FACE_BOUND('',#3087,.T.);
#3087 = EDGE_LOOP('',(#3088,#3096,#3097,#3098));
#3088 = ORIENTED_EDGE('',*,*,#3089,.F.);
#3089 = EDGE_CURVE('',#3005,#3090,#3092,.T.);
#3090 = VERTEX_POINT('',#3091);
#3091 = CARTESIAN_POINT('',(257.111,193.42,-1.9));
#3092 = LINE('',#3093,#3094);
#3093 = CARTESIAN_POINT('',(257.111,191.32,-1.9));
#3094 = VECTOR('',#3095,1.);
#3095 = DIRECTION('',(-0.,1.,0.));
#3096 = ORIENTED_EDGE('',*,*,#3012,.T.);
#3097 = ORIENTED_EDGE('',*,*,#3067,.T.);
#3098 = ORIENTED_EDGE('',*,*,#3099,.F.);
#3099 = EDGE_CURVE('',#3090,#3068,#3100,.T.);
#3100 = LINE('',#3101,#3102);
#3101 = CARTESIAN_POINT('',(257.111,193.42,-1.9));
#3102 = VECTOR('',#3103,1.);
#3103 = DIRECTION('',(1.,0.,-0.));
#3104 = PLANE('',#3105);
#3105 = AXIS2_PLACEMENT_3D('',#3106,#3107,#3108);
#3106 = CARTESIAN_POINT('',(257.111,191.32,-1.9));
#3107 = DIRECTION('',(0.,0.,1.));
#3108 = DIRECTION('',(1.,0.,-0.));
#3109 = ADVANCED_FACE('',(#3110),#3121,.T.);
#3110 = FACE_BOUND('',#3111,.T.);
#3111 = EDGE_LOOP('',(#3112,#3113,#3114,#3115));
#3112 = ORIENTED_EDGE('',*,*,#3034,.F.);
#3113 = ORIENTED_EDGE('',*,*,#3004,.T.);
#3114 = ORIENTED_EDGE('',*,*,#3089,.T.);
#3115 = ORIENTED_EDGE('',*,*,#3116,.T.);
#3116 = EDGE_CURVE('',#3090,#3035,#3117,.T.);
#3117 = LINE('',#3118,#3119);
#3118 = CARTESIAN_POINT('',(257.111,193.42,-1.9));
#3119 = VECTOR('',#3120,1.);
#3120 = DIRECTION('',(0.,0.,1.));
#3121 = PLANE('',#3122);
#3122 = AXIS2_PLACEMENT_3D('',#3123,#3124,#3125);
#3123 = CARTESIAN_POINT('',(257.111,191.32,-1.9));
#3124 = DIRECTION('',(1.,0.,-0.));
#3125 = DIRECTION('',(0.,0.,1.));
#3126 = ADVANCED_FACE('',(#3127),#3133,.F.);
#3127 = FACE_BOUND('',#3128,.F.);
#3128 = EDGE_LOOP('',(#3129,#3130,#3131,#3132));
#3129 = ORIENTED_EDGE('',*,*,#3099,.F.);
#3130 = ORIENTED_EDGE('',*,*,#3116,.T.);
#3131 = ORIENTED_EDGE('',*,*,#3051,.T.);
#3132 = ORIENTED_EDGE('',*,*,#3075,.F.);
#3133 = PLANE('',#3134);
#3134 = AXIS2_PLACEMENT_3D('',#3135,#3136,#3137);
#3135 = CARTESIAN_POINT('',(257.111,193.42,-1.9));
#3136 = DIRECTION('',(-0.,1.,0.));
#3137 = DIRECTION('',(0.,0.,1.));
#3138 = ( GEOMETRIC_REPRESENTATION_CONTEXT(3) 
GLOBAL_UNCERTAINTY_ASSIGNED_CONTEXT((#3142)) 
GLOBAL_UNIT_ASSIGNED_CONTEXT((#3139,#3140,#3141)) REPRESENTATION_CONTEXT
('Context #1','3D Context with UNIT and UNCERTAINTY') );
#3139 = ( LENGTH_UNIT() NAMED_UNIT(*) SI_UNIT(.MILLI.,.METRE.) );
#3140 = ( NAMED_UNIT(*) PLANE_ANGLE_UNIT() SI_UNIT($,.RADIAN.) );
#3141 = ( NAMED_UNIT(*) SI_UNIT($,.STERADIAN.) SOLID_ANGLE_UNIT() );
#3142 = UNCERTAINTY_MEASURE_WITH_UNIT(LENGTH_MEASURE(1.E-07),#3139,
  'distance_accuracy_value','confusion accuracy');
#3143 = CONTEXT_DEPENDENT_SHAPE_REPRESENTATION(#3144,#3146);
#3144 = ( REPRESENTATION_RELATIONSHIP('','',#2703,#10) 
REPRESENTATION_RELATIONSHIP_WITH_TRANSFORMATION(#3145) 
SHAPE_REPRESENTATION_RELATIONSHIP() );
#3145 = ITEM_DEFINED_TRANSFORMATION('','',#11,#39);
#3146 = PRODUCT_DEFINITION_SHAPE('Placement','Placement of an item',
  #3147);
#3147 = NEXT_ASSEMBLY_USAGE_OCCURRENCE('7','Tile0_Coupler','',#5,#2698,$
  );
#3148 = PRODUCT_RELATED_PRODUCT_CATEGORY('part',$,(#2700));
#3149 = SHAPE_DEFINITION_REPRESENTATION(#3150,#3156);
#3150 = PRODUCT_DEFINITION_SHAPE('','',#3151);
#3151 = PRODUCT_DEFINITION('design','',#3152,#3155);
#3152 = PRODUCT_DEFINITION_FORMATION('','',#3153);
#3153 = PRODUCT('Tile0_SiPM','Tile0_SiPM','',(#3154));
#3154 = PRODUCT_CONTEXT('',#2,'mechanical');
#3155 = PRODUCT_DEFINITION_CONTEXT('part definition',#2,'design');
#3156 = ADVANCED_BREP_SHAPE_REPRESENTATION('',(#11,#3157),#3307);
#3157 = MANIFOLD_SOLID_BREP('',#3158);
#3158 = CLOSED_SHELL('',(#3159,#3199,#3239,#3261,#3283,#3295));
#3159 = ADVANCED_FACE('',(#3160),#3194,.F.);
#3160 = FACE_BOUND('',#3161,.F.);
#3161 = EDGE_LOOP('',(#3162,#3172,#3180,#3188));
#3162 = ORIENTED_EDGE('',*,*,#3163,.F.);
#3163 = EDGE_CURVE('',#3164,#3166,#3168,.T.);
#3164 = VERTEX_POINT('',#3165);
#3165 = CARTESIAN_POINT('',(257.511,191.37,-1.5));
#3166 = VERTEX_POINT('',#3167);
#3167 = CARTESIAN_POINT('',(257.511,191.37,1.5));
#3168 = LINE('',#3169,#3170);
#3169 = CARTESIAN_POINT('',(257.511,191.37,-1.5));
#3170 = VECTOR('',#3171,1.);
#3171 = DIRECTION('',(0.,0.,1.));
#3172 = ORIENTED_EDGE('',*,*,#3173,.T.);
#3173 = EDGE_CURVE('',#3164,#3174,#3176,.T.);
#3174 = VERTEX_POINT('',#3175);
#3175 = CARTESIAN_POINT('',(257.511,192.87,-1.5));
#3176 = LINE('',#3177,#3178);
#3177 = CARTESIAN_POINT('',(257.511,191.37,-1.5));
#3178 = VECTOR('',#3179,1.);
#3179 = DIRECTION('',(-0.,1.,0.));
#3180 = ORIENTED_EDGE('',*,*,#3181,.T.);
#3181 = EDGE_CURVE('',#3174,#3182,#3184,.T.);
#3182 = VERTEX_POINT('',#3183);
#3183 = CARTESIAN_POINT('',(257.511,192.87,1.5));
#3184 = LINE('',#3185,#3186);
#3185 = CARTESIAN_POINT('',(257.511,192.87,-1.5));
#3186 = VECTOR('',#3187,1.);
#3187 = DIRECTION('',(0.,0.,1.));
#3188 = ORIENTED_EDGE('',*,*,#3189,.F.);
#3189 = EDGE_CURVE('',#3166,#3182,#3190,.T.);
#3190 = LINE('',#3191,#3192);
#3191 = CARTESIAN_POINT('',(257.511,191.37,1.5));
#3192 = VECTOR('',#3193,1.);
#3193 = DIRECTION('',(-0.,1.,0.));
#3194 = PLANE('',#3195);
#3195 = AXIS2_PLACEMENT_3D('',#3196,#3197,#3198);
#3196 = CARTESIAN_POINT('',(257.511,191.37,-1.5));
#3197 = DIRECTION('',(1.,0.,-0.));
#3198 = DIRECTION('',(0.,0.,1.));
#3199 = ADVANCED_FACE('',(#3200),#3234,.T.);
#3200 = FACE_BOUND('',#3201,.T.);
#3201 = EDGE_LOOP('',(#3202,#3212,#3220,#3228));
#3202 = ORIENTED_EDGE('',*,*,#3203,.F.);
#3203 = EDGE_CURVE('',#3204,#3206,#3208,.T.);
#3204 = VERTEX_POINT('',#3205);
#3205 = CARTESIAN_POINT('',(260.511,191.37,-1.5));
#3206 = VERTEX_POINT('',#3207);
#3207 = CARTESIAN_POINT('',(260.511,191.37,1.5));
#3208 = LINE('',#3209,#3210);
#3209 = CARTESIAN_POINT('',(260.511,191.37,-1.5));
#3210 = VECTOR('',#3211,1.);
#3211 = DIRECTION('',(0.,0.,1.));
#3212 = ORIENTED_EDGE('',*,*,#3213,.T.);
#3213 = EDGE_CURVE('',#3204,#3214,#3216,.T.);
#3214 = VERTEX_POINT('',#3215);
#3215 = CARTESIAN_POINT('',(260.511,192.87,-1.5));
#3216 = LINE('',#3217,#3218);
#3217 = CARTESIAN_POINT('',(260.511,191.37,-1.5));
#3218 = VECTOR('',#3219,1.);
#3219 = DIRECTION('',(-0.,1.,0.));
#3220 = ORIENTED_EDGE('',*,*,#3221,.T.);
#3221 = EDGE_CURVE('',#3214,#3222,#3224,.T.);
#3222 = VERTEX_POINT('',#3223);
#3223 = CARTESIAN_POINT('',(260.511,192.87,1.5));
#3224 = LINE('',#3225,#3226);
#3225 = CARTESIAN_POINT('',(260.511,192.87,-1.5));
#3226 = VECTOR('',#3227,1.);
#3227 = DIRECTION('',(0.,0.,1.));
#3228 = ORIENTED_EDGE('',*,*,#3229,.F.);
#3229 = EDGE_CURVE('',#3206,#3222,#3230,.T.);
#3230 = LINE('',#3231,#3232);
#3231 = CARTESIAN_POINT('',(260.511,191.37,1.5));
#3232 = VECTOR('',#3233,1.);
#3233 = DIRECTION('',(-0.,1.,0.));
#3234 = PLANE('',#3235);
#3235 = AXIS2_PLACEMENT_3D('',#3236,#3237,#3238);
#3236 = CARTESIAN_POINT('',(260.511,191.37,-1.5));
#3237 = DIRECTION('',(1.,0.,-0.));
#3238 = DIRECTION('',(0.,0.,1.));
#3239 = ADVANCED_FACE('',(#3240),#3256,.F.);
#3240 = FACE_BOUND('',#3241,.F.);
#3241 = EDGE_LOOP('',(#3242,#3248,#3249,#3255));
#3242 = ORIENTED_EDGE('',*,*,#3243,.F.);
#3243 = EDGE_CURVE('',#3164,#3204,#3244,.T.);
#3244 = LINE('',#3245,#3246);
#3245 = CARTESIAN_POINT('',(257.511,191.37,-1.5));
#3246 = VECTOR('',#3247,1.);
#3247 = DIRECTION('',(1.,0.,-0.));
#3248 = ORIENTED_EDGE('',*,*,#3163,.T.);
#3249 = ORIENTED_EDGE('',*,*,#3250,.T.);
#3250 = EDGE_CURVE('',#3166,#3206,#3251,.T.);
#3251 = LINE('',#3252,#3253);
#3252 = CARTESIAN_POINT('',(257.511,191.37,1.5));
#3253 = VECTOR('',#3254,1.);
#3254 = DIRECTION('',(1.,0.,-0.));
#3255 = ORIENTED_EDGE('',*,*,#3203,.F.);
#3256 = PLANE('',#3257);
#3257 = AXIS2_PLACEMENT_3D('',#3258,#3259,#3260);
#3258 = CARTESIAN_POINT('',(257.511,191.37,-1.5));
#3259 = DIRECTION('',(-0.,1.,0.));
#3260 = DIRECTION('',(0.,0.,1.));
#3261 = ADVANCED_FACE('',(#3262),#3278,.T.);
#3262 = FACE_BOUND('',#3263,.T.);
#3263 = EDGE_LOOP('',(#3264,#3270,#3271,#3277));
#3264 = ORIENTED_EDGE('',*,*,#3265,.F.);
#3265 = EDGE_CURVE('',#3174,#3214,#3266,.T.);
#3266 = LINE('',#3267,#3268);
#3267 = CARTESIAN_POINT('',(257.511,192.87,-1.5));
#3268 = VECTOR('',#3269,1.);
#3269 = DIRECTION('',(1.,0.,-0.));
#3270 = ORIENTED_EDGE('',*,*,#3181,.T.);
#3271 = ORIENTED_EDGE('',*,*,#3272,.T.);
#3272 = EDGE_CURVE('',#3182,#3222,#3273,.T.);
#3273 = LINE('',#3274,#3275);
#3274 = CARTESIAN_POINT('',(257.511,192.87,1.5));
#3275 = VECTOR('',#3276,1.);
#3276 = DIRECTION('',(1.,0.,-0.));
#3277 = ORIENTED_EDGE('',*,*,#3221,.F.);
#3278 = PLANE('',#3279);
#3279 = AXIS2_PLACEMENT_3D('',#3280,#3281,#3282);
#3280 = CARTESIAN_POINT('',(257.511,192.87,-1.5));
#3281 = DIRECTION('',(-0.,1.,0.));
#3282 = DIRECTION('',(0.,0.,1.));
#3283 = ADVANCED_FACE('',(#3284),#3290,.F.);
#3284 = FACE_BOUND('',#3285,.F.);
#3285 = EDGE_LOOP('',(#3286,#3287,#3288,#3289));
#3286 = ORIENTED_EDGE('',*,*,#3173,.F.);
#3287 = ORIENTED_EDGE('',*,*,#3243,.T.);
#3288 = ORIENTED_EDGE('',*,*,#3213,.T.);
#3289 = ORIENTED_EDGE('',*,*,#3265,.F.);
#3290 = PLANE('',#3291);
#3291 = AXIS2_PLACEMENT_3D('',#3292,#3293,#3294);
#3292 = CARTESIAN_POINT('',(257.511,191.37,-1.5));
#3293 = DIRECTION('',(0.,0.,1.));
#3294 = DIRECTION('',(1.,0.,-0.));
#3295 = ADVANCED_FACE('',(#3296),#3302,.T.);
#3296 = FACE_BOUND('',#3297,.T.);
#3297 = EDGE_LOOP('',(#3298,#3299,#3300,#3301));
#3298 = ORIENTED_EDGE('',*,*,#3189,.F.);
#3299 = ORIENTED_EDGE('',*,*,#3250,.T.);
#3300 = ORIENTED_EDGE('',*,*,#3229,.T.);
#3301 = ORIENTED_EDGE('',*,*,#3272,.F.);
#3302 = PLANE('',#3303);
#3303 = AXIS2_PLACEMENT_3D('',#3304,#3305,#3306);
#3304 = CARTESIAN_POINT('',(257.511,191.37,1.5));
#3305 = DIRECTION('',(0.,0.,1.));
#3306 = DIRECTION('',(1.,0.,-0.));
#3307 = ( GEOMETRIC_REPRESENTATION_CONTEXT(3) 
GLOBAL_UNCERTAINTY_ASSIGNED_CONTEXT((#3311)) 
GLOBAL_UNIT_ASSIGNED_CONTEXT((#3308,#3309,#3310)) REPRESENTATION_CONTEXT
('Context #1','3D Context with UNIT and UNCERTAINTY') );
#3308 = ( LENGTH_UNIT() NAMED_UNIT(*) SI_UNIT(.MILLI.,.METRE.) );
#3309 = ( NAMED_UNIT(*) PLANE_ANGLE_UNIT() SI_UNIT($,.RADIAN.) );
#3310 = ( NAMED_UNIT(*) SI_UNIT($,.STERADIAN.) SOLID_ANGLE_UNIT() );
#3311 = UNCERTAINTY_MEASURE_WITH_UNIT(LENGTH_MEASURE(1.E-07),#3308,
  'distance_accuracy_value','confusion accuracy');
#3312 = CONTEXT_DEPENDENT_SHAPE_REPRESENTATION(#3313,#3315);
#3313 = ( REPRESENTATION_RELATIONSHIP('','',#3156,#10) 
REPRESENTATION_RELATIONSHIP_WITH_TRANSFORMATION(#3314) 
SHAPE_REPRESENTATION_RELATIONSHIP() );
#3314 = ITEM_DEFINED_TRANSFORMATION('','',#11,#43);
#3315 = PRODUCT_DEFINITION_SHAPE('Placement','Placement of an item',
  #3316);
#3316 = NEXT_ASSEMBLY_USAGE_OCCURRENCE('8','Tile0_SiPM','',#5,#3151,$);
#3317 = PRODUCT_RELATED_PRODUCT_CATEGORY('part',$,(#3153));
#3318 = SHAPE_DEFINITION_REPRESENTATION(#3319,#3325);
#3319 = PRODUCT_DEFINITION_SHAPE('','',#3320);
#3320 = PRODUCT_DEFINITION('design','',#3321,#3324);
#3321 = PRODUCT_DEFINITION_FORMATION('','',#3322);
#3322 = PRODUCT('Tile0_SiPM_PCB','Tile0_SiPM_PCB','',(#3323));
#3323 = PRODUCT_CONTEXT('',#2,'mechanical');
#3324 = PRODUCT_DEFINITION_CONTEXT('part definition',#2,'design');
#3325 = ADVANCED_BREP_SHAPE_REPRESENTATION('',(#11,#3326),#3476);
#3326 = MANIFOLD_SOLID_BREP('',#3327);
#3327 = CLOSED_SHELL('',(#3328,#3368,#3408,#3430,#3452,#3464));
#3328 = ADVANCED_FACE('',(#3329),#3363,.F.);
#3329 = FACE_BOUND('',#3330,.F.);
#3330 = EDGE_LOOP('',(#3331,#3341,#3349,#3357));
#3331 = ORIENTED_EDGE('',*,*,#3332,.F.);
#3332 = EDGE_CURVE('',#3333,#3335,#3337,.T.);
#3333 = VERTEX_POINT('',#3334);
#3334 = CARTESIAN_POINT('',(247.011,196.62,-6.));
#3335 = VERTEX_POINT('',#3336);
#3336 = CARTESIAN_POINT('',(247.011,196.62,6.));
#3337 = LINE('',#3338,#3339);
#3338 = CARTESIAN_POINT('',(247.011,196.62,-6.));
#3339 = VECTOR('',#3340,1.);
#3340 = DIRECTION('',(0.,0.,1.));
#3341 = ORIENTED_EDGE('',*,*,#3342,.T.);
#3342 = EDGE_CURVE('',#3333,#3343,#3345,.T.);
#3343 = VERTEX_POINT('',#3344);
#3344 = CARTESIAN_POINT('',(247.011,198.22,-6.));
#3345 = LINE('',#3346,#3347);
#3346 = CARTESIAN_POINT('',(247.011,196.62,-6.));
#3347 = VECTOR('',#3348,1.);
#3348 = DIRECTION('',(-0.,1.,0.));
#3349 = ORIENTED_EDGE('',*,*,#3350,.T.);
#3350 = EDGE_CURVE('',#3343,#3351,#3353,.T.);
#3351 = VERTEX_POINT('',#3352);
#3352 = CARTESIAN_POINT('',(247.011,198.22,6.));
#3353 = LINE('',#3354,#3355);
#3354 = CARTESIAN_POINT('',(247.011,198.22,-6.));
#3355 = VECTOR('',#3356,1.);
#3356 = DIRECTION('',(0.,0.,1.));
#3357 = ORIENTED_EDGE('',*,*,#3358,.F.);
#3358 = EDGE_CURVE('',#3335,#3351,#3359,.T.);
#3359 = LINE('',#3360,#3361);
#3360 = CARTESIAN_POINT('',(247.011,196.62,6.));
#3361 = VECTOR('',#3362,1.);
#3362 = DIRECTION('',(-0.,1.,0.));
#3363 = PLANE('',#3364);
#3364 = AXIS2_PLACEMENT_3D('',#3365,#3366,#3367);
#3365 = CARTESIAN_POINT('',(247.011,196.62,-6.));
#3366 = DIRECTION('',(1.,0.,-0.));
#3367 = DIRECTION('',(0.,0.,1.));
#3368 = ADVANCED_FACE('',(#3369),#3403,.T.);
#3369 = FACE_BOUND('',#3370,.T.);
#3370 = EDGE_LOOP('',(#3371,#3381,#3389,#3397));
#3371 = ORIENTED_EDGE('',*,*,#3372,.F.);
#3372 = EDGE_CURVE('',#3373,#3375,#3377,.T.);
#3373 = VERTEX_POINT('',#3374);
#3374 = CARTESIAN_POINT('',(271.011,196.62,-6.));
#3375 = VERTEX_POINT('',#3376);
#3376 = CARTESIAN_POINT('',(271.011,196.62,6.));
#3377 = LINE('',#3378,#3379);
#3378 = CARTESIAN_POINT('',(271.011,196.62,-6.));
#3379 = VECTOR('',#3380,1.);
#3380 = DIRECTION('',(0.,0.,1.));
#3381 = ORIENTED_EDGE('',*,*,#3382,.T.);
#3382 = EDGE_CURVE('',#3373,#3383,#3385,.T.);
#3383 = VERTEX_POINT('',#3384);
#3384 = CARTESIAN_POINT('',(271.011,198.22,-6.));
#3385 = LINE('',#3386,#3387);
#3386 = CARTESIAN_POINT('',(271.011,196.62,-6.));
#3387 = VECTOR('',#3388,1.);
#3388 = DIRECTION('',(-0.,1.,0.));
#3389 = ORIENTED_EDGE('',*,*,#3390,.T.);
#3390 = EDGE_CURVE('',#3383,#3391,#3393,.T.);
#3391 = VERTEX_POINT('',#3392);
#3392 = CARTESIAN_POINT('',(271.011,198.22,6.));
#3393 = LINE('',#3394,#3395);
#3394 = CARTESIAN_POINT('',(271.011,198.22,-6.));
#3395 = VECTOR('',#3396,1.);
#3396 = DIRECTION('',(0.,0.,1.));
#3397 = ORIENTED_EDGE('',*,*,#3398,.F.);
#3398 = EDGE_CURVE('',#3375,#3391,#3399,.T.);
#3399 = LINE('',#3400,#3401);
#3400 = CARTESIAN_POINT('',(271.011,196.62,6.));
#3401 = VECTOR('',#3402,1.);
#3402 = DIRECTION('',(-0.,1.,0.));
#3403 = PLANE('',#3404);
#3404 = AXIS2_PLACEMENT_3D('',#3405,#3406,#3407);
#3405 = CARTESIAN_POINT('',(271.011,196.62,-6.));
#3406 = DIRECTION('',(1.,0.,-0.));
#3407 = DIRECTION('',(0.,0.,1.));
#3408 = ADVANCED_FACE('',(#3409),#3425,.F.);
#3409 = FACE_BOUND('',#3410,.F.);
#3410 = EDGE_LOOP('',(#3411,#3417,#3418,#3424));
#3411 = ORIENTED_EDGE('',*,*,#3412,.F.);
#3412 = EDGE_CURVE('',#3333,#3373,#3413,.T.);
#3413 = LINE('',#3414,#3415);
#3414 = CARTESIAN_POINT('',(247.011,196.62,-6.));
#3415 = VECTOR('',#3416,1.);
#3416 = DIRECTION('',(1.,0.,-0.));
#3417 = ORIENTED_EDGE('',*,*,#3332,.T.);
#3418 = ORIENTED_EDGE('',*,*,#3419,.T.);
#3419 = EDGE_CURVE('',#3335,#3375,#3420,.T.);
#3420 = LINE('',#3421,#3422);
#3421 = CARTESIAN_POINT('',(247.011,196.62,6.));
#3422 = VECTOR('',#3423,1.);
#3423 = DIRECTION('',(1.,0.,-0.));
#3424 = ORIENTED_EDGE('',*,*,#3372,.F.);
#3425 = PLANE('',#3426);
#3426 = AXIS2_PLACEMENT_3D('',#3427,#3428,#3429);
#3427 = CARTESIAN_POINT('',(247.011,196.62,-6.));
#3428 = DIRECTION('',(-0.,1.,0.));
#3429 = DIRECTION('',(0.,0.,1.));
#3430 = ADVANCED_FACE('',(#3431),#3447,.T.);
#3431 = FACE_BOUND('',#3432,.T.);
#3432 = EDGE_LOOP('',(#3433,#3439,#3440,#3446));
#3433 = ORIENTED_EDGE('',*,*,#3434,.F.);
#3434 = EDGE_CURVE('',#3343,#3383,#3435,.T.);
#3435 = LINE('',#3436,#3437);
#3436 = CARTESIAN_POINT('',(247.011,198.22,-6.));
#3437 = VECTOR('',#3438,1.);
#3438 = DIRECTION('',(1.,0.,-0.));
#3439 = ORIENTED_EDGE('',*,*,#3350,.T.);
#3440 = ORIENTED_EDGE('',*,*,#3441,.T.);
#3441 = EDGE_CURVE('',#3351,#3391,#3442,.T.);
#3442 = LINE('',#3443,#3444);
#3443 = CARTESIAN_POINT('',(247.011,198.22,6.));
#3444 = VECTOR('',#3445,1.);
#3445 = DIRECTION('',(1.,0.,-0.));
#3446 = ORIENTED_EDGE('',*,*,#3390,.F.);
#3447 = PLANE('',#3448);
#3448 = AXIS2_PLACEMENT_3D('',#3449,#3450,#3451);
#3449 = CARTESIAN_POINT('',(247.011,198.22,-6.));
#3450 = DIRECTION('',(-0.,1.,0.));
#3451 = DIRECTION('',(0.,0.,1.));
#3452 = ADVANCED_FACE('',(#3453),#3459,.F.);
#3453 = FACE_BOUND('',#3454,.F.);
#3454 = EDGE_LOOP('',(#3455,#3456,#3457,#3458));
#3455 = ORIENTED_EDGE('',*,*,#3342,.F.);
#3456 = ORIENTED_EDGE('',*,*,#3412,.T.);
#3457 = ORIENTED_EDGE('',*,*,#3382,.T.);
#3458 = ORIENTED_EDGE('',*,*,#3434,.F.);
#3459 = PLANE('',#3460);
#3460 = AXIS2_PLACEMENT_3D('',#3461,#3462,#3463);
#3461 = CARTESIAN_POINT('',(247.011,196.62,-6.));
#3462 = DIRECTION('',(0.,0.,1.));
#3463 = DIRECTION('',(1.,0.,-0.));
#3464 = ADVANCED_FACE('',(#3465),#3471,.T.);
#3465 = FACE_BOUND('',#3466,.T.);
#3466 = EDGE_LOOP('',(#3467,#3468,#3469,#3470));
#3467 = ORIENTED_EDGE('',*,*,#3358,.F.);
#3468 = ORIENTED_EDGE('',*,*,#3419,.T.);
#3469 = ORIENTED_EDGE('',*,*,#3398,.T.);
#3470 = ORIENTED_EDGE('',*,*,#3441,.F.);
#3471 = PLANE('',#3472);
#3472 = AXIS2_PLACEMENT_3D('',#3473,#3474,#3475);
#3473 = CARTESIAN_POINT('',(247.011,196.62,6.));
#3474 = DIRECTION('',(0.,0.,1.));
#3475 = DIRECTION('',(1.,0.,-0.));
#3476 = ( GEOMETRIC_REPRESENTATION_CONTEXT(3) 
GLOBAL_UNCERTAINTY_ASSIGNED_CONTEXT((#3480)) 
GLOBAL_UNIT_ASSIGNED_CONTEXT((#3477,#3478,#3479)) REPRESENTATION_CONTEXT
('Context #1','3D Context with UNIT and UNCERTAINTY') );
#3477 = ( LENGTH_UNIT() NAMED_UNIT(*) SI_UNIT(.MILLI.,.METRE.) );
#3478 = ( NAMED_UNIT(*) PLANE_ANGLE_UNIT() SI_UNIT($,.RADIAN.) );
#3479 = ( NAMED_UNIT(*) SI_UNIT($,.STERADIAN.) SOLID_ANGLE_UNIT() );
#3480 = UNCERTAINTY_MEASURE_WITH_UNIT(LENGTH_MEASURE(1.E-07),#3477,
  'distance_accuracy_value','confusion accuracy');
#3481 = CONTEXT_DEPENDENT_SHAPE_REPRESENTATION(#3482,#3484);
#3482 = ( REPRESENTATION_RELATIONSHIP('','',#3325,#10) 
REPRESENTATION_RELATIONSHIP_WITH_TRANSFORMATION(#3483) 
SHAPE_REPRESENTATION_RELATIONSHIP() );
#3483 = ITEM_DEFINED_TRANSFORMATION('','',#11,#47);
#3484 = PRODUCT_DEFINITION_SHAPE('Placement','Placement of an item',
  #3485);
#3485 = NEXT_ASSEMBLY_USAGE_OCCURRENCE('9','Tile0_SiPM_PCB','',#5,#3320,
  $);
#3486 = PRODUCT_RELATED_PRODUCT_CATEGORY('part',$,(#3322));
#3487 = SHAPE_DEFINITION_REPRESENTATION(#3488,#3494);
#3488 = PRODUCT_DEFINITION_SHAPE('','',#3489);
#3489 = PRODUCT_DEFINITION('design','',#3490,#3493);
#3490 = PRODUCT_DEFINITION_FORMATION('','',#3491);
#3491 = PRODUCT('Tile0_UFL','Tile0_UFL','',(#3492));
#3492 = PRODUCT_CONTEXT('',#2,'mechanical');
#3493 = PRODUCT_DEFINITION_CONTEXT('part definition',#2,'design');
#3494 = ADVANCED_BREP_SHAPE_REPRESENTATION('',(#11,#3495),#3645);
#3495 = MANIFOLD_SOLID_BREP('',#3496);
#3496 = CLOSED_SHELL('',(#3497,#3537,#3577,#3599,#3621,#3633));
#3497 = ADVANCED_FACE('',(#3498),#3532,.F.);
#3498 = FACE_BOUND('',#3499,.F.);
#3499 = EDGE_LOOP('',(#3500,#3510,#3518,#3526));
#3500 = ORIENTED_EDGE('',*,*,#3501,.F.);
#3501 = EDGE_CURVE('',#3502,#3504,#3506,.T.);
#3502 = VERTEX_POINT('',#3503);
#3503 = CARTESIAN_POINT('',(257.511,198.22,-1.3));
#3504 = VERTEX_POINT('',#3505);
#3505 = CARTESIAN_POINT('',(257.511,198.22,1.3));
#3506 = LINE('',#3507,#3508);
#3507 = CARTESIAN_POINT('',(257.511,198.22,-1.3));
#3508 = VECTOR('',#3509,1.);
#3509 = DIRECTION('',(0.,0.,1.));
#3510 = ORIENTED_EDGE('',*,*,#3511,.T.);
#3511 = EDGE_CURVE('',#3502,#3512,#3514,.T.);
#3512 = VERTEX_POINT('',#3513);
#3513 = CARTESIAN_POINT('',(257.511,199.47,-1.3));
#3514 = LINE('',#3515,#3516);
#3515 = CARTESIAN_POINT('',(257.511,198.22,-1.3));
#3516 = VECTOR('',#3517,1.);
#3517 = DIRECTION('',(-0.,1.,0.));
#3518 = ORIENTED_EDGE('',*,*,#3519,.T.);
#3519 = EDGE_CURVE('',#3512,#3520,#3522,.T.);
#3520 = VERTEX_POINT('',#3521);
#3521 = CARTESIAN_POINT('',(257.511,199.47,1.3));
#3522 = LINE('',#3523,#3524);
#3523 = CARTESIAN_POINT('',(257.511,199.47,-1.3));
#3524 = VECTOR('',#3525,1.);
#3525 = DIRECTION('',(0.,0.,1.));
#3526 = ORIENTED_EDGE('',*,*,#3527,.F.);
#3527 = EDGE_CURVE('',#3504,#3520,#3528,.T.);
#3528 = LINE('',#3529,#3530);
#3529 = CARTESIAN_POINT('',(257.511,198.22,1.3));
#3530 = VECTOR('',#3531,1.);
#3531 = DIRECTION('',(-0.,1.,0.));
#3532 = PLANE('',#3533);
#3533 = AXIS2_PLACEMENT_3D('',#3534,#3535,#3536);
#3534 = CARTESIAN_POINT('',(257.511,198.22,-1.3));
#3535 = DIRECTION('',(1.,0.,-0.));
#3536 = DIRECTION('',(0.,0.,1.));
#3537 = ADVANCED_FACE('',(#3538),#3572,.T.);
#3538 = FACE_BOUND('',#3539,.T.);
#3539 = EDGE_LOOP('',(#3540,#3550,#3558,#3566));
#3540 = ORIENTED_EDGE('',*,*,#3541,.F.);
#3541 = EDGE_CURVE('',#3542,#3544,#3546,.T.);
#3542 = VERTEX_POINT('',#3543);
#3543 = CARTESIAN_POINT('',(260.511,198.22,-1.3));
#3544 = VERTEX_POINT('',#3545);
#3545 = CARTESIAN_POINT('',(260.511,198.22,1.3));
#3546 = LINE('',#3547,#3548);
#3547 = CARTESIAN_POINT('',(260.511,198.22,-1.3));
#3548 = VECTOR('',#3549,1.);
#3549 = DIRECTION('',(0.,0.,1.));
#3550 = ORIENTED_EDGE('',*,*,#3551,.T.);
#3551 = EDGE_CURVE('',#3542,#3552,#3554,.T.);
#3552 = VERTEX_POINT('',#3553);
#3553 = CARTESIAN_POINT('',(260.511,199.47,-1.3));
#3554 = LINE('',#3555,#3556);
#3555 = CARTESIAN_POINT('',(260.511,198.22,-1.3));
#3556 = VECTOR('',#3557,1.);
#3557 = DIRECTION('',(-0.,1.,0.));
#3558 = ORIENTED_EDGE('',*,*,#3559,.T.);
#3559 = EDGE_CURVE('',#3552,#3560,#3562,.T.);
#3560 = VERTEX_POINT('',#3561);
#3561 = CARTESIAN_POINT('',(260.511,199.47,1.3));
#3562 = LINE('',#3563,#3564);
#3563 = CARTESIAN_POINT('',(260.511,199.47,-1.3));
#3564 = VECTOR('',#3565,1.);
#3565 = DIRECTION('',(0.,0.,1.));
#3566 = ORIENTED_EDGE('',*,*,#3567,.F.);
#3567 = EDGE_CURVE('',#3544,#3560,#3568,.T.);
#3568 = LINE('',#3569,#3570);
#3569 = CARTESIAN_POINT('',(260.511,198.22,1.3));
#3570 = VECTOR('',#3571,1.);
#3571 = DIRECTION('',(-0.,1.,0.));
#3572 = PLANE('',#3573);
#3573 = AXIS2_PLACEMENT_3D('',#3574,#3575,#3576);
#3574 = CARTESIAN_POINT('',(260.511,198.22,-1.3));
#3575 = DIRECTION('',(1.,0.,-0.));
#3576 = DIRECTION('',(0.,0.,1.));
#3577 = ADVANCED_FACE('',(#3578),#3594,.F.);
#3578 = FACE_BOUND('',#3579,.F.);
#3579 = EDGE_LOOP('',(#3580,#3586,#3587,#3593));
#3580 = ORIENTED_EDGE('',*,*,#3581,.F.);
#3581 = EDGE_CURVE('',#3502,#3542,#3582,.T.);
#3582 = LINE('',#3583,#3584);
#3583 = CARTESIAN_POINT('',(257.511,198.22,-1.3));
#3584 = VECTOR('',#3585,1.);
#3585 = DIRECTION('',(1.,0.,-0.));
#3586 = ORIENTED_EDGE('',*,*,#3501,.T.);
#3587 = ORIENTED_EDGE('',*,*,#3588,.T.);
#3588 = EDGE_CURVE('',#3504,#3544,#3589,.T.);
#3589 = LINE('',#3590,#3591);
#3590 = CARTESIAN_POINT('',(257.511,198.22,1.3));
#3591 = VECTOR('',#3592,1.);
#3592 = DIRECTION('',(1.,0.,-0.));
#3593 = ORIENTED_EDGE('',*,*,#3541,.F.);
#3594 = PLANE('',#3595);
#3595 = AXIS2_PLACEMENT_3D('',#3596,#3597,#3598);
#3596 = CARTESIAN_POINT('',(257.511,198.22,-1.3));
#3597 = DIRECTION('',(-0.,1.,0.));
#3598 = DIRECTION('',(0.,0.,1.));
#3599 = ADVANCED_FACE('',(#3600),#3616,.T.);
#3600 = FACE_BOUND('',#3601,.T.);
#3601 = EDGE_LOOP('',(#3602,#3608,#3609,#3615));
#3602 = ORIENTED_EDGE('',*,*,#3603,.F.);
#3603 = EDGE_CURVE('',#3512,#3552,#3604,.T.);
#3604 = LINE('',#3605,#3606);
#3605 = CARTESIAN_POINT('',(257.511,199.47,-1.3));
#3606 = VECTOR('',#3607,1.);
#3607 = DIRECTION('',(1.,0.,-0.));
#3608 = ORIENTED_EDGE('',*,*,#3519,.T.);
#3609 = ORIENTED_EDGE('',*,*,#3610,.T.);
#3610 = EDGE_CURVE('',#3520,#3560,#3611,.T.);
#3611 = LINE('',#3612,#3613);
#3612 = CARTESIAN_POINT('',(257.511,199.47,1.3));
#3613 = VECTOR('',#3614,1.);
#3614 = DIRECTION('',(1.,0.,-0.));
#3615 = ORIENTED_EDGE('',*,*,#3559,.F.);
#3616 = PLANE('',#3617);
#3617 = AXIS2_PLACEMENT_3D('',#3618,#3619,#3620);
#3618 = CARTESIAN_POINT('',(257.511,199.47,-1.3));
#3619 = DIRECTION('',(-0.,1.,0.));
#3620 = DIRECTION('',(0.,0.,1.));
#3621 = ADVANCED_FACE('',(#3622),#3628,.F.);
#3622 = FACE_BOUND('',#3623,.F.);
#3623 = EDGE_LOOP('',(#3624,#3625,#3626,#3627));
#3624 = ORIENTED_EDGE('',*,*,#3511,.F.);
#3625 = ORIENTED_EDGE('',*,*,#3581,.T.);
#3626 = ORIENTED_EDGE('',*,*,#3551,.T.);
#3627 = ORIENTED_EDGE('',*,*,#3603,.F.);
#3628 = PLANE('',#3629);
#3629 = AXIS2_PLACEMENT_3D('',#3630,#3631,#3632);
#3630 = CARTESIAN_POINT('',(257.511,198.22,-1.3));
#3631 = DIRECTION('',(0.,0.,1.));
#3632 = DIRECTION('',(1.,0.,-0.));
#3633 = ADVANCED_FACE('',(#3634),#3640,.T.);
#3634 = FACE_BOUND('',#3635,.T.);
#3635 = EDGE_LOOP('',(#3636,#3637,#3638,#3639));
#3636 = ORIENTED_EDGE('',*,*,#3527,.F.);
#3637 = ORIENTED_EDGE('',*,*,#3588,.T.);
#3638 = ORIENTED_EDGE('',*,*,#3567,.T.);
#3639 = ORIENTED_EDGE('',*,*,#3610,.F.);
#3640 = PLANE('',#3641);
#3641 = AXIS2_PLACEMENT_3D('',#3642,#3643,#3644);
#3642 = CARTESIAN_POINT('',(257.511,198.22,1.3));
#3643 = DIRECTION('',(0.,0.,1.));
#3644 = DIRECTION('',(1.,0.,-0.));
#3645 = ( GEOMETRIC_REPRESENTATION_CONTEXT(3) 
GLOBAL_UNCERTAINTY_ASSIGNED_CONTEXT((#3649)) 
GLOBAL_UNIT_ASSIGNED_CONTEXT((#3646,#3647,#3648)) REPRESENTATION_CONTEXT
('Context #1','3D Context with UNIT and UNCERTAINTY') );
#3646 = ( LENGTH_UNIT() NAMED_UNIT(*) SI_UNIT(.MILLI.,.METRE.) );
#3647 = ( NAMED_UNIT(*) PLANE_ANGLE_UNIT() SI_UNIT($,.RADIAN.) );
#3648 = ( NAMED_UNIT(*) SI_UNIT($,.STERADIAN.) SOLID_ANGLE_UNIT() );
#3649 = UNCERTAINTY_MEASURE_WITH_UNIT(LENGTH_MEASURE(1.E-07),#3646,
  'distance_accuracy_value','confusion accuracy');
#3650 = CONTEXT_DEPENDENT_SHAPE_REPRESENTATION(#3651,#3653);
#3651 = ( REPRESENTATION_RELATIONSHIP('','',#3494,#10) 
REPRESENTATION_RELATIONSHIP_WITH_TRANSFORMATION(#3652) 
SHAPE_REPRESENTATION_RELATIONSHIP() );
#3652 = ITEM_DEFINED_TRANSFORMATION('','',#11,#51);
#3653 = PRODUCT_DEFINITION_SHAPE('Placement','Placement of an item',
  #3654);
#3654 = NEXT_ASSEMBLY_USAGE_OCCURRENCE('10','Tile0_UFL','',#5,#3489,$);
#3655 = PRODUCT_RELATED_PRODUCT_CATEGORY('part',$,(#3491));
ENDSEC;
END-ISO-10303-21;
