ISO-10303-21;
HEADER;
FILE_DESCRIPTION(('FreeCAD Model'),'2;1');
FILE_NAME('Open CASCADE Shape Model','2026-09-30T17:57:07',('Author'),(
    ''),'Open CASCADE STEP processor 7.8','FreeCAD','Unknown');
FILE_SCHEMA(('AUTOMOTIVE_DESIGN { 1 0 10303 214 1 1 1 1 }'));
ENDSEC;
DATA;
#1 = APPLICATION_PROTOCOL_DEFINITION('international standard',
  'automotive_design',2000,#2);
#2 = APPLICATION_CONTEXT(
  'core data for automotive mechanical design processes');
#3 = SHAPE_DEFINITION_REPRESENTATION(#4,#10);
#4 = PRODUCT_DEFINITION_SHAPE('','',#5);
#5 = PRODUCT_DEFINITION('design','',#6,#9);
#6 = PRODUCT_DEFINITION_FORMATION('','',#7);
#7 = PRODUCT('Tile_0','Tile_0','',(#8));
#8 = PRODUCT_CONTEXT('',#2,'mechanical');
#9 = PRODUCT_DEFINITION_CONTEXT('part definition',#2,'design');
#10 = SHAPE_REPRESENTATION('',(#11,#15,#19,#23,#27,#31,#35,#39,#43,#47,
    #51),#55);
#11 = AXIS2_PLACEMENT_3D('',#12,#13,#14);
#12 = CARTESIAN_POINT('',(0.,0.,0.));
#13 = DIRECTION('',(0.,0.,1.));
#14 = DIRECTION('',(1.,0.,-0.));
#15 = AXIS2_PLACEMENT_3D('',#16,#17,#18);
#16 = CARTESIAN_POINT('',(0.,0.,0.));
#17 = DIRECTION('',(0.,0.,1.));
#18 = DIRECTION('',(1.,0.,0.));
#19 = AXIS2_PLACEMENT_3D('',#20,#21,#22);
#20 = CARTESIAN_POINT('',(0.,0.,0.));
#21 = DIRECTION('',(0.,0.,1.));
#22 = DIRECTION('',(1.,0.,0.));
#23 = AXIS2_PLACEMENT_3D('',#24,#25,#26);
#24 = CARTESIAN_POINT('',(0.,0.,0.));
#25 = DIRECTION('',(0.,0.,1.));
#26 = DIRECTION('',(1.,0.,0.));
#27 = AXIS2_PLACEMENT_3D('',#28,#29,#30);
#28 = CARTESIAN_POINT('',(0.,0.,0.));
#29 = DIRECTION('',(0.,0.,1.));
#30 = DIRECTION('',(1.,0.,0.));
#31 = AXIS2_PLACEMENT_3D('',#32,#33,#34);
#32 = CARTESIAN_POINT('',(0.,0.,0.));
#33 = DIRECTION('',(0.,0.,1.));
#34 = DIRECTION('',(1.,0.,0.));
#35 = AXIS2_PLACEMENT_3D('',#36,#37,#38);
#36 = CARTESIAN_POINT('',(0.,0.,0.));
#37 = DIRECTION('',(0.,0.,1.));
#38 = DIRECTION('',(1.,0.,0.));
#39 = AXIS2_PLACEMENT_3D('',#40,#41,#42);
#40 = CARTESIAN_POINT('',(0.,0.,0.));
#41 = DIRECTION('',(0.,0.,1.));
#42 = DIRECTION('',(1.,0.,0.));
#43 = AXIS2_PLACEMENT_3D('',#44,#45,#46);
#44 = CARTESIAN_POINT('',(0.,0.,0.));
#45 = DIRECTION('',(0.,0.,1.));
#46 = DIRECTION('',(1.,0.,0.));
#47 = AXIS2_PLACEMENT_3D('',#48,#49,#50);
#48 = CARTESIAN_POINT('',(0.,0.,0.));
#49 = DIRECTION('',(0.,0.,1.));
#50 = DIRECTION('',(1.,0.,0.));
#51 = AXIS2_PLACEMENT_3D('',#52,#53,#54);
#52 = CARTESIAN_POINT('',(0.,0.,0.));
#53 = DIRECTION('',(0.,0.,1.));
#54 = DIRECTION('',(1.,0.,0.));
#55 = ( GEOMETRIC_REPRESENTATION_CONTEXT(3) 
GLOBAL_UNCERTAINTY_ASSIGNED_CONTEXT((#59)) GLOBAL_UNIT_ASSIGNED_CONTEXT(
(#56,#57,#58)) REPRESENTATION_CONTEXT('Context #1',
  '3D Context with UNIT and UNCERTAINTY') );
#56 = ( LENGTH_UNIT() NAMED_UNIT(*) SI_UNIT(.MILLI.,.METRE.) );
#57 = ( NAMED_UNIT(*) PLANE_ANGLE_UNIT() SI_UNIT($,.RADIAN.) );
#58 = ( NAMED_UNIT(*) SI_UNIT($,.STERADIAN.) SOLID_ANGLE_UNIT() );
#59 = UNCERTAINTY_MEASURE_WITH_UNIT(LENGTH_MEASURE(2.E-06),#56,
  'distance_accuracy_value','confusion accuracy');
#60 = PRODUCT_RELATED_PRODUCT_CATEGORY('part',$,(#7));
#61 = SHAPE_DEFINITION_REPRESENTATION(#62,#68);
#62 = PRODUCT_DEFINITION_SHAPE('','',#63);
#63 = PRODUCT_DEFINITION('design','',#64,#67);
#64 = PRODUCT_DEFINITION_FORMATION('','',#65);
#65 = PRODUCT('Tile0_Body','Tile0_Body','',(#66));
#66 = PRODUCT_CONTEXT('',#2,'mechanical');
#67 = PRODUCT_DEFINITION_CONTEXT('part definition',#2,'design');
#68 = ADVANCED_BREP_SHAPE_REPRESENTATION('',(#11,#69),#543);
#69 = MANIFOLD_SOLID_BREP('',#70);
#70 = CLOSED_SHELL('',(#71,#111,#142,#173,#190,#207,#295,#330,#340,#365,
    #391,#417,#443,#469,#497,#525));
#71 = ADVANCED_FACE('',(#72),#106,.F.);
#72 = FACE_BOUND('',#73,.F.);
#73 = EDGE_LOOP('',(#74,#84,#92,#100));
#74 = ORIENTED_EDGE('',*,*,#75,.T.);
#75 = EDGE_CURVE('',#76,#78,#80,.T.);
#76 = VERTEX_POINT('',#77);
#77 = CARTESIAN_POINT('',(0.,-0.38,-3.5));
#78 = VERTEX_POINT('',#79);
#79 = CARTESIAN_POINT('',(0.,-0.38,3.5));
#80 = LINE('',#81,#82);
#81 = CARTESIAN_POINT('',(0.,-0.38,-3.5));
#82 = VECTOR('',#83,1.);
#83 = DIRECTION('',(0.,0.,1.));
#84 = ORIENTED_EDGE('',*,*,#85,.T.);
#85 = EDGE_CURVE('',#78,#86,#88,.T.);
#86 = VERTEX_POINT('',#87);
#87 = CARTESIAN_POINT('',(140.2997,-0.38,3.5));
#88 = LINE('',#89,#90);
#89 = CARTESIAN_POINT('',(0.,-0.38,3.5));
#90 = VECTOR('',#91,1.);
#91 = DIRECTION('',(1.,0.,0.));
#92 = ORIENTED_EDGE('',*,*,#93,.F.);
#93 = EDGE_CURVE('',#94,#86,#96,.T.);
#94 = VERTEX_POINT('',#95);
#95 = CARTESIAN_POINT('',(140.2997,-0.38,-3.5));
#96 = LINE('',#97,#98);
#97 = CARTESIAN_POINT('',(140.2997,-0.38,-3.5));
#98 = VECTOR('',#99,1.);
#99 = DIRECTION('',(0.,0.,1.));
#100 = ORIENTED_EDGE('',*,*,#101,.F.);
#101 = EDGE_CURVE('',#76,#94,#102,.T.);
#102 = LINE('',#103,#104);
#103 = CARTESIAN_POINT('',(0.,-0.38,-3.5));
#104 = VECTOR('',#105,1.);
#105 = DIRECTION('',(1.,0.,0.));
#106 = PLANE('',#107);
#107 = AXIS2_PLACEMENT_3D('',#108,#109,#110);
#108 = CARTESIAN_POINT('',(0.,-0.38,-3.5));
#109 = DIRECTION('',(0.,1.,0.));
#110 = DIRECTION('',(1.,0.,0.));
#111 = ADVANCED_FACE('',(#112),#137,.F.);
#112 = FACE_BOUND('',#113,.F.);
#113 = EDGE_LOOP('',(#114,#124,#130,#131));
#114 = ORIENTED_EDGE('',*,*,#115,.T.);
#115 = EDGE_CURVE('',#116,#118,#120,.T.);
#116 = VERTEX_POINT('',#117);
#117 = CARTESIAN_POINT('',(129.5997,190.62,-3.5));
#118 = VERTEX_POINT('',#119);
#119 = CARTESIAN_POINT('',(129.5997,190.62,3.5));
#120 = LINE('',#121,#122);
#121 = CARTESIAN_POINT('',(129.5997,190.62,-3.5));
#122 = VECTOR('',#123,1.);
#123 = DIRECTION('',(0.,0.,1.));
#124 = ORIENTED_EDGE('',*,*,#125,.T.);
#125 = EDGE_CURVE('',#118,#78,#126,.T.);
#126 = LINE('',#127,#128);
#127 = CARTESIAN_POINT('',(129.5997,190.62,3.5));
#128 = VECTOR('',#129,1.);
#129 = DIRECTION('',(-0.561479339105,-0.827490756298,0.));
#130 = ORIENTED_EDGE('',*,*,#75,.F.);
#131 = ORIENTED_EDGE('',*,*,#132,.F.);
#132 = EDGE_CURVE('',#116,#76,#133,.T.);
#133 = LINE('',#134,#135);
#134 = CARTESIAN_POINT('',(129.5997,190.62,-3.5));
#135 = VECTOR('',#136,1.);
#136 = DIRECTION('',(-0.561479339105,-0.827490756298,0.));
#137 = PLANE('',#138);
#138 = AXIS2_PLACEMENT_3D('',#139,#140,#141);
#139 = CARTESIAN_POINT('',(129.5997,190.62,-3.5));
#140 = DIRECTION('',(0.827490756298,-0.561479339105,0.));
#141 = DIRECTION('',(-0.561479339105,-0.827490756298,0.));
#142 = ADVANCED_FACE('',(#143),#168,.F.);
#143 = FACE_BOUND('',#144,.F.);
#144 = EDGE_LOOP('',(#145,#146,#154,#162));
#145 = ORIENTED_EDGE('',*,*,#93,.T.);
#146 = ORIENTED_EDGE('',*,*,#147,.T.);
#147 = EDGE_CURVE('',#86,#148,#150,.T.);
#148 = VERTEX_POINT('',#149);
#149 = CARTESIAN_POINT('',(289.3997,190.62,3.5));
#150 = LINE('',#151,#152);
#151 = CARTESIAN_POINT('',(140.2997,-0.38,3.5));
#152 = VECTOR('',#153,1.);
#153 = DIRECTION('',(0.615339662264,0.788262075737,0.));
#154 = ORIENTED_EDGE('',*,*,#155,.F.);
#155 = EDGE_CURVE('',#156,#148,#158,.T.);
#156 = VERTEX_POINT('',#157);
#157 = CARTESIAN_POINT('',(289.3997,190.62,-3.5));
#158 = LINE('',#159,#160);
#159 = CARTESIAN_POINT('',(289.3997,190.62,-3.5));
#160 = VECTOR('',#161,1.);
#161 = DIRECTION('',(0.,0.,1.));
#162 = ORIENTED_EDGE('',*,*,#163,.F.);
#163 = EDGE_CURVE('',#94,#156,#164,.T.);
#164 = LINE('',#165,#166);
#165 = CARTESIAN_POINT('',(140.2997,-0.38,-3.5));
#166 = VECTOR('',#167,1.);
#167 = DIRECTION('',(0.615339662264,0.788262075737,0.));
#168 = PLANE('',#169);
#169 = AXIS2_PLACEMENT_3D('',#170,#171,#172);
#170 = CARTESIAN_POINT('',(140.2997,-0.38,-3.5));
#171 = DIRECTION('',(-0.788262075737,0.615339662264,0.));
#172 = DIRECTION('',(0.615339662264,0.788262075737,0.));
#173 = ADVANCED_FACE('',(#174),#185,.F.);
#174 = FACE_BOUND('',#175,.F.);
#175 = EDGE_LOOP('',(#176,#177,#178,#184));
#176 = ORIENTED_EDGE('',*,*,#101,.T.);
#177 = ORIENTED_EDGE('',*,*,#163,.T.);
#178 = ORIENTED_EDGE('',*,*,#179,.T.);
#179 = EDGE_CURVE('',#156,#116,#180,.T.);
#180 = LINE('',#181,#182);
#181 = CARTESIAN_POINT('',(289.3997,190.62,-3.5));
#182 = VECTOR('',#183,1.);
#183 = DIRECTION('',(-1.,0.,0.));
#184 = ORIENTED_EDGE('',*,*,#132,.T.);
#185 = PLANE('',#186);
#186 = AXIS2_PLACEMENT_3D('',#187,#188,#189);
#187 = CARTESIAN_POINT('',(142.69650293805,97.528461978092,-3.5));
#188 = DIRECTION('',(0.,0.,1.));
#189 = DIRECTION('',(1.,0.,-0.));
#190 = ADVANCED_FACE('',(#191),#202,.T.);
#191 = FACE_BOUND('',#192,.T.);
#192 = EDGE_LOOP('',(#193,#194,#195,#201));
#193 = ORIENTED_EDGE('',*,*,#85,.T.);
#194 = ORIENTED_EDGE('',*,*,#147,.T.);
#195 = ORIENTED_EDGE('',*,*,#196,.T.);
#196 = EDGE_CURVE('',#148,#118,#197,.T.);
#197 = LINE('',#198,#199);
#198 = CARTESIAN_POINT('',(289.3997,190.62,3.5));
#199 = VECTOR('',#200,1.);
#200 = DIRECTION('',(-1.,0.,0.));
#201 = ORIENTED_EDGE('',*,*,#125,.T.);
#202 = PLANE('',#203);
#203 = AXIS2_PLACEMENT_3D('',#204,#205,#206);
#204 = CARTESIAN_POINT('',(142.69650293805,97.528461978092,3.5));
#205 = DIRECTION('',(0.,0.,1.));
#206 = DIRECTION('',(1.,0.,-0.));
#207 = ADVANCED_FACE('',(#208,#214,#279),#290,.F.);
#208 = FACE_BOUND('',#209,.F.);
#209 = EDGE_LOOP('',(#210,#211,#212,#213));
#210 = ORIENTED_EDGE('',*,*,#155,.T.);
#211 = ORIENTED_EDGE('',*,*,#196,.T.);
#212 = ORIENTED_EDGE('',*,*,#115,.F.);
#213 = ORIENTED_EDGE('',*,*,#179,.F.);
#214 = FACE_BOUND('',#215,.F.);
#215 = EDGE_LOOP('',(#216,#273));
#216 = ORIENTED_EDGE('',*,*,#217,.F.);
#217 = EDGE_CURVE('',#218,#220,#222,.T.);
#218 = VERTEX_POINT('',#219);
#219 = CARTESIAN_POINT('',(198.7267,190.62,-0.65));
#220 = VERTEX_POINT('',#221);
#221 = CARTESIAN_POINT('',(198.72670001457,190.62,0.65));
#222 = B_SPLINE_CURVE_WITH_KNOTS('',7,(#223,#224,#225,#226,#227,#228,
    #229,#230,#231,#232,#233,#234,#235,#236,#237,#238,#239,#240,#241,
    #242,#243,#244,#245,#246,#247,#248,#249,#250,#251,#252,#253,#254,
    #255,#256,#257,#258,#259,#260,#261,#262,#263,#264,#265,#266,#267,
    #268,#269,#270,#271,#272),.UNSPECIFIED.,.F.,.F.,(8,6,6,6,6,6,6,6,8),
  (0.,0.304001022031,0.410018185106,0.446024102792,0.50353353218,
    0.535306623068,0.589315492006,0.637323378571,1.),.UNSPECIFIED.);
#223 = CARTESIAN_POINT('',(198.7267,190.62,-0.65));
#224 = CARTESIAN_POINT('',(198.81536839232,190.62,-0.65));
#225 = CARTESIAN_POINT('',(198.90408218375,190.62,-0.63588861805));
#226 = CARTESIAN_POINT('',(198.99006363952,190.62,-0.607639493292));
#227 = CARTESIAN_POINT('',(199.07062831869,190.62,-0.565950061306));
#228 = CARTESIAN_POINT('',(199.14334972986,190.62,-0.51207594738));
#229 = CARTESIAN_POINT('',(199.20610806915,190.62,-0.447805746281));
#230 = CARTESIAN_POINT('',(199.27518031378,190.62,-0.350179275763));
#231 = CARTESIAN_POINT('',(199.29163922232,190.62,-0.323944855756));
#232 = CARTESIAN_POINT('',(199.30663097913,190.62,-0.296812634274));
#233 = CARTESIAN_POINT('',(199.32009740452,190.62,-0.268881387761));
#234 = CARTESIAN_POINT('',(199.3319887223,190.62,-0.240254358982));
#235 = CARTESIAN_POINT('',(199.34226388428,190.62,-0.211038583961));
#236 = CARTESIAN_POINT('',(199.35382083013,190.62,-0.171259315384));
#237 = CARTESIAN_POINT('',(199.35656067016,190.62,-0.161119181205));
#238 = CARTESIAN_POINT('',(199.35910916425,190.62,-0.150928121949));
#239 = CARTESIAN_POINT('',(199.36146518511,190.62,-0.140690471568));
#240 = CARTESIAN_POINT('',(199.36362772881,190.62,-0.130410592405));
#241 = CARTESIAN_POINT('',(199.36559591482,190.62,-0.120092875195));
#242 = CARTESIAN_POINT('',(199.37020097343,190.62,-9.320868086678E-02));
#243 = CARTESIAN_POINT('',(199.37253520447,190.62,-7.659033247103E-02));
#244 = CARTESIAN_POINT('',(199.37436859196,190.62,-5.990473705905E-02));
#245 = CARTESIAN_POINT('',(199.37569887,190.62,-4.317000347786E-02));
#246 = CARTESIAN_POINT('',(199.37652459391,190.62,-2.640430623736E-02));
#247 = CARTESIAN_POINT('',(199.37684514015,190.62,-9.625885510371E-03));
#248 = CARTESIAN_POINT('',(199.37655880955,190.62,1.641369266808E-02));
#249 = CARTESIAN_POINT('',(199.37630277321,190.62,2.567873970799E-02));
#250 = CARTESIAN_POINT('',(199.37589263137,190.62,3.493901365307E-02));
#251 = CARTESIAN_POINT('',(199.37532849462,190.62,4.419143906368E-02));
#252 = CARTESIAN_POINT('',(199.37461055017,190.62,5.343294539464E-02));
#253 = CARTESIAN_POINT('',(199.37373906185,190.62,6.266046699523E-02));
#254 = CARTESIAN_POINT('',(199.37097256778,190.62,8.752719131784E-02));
#255 = CARTESIAN_POINT('',(199.368788092,190.62,0.103134211732));
#256 = CARTESIAN_POINT('',(199.3661626211,190.62,0.118676940975));
#257 = CARTESIAN_POINT('',(199.36309846198,190.62,0.134140440226));
#258 = CARTESIAN_POINT('',(199.35959855015,190.62,0.149509895226));
#259 = CARTESIAN_POINT('',(199.35566644972,190.62,0.16477061627));
#260 = CARTESIAN_POINT('',(199.34743071194,190.62,0.193363525244));
#261 = CARTESIAN_POINT('',(199.34321689347,190.62,0.206721617697));
#262 = CARTESIAN_POINT('',(199.33866784366,190.62,0.219972093113));
#263 = CARTESIAN_POINT('',(199.33378688321,190.62,0.233104868411));
#264 = CARTESIAN_POINT('',(199.32857770781,190.62,0.246109999883));
#265 = CARTESIAN_POINT('',(199.32304438819,190.62,0.2589776832));
#266 = CARTESIAN_POINT('',(199.27297461746,190.62,0.367796077252));
#267 = CARTESIAN_POINT('',(199.21046648934,190.62,0.455598381386));
#268 = CARTESIAN_POINT('',(199.13159604351,190.62,0.530730347619));
#269 = CARTESIAN_POINT('',(199.03959560325,190.62,0.589670967358));
#270 = CARTESIAN_POINT('',(198.93837446416,190.62,0.629915727173));
#271 = CARTESIAN_POINT('',(198.83248238356,190.62,0.65));
#272 = CARTESIAN_POINT('',(198.7267,190.62,0.65));
#273 = ORIENTED_EDGE('',*,*,#274,.F.);
#274 = EDGE_CURVE('',#220,#218,#275,.T.);
#275 = LINE('',#276,#277);
#276 = CARTESIAN_POINT('',(198.72669996802,190.62,-1.75));
#277 = VECTOR('',#278,1.);
#278 = DIRECTION('',(-0.,-0.,-1.));
#279 = FACE_BOUND('',#280,.F.);
#280 = EDGE_LOOP('',(#281));
#281 = ORIENTED_EDGE('',*,*,#282,.F.);
#282 = EDGE_CURVE('',#283,#283,#285,.T.);
#283 = VERTEX_POINT('',#284);
#284 = CARTESIAN_POINT('',(197.5267,190.62,-0.65));
#285 = CIRCLE('',#286,0.65);
#286 = AXIS2_PLACEMENT_3D('',#287,#288,#289);
#287 = CARTESIAN_POINT('',(197.5267,190.62,0.));
#288 = DIRECTION('',(0.,-1.,0.));
#289 = DIRECTION('',(0.,0.,-1.));
#290 = PLANE('',#291);
#291 = AXIS2_PLACEMENT_3D('',#292,#293,#294);
#292 = CARTESIAN_POINT('',(289.3997,190.62,-3.5));
#293 = DIRECTION('',(0.,-1.,0.));
#294 = DIRECTION('',(-1.,0.,0.));
#295 = ADVANCED_FACE('',(#296),#322,.F.);
#296 = FACE_BOUND('',#297,.F.);
#297 = EDGE_LOOP('',(#298,#307,#313,#314,#321));
#298 = ORIENTED_EDGE('',*,*,#299,.F.);
#299 = EDGE_CURVE('',#300,#300,#302,.T.);
#300 = VERTEX_POINT('',#301);
#301 = CARTESIAN_POINT('',(198.7267,186.62,-0.65));
#302 = CIRCLE('',#303,0.65);
#303 = AXIS2_PLACEMENT_3D('',#304,#305,#306);
#304 = CARTESIAN_POINT('',(198.7267,186.62,0.));
#305 = DIRECTION('',(3.230015613809E-06,-0.999999999995,-0.));
#306 = DIRECTION('',(-0.999999999995,-3.230015613809E-06,0.));
#307 = ORIENTED_EDGE('',*,*,#308,.T.);
#308 = EDGE_CURVE('',#300,#218,#309,.T.);
#309 = LINE('',#310,#311);
#310 = CARTESIAN_POINT('',(198.7267,186.62,-0.65));
#311 = VECTOR('',#312,1.);
#312 = DIRECTION('',(0.,1.,0.));
#313 = ORIENTED_EDGE('',*,*,#217,.T.);
#314 = ORIENTED_EDGE('',*,*,#315,.F.);
#315 = EDGE_CURVE('',#218,#220,#316,.T.);
#316 = CIRCLE('',#317,0.65);
#317 = AXIS2_PLACEMENT_3D('',#318,#319,#320);
#318 = CARTESIAN_POINT('',(198.7267,190.62,0.));
#319 = DIRECTION('',(-5.306299317176E-05,0.999999998592,0.));
#320 = DIRECTION('',(0.,0.,-1.));
#321 = ORIENTED_EDGE('',*,*,#308,.F.);
#322 = SURFACE_OF_LINEAR_EXTRUSION('',#323,#328);
#323 = CIRCLE('',#324,0.65);
#324 = AXIS2_PLACEMENT_3D('',#325,#326,#327);
#325 = CARTESIAN_POINT('',(198.7267,186.62,0.));
#326 = DIRECTION('',(-5.306299317176E-05,0.999999998592,0.));
#327 = DIRECTION('',(0.,0.,-1.));
#328 = VECTOR('',#329,1.);
#329 = DIRECTION('',(0.,1.,0.));
#330 = ADVANCED_FACE('',(#331),#335,.F.);
#331 = FACE_BOUND('',#332,.F.);
#332 = EDGE_LOOP('',(#333,#334));
#333 = ORIENTED_EDGE('',*,*,#274,.T.);
#334 = ORIENTED_EDGE('',*,*,#315,.T.);
#335 = PLANE('',#336);
#336 = AXIS2_PLACEMENT_3D('',#337,#338,#339);
#337 = CARTESIAN_POINT('',(198.7267,190.62,1.101183760579E-15));
#338 = DIRECTION('',(-5.306299318441E-05,0.999999998592,0.));
#339 = DIRECTION('',(0.999999998592,5.306299318441E-05,0.));
#340 = ADVANCED_FACE('',(#341),#360,.F.);
#341 = FACE_BOUND('',#342,.F.);
#342 = EDGE_LOOP('',(#343,#351,#358,#359));
#343 = ORIENTED_EDGE('',*,*,#344,.T.);
#344 = EDGE_CURVE('',#283,#345,#347,.T.);
#345 = VERTEX_POINT('',#346);
#346 = CARTESIAN_POINT('',(197.5267,186.62,-0.65));
#347 = LINE('',#348,#349);
#348 = CARTESIAN_POINT('',(197.5267,190.62,-0.65));
#349 = VECTOR('',#350,1.);
#350 = DIRECTION('',(0.,-1.,0.));
#351 = ORIENTED_EDGE('',*,*,#352,.F.);
#352 = EDGE_CURVE('',#345,#345,#353,.T.);
#353 = CIRCLE('',#354,0.65);
#354 = AXIS2_PLACEMENT_3D('',#355,#356,#357);
#355 = CARTESIAN_POINT('',(197.5267,186.62,0.));
#356 = DIRECTION('',(0.,-1.,0.));
#357 = DIRECTION('',(0.,0.,-1.));
#358 = ORIENTED_EDGE('',*,*,#344,.F.);
#359 = ORIENTED_EDGE('',*,*,#282,.T.);
#360 = CYLINDRICAL_SURFACE('',#361,0.65);
#361 = AXIS2_PLACEMENT_3D('',#362,#363,#364);
#362 = CARTESIAN_POINT('',(197.5267,190.62,0.));
#363 = DIRECTION('',(0.,-1.,0.));
#364 = DIRECTION('',(0.,0.,-1.));
#365 = ADVANCED_FACE('',(#366),#386,.F.);
#366 = FACE_BOUND('',#367,.F.);
#367 = EDGE_LOOP('',(#368,#377,#378,#379));
#368 = ORIENTED_EDGE('',*,*,#369,.T.);
#369 = EDGE_CURVE('',#370,#300,#372,.T.);
#370 = VERTEX_POINT('',#371);
#371 = CARTESIAN_POINT('',(213.8427,163.6568,-0.65));
#372 = CIRCLE('',#373,25.000189165346);
#373 = AXIS2_PLACEMENT_3D('',#374,#375,#376);
#374 = CARTESIAN_POINT('',(223.72688916521,186.620080751,-0.65));
#375 = DIRECTION('',(-0.,0.,-1.));
#376 = DIRECTION('',(-0.395364575038,-0.918524279922,0.));
#377 = ORIENTED_EDGE('',*,*,#299,.T.);
#378 = ORIENTED_EDGE('',*,*,#369,.F.);
#379 = ORIENTED_EDGE('',*,*,#380,.F.);
#380 = EDGE_CURVE('',#370,#370,#381,.T.);
#381 = CIRCLE('',#382,0.65);
#382 = AXIS2_PLACEMENT_3D('',#383,#384,#385);
#383 = CARTESIAN_POINT('',(213.8427,163.6568,0.));
#384 = DIRECTION('',(0.918528036618,-0.39535584724,0.));
#385 = DIRECTION('',(0.39535584724,0.918528036618,0.));
#386 = TOROIDAL_SURFACE('',#387,25.000189165346,0.65);
#387 = AXIS2_PLACEMENT_3D('',#388,#389,#390);
#388 = CARTESIAN_POINT('',(223.72688916521,186.620080751,0.));
#389 = DIRECTION('',(-0.,0.,-1.));
#390 = DIRECTION('',(-0.395364575038,-0.918524279922,0.));
#391 = ADVANCED_FACE('',(#392),#412,.F.);
#392 = FACE_BOUND('',#393,.F.);
#393 = EDGE_LOOP('',(#394,#403,#410,#411));
#394 = ORIENTED_EDGE('',*,*,#395,.T.);
#395 = EDGE_CURVE('',#345,#396,#398,.T.);
#396 = VERTEX_POINT('',#397);
#397 = CARTESIAN_POINT('',(171.2534,161.6524,-0.65));
#398 = CIRCLE('',#399,25.000019329479);
#399 = AXIS2_PLACEMENT_3D('',#400,#401,#402);
#400 = CARTESIAN_POINT('',(172.52668067053,186.61997342651,-0.65));
#401 = DIRECTION('',(0.,0.,-1.));
#402 = DIRECTION('',(0.999999999999,1.062938635073E-06,0.));
#403 = ORIENTED_EDGE('',*,*,#404,.T.);
#404 = EDGE_CURVE('',#396,#396,#405,.T.);
#405 = CIRCLE('',#406,0.65);
#406 = AXIS2_PLACEMENT_3D('',#407,#408,#409);
#407 = CARTESIAN_POINT('',(171.2534,161.6524,0.));
#408 = DIRECTION('',(0.998702164885,-5.093118744249E-02,0.));
#409 = DIRECTION('',(-5.093118744249E-02,-0.998702164885,0.));
#410 = ORIENTED_EDGE('',*,*,#395,.F.);
#411 = ORIENTED_EDGE('',*,*,#352,.T.);
#412 = TOROIDAL_SURFACE('',#413,25.000019329479,0.65);
#413 = AXIS2_PLACEMENT_3D('',#414,#415,#416);
#414 = CARTESIAN_POINT('',(172.52668067053,186.61997342651,0.));
#415 = DIRECTION('',(0.,-0.,-1.));
#416 = DIRECTION('',(0.999999999999,1.062938635073E-06,0.));
#417 = ADVANCED_FACE('',(#418),#438,.F.);
#418 = FACE_BOUND('',#419,.F.);
#419 = EDGE_LOOP('',(#420,#429,#430,#431));
#420 = ORIENTED_EDGE('',*,*,#421,.T.);
#421 = EDGE_CURVE('',#422,#370,#424,.T.);
#422 = VERTEX_POINT('',#423);
#423 = CARTESIAN_POINT('',(220.8484,122.2618,-0.65));
#424 = CIRCLE('',#425,24.999853580819);
#425 = AXIS2_PLACEMENT_3D('',#426,#427,#428);
#426 = CARTESIAN_POINT('',(203.95886170668,140.69373357467,-0.65));
#427 = DIRECTION('',(-0.,0.,1.));
#428 = DIRECTION('',(0.675585488479,-0.737281661074,0.));
#429 = ORIENTED_EDGE('',*,*,#380,.T.);
#430 = ORIENTED_EDGE('',*,*,#421,.F.);
#431 = ORIENTED_EDGE('',*,*,#432,.T.);
#432 = EDGE_CURVE('',#422,#422,#433,.T.);
#433 = CIRCLE('',#434,0.65);
#434 = AXIS2_PLACEMENT_3D('',#435,#436,#437);
#435 = CARTESIAN_POINT('',(220.8484,122.2618,0.));
#436 = DIRECTION('',(0.737254413423,0.67561522325,0.));
#437 = DIRECTION('',(0.,0.,-1.));
#438 = TOROIDAL_SURFACE('',#439,24.999853580819,0.65);
#439 = AXIS2_PLACEMENT_3D('',#440,#441,#442);
#440 = CARTESIAN_POINT('',(203.95886170668,140.69373357467,0.));
#441 = DIRECTION('',(-0.,0.,1.));
#442 = DIRECTION('',(0.675585488479,-0.737281661074,0.));
#443 = ADVANCED_FACE('',(#444),#464,.F.);
#444 = FACE_BOUND('',#445,.F.);
#445 = EDGE_LOOP('',(#446,#455,#462,#463));
#446 = ORIENTED_EDGE('',*,*,#447,.T.);
#447 = EDGE_CURVE('',#396,#448,#450,.T.);
#448 = VERTEX_POINT('',#449);
#449 = CARTESIAN_POINT('',(153.0903,155.1168,-0.65));
#450 = CIRCLE('',#451,24.999025151191);
#451 = AXIS2_PLACEMENT_3D('',#452,#453,#454);
#452 = CARTESIAN_POINT('',(169.97967942111,136.68584448273,-0.65));
#453 = DIRECTION('',(0.,-0.,1.));
#454 = DIRECTION('',(5.095080992885E-02,0.998701163996,0.));
#455 = ORIENTED_EDGE('',*,*,#456,.T.);
#456 = EDGE_CURVE('',#448,#448,#457,.T.);
#457 = CIRCLE('',#458,0.65);
#458 = AXIS2_PLACEMENT_3D('',#459,#460,#461);
#459 = CARTESIAN_POINT('',(153.0903,155.1168,0.));
#460 = DIRECTION('',(0.737266969644,0.675601521218,0.));
#461 = DIRECTION('',(-0.675601521218,0.737266969644,0.));
#462 = ORIENTED_EDGE('',*,*,#447,.F.);
#463 = ORIENTED_EDGE('',*,*,#404,.F.);
#464 = TOROIDAL_SURFACE('',#465,24.999025151191,0.65);
#465 = AXIS2_PLACEMENT_3D('',#466,#467,#468);
#466 = CARTESIAN_POINT('',(169.97967942111,136.68584448273,0.));
#467 = DIRECTION('',(0.,-0.,1.));
#468 = DIRECTION('',(5.095080992885E-02,0.998701163996,0.));
#469 = ADVANCED_FACE('',(#470),#489,.F.);
#470 = FACE_BOUND('',#471,.F.);
#471 = EDGE_LOOP('',(#472,#480,#481,#482));
#472 = ORIENTED_EDGE('',*,*,#473,.T.);
#473 = EDGE_CURVE('',#474,#422,#476,.T.);
#474 = VERTEX_POINT('',#475);
#475 = CARTESIAN_POINT('',(105.7724,16.814,-0.65));
#476 = LINE('',#477,#478);
#477 = CARTESIAN_POINT('',(105.7724,16.814,-0.65));
#478 = VECTOR('',#479,1.);
#479 = DIRECTION('',(0.737277101236,0.675590464699,0.));
#480 = ORIENTED_EDGE('',*,*,#432,.F.);
#481 = ORIENTED_EDGE('',*,*,#473,.F.);
#482 = ORIENTED_EDGE('',*,*,#483,.F.);
#483 = EDGE_CURVE('',#474,#474,#484,.T.);
#484 = CIRCLE('',#485,0.65);
#485 = AXIS2_PLACEMENT_3D('',#486,#487,#488);
#486 = CARTESIAN_POINT('',(105.7724,16.814,0.));
#487 = DIRECTION('',(-0.737276640131,-0.675590967907,0.));
#488 = DIRECTION('',(0.675590967907,-0.737276640131,0.));
#489 = SURFACE_OF_LINEAR_EXTRUSION('',#490,#495);
#490 = CIRCLE('',#491,0.65);
#491 = AXIS2_PLACEMENT_3D('',#492,#493,#494);
#492 = CARTESIAN_POINT('',(105.7724,16.814,0.));
#493 = DIRECTION('',(0.737254413423,0.67561522325,0.));
#494 = DIRECTION('',(0.,0.,-1.));
#495 = VECTOR('',#496,1.);
#496 = DIRECTION('',(0.737277101236,0.675590464699,0.));
#497 = ADVANCED_FACE('',(#498),#517,.F.);
#498 = FACE_BOUND('',#499,.F.);
#499 = EDGE_LOOP('',(#500,#508,#515,#516));
#500 = ORIENTED_EDGE('',*,*,#501,.T.);
#501 = EDGE_CURVE('',#448,#502,#504,.T.);
#502 = VERTEX_POINT('',#503);
#503 = CARTESIAN_POINT('',(58.481,68.4234,-0.65));
#504 = LINE('',#505,#506);
#505 = CARTESIAN_POINT('',(153.0903,155.1168,-0.65));
#506 = VECTOR('',#507,1.);
#507 = DIRECTION('',(-0.737277534547,-0.675589991824,0.));
#508 = ORIENTED_EDGE('',*,*,#509,.F.);
#509 = EDGE_CURVE('',#502,#502,#510,.T.);
#510 = CIRCLE('',#511,0.65);
#511 = AXIS2_PLACEMENT_3D('',#512,#513,#514);
#512 = CARTESIAN_POINT('',(58.481000000001,68.423399999999,0.));
#513 = DIRECTION('',(-0.737254413423,-0.67561522325,-0.));
#514 = DIRECTION('',(0.,0.,-1.));
#515 = ORIENTED_EDGE('',*,*,#501,.F.);
#516 = ORIENTED_EDGE('',*,*,#456,.F.);
#517 = SURFACE_OF_LINEAR_EXTRUSION('',#518,#523);
#518 = CIRCLE('',#519,0.65);
#519 = AXIS2_PLACEMENT_3D('',#520,#521,#522);
#520 = CARTESIAN_POINT('',(153.0903,155.1168,0.));
#521 = DIRECTION('',(-0.737254413423,-0.67561522325,-0.));
#522 = DIRECTION('',(0.,0.,-1.));
#523 = VECTOR('',#524,1.);
#524 = DIRECTION('',(-0.737277534547,-0.675589991824,0.));
#525 = ADVANCED_FACE('',(#526),#538,.F.);
#526 = FACE_BOUND('',#527,.F.);
#527 = EDGE_LOOP('',(#528,#535,#536,#537));
#528 = ORIENTED_EDGE('',*,*,#529,.T.);
#529 = EDGE_CURVE('',#502,#474,#530,.T.);
#530 = CIRCLE('',#531,35.00002386542);
#531 = AXIS2_PLACEMENT_3D('',#532,#533,#534);
#532 = CARTESIAN_POINT('',(82.1267,42.6187,-0.65));
#533 = DIRECTION('',(0.,0.,1.));
#534 = DIRECTION('',(-0.675590967907,0.737276640131,0.));
#535 = ORIENTED_EDGE('',*,*,#483,.T.);
#536 = ORIENTED_EDGE('',*,*,#529,.F.);
#537 = ORIENTED_EDGE('',*,*,#509,.T.);
#538 = TOROIDAL_SURFACE('',#539,35.00002386542,0.65);
#539 = AXIS2_PLACEMENT_3D('',#540,#541,#542);
#540 = CARTESIAN_POINT('',(82.1267,42.6187,0.));
#541 = DIRECTION('',(0.,0.,1.));
#542 = DIRECTION('',(-0.675590967907,0.737276640131,0.));
#543 = ( GEOMETRIC_REPRESENTATION_CONTEXT(3) 
GLOBAL_UNCERTAINTY_ASSIGNED_CONTEXT((#547)) GLOBAL_UNIT_ASSIGNED_CONTEXT
((#544,#545,#546)) REPRESENTATION_CONTEXT('Context #1',
  '3D Context with UNIT and UNCERTAINTY') );
#544 = ( LENGTH_UNIT() NAMED_UNIT(*) SI_UNIT(.MILLI.,.METRE.) );
#545 = ( NAMED_UNIT(*) PLANE_ANGLE_UNIT() SI_UNIT($,.RADIAN.) );
#546 = ( NAMED_UNIT(*) SI_UNIT($,.STERADIAN.) SOLID_ANGLE_UNIT() );
#547 = UNCERTAINTY_MEASURE_WITH_UNIT(LENGTH_MEASURE(5.E-06),#544,
  'distance_accuracy_value','confusion accuracy');
#548 = CONTEXT_DEPENDENT_SHAPE_REPRESENTATION(#549,#551);
#549 = ( REPRESENTATION_RELATIONSHIP('','',#68,#10) 
REPRESENTATION_RELATIONSHIP_WITH_TRANSFORMATION(#550) 
SHAPE_REPRESENTATION_RELATIONSHIP() );
#550 = ITEM_DEFINED_TRANSFORMATION('','',#11,#15);
#551 = PRODUCT_DEFINITION_SHAPE('Placement','Placement of an item',#552
  );
#552 = NEXT_ASSEMBLY_USAGE_OCCURRENCE('1','Tile0_Body','',#5,#63,$);
#553 = PRODUCT_RELATED_PRODUCT_CATEGORY('part',$,(#65));
#554 = SHAPE_DEFINITION_REPRESENTATION(#555,#561);
#555 = PRODUCT_DEFINITION_SHAPE('','',#556);
#556 = PRODUCT_DEFINITION('design','',#557,#560);
#557 = PRODUCT_DEFINITION_FORMATION('','',#558);
#558 = PRODUCT('Tile0_Fiber','Tile0_Fiber','',(#559));
#559 = PRODUCT_CONTEXT('',#2,'mechanical');
#560 = PRODUCT_DEFINITION_CONTEXT('part definition',#2,'design');
#561 = ADVANCED_BREP_SHAPE_REPRESENTATION('',(#11,#562),#829);
#562 = MANIFOLD_SOLID_BREP('',#563);
#563 = CLOSED_SHELL('',(#564,#597,#623,#649,#677,#703,#731,#757,#783,
    #811,#820));
#564 = ADVANCED_FACE('',(#565),#592,.T.);
#565 = FACE_BOUND('',#566,.T.);
#566 = EDGE_LOOP('',(#567,#577,#584,#585));
#567 = ORIENTED_EDGE('',*,*,#568,.T.);
#568 = EDGE_CURVE('',#569,#571,#573,.T.);
#569 = VERTEX_POINT('',#570);
#570 = CARTESIAN_POINT('',(197.5267,190.62,-0.5));
#571 = VERTEX_POINT('',#572);
#572 = CARTESIAN_POINT('',(197.5267,186.62,-0.5));
#573 = LINE('',#574,#575);
#574 = CARTESIAN_POINT('',(197.5267,190.62,-0.5));
#575 = VECTOR('',#576,1.);
#576 = DIRECTION('',(0.,-1.,0.));
#577 = ORIENTED_EDGE('',*,*,#578,.F.);
#578 = EDGE_CURVE('',#571,#571,#579,.T.);
#579 = CIRCLE('',#580,0.5);
#580 = AXIS2_PLACEMENT_3D('',#581,#582,#583);
#581 = CARTESIAN_POINT('',(197.5267,186.62,0.));
#582 = DIRECTION('',(0.,-1.,0.));
#583 = DIRECTION('',(0.,0.,-1.));
#584 = ORIENTED_EDGE('',*,*,#568,.F.);
#585 = ORIENTED_EDGE('',*,*,#586,.T.);
#586 = EDGE_CURVE('',#569,#569,#587,.T.);
#587 = CIRCLE('',#588,0.5);
#588 = AXIS2_PLACEMENT_3D('',#589,#590,#591);
#589 = CARTESIAN_POINT('',(197.5267,190.62,0.));
#590 = DIRECTION('',(0.,-1.,0.));
#591 = DIRECTION('',(0.,0.,-1.));
#592 = CYLINDRICAL_SURFACE('',#593,0.5);
#593 = AXIS2_PLACEMENT_3D('',#594,#595,#596);
#594 = CARTESIAN_POINT('',(197.5267,190.62,0.));
#595 = DIRECTION('',(0.,-1.,0.));
#596 = DIRECTION('',(0.,0.,-1.));
#597 = ADVANCED_FACE('',(#598),#618,.T.);
#598 = FACE_BOUND('',#599,.T.);
#599 = EDGE_LOOP('',(#600,#609,#616,#617));
#600 = ORIENTED_EDGE('',*,*,#601,.T.);
#601 = EDGE_CURVE('',#571,#602,#604,.T.);
#602 = VERTEX_POINT('',#603);
#603 = CARTESIAN_POINT('',(171.2534,161.6524,-0.5));
#604 = CIRCLE('',#605,25.000019329479);
#605 = AXIS2_PLACEMENT_3D('',#606,#607,#608);
#606 = CARTESIAN_POINT('',(172.52668067053,186.61997342651,-0.5));
#607 = DIRECTION('',(0.,0.,-1.));
#608 = DIRECTION('',(0.999999999999,1.062938635073E-06,0.));
#609 = ORIENTED_EDGE('',*,*,#610,.T.);
#610 = EDGE_CURVE('',#602,#602,#611,.T.);
#611 = CIRCLE('',#612,0.5);
#612 = AXIS2_PLACEMENT_3D('',#613,#614,#615);
#613 = CARTESIAN_POINT('',(171.2534,161.6524,0.));
#614 = DIRECTION('',(0.998702164885,-5.093118744249E-02,0.));
#615 = DIRECTION('',(-5.093118744249E-02,-0.998702164885,0.));
#616 = ORIENTED_EDGE('',*,*,#601,.F.);
#617 = ORIENTED_EDGE('',*,*,#578,.T.);
#618 = TOROIDAL_SURFACE('',#619,25.000019329479,0.5);
#619 = AXIS2_PLACEMENT_3D('',#620,#621,#622);
#620 = CARTESIAN_POINT('',(172.52668067053,186.61997342651,0.));
#621 = DIRECTION('',(0.,-0.,-1.));
#622 = DIRECTION('',(0.999999999999,1.062938635073E-06,0.));
#623 = ADVANCED_FACE('',(#624),#644,.T.);
#624 = FACE_BOUND('',#625,.T.);
#625 = EDGE_LOOP('',(#626,#635,#642,#643));
#626 = ORIENTED_EDGE('',*,*,#627,.T.);
#627 = EDGE_CURVE('',#602,#628,#630,.T.);
#628 = VERTEX_POINT('',#629);
#629 = CARTESIAN_POINT('',(153.0903,155.1168,-0.5));
#630 = CIRCLE('',#631,24.999025151191);
#631 = AXIS2_PLACEMENT_3D('',#632,#633,#634);
#632 = CARTESIAN_POINT('',(169.97967942111,136.68584448273,-0.5));
#633 = DIRECTION('',(0.,-0.,1.));
#634 = DIRECTION('',(5.095080992885E-02,0.998701163996,0.));
#635 = ORIENTED_EDGE('',*,*,#636,.T.);
#636 = EDGE_CURVE('',#628,#628,#637,.T.);
#637 = CIRCLE('',#638,0.5);
#638 = AXIS2_PLACEMENT_3D('',#639,#640,#641);
#639 = CARTESIAN_POINT('',(153.0903,155.1168,0.));
#640 = DIRECTION('',(0.737266969644,0.675601521218,0.));
#641 = DIRECTION('',(-0.675601521218,0.737266969644,0.));
#642 = ORIENTED_EDGE('',*,*,#627,.F.);
#643 = ORIENTED_EDGE('',*,*,#610,.F.);
#644 = TOROIDAL_SURFACE('',#645,24.999025151191,0.5);
#645 = AXIS2_PLACEMENT_3D('',#646,#647,#648);
#646 = CARTESIAN_POINT('',(169.97967942111,136.68584448273,0.));
#647 = DIRECTION('',(0.,-0.,1.));
#648 = DIRECTION('',(5.095080992885E-02,0.998701163996,0.));
#649 = ADVANCED_FACE('',(#650),#669,.T.);
#650 = FACE_BOUND('',#651,.T.);
#651 = EDGE_LOOP('',(#652,#660,#667,#668));
#652 = ORIENTED_EDGE('',*,*,#653,.T.);
#653 = EDGE_CURVE('',#628,#654,#656,.T.);
#654 = VERTEX_POINT('',#655);
#655 = CARTESIAN_POINT('',(58.481,68.4234,-0.5));
#656 = LINE('',#657,#658);
#657 = CARTESIAN_POINT('',(153.0903,155.1168,-0.5));
#658 = VECTOR('',#659,1.);
#659 = DIRECTION('',(-0.737277534547,-0.675589991824,0.));
#660 = ORIENTED_EDGE('',*,*,#661,.F.);
#661 = EDGE_CURVE('',#654,#654,#662,.T.);
#662 = CIRCLE('',#663,0.5);
#663 = AXIS2_PLACEMENT_3D('',#664,#665,#666);
#664 = CARTESIAN_POINT('',(58.481000000001,68.423399999999,0.));
#665 = DIRECTION('',(-0.737254413423,-0.67561522325,-0.));
#666 = DIRECTION('',(0.,0.,-1.));
#667 = ORIENTED_EDGE('',*,*,#653,.F.);
#668 = ORIENTED_EDGE('',*,*,#636,.F.);
#669 = SURFACE_OF_LINEAR_EXTRUSION('',#670,#675);
#670 = CIRCLE('',#671,0.5);
#671 = AXIS2_PLACEMENT_3D('',#672,#673,#674);
#672 = CARTESIAN_POINT('',(153.0903,155.1168,0.));
#673 = DIRECTION('',(-0.737254413423,-0.67561522325,-0.));
#674 = DIRECTION('',(0.,0.,-1.));
#675 = VECTOR('',#676,1.);
#676 = DIRECTION('',(-0.737277534547,-0.675589991824,0.));
#677 = ADVANCED_FACE('',(#678),#698,.T.);
#678 = FACE_BOUND('',#679,.T.);
#679 = EDGE_LOOP('',(#680,#689,#696,#697));
#680 = ORIENTED_EDGE('',*,*,#681,.T.);
#681 = EDGE_CURVE('',#654,#682,#684,.T.);
#682 = VERTEX_POINT('',#683);
#683 = CARTESIAN_POINT('',(105.7724,16.814,-0.5));
#684 = CIRCLE('',#685,35.00002386542);
#685 = AXIS2_PLACEMENT_3D('',#686,#687,#688);
#686 = CARTESIAN_POINT('',(82.1267,42.6187,-0.5));
#687 = DIRECTION('',(0.,0.,1.));
#688 = DIRECTION('',(-0.675590967907,0.737276640131,0.));
#689 = ORIENTED_EDGE('',*,*,#690,.T.);
#690 = EDGE_CURVE('',#682,#682,#691,.T.);
#691 = CIRCLE('',#692,0.5);
#692 = AXIS2_PLACEMENT_3D('',#693,#694,#695);
#693 = CARTESIAN_POINT('',(105.7724,16.814,0.));
#694 = DIRECTION('',(-0.737276640131,-0.675590967907,0.));
#695 = DIRECTION('',(0.675590967907,-0.737276640131,0.));
#696 = ORIENTED_EDGE('',*,*,#681,.F.);
#697 = ORIENTED_EDGE('',*,*,#661,.T.);
#698 = TOROIDAL_SURFACE('',#699,35.00002386542,0.5);
#699 = AXIS2_PLACEMENT_3D('',#700,#701,#702);
#700 = CARTESIAN_POINT('',(82.1267,42.6187,0.));
#701 = DIRECTION('',(0.,0.,1.));
#702 = DIRECTION('',(-0.675590967907,0.737276640131,0.));
#703 = ADVANCED_FACE('',(#704),#723,.T.);
#704 = FACE_BOUND('',#705,.T.);
#705 = EDGE_LOOP('',(#706,#714,#721,#722));
#706 = ORIENTED_EDGE('',*,*,#707,.T.);
#707 = EDGE_CURVE('',#682,#708,#710,.T.);
#708 = VERTEX_POINT('',#709);
#709 = CARTESIAN_POINT('',(220.8484,122.2618,-0.5));
#710 = LINE('',#711,#712);
#711 = CARTESIAN_POINT('',(105.7724,16.814,-0.5));
#712 = VECTOR('',#713,1.);
#713 = DIRECTION('',(0.737277101236,0.675590464699,0.));
#714 = ORIENTED_EDGE('',*,*,#715,.F.);
#715 = EDGE_CURVE('',#708,#708,#716,.T.);
#716 = CIRCLE('',#717,0.5);
#717 = AXIS2_PLACEMENT_3D('',#718,#719,#720);
#718 = CARTESIAN_POINT('',(220.8484,122.2618,0.));
#719 = DIRECTION('',(0.737254413423,0.67561522325,0.));
#720 = DIRECTION('',(0.,0.,-1.));
#721 = ORIENTED_EDGE('',*,*,#707,.F.);
#722 = ORIENTED_EDGE('',*,*,#690,.F.);
#723 = SURFACE_OF_LINEAR_EXTRUSION('',#724,#729);
#724 = CIRCLE('',#725,0.5);
#725 = AXIS2_PLACEMENT_3D('',#726,#727,#728);
#726 = CARTESIAN_POINT('',(105.7724,16.814,0.));
#727 = DIRECTION('',(0.737254413423,0.67561522325,0.));
#728 = DIRECTION('',(0.,0.,-1.));
#729 = VECTOR('',#730,1.);
#730 = DIRECTION('',(0.737277101236,0.675590464699,0.));
#731 = ADVANCED_FACE('',(#732),#752,.T.);
#732 = FACE_BOUND('',#733,.T.);
#733 = EDGE_LOOP('',(#734,#743,#750,#751));
#734 = ORIENTED_EDGE('',*,*,#735,.T.);
#735 = EDGE_CURVE('',#708,#736,#738,.T.);
#736 = VERTEX_POINT('',#737);
#737 = CARTESIAN_POINT('',(213.8427,163.6568,-0.5));
#738 = CIRCLE('',#739,24.999853580819);
#739 = AXIS2_PLACEMENT_3D('',#740,#741,#742);
#740 = CARTESIAN_POINT('',(203.95886170668,140.69373357467,-0.5));
#741 = DIRECTION('',(-0.,0.,1.));
#742 = DIRECTION('',(0.675585488479,-0.737281661074,0.));
#743 = ORIENTED_EDGE('',*,*,#744,.T.);
#744 = EDGE_CURVE('',#736,#736,#745,.T.);
#745 = CIRCLE('',#746,0.5);
#746 = AXIS2_PLACEMENT_3D('',#747,#748,#749);
#747 = CARTESIAN_POINT('',(213.8427,163.6568,0.));
#748 = DIRECTION('',(0.918528036618,-0.39535584724,0.));
#749 = DIRECTION('',(0.39535584724,0.918528036618,0.));
#750 = ORIENTED_EDGE('',*,*,#735,.F.);
#751 = ORIENTED_EDGE('',*,*,#715,.T.);
#752 = TOROIDAL_SURFACE('',#753,24.999853580819,0.5);
#753 = AXIS2_PLACEMENT_3D('',#754,#755,#756);
#754 = CARTESIAN_POINT('',(203.95886170668,140.69373357467,0.));
#755 = DIRECTION('',(-0.,0.,1.));
#756 = DIRECTION('',(0.675585488479,-0.737281661074,0.));
#757 = ADVANCED_FACE('',(#758),#778,.T.);
#758 = FACE_BOUND('',#759,.T.);
#759 = EDGE_LOOP('',(#760,#769,#776,#777));
#760 = ORIENTED_EDGE('',*,*,#761,.T.);
#761 = EDGE_CURVE('',#736,#762,#764,.T.);
#762 = VERTEX_POINT('',#763);
#763 = CARTESIAN_POINT('',(198.7267,186.62,-0.5));
#764 = CIRCLE('',#765,25.000189165346);
#765 = AXIS2_PLACEMENT_3D('',#766,#767,#768);
#766 = CARTESIAN_POINT('',(223.72688916521,186.620080751,-0.5));
#767 = DIRECTION('',(-0.,0.,-1.));
#768 = DIRECTION('',(-0.395364575038,-0.918524279922,0.));
#769 = ORIENTED_EDGE('',*,*,#770,.T.);
#770 = EDGE_CURVE('',#762,#762,#771,.T.);
#771 = CIRCLE('',#772,0.5);
#772 = AXIS2_PLACEMENT_3D('',#773,#774,#775);
#773 = CARTESIAN_POINT('',(198.7267,186.62,0.));
#774 = DIRECTION('',(3.230015613809E-06,-0.999999999995,-0.));
#775 = DIRECTION('',(-0.999999999995,-3.230015613809E-06,0.));
#776 = ORIENTED_EDGE('',*,*,#761,.F.);
#777 = ORIENTED_EDGE('',*,*,#744,.F.);
#778 = TOROIDAL_SURFACE('',#779,25.000189165346,0.5);
#779 = AXIS2_PLACEMENT_3D('',#780,#781,#782);
#780 = CARTESIAN_POINT('',(223.72688916521,186.620080751,0.));
#781 = DIRECTION('',(-0.,0.,-1.));
#782 = DIRECTION('',(-0.395364575038,-0.918524279922,0.));
#783 = ADVANCED_FACE('',(#784),#803,.T.);
#784 = FACE_BOUND('',#785,.T.);
#785 = EDGE_LOOP('',(#786,#794,#801,#802));
#786 = ORIENTED_EDGE('',*,*,#787,.T.);
#787 = EDGE_CURVE('',#762,#788,#790,.T.);
#788 = VERTEX_POINT('',#789);
#789 = CARTESIAN_POINT('',(198.7267,190.62,-0.5));
#790 = LINE('',#791,#792);
#791 = CARTESIAN_POINT('',(198.7267,186.62,-0.5));
#792 = VECTOR('',#793,1.);
#793 = DIRECTION('',(0.,1.,0.));
#794 = ORIENTED_EDGE('',*,*,#795,.F.);
#795 = EDGE_CURVE('',#788,#788,#796,.T.);
#796 = CIRCLE('',#797,0.5);
#797 = AXIS2_PLACEMENT_3D('',#798,#799,#800);
#798 = CARTESIAN_POINT('',(198.7267,190.62,0.));
#799 = DIRECTION('',(-5.306299317176E-05,0.999999998592,0.));
#800 = DIRECTION('',(0.,0.,-1.));
#801 = ORIENTED_EDGE('',*,*,#787,.F.);
#802 = ORIENTED_EDGE('',*,*,#770,.F.);
#803 = SURFACE_OF_LINEAR_EXTRUSION('',#804,#809);
#804 = CIRCLE('',#805,0.5);
#805 = AXIS2_PLACEMENT_3D('',#806,#807,#808);
#806 = CARTESIAN_POINT('',(198.7267,186.62,0.));
#807 = DIRECTION('',(-5.306299317176E-05,0.999999998592,0.));
#808 = DIRECTION('',(0.,0.,-1.));
#809 = VECTOR('',#810,1.);
#810 = DIRECTION('',(0.,1.,0.));
#811 = ADVANCED_FACE('',(#812),#815,.F.);
#812 = FACE_BOUND('',#813,.F.);
#813 = EDGE_LOOP('',(#814));
#814 = ORIENTED_EDGE('',*,*,#586,.T.);
#815 = PLANE('',#816);
#816 = AXIS2_PLACEMENT_3D('',#817,#818,#819);
#817 = CARTESIAN_POINT('',(197.5267,190.62,-1.324707628398E-15));
#818 = DIRECTION('',(-0.,-1.,-0.));
#819 = DIRECTION('',(0.,0.,-1.));
#820 = ADVANCED_FACE('',(#821),#824,.T.);
#821 = FACE_BOUND('',#822,.T.);
#822 = EDGE_LOOP('',(#823));
#823 = ORIENTED_EDGE('',*,*,#795,.T.);
#824 = PLANE('',#825);
#825 = AXIS2_PLACEMENT_3D('',#826,#827,#828);
#826 = CARTESIAN_POINT('',(198.7267,190.62,-1.976378316561E-15));
#827 = DIRECTION('',(-5.306299318441E-05,0.999999998592,0.));
#828 = DIRECTION('',(0.999999998592,5.306299318441E-05,0.));
#829 = ( GEOMETRIC_REPRESENTATION_CONTEXT(3) 
GLOBAL_UNCERTAINTY_ASSIGNED_CONTEXT((#833)) GLOBAL_UNIT_ASSIGNED_CONTEXT
((#830,#831,#832)) REPRESENTATION_CONTEXT('Context #1',
  '3D Context with UNIT and UNCERTAINTY') );
#830 = ( LENGTH_UNIT() NAMED_UNIT(*) SI_UNIT(.MILLI.,.METRE.) );
#831 = ( NAMED_UNIT(*) PLANE_ANGLE_UNIT() SI_UNIT($,.RADIAN.) );
#832 = ( NAMED_UNIT(*) SI_UNIT($,.STERADIAN.) SOLID_ANGLE_UNIT() );
#833 = UNCERTAINTY_MEASURE_WITH_UNIT(LENGTH_MEASURE(1.E-05),#830,
  'distance_accuracy_value','confusion accuracy');
#834 = CONTEXT_DEPENDENT_SHAPE_REPRESENTATION(#835,#837);
#835 = ( REPRESENTATION_RELATIONSHIP('','',#561,#10) 
REPRESENTATION_RELATIONSHIP_WITH_TRANSFORMATION(#836) 
SHAPE_REPRESENTATION_RELATIONSHIP() );
#836 = ITEM_DEFINED_TRANSFORMATION('','',#11,#19);
#837 = PRODUCT_DEFINITION_SHAPE('Placement','Placement of an item',#838
  );
#838 = NEXT_ASSEMBLY_USAGE_OCCURRENCE('2','Tile0_Fiber','',#5,#556,$);
#839 = PRODUCT_RELATED_PRODUCT_CATEGORY('part',$,(#558));
#840 = SHAPE_DEFINITION_REPRESENTATION(#841,#847);
#841 = PRODUCT_DEFINITION_SHAPE('','',#842);
#842 = PRODUCT_DEFINITION('design','',#843,#846);
#843 = PRODUCT_DEFINITION_FORMATION('','',#844);
#844 = PRODUCT('Tile0_Coating','Tile0_Coating','',(#845));
#845 = PRODUCT_CONTEXT('',#2,'mechanical');
#846 = PRODUCT_DEFINITION_CONTEXT('part definition',#2,'design');
#847 = ADVANCED_BREP_SHAPE_REPRESENTATION('',(#11,#848),#1282);
#848 = MANIFOLD_SOLID_BREP('',#849);
#849 = CLOSED_SHELL('',(#850,#890,#921,#952,#969,#986,#1032,#1063,#1087,
    #1111,#1128,#1174,#1205,#1229,#1253,#1270));
#850 = ADVANCED_FACE('',(#851),#885,.F.);
#851 = FACE_BOUND('',#852,.F.);
#852 = EDGE_LOOP('',(#853,#863,#871,#879));
#853 = ORIENTED_EDGE('',*,*,#854,.T.);
#854 = EDGE_CURVE('',#855,#857,#859,.T.);
#855 = VERTEX_POINT('',#856);
#856 = CARTESIAN_POINT('',(-9.435025873219E-02,-0.43,-3.55));
#857 = VERTEX_POINT('',#858);
#858 = CARTESIAN_POINT('',(-9.435025873219E-02,-0.43,3.55));
#859 = LINE('',#860,#861);
#860 = CARTESIAN_POINT('',(-9.435025873219E-02,-0.43,-3.55));
#861 = VECTOR('',#862,1.);
#862 = DIRECTION('',(0.,0.,1.));
#863 = ORIENTED_EDGE('',*,*,#864,.T.);
#864 = EDGE_CURVE('',#857,#865,#867,.T.);
#865 = VERTEX_POINT('',#866);
#866 = CARTESIAN_POINT('',(140.32409926704,-0.43,3.55));
#867 = LINE('',#868,#869);
#868 = CARTESIAN_POINT('',(0.,-0.43,3.55));
#869 = VECTOR('',#870,1.);
#870 = DIRECTION('',(1.,0.,0.));
#871 = ORIENTED_EDGE('',*,*,#872,.F.);
#872 = EDGE_CURVE('',#873,#865,#875,.T.);
#873 = VERTEX_POINT('',#874);
#874 = CARTESIAN_POINT('',(140.32409926704,-0.43,-3.55));
#875 = LINE('',#876,#877);
#876 = CARTESIAN_POINT('',(140.32409926704,-0.43,-3.55));
#877 = VECTOR('',#878,1.);
#878 = DIRECTION('',(0.,0.,1.));
#879 = ORIENTED_EDGE('',*,*,#880,.F.);
#880 = EDGE_CURVE('',#855,#873,#881,.T.);
#881 = LINE('',#882,#883);
#882 = CARTESIAN_POINT('',(0.,-0.43,-3.55));
#883 = VECTOR('',#884,1.);
#884 = DIRECTION('',(1.,0.,0.));
#885 = PLANE('',#886);
#886 = AXIS2_PLACEMENT_3D('',#887,#888,#889);
#887 = CARTESIAN_POINT('',(-9.435025873219E-02,-0.43,-3.55));
#888 = DIRECTION('',(0.,1.,0.));
#889 = DIRECTION('',(1.,0.,0.));
#890 = ADVANCED_FACE('',(#891),#916,.F.);
#891 = FACE_BOUND('',#892,.F.);
#892 = EDGE_LOOP('',(#893,#903,#909,#910));
#893 = ORIENTED_EDGE('',*,*,#894,.T.);
#894 = EDGE_CURVE('',#895,#897,#899,.T.);
#895 = VERTEX_POINT('',#896);
#896 = CARTESIAN_POINT('',(129.57320298734,190.67,-3.55));
#897 = VERTEX_POINT('',#898);
#898 = CARTESIAN_POINT('',(129.57320298734,190.67,3.55));
#899 = LINE('',#900,#901);
#900 = CARTESIAN_POINT('',(129.57320298734,190.67,-3.55));
#901 = VECTOR('',#902,1.);
#902 = DIRECTION('',(0.,0.,1.));
#903 = ORIENTED_EDGE('',*,*,#904,.T.);
#904 = EDGE_CURVE('',#897,#857,#905,.T.);
#905 = LINE('',#906,#907);
#906 = CARTESIAN_POINT('',(129.55832546218,190.64807396695,3.55));
#907 = VECTOR('',#908,1.);
#908 = DIRECTION('',(-0.561479339105,-0.827490756298,0.));
#909 = ORIENTED_EDGE('',*,*,#854,.F.);
#910 = ORIENTED_EDGE('',*,*,#911,.F.);
#911 = EDGE_CURVE('',#895,#855,#912,.T.);
#912 = LINE('',#913,#914);
#913 = CARTESIAN_POINT('',(129.55832546218,190.64807396695,-3.55));
#914 = VECTOR('',#915,1.);
#915 = DIRECTION('',(-0.561479339105,-0.827490756298,0.));
#916 = PLANE('',#917);
#917 = AXIS2_PLACEMENT_3D('',#918,#919,#920);
#918 = CARTESIAN_POINT('',(129.57320298734,190.67,-3.55));
#919 = DIRECTION('',(0.827490756298,-0.561479339105,0.));
#920 = DIRECTION('',(-0.561479339105,-0.827490756298,0.));
#921 = ADVANCED_FACE('',(#922),#947,.F.);
#922 = FACE_BOUND('',#923,.F.);
#923 = EDGE_LOOP('',(#924,#925,#933,#941));
#924 = ORIENTED_EDGE('',*,*,#872,.T.);
#925 = ORIENTED_EDGE('',*,*,#926,.T.);
#926 = EDGE_CURVE('',#865,#927,#929,.T.);
#927 = VERTEX_POINT('',#928);
#928 = CARTESIAN_POINT('',(289.50216209426,190.67,3.55));
#929 = LINE('',#930,#931);
#930 = CARTESIAN_POINT('',(140.33911310378,-0.410766983113,3.55));
#931 = VECTOR('',#932,1.);
#932 = DIRECTION('',(0.615339662264,0.788262075737,0.));
#933 = ORIENTED_EDGE('',*,*,#934,.F.);
#934 = EDGE_CURVE('',#935,#927,#937,.T.);
#935 = VERTEX_POINT('',#936);
#936 = CARTESIAN_POINT('',(289.50216209426,190.67,-3.55));
#937 = LINE('',#938,#939);
#938 = CARTESIAN_POINT('',(289.50216209426,190.67,-3.55));
#939 = VECTOR('',#940,1.);
#940 = DIRECTION('',(0.,0.,1.));
#941 = ORIENTED_EDGE('',*,*,#942,.F.);
#942 = EDGE_CURVE('',#873,#935,#943,.T.);
#943 = LINE('',#944,#945);
#944 = CARTESIAN_POINT('',(140.33911310378,-0.410766983113,-3.55));
#945 = VECTOR('',#946,1.);
#946 = DIRECTION('',(0.615339662264,0.788262075737,0.));
#947 = PLANE('',#948);
#948 = AXIS2_PLACEMENT_3D('',#949,#950,#951);
#949 = CARTESIAN_POINT('',(140.32409926704,-0.43,-3.55));
#950 = DIRECTION('',(-0.788262075737,0.615339662264,0.));
#951 = DIRECTION('',(0.615339662264,0.788262075737,0.));
#952 = ADVANCED_FACE('',(#953),#964,.F.);
#953 = FACE_BOUND('',#954,.T.);
#954 = EDGE_LOOP('',(#955,#956,#957,#963));
#955 = ORIENTED_EDGE('',*,*,#880,.F.);
#956 = ORIENTED_EDGE('',*,*,#911,.F.);
#957 = ORIENTED_EDGE('',*,*,#958,.F.);
#958 = EDGE_CURVE('',#935,#895,#959,.T.);
#959 = LINE('',#960,#961);
#960 = CARTESIAN_POINT('',(289.3997,190.67,-3.55));
#961 = VECTOR('',#962,1.);
#962 = DIRECTION('',(-1.,0.,0.));
#963 = ORIENTED_EDGE('',*,*,#942,.F.);
#964 = PLANE('',#965);
#965 = AXIS2_PLACEMENT_3D('',#966,#967,#968);
#966 = CARTESIAN_POINT('',(142.69650293805,97.528461978092,-3.55));
#967 = DIRECTION('',(0.,0.,1.));
#968 = DIRECTION('',(1.,0.,-0.));
#969 = ADVANCED_FACE('',(#970),#981,.T.);
#970 = FACE_BOUND('',#971,.F.);
#971 = EDGE_LOOP('',(#972,#973,#974,#980));
#972 = ORIENTED_EDGE('',*,*,#864,.F.);
#973 = ORIENTED_EDGE('',*,*,#904,.F.);
#974 = ORIENTED_EDGE('',*,*,#975,.F.);
#975 = EDGE_CURVE('',#927,#897,#976,.T.);
#976 = LINE('',#977,#978);
#977 = CARTESIAN_POINT('',(289.3997,190.67,3.55));
#978 = VECTOR('',#979,1.);
#979 = DIRECTION('',(-1.,0.,0.));
#980 = ORIENTED_EDGE('',*,*,#926,.F.);
#981 = PLANE('',#982);
#982 = AXIS2_PLACEMENT_3D('',#983,#984,#985);
#983 = CARTESIAN_POINT('',(142.69650293805,97.528461978092,3.55));
#984 = DIRECTION('',(0.,0.,1.));
#985 = DIRECTION('',(1.,0.,-0.));
#986 = ADVANCED_FACE('',(#987,#993),#1027,.F.);
#987 = FACE_BOUND('',#988,.F.);
#988 = EDGE_LOOP('',(#989,#990,#991,#992));
#989 = ORIENTED_EDGE('',*,*,#934,.T.);
#990 = ORIENTED_EDGE('',*,*,#975,.T.);
#991 = ORIENTED_EDGE('',*,*,#894,.F.);
#992 = ORIENTED_EDGE('',*,*,#958,.F.);
#993 = FACE_BOUND('',#994,.F.);
#994 = EDGE_LOOP('',(#995,#1005,#1013,#1021));
#995 = ORIENTED_EDGE('',*,*,#996,.T.);
#996 = EDGE_CURVE('',#997,#999,#1001,.T.);
#997 = VERTEX_POINT('',#998);
#998 = CARTESIAN_POINT('',(207.1267,190.67,-3.));
#999 = VERTEX_POINT('',#1000);
#1000 = CARTESIAN_POINT('',(189.1267,190.67,-3.));
#1001 = LINE('',#1002,#1003);
#1002 = CARTESIAN_POINT('',(239.31443104713,190.67,-3.));
#1003 = VECTOR('',#1004,1.);
#1004 = DIRECTION('',(-1.,0.,0.));
#1005 = ORIENTED_EDGE('',*,*,#1006,.T.);
#1006 = EDGE_CURVE('',#999,#1007,#1009,.T.);
#1007 = VERTEX_POINT('',#1008);
#1008 = CARTESIAN_POINT('',(189.1267,190.67,3.));
#1009 = LINE('',#1010,#1011);
#1010 = CARTESIAN_POINT('',(189.1267,190.67,-3.275));
#1011 = VECTOR('',#1012,1.);
#1012 = DIRECTION('',(0.,0.,1.));
#1013 = ORIENTED_EDGE('',*,*,#1014,.F.);
#1014 = EDGE_CURVE('',#1015,#1007,#1017,.T.);
#1015 = VERTEX_POINT('',#1016);
#1016 = CARTESIAN_POINT('',(207.1267,190.67,3.));
#1017 = LINE('',#1018,#1019);
#1018 = CARTESIAN_POINT('',(239.31443104713,190.67,3.));
#1019 = VECTOR('',#1020,1.);
#1020 = DIRECTION('',(-1.,0.,0.));
#1021 = ORIENTED_EDGE('',*,*,#1022,.F.);
#1022 = EDGE_CURVE('',#997,#1015,#1023,.T.);
#1023 = LINE('',#1024,#1025);
#1024 = CARTESIAN_POINT('',(207.1267,190.67,-3.275));
#1025 = VECTOR('',#1026,1.);
#1026 = DIRECTION('',(0.,0.,1.));
#1027 = PLANE('',#1028);
#1028 = AXIS2_PLACEMENT_3D('',#1029,#1030,#1031);
#1029 = CARTESIAN_POINT('',(289.50216209426,190.67,-3.55));
#1030 = DIRECTION('',(0.,-1.,0.));
#1031 = DIRECTION('',(-1.,0.,0.));
#1032 = ADVANCED_FACE('',(#1033),#1058,.T.);
#1033 = FACE_BOUND('',#1034,.T.);
#1034 = EDGE_LOOP('',(#1035,#1043,#1051,#1057));
#1035 = ORIENTED_EDGE('',*,*,#1036,.F.);
#1036 = EDGE_CURVE('',#1037,#999,#1039,.T.);
#1037 = VERTEX_POINT('',#1038);
#1038 = CARTESIAN_POINT('',(189.1267,190.62,-3.));
#1039 = LINE('',#1040,#1041);
#1040 = CARTESIAN_POINT('',(189.1267,190.12,-3.));
#1041 = VECTOR('',#1042,1.);
#1042 = DIRECTION('',(-0.,1.,0.));
#1043 = ORIENTED_EDGE('',*,*,#1044,.F.);
#1044 = EDGE_CURVE('',#1045,#1037,#1047,.T.);
#1045 = VERTEX_POINT('',#1046);
#1046 = CARTESIAN_POINT('',(207.1267,190.62,-3.));
#1047 = LINE('',#1048,#1049);
#1048 = CARTESIAN_POINT('',(239.2632,190.62,-3.));
#1049 = VECTOR('',#1050,1.);
#1050 = DIRECTION('',(-1.,0.,0.));
#1051 = ORIENTED_EDGE('',*,*,#1052,.T.);
#1052 = EDGE_CURVE('',#1045,#997,#1053,.T.);
#1053 = LINE('',#1054,#1055);
#1054 = CARTESIAN_POINT('',(207.1267,190.12,-3.));
#1055 = VECTOR('',#1056,1.);
#1056 = DIRECTION('',(-0.,1.,0.));
#1057 = ORIENTED_EDGE('',*,*,#996,.T.);
#1058 = PLANE('',#1059);
#1059 = AXIS2_PLACEMENT_3D('',#1060,#1061,#1062);
#1060 = CARTESIAN_POINT('',(189.1267,190.12,-3.));
#1061 = DIRECTION('',(0.,0.,1.));
#1062 = DIRECTION('',(1.,0.,-0.));
#1063 = ADVANCED_FACE('',(#1064),#1082,.F.);
#1064 = FACE_BOUND('',#1065,.F.);
#1065 = EDGE_LOOP('',(#1066,#1074,#1080,#1081));
#1066 = ORIENTED_EDGE('',*,*,#1067,.F.);
#1067 = EDGE_CURVE('',#1068,#1015,#1070,.T.);
#1068 = VERTEX_POINT('',#1069);
#1069 = CARTESIAN_POINT('',(207.1267,190.62,3.));
#1070 = LINE('',#1071,#1072);
#1071 = CARTESIAN_POINT('',(207.1267,190.12,3.));
#1072 = VECTOR('',#1073,1.);
#1073 = DIRECTION('',(-0.,1.,0.));
#1074 = ORIENTED_EDGE('',*,*,#1075,.F.);
#1075 = EDGE_CURVE('',#1045,#1068,#1076,.T.);
#1076 = LINE('',#1077,#1078);
#1077 = CARTESIAN_POINT('',(207.1267,190.62,-3.25));
#1078 = VECTOR('',#1079,1.);
#1079 = DIRECTION('',(0.,0.,1.));
#1080 = ORIENTED_EDGE('',*,*,#1052,.T.);
#1081 = ORIENTED_EDGE('',*,*,#1022,.T.);
#1082 = PLANE('',#1083);
#1083 = AXIS2_PLACEMENT_3D('',#1084,#1085,#1086);
#1084 = CARTESIAN_POINT('',(207.1267,190.12,-3.));
#1085 = DIRECTION('',(1.,0.,-0.));
#1086 = DIRECTION('',(0.,0.,1.));
#1087 = ADVANCED_FACE('',(#1088),#1106,.F.);
#1088 = FACE_BOUND('',#1089,.F.);
#1089 = EDGE_LOOP('',(#1090,#1098,#1104,#1105));
#1090 = ORIENTED_EDGE('',*,*,#1091,.F.);
#1091 = EDGE_CURVE('',#1092,#1007,#1094,.T.);
#1092 = VERTEX_POINT('',#1093);
#1093 = CARTESIAN_POINT('',(189.1267,190.62,3.));
#1094 = LINE('',#1095,#1096);
#1095 = CARTESIAN_POINT('',(189.1267,190.12,3.));
#1096 = VECTOR('',#1097,1.);
#1097 = DIRECTION('',(-0.,1.,0.));
#1098 = ORIENTED_EDGE('',*,*,#1099,.F.);
#1099 = EDGE_CURVE('',#1068,#1092,#1100,.T.);
#1100 = LINE('',#1101,#1102);
#1101 = CARTESIAN_POINT('',(239.2632,190.62,3.));
#1102 = VECTOR('',#1103,1.);
#1103 = DIRECTION('',(-1.,0.,0.));
#1104 = ORIENTED_EDGE('',*,*,#1067,.T.);
#1105 = ORIENTED_EDGE('',*,*,#1014,.T.);
#1106 = PLANE('',#1107);
#1107 = AXIS2_PLACEMENT_3D('',#1108,#1109,#1110);
#1108 = CARTESIAN_POINT('',(189.1267,190.12,3.));
#1109 = DIRECTION('',(0.,0.,1.));
#1110 = DIRECTION('',(1.,0.,-0.));
#1111 = ADVANCED_FACE('',(#1112),#1123,.T.);
#1112 = FACE_BOUND('',#1113,.T.);
#1113 = EDGE_LOOP('',(#1114,#1115,#1121,#1122));
#1114 = ORIENTED_EDGE('',*,*,#1091,.F.);
#1115 = ORIENTED_EDGE('',*,*,#1116,.F.);
#1116 = EDGE_CURVE('',#1037,#1092,#1117,.T.);
#1117 = LINE('',#1118,#1119);
#1118 = CARTESIAN_POINT('',(189.1267,190.62,-3.25));
#1119 = VECTOR('',#1120,1.);
#1120 = DIRECTION('',(0.,0.,1.));
#1121 = ORIENTED_EDGE('',*,*,#1036,.T.);
#1122 = ORIENTED_EDGE('',*,*,#1006,.T.);
#1123 = PLANE('',#1124);
#1124 = AXIS2_PLACEMENT_3D('',#1125,#1126,#1127);
#1125 = CARTESIAN_POINT('',(189.1267,190.12,-3.));
#1126 = DIRECTION('',(1.,0.,-0.));
#1127 = DIRECTION('',(0.,0.,1.));
#1128 = ADVANCED_FACE('',(#1129,#1163),#1169,.T.);
#1129 = FACE_BOUND('',#1130,.T.);
#1130 = EDGE_LOOP('',(#1131,#1141,#1149,#1157));
#1131 = ORIENTED_EDGE('',*,*,#1132,.T.);
#1132 = EDGE_CURVE('',#1133,#1135,#1137,.T.);
#1133 = VERTEX_POINT('',#1134);
#1134 = CARTESIAN_POINT('',(289.3997,190.62,-3.5));
#1135 = VERTEX_POINT('',#1136);
#1136 = CARTESIAN_POINT('',(289.3997,190.62,3.5));
#1137 = LINE('',#1138,#1139);
#1138 = CARTESIAN_POINT('',(289.3997,190.62,-3.5));
#1139 = VECTOR('',#1140,1.);
#1140 = DIRECTION('',(0.,0.,1.));
#1141 = ORIENTED_EDGE('',*,*,#1142,.T.);
#1142 = EDGE_CURVE('',#1135,#1143,#1145,.T.);
#1143 = VERTEX_POINT('',#1144);
#1144 = CARTESIAN_POINT('',(129.5997,190.62,3.5));
#1145 = LINE('',#1146,#1147);
#1146 = CARTESIAN_POINT('',(289.3997,190.62,3.5));
#1147 = VECTOR('',#1148,1.);
#1148 = DIRECTION('',(-1.,0.,0.));
#1149 = ORIENTED_EDGE('',*,*,#1150,.F.);
#1150 = EDGE_CURVE('',#1151,#1143,#1153,.T.);
#1151 = VERTEX_POINT('',#1152);
#1152 = CARTESIAN_POINT('',(129.5997,190.62,-3.5));
#1153 = LINE('',#1154,#1155);
#1154 = CARTESIAN_POINT('',(129.5997,190.62,-3.5));
#1155 = VECTOR('',#1156,1.);
#1156 = DIRECTION('',(0.,0.,1.));
#1157 = ORIENTED_EDGE('',*,*,#1158,.F.);
#1158 = EDGE_CURVE('',#1133,#1151,#1159,.T.);
#1159 = LINE('',#1160,#1161);
#1160 = CARTESIAN_POINT('',(289.3997,190.62,-3.5));
#1161 = VECTOR('',#1162,1.);
#1162 = DIRECTION('',(-1.,0.,0.));
#1163 = FACE_BOUND('',#1164,.T.);
#1164 = EDGE_LOOP('',(#1165,#1166,#1167,#1168));
#1165 = ORIENTED_EDGE('',*,*,#1044,.T.);
#1166 = ORIENTED_EDGE('',*,*,#1116,.T.);
#1167 = ORIENTED_EDGE('',*,*,#1099,.F.);
#1168 = ORIENTED_EDGE('',*,*,#1075,.F.);
#1169 = PLANE('',#1170);
#1170 = AXIS2_PLACEMENT_3D('',#1171,#1172,#1173);
#1171 = CARTESIAN_POINT('',(289.3997,190.62,-3.5));
#1172 = DIRECTION('',(0.,-1.,0.));
#1173 = DIRECTION('',(-1.,0.,0.));
#1174 = ADVANCED_FACE('',(#1175),#1200,.T.);
#1175 = FACE_BOUND('',#1176,.T.);
#1176 = EDGE_LOOP('',(#1177,#1187,#1193,#1194));
#1177 = ORIENTED_EDGE('',*,*,#1178,.T.);
#1178 = EDGE_CURVE('',#1179,#1181,#1183,.T.);
#1179 = VERTEX_POINT('',#1180);
#1180 = CARTESIAN_POINT('',(140.2997,-0.38,-3.5));
#1181 = VERTEX_POINT('',#1182);
#1182 = CARTESIAN_POINT('',(140.2997,-0.38,3.5));
#1183 = LINE('',#1184,#1185);
#1184 = CARTESIAN_POINT('',(140.2997,-0.38,-3.5));
#1185 = VECTOR('',#1186,1.);
#1186 = DIRECTION('',(0.,0.,1.));
#1187 = ORIENTED_EDGE('',*,*,#1188,.T.);
#1188 = EDGE_CURVE('',#1181,#1135,#1189,.T.);
#1189 = LINE('',#1190,#1191);
#1190 = CARTESIAN_POINT('',(140.2997,-0.38,3.5));
#1191 = VECTOR('',#1192,1.);
#1192 = DIRECTION('',(0.615339662264,0.788262075737,0.));
#1193 = ORIENTED_EDGE('',*,*,#1132,.F.);
#1194 = ORIENTED_EDGE('',*,*,#1195,.F.);
#1195 = EDGE_CURVE('',#1179,#1133,#1196,.T.);
#1196 = LINE('',#1197,#1198);
#1197 = CARTESIAN_POINT('',(140.2997,-0.38,-3.5));
#1198 = VECTOR('',#1199,1.);
#1199 = DIRECTION('',(0.615339662264,0.788262075737,0.));
#1200 = PLANE('',#1201);
#1201 = AXIS2_PLACEMENT_3D('',#1202,#1203,#1204);
#1202 = CARTESIAN_POINT('',(140.2997,-0.38,-3.5));
#1203 = DIRECTION('',(-0.788262075737,0.615339662264,0.));
#1204 = DIRECTION('',(0.615339662264,0.788262075737,0.));
#1205 = ADVANCED_FACE('',(#1206),#1224,.T.);
#1206 = FACE_BOUND('',#1207,.T.);
#1207 = EDGE_LOOP('',(#1208,#1216,#1217,#1218));
#1208 = ORIENTED_EDGE('',*,*,#1209,.T.);
#1209 = EDGE_CURVE('',#1210,#1179,#1212,.T.);
#1210 = VERTEX_POINT('',#1211);
#1211 = CARTESIAN_POINT('',(0.,-0.38,-3.5));
#1212 = LINE('',#1213,#1214);
#1213 = CARTESIAN_POINT('',(0.,-0.38,-3.5));
#1214 = VECTOR('',#1215,1.);
#1215 = DIRECTION('',(1.,0.,0.));
#1216 = ORIENTED_EDGE('',*,*,#1195,.T.);
#1217 = ORIENTED_EDGE('',*,*,#1158,.T.);
#1218 = ORIENTED_EDGE('',*,*,#1219,.T.);
#1219 = EDGE_CURVE('',#1151,#1210,#1220,.T.);
#1220 = LINE('',#1221,#1222);
#1221 = CARTESIAN_POINT('',(129.5997,190.62,-3.5));
#1222 = VECTOR('',#1223,1.);
#1223 = DIRECTION('',(-0.561479339105,-0.827490756298,0.));
#1224 = PLANE('',#1225);
#1225 = AXIS2_PLACEMENT_3D('',#1226,#1227,#1228);
#1226 = CARTESIAN_POINT('',(142.69650293805,97.528461978092,-3.5));
#1227 = DIRECTION('',(0.,0.,1.));
#1228 = DIRECTION('',(1.,0.,-0.));
#1229 = ADVANCED_FACE('',(#1230),#1248,.F.);
#1230 = FACE_BOUND('',#1231,.F.);
#1231 = EDGE_LOOP('',(#1232,#1240,#1241,#1242));
#1232 = ORIENTED_EDGE('',*,*,#1233,.T.);
#1233 = EDGE_CURVE('',#1234,#1181,#1236,.T.);
#1234 = VERTEX_POINT('',#1235);
#1235 = CARTESIAN_POINT('',(0.,-0.38,3.5));
#1236 = LINE('',#1237,#1238);
#1237 = CARTESIAN_POINT('',(0.,-0.38,3.5));
#1238 = VECTOR('',#1239,1.);
#1239 = DIRECTION('',(1.,0.,0.));
#1240 = ORIENTED_EDGE('',*,*,#1188,.T.);
#1241 = ORIENTED_EDGE('',*,*,#1142,.T.);
#1242 = ORIENTED_EDGE('',*,*,#1243,.T.);
#1243 = EDGE_CURVE('',#1143,#1234,#1244,.T.);
#1244 = LINE('',#1245,#1246);
#1245 = CARTESIAN_POINT('',(129.5997,190.62,3.5));
#1246 = VECTOR('',#1247,1.);
#1247 = DIRECTION('',(-0.561479339105,-0.827490756298,0.));
#1248 = PLANE('',#1249);
#1249 = AXIS2_PLACEMENT_3D('',#1250,#1251,#1252);
#1250 = CARTESIAN_POINT('',(142.69650293805,97.528461978092,3.5));
#1251 = DIRECTION('',(0.,0.,1.));
#1252 = DIRECTION('',(1.,0.,-0.));
#1253 = ADVANCED_FACE('',(#1254),#1265,.T.);
#1254 = FACE_BOUND('',#1255,.T.);
#1255 = EDGE_LOOP('',(#1256,#1257,#1258,#1264));
#1256 = ORIENTED_EDGE('',*,*,#1150,.T.);
#1257 = ORIENTED_EDGE('',*,*,#1243,.T.);
#1258 = ORIENTED_EDGE('',*,*,#1259,.F.);
#1259 = EDGE_CURVE('',#1210,#1234,#1260,.T.);
#1260 = LINE('',#1261,#1262);
#1261 = CARTESIAN_POINT('',(0.,-0.38,-3.5));
#1262 = VECTOR('',#1263,1.);
#1263 = DIRECTION('',(0.,0.,1.));
#1264 = ORIENTED_EDGE('',*,*,#1219,.F.);
#1265 = PLANE('',#1266);
#1266 = AXIS2_PLACEMENT_3D('',#1267,#1268,#1269);
#1267 = CARTESIAN_POINT('',(129.5997,190.62,-3.5));
#1268 = DIRECTION('',(0.827490756298,-0.561479339105,0.));
#1269 = DIRECTION('',(-0.561479339105,-0.827490756298,0.));
#1270 = ADVANCED_FACE('',(#1271),#1277,.T.);
#1271 = FACE_BOUND('',#1272,.T.);
#1272 = EDGE_LOOP('',(#1273,#1274,#1275,#1276));
#1273 = ORIENTED_EDGE('',*,*,#1259,.T.);
#1274 = ORIENTED_EDGE('',*,*,#1233,.T.);
#1275 = ORIENTED_EDGE('',*,*,#1178,.F.);
#1276 = ORIENTED_EDGE('',*,*,#1209,.F.);
#1277 = PLANE('',#1278);
#1278 = AXIS2_PLACEMENT_3D('',#1279,#1280,#1281);
#1279 = CARTESIAN_POINT('',(0.,-0.38,-3.5));
#1280 = DIRECTION('',(0.,1.,0.));
#1281 = DIRECTION('',(1.,0.,0.));
#1282 = ( GEOMETRIC_REPRESENTATION_CONTEXT(3) 
GLOBAL_UNCERTAINTY_ASSIGNED_CONTEXT((#1286)) 
GLOBAL_UNIT_ASSIGNED_CONTEXT((#1283,#1284,#1285)) REPRESENTATION_CONTEXT
('Context #1','3D Context with UNIT and UNCERTAINTY') );
#1283 = ( LENGTH_UNIT() NAMED_UNIT(*) SI_UNIT(.MILLI.,.METRE.) );
#1284 = ( NAMED_UNIT(*) PLANE_ANGLE_UNIT() SI_UNIT($,.RADIAN.) );
#1285 = ( NAMED_UNIT(*) SI_UNIT($,.STERADIAN.) SOLID_ANGLE_UNIT() );
#1286 = UNCERTAINTY_MEASURE_WITH_UNIT(LENGTH_MEASURE(1.E-07),#1283,
  'distance_accuracy_value','confusion accuracy');
#1287 = CONTEXT_DEPENDENT_SHAPE_REPRESENTATION(#1288,#1290);
#1288 = ( REPRESENTATION_RELATIONSHIP('','',#847,#10) 
REPRESENTATION_RELATIONSHIP_WITH_TRANSFORMATION(#1289) 
SHAPE_REPRESENTATION_RELATIONSHIP() );
#1289 = ITEM_DEFINED_TRANSFORMATION('','',#11,#23);
#1290 = PRODUCT_DEFINITION_SHAPE('Placement','Placement of an item',
  #1291);
#1291 = NEXT_ASSEMBLY_USAGE_OCCURRENCE('3','Tile0_Coating','',#5,#842,$
  );
#1292 = PRODUCT_RELATED_PRODUCT_CATEGORY('part',$,(#844));
#1293 = SHAPE_DEFINITION_REPRESENTATION(#1294,#1300);
#1294 = PRODUCT_DEFINITION_SHAPE('','',#1295);
#1295 = PRODUCT_DEFINITION('design','',#1296,#1299);
#1296 = PRODUCT_DEFINITION_FORMATION('','',#1297);
#1297 = PRODUCT('Tile0_WrapAl','Tile0_WrapAl','',(#1298));
#1298 = PRODUCT_CONTEXT('',#2,'mechanical');
#1299 = PRODUCT_DEFINITION_CONTEXT('part definition',#2,'design');
#1300 = ADVANCED_BREP_SHAPE_REPRESENTATION('',(#11,#1301),#1735);
#1301 = MANIFOLD_SOLID_BREP('',#1302);
#1302 = CLOSED_SHELL('',(#1303,#1343,#1374,#1405,#1422,#1439,#1485,#1516
    ,#1540,#1564,#1581,#1627,#1658,#1682,#1706,#1723));
#1303 = ADVANCED_FACE('',(#1304),#1338,.F.);
#1304 = FACE_BOUND('',#1305,.F.);
#1305 = EDGE_LOOP('',(#1306,#1316,#1324,#1332));
#1306 = ORIENTED_EDGE('',*,*,#1307,.T.);
#1307 = EDGE_CURVE('',#1308,#1310,#1312,.T.);
#1308 = VERTEX_POINT('',#1309);
#1309 = CARTESIAN_POINT('',(-0.283050776197,-0.53,-3.65));
#1310 = VERTEX_POINT('',#1311);
#1311 = CARTESIAN_POINT('',(-0.283050776197,-0.53,3.65));
#1312 = LINE('',#1313,#1314);
#1313 = CARTESIAN_POINT('',(-0.283050776197,-0.53,-3.65));
#1314 = VECTOR('',#1315,1.);
#1315 = DIRECTION('',(0.,0.,1.));
#1316 = ORIENTED_EDGE('',*,*,#1317,.T.);
#1317 = EDGE_CURVE('',#1310,#1318,#1320,.T.);
#1318 = VERTEX_POINT('',#1319);
#1319 = CARTESIAN_POINT('',(140.37289780113,-0.53,3.65));
#1320 = LINE('',#1321,#1322);
#1321 = CARTESIAN_POINT('',(0.,-0.53,3.65));
#1322 = VECTOR('',#1323,1.);
#1323 = DIRECTION('',(1.,0.,0.));
#1324 = ORIENTED_EDGE('',*,*,#1325,.F.);
#1325 = EDGE_CURVE('',#1326,#1318,#1328,.T.);
#1326 = VERTEX_POINT('',#1327);
#1327 = CARTESIAN_POINT('',(140.37289780113,-0.53,-3.65));
#1328 = LINE('',#1329,#1330);
#1329 = CARTESIAN_POINT('',(140.37289780113,-0.53,-3.65));
#1330 = VECTOR('',#1331,1.);
#1331 = DIRECTION('',(0.,0.,1.));
#1332 = ORIENTED_EDGE('',*,*,#1333,.F.);
#1333 = EDGE_CURVE('',#1308,#1326,#1334,.T.);
#1334 = LINE('',#1335,#1336);
#1335 = CARTESIAN_POINT('',(0.,-0.53,-3.65));
#1336 = VECTOR('',#1337,1.);
#1337 = DIRECTION('',(1.,0.,0.));
#1338 = PLANE('',#1339);
#1339 = AXIS2_PLACEMENT_3D('',#1340,#1341,#1342);
#1340 = CARTESIAN_POINT('',(-0.283050776197,-0.53,-3.65));
#1341 = DIRECTION('',(0.,1.,0.));
#1342 = DIRECTION('',(1.,0.,0.));
#1343 = ADVANCED_FACE('',(#1344),#1369,.F.);
#1344 = FACE_BOUND('',#1345,.F.);
#1345 = EDGE_LOOP('',(#1346,#1356,#1362,#1363));
#1346 = ORIENTED_EDGE('',*,*,#1347,.T.);
#1347 = EDGE_CURVE('',#1348,#1350,#1352,.T.);
#1348 = VERTEX_POINT('',#1349);
#1349 = CARTESIAN_POINT('',(129.52020896202,190.77,-3.65));
#1350 = VERTEX_POINT('',#1351);
#1351 = CARTESIAN_POINT('',(129.52020896202,190.77,3.65));
#1352 = LINE('',#1353,#1354);
#1353 = CARTESIAN_POINT('',(129.52020896202,190.77,-3.65));
#1354 = VECTOR('',#1355,1.);
#1355 = DIRECTION('',(0.,0.,1.));
#1356 = ORIENTED_EDGE('',*,*,#1357,.T.);
#1357 = EDGE_CURVE('',#1350,#1310,#1358,.T.);
#1358 = LINE('',#1359,#1360);
#1359 = CARTESIAN_POINT('',(129.47557638655,190.70422190086,3.65));
#1360 = VECTOR('',#1361,1.);
#1361 = DIRECTION('',(-0.561479339105,-0.827490756298,0.));
#1362 = ORIENTED_EDGE('',*,*,#1307,.F.);
#1363 = ORIENTED_EDGE('',*,*,#1364,.F.);
#1364 = EDGE_CURVE('',#1348,#1308,#1365,.T.);
#1365 = LINE('',#1366,#1367);
#1366 = CARTESIAN_POINT('',(129.47557638655,190.70422190086,-3.65));
#1367 = VECTOR('',#1368,1.);
#1368 = DIRECTION('',(-0.561479339105,-0.827490756298,0.));
#1369 = PLANE('',#1370);
#1370 = AXIS2_PLACEMENT_3D('',#1371,#1372,#1373);
#1371 = CARTESIAN_POINT('',(129.52020896202,190.77,-3.65));
#1372 = DIRECTION('',(0.827490756298,-0.561479339105,0.));
#1373 = DIRECTION('',(-0.561479339105,-0.827490756298,0.));
#1374 = ADVANCED_FACE('',(#1375),#1400,.F.);
#1375 = FACE_BOUND('',#1376,.F.);
#1376 = EDGE_LOOP('',(#1377,#1378,#1386,#1394));
#1377 = ORIENTED_EDGE('',*,*,#1325,.T.);
#1378 = ORIENTED_EDGE('',*,*,#1379,.T.);
#1379 = EDGE_CURVE('',#1318,#1380,#1382,.T.);
#1380 = VERTEX_POINT('',#1381);
#1381 = CARTESIAN_POINT('',(289.7070862828,190.77,3.65));
#1382 = LINE('',#1383,#1384);
#1383 = CARTESIAN_POINT('',(140.41793931136,-0.47230094934,3.65));
#1384 = VECTOR('',#1385,1.);
#1385 = DIRECTION('',(0.615339662264,0.788262075737,0.));
#1386 = ORIENTED_EDGE('',*,*,#1387,.F.);
#1387 = EDGE_CURVE('',#1388,#1380,#1390,.T.);
#1388 = VERTEX_POINT('',#1389);
#1389 = CARTESIAN_POINT('',(289.7070862828,190.77,-3.65));
#1390 = LINE('',#1391,#1392);
#1391 = CARTESIAN_POINT('',(289.7070862828,190.77,-3.65));
#1392 = VECTOR('',#1393,1.);
#1393 = DIRECTION('',(0.,0.,1.));
#1394 = ORIENTED_EDGE('',*,*,#1395,.F.);
#1395 = EDGE_CURVE('',#1326,#1388,#1396,.T.);
#1396 = LINE('',#1397,#1398);
#1397 = CARTESIAN_POINT('',(140.41793931136,-0.47230094934,-3.65));
#1398 = VECTOR('',#1399,1.);
#1399 = DIRECTION('',(0.615339662264,0.788262075737,0.));
#1400 = PLANE('',#1401);
#1401 = AXIS2_PLACEMENT_3D('',#1402,#1403,#1404);
#1402 = CARTESIAN_POINT('',(140.37289780113,-0.53,-3.65));
#1403 = DIRECTION('',(-0.788262075737,0.615339662264,0.));
#1404 = DIRECTION('',(0.615339662264,0.788262075737,0.));
#1405 = ADVANCED_FACE('',(#1406),#1417,.F.);
#1406 = FACE_BOUND('',#1407,.T.);
#1407 = EDGE_LOOP('',(#1408,#1409,#1410,#1416));
#1408 = ORIENTED_EDGE('',*,*,#1333,.F.);
#1409 = ORIENTED_EDGE('',*,*,#1364,.F.);
#1410 = ORIENTED_EDGE('',*,*,#1411,.F.);
#1411 = EDGE_CURVE('',#1388,#1348,#1412,.T.);
#1412 = LINE('',#1413,#1414);
#1413 = CARTESIAN_POINT('',(289.3997,190.77,-3.65));
#1414 = VECTOR('',#1415,1.);
#1415 = DIRECTION('',(-1.,0.,0.));
#1416 = ORIENTED_EDGE('',*,*,#1395,.F.);
#1417 = PLANE('',#1418);
#1418 = AXIS2_PLACEMENT_3D('',#1419,#1420,#1421);
#1419 = CARTESIAN_POINT('',(142.69650293805,97.528461978092,-3.65));
#1420 = DIRECTION('',(0.,0.,1.));
#1421 = DIRECTION('',(1.,0.,-0.));
#1422 = ADVANCED_FACE('',(#1423),#1434,.T.);
#1423 = FACE_BOUND('',#1424,.F.);
#1424 = EDGE_LOOP('',(#1425,#1426,#1427,#1433));
#1425 = ORIENTED_EDGE('',*,*,#1317,.F.);
#1426 = ORIENTED_EDGE('',*,*,#1357,.F.);
#1427 = ORIENTED_EDGE('',*,*,#1428,.F.);
#1428 = EDGE_CURVE('',#1380,#1350,#1429,.T.);
#1429 = LINE('',#1430,#1431);
#1430 = CARTESIAN_POINT('',(289.3997,190.77,3.65));
#1431 = VECTOR('',#1432,1.);
#1432 = DIRECTION('',(-1.,0.,0.));
#1433 = ORIENTED_EDGE('',*,*,#1379,.F.);
#1434 = PLANE('',#1435);
#1435 = AXIS2_PLACEMENT_3D('',#1436,#1437,#1438);
#1436 = CARTESIAN_POINT('',(142.69650293805,97.528461978092,3.65));
#1437 = DIRECTION('',(0.,0.,1.));
#1438 = DIRECTION('',(1.,0.,-0.));
#1439 = ADVANCED_FACE('',(#1440,#1446),#1480,.F.);
#1440 = FACE_BOUND('',#1441,.F.);
#1441 = EDGE_LOOP('',(#1442,#1443,#1444,#1445));
#1442 = ORIENTED_EDGE('',*,*,#1387,.T.);
#1443 = ORIENTED_EDGE('',*,*,#1428,.T.);
#1444 = ORIENTED_EDGE('',*,*,#1347,.F.);
#1445 = ORIENTED_EDGE('',*,*,#1411,.F.);
#1446 = FACE_BOUND('',#1447,.F.);
#1447 = EDGE_LOOP('',(#1448,#1458,#1466,#1474));
#1448 = ORIENTED_EDGE('',*,*,#1449,.T.);
#1449 = EDGE_CURVE('',#1450,#1452,#1454,.T.);
#1450 = VERTEX_POINT('',#1451);
#1451 = CARTESIAN_POINT('',(207.1267,190.77,-3.));
#1452 = VERTEX_POINT('',#1453);
#1453 = CARTESIAN_POINT('',(189.1267,190.77,-3.));
#1454 = LINE('',#1455,#1456);
#1455 = CARTESIAN_POINT('',(239.4168931414,190.77,-3.));
#1456 = VECTOR('',#1457,1.);
#1457 = DIRECTION('',(-1.,0.,0.));
#1458 = ORIENTED_EDGE('',*,*,#1459,.T.);
#1459 = EDGE_CURVE('',#1452,#1460,#1462,.T.);
#1460 = VERTEX_POINT('',#1461);
#1461 = CARTESIAN_POINT('',(189.1267,190.77,3.));
#1462 = LINE('',#1463,#1464);
#1463 = CARTESIAN_POINT('',(189.1267,190.77,-3.325));
#1464 = VECTOR('',#1465,1.);
#1465 = DIRECTION('',(0.,0.,1.));
#1466 = ORIENTED_EDGE('',*,*,#1467,.F.);
#1467 = EDGE_CURVE('',#1468,#1460,#1470,.T.);
#1468 = VERTEX_POINT('',#1469);
#1469 = CARTESIAN_POINT('',(207.1267,190.77,3.));
#1470 = LINE('',#1471,#1472);
#1471 = CARTESIAN_POINT('',(239.4168931414,190.77,3.));
#1472 = VECTOR('',#1473,1.);
#1473 = DIRECTION('',(-1.,0.,0.));
#1474 = ORIENTED_EDGE('',*,*,#1475,.F.);
#1475 = EDGE_CURVE('',#1450,#1468,#1476,.T.);
#1476 = LINE('',#1477,#1478);
#1477 = CARTESIAN_POINT('',(207.1267,190.77,-3.325));
#1478 = VECTOR('',#1479,1.);
#1479 = DIRECTION('',(0.,0.,1.));
#1480 = PLANE('',#1481);
#1481 = AXIS2_PLACEMENT_3D('',#1482,#1483,#1484);
#1482 = CARTESIAN_POINT('',(289.7070862828,190.77,-3.65));
#1483 = DIRECTION('',(0.,-1.,0.));
#1484 = DIRECTION('',(-1.,0.,0.));
#1485 = ADVANCED_FACE('',(#1486),#1511,.T.);
#1486 = FACE_BOUND('',#1487,.T.);
#1487 = EDGE_LOOP('',(#1488,#1496,#1504,#1510));
#1488 = ORIENTED_EDGE('',*,*,#1489,.F.);
#1489 = EDGE_CURVE('',#1490,#1452,#1492,.T.);
#1490 = VERTEX_POINT('',#1491);
#1491 = CARTESIAN_POINT('',(189.1267,190.67,-3.));
#1492 = LINE('',#1493,#1494);
#1493 = CARTESIAN_POINT('',(189.1267,190.12,-3.));
#1494 = VECTOR('',#1495,1.);
#1495 = DIRECTION('',(-0.,1.,0.));
#1496 = ORIENTED_EDGE('',*,*,#1497,.F.);
#1497 = EDGE_CURVE('',#1498,#1490,#1500,.T.);
#1498 = VERTEX_POINT('',#1499);
#1499 = CARTESIAN_POINT('',(207.1267,190.67,-3.));
#1500 = LINE('',#1501,#1502);
#1501 = CARTESIAN_POINT('',(239.31443104713,190.67,-3.));
#1502 = VECTOR('',#1503,1.);
#1503 = DIRECTION('',(-1.,0.,0.));
#1504 = ORIENTED_EDGE('',*,*,#1505,.T.);
#1505 = EDGE_CURVE('',#1498,#1450,#1506,.T.);
#1506 = LINE('',#1507,#1508);
#1507 = CARTESIAN_POINT('',(207.1267,190.12,-3.));
#1508 = VECTOR('',#1509,1.);
#1509 = DIRECTION('',(-0.,1.,0.));
#1510 = ORIENTED_EDGE('',*,*,#1449,.T.);
#1511 = PLANE('',#1512);
#1512 = AXIS2_PLACEMENT_3D('',#1513,#1514,#1515);
#1513 = CARTESIAN_POINT('',(189.1267,190.12,-3.));
#1514 = DIRECTION('',(0.,0.,1.));
#1515 = DIRECTION('',(1.,0.,-0.));
#1516 = ADVANCED_FACE('',(#1517),#1535,.F.);
#1517 = FACE_BOUND('',#1518,.F.);
#1518 = EDGE_LOOP('',(#1519,#1527,#1533,#1534));
#1519 = ORIENTED_EDGE('',*,*,#1520,.F.);
#1520 = EDGE_CURVE('',#1521,#1468,#1523,.T.);
#1521 = VERTEX_POINT('',#1522);
#1522 = CARTESIAN_POINT('',(207.1267,190.67,3.));
#1523 = LINE('',#1524,#1525);
#1524 = CARTESIAN_POINT('',(207.1267,190.12,3.));
#1525 = VECTOR('',#1526,1.);
#1526 = DIRECTION('',(-0.,1.,0.));
#1527 = ORIENTED_EDGE('',*,*,#1528,.F.);
#1528 = EDGE_CURVE('',#1498,#1521,#1529,.T.);
#1529 = LINE('',#1530,#1531);
#1530 = CARTESIAN_POINT('',(207.1267,190.67,-3.275));
#1531 = VECTOR('',#1532,1.);
#1532 = DIRECTION('',(0.,0.,1.));
#1533 = ORIENTED_EDGE('',*,*,#1505,.T.);
#1534 = ORIENTED_EDGE('',*,*,#1475,.T.);
#1535 = PLANE('',#1536);
#1536 = AXIS2_PLACEMENT_3D('',#1537,#1538,#1539);
#1537 = CARTESIAN_POINT('',(207.1267,190.12,-3.));
#1538 = DIRECTION('',(1.,0.,-0.));
#1539 = DIRECTION('',(0.,0.,1.));
#1540 = ADVANCED_FACE('',(#1541),#1559,.F.);
#1541 = FACE_BOUND('',#1542,.F.);
#1542 = EDGE_LOOP('',(#1543,#1551,#1557,#1558));
#1543 = ORIENTED_EDGE('',*,*,#1544,.F.);
#1544 = EDGE_CURVE('',#1545,#1460,#1547,.T.);
#1545 = VERTEX_POINT('',#1546);
#1546 = CARTESIAN_POINT('',(189.1267,190.67,3.));
#1547 = LINE('',#1548,#1549);
#1548 = CARTESIAN_POINT('',(189.1267,190.12,3.));
#1549 = VECTOR('',#1550,1.);
#1550 = DIRECTION('',(-0.,1.,0.));
#1551 = ORIENTED_EDGE('',*,*,#1552,.F.);
#1552 = EDGE_CURVE('',#1521,#1545,#1553,.T.);
#1553 = LINE('',#1554,#1555);
#1554 = CARTESIAN_POINT('',(239.31443104713,190.67,3.));
#1555 = VECTOR('',#1556,1.);
#1556 = DIRECTION('',(-1.,0.,0.));
#1557 = ORIENTED_EDGE('',*,*,#1520,.T.);
#1558 = ORIENTED_EDGE('',*,*,#1467,.T.);
#1559 = PLANE('',#1560);
#1560 = AXIS2_PLACEMENT_3D('',#1561,#1562,#1563);
#1561 = CARTESIAN_POINT('',(189.1267,190.12,3.));
#1562 = DIRECTION('',(0.,0.,1.));
#1563 = DIRECTION('',(1.,0.,-0.));
#1564 = ADVANCED_FACE('',(#1565),#1576,.T.);
#1565 = FACE_BOUND('',#1566,.T.);
#1566 = EDGE_LOOP('',(#1567,#1568,#1574,#1575));
#1567 = ORIENTED_EDGE('',*,*,#1544,.F.);
#1568 = ORIENTED_EDGE('',*,*,#1569,.F.);
#1569 = EDGE_CURVE('',#1490,#1545,#1570,.T.);
#1570 = LINE('',#1571,#1572);
#1571 = CARTESIAN_POINT('',(189.1267,190.67,-3.275));
#1572 = VECTOR('',#1573,1.);
#1573 = DIRECTION('',(0.,0.,1.));
#1574 = ORIENTED_EDGE('',*,*,#1489,.T.);
#1575 = ORIENTED_EDGE('',*,*,#1459,.T.);
#1576 = PLANE('',#1577);
#1577 = AXIS2_PLACEMENT_3D('',#1578,#1579,#1580);
#1578 = CARTESIAN_POINT('',(189.1267,190.12,-3.));
#1579 = DIRECTION('',(1.,0.,-0.));
#1580 = DIRECTION('',(0.,0.,1.));
#1581 = ADVANCED_FACE('',(#1582,#1616),#1622,.T.);
#1582 = FACE_BOUND('',#1583,.T.);
#1583 = EDGE_LOOP('',(#1584,#1594,#1602,#1610));
#1584 = ORIENTED_EDGE('',*,*,#1585,.T.);
#1585 = EDGE_CURVE('',#1586,#1588,#1590,.T.);
#1586 = VERTEX_POINT('',#1587);
#1587 = CARTESIAN_POINT('',(289.50216209426,190.67,-3.55));
#1588 = VERTEX_POINT('',#1589);
#1589 = CARTESIAN_POINT('',(289.50216209426,190.67,3.55));
#1590 = LINE('',#1591,#1592);
#1591 = CARTESIAN_POINT('',(289.50216209426,190.67,-3.55));
#1592 = VECTOR('',#1593,1.);
#1593 = DIRECTION('',(0.,0.,1.));
#1594 = ORIENTED_EDGE('',*,*,#1595,.T.);
#1595 = EDGE_CURVE('',#1588,#1596,#1598,.T.);
#1596 = VERTEX_POINT('',#1597);
#1597 = CARTESIAN_POINT('',(129.57320298734,190.67,3.55));
#1598 = LINE('',#1599,#1600);
#1599 = CARTESIAN_POINT('',(289.3997,190.67,3.55));
#1600 = VECTOR('',#1601,1.);
#1601 = DIRECTION('',(-1.,0.,0.));
#1602 = ORIENTED_EDGE('',*,*,#1603,.F.);
#1603 = EDGE_CURVE('',#1604,#1596,#1606,.T.);
#1604 = VERTEX_POINT('',#1605);
#1605 = CARTESIAN_POINT('',(129.57320298734,190.67,-3.55));
#1606 = LINE('',#1607,#1608);
#1607 = CARTESIAN_POINT('',(129.57320298734,190.67,-3.55));
#1608 = VECTOR('',#1609,1.);
#1609 = DIRECTION('',(0.,0.,1.));
#1610 = ORIENTED_EDGE('',*,*,#1611,.F.);
#1611 = EDGE_CURVE('',#1586,#1604,#1612,.T.);
#1612 = LINE('',#1613,#1614);
#1613 = CARTESIAN_POINT('',(289.3997,190.67,-3.55));
#1614 = VECTOR('',#1615,1.);
#1615 = DIRECTION('',(-1.,0.,0.));
#1616 = FACE_BOUND('',#1617,.T.);
#1617 = EDGE_LOOP('',(#1618,#1619,#1620,#1621));
#1618 = ORIENTED_EDGE('',*,*,#1497,.T.);
#1619 = ORIENTED_EDGE('',*,*,#1569,.T.);
#1620 = ORIENTED_EDGE('',*,*,#1552,.F.);
#1621 = ORIENTED_EDGE('',*,*,#1528,.F.);
#1622 = PLANE('',#1623);
#1623 = AXIS2_PLACEMENT_3D('',#1624,#1625,#1626);
#1624 = CARTESIAN_POINT('',(289.50216209426,190.67,-3.55));
#1625 = DIRECTION('',(0.,-1.,0.));
#1626 = DIRECTION('',(-1.,0.,0.));
#1627 = ADVANCED_FACE('',(#1628),#1653,.T.);
#1628 = FACE_BOUND('',#1629,.T.);
#1629 = EDGE_LOOP('',(#1630,#1640,#1646,#1647));
#1630 = ORIENTED_EDGE('',*,*,#1631,.T.);
#1631 = EDGE_CURVE('',#1632,#1634,#1636,.T.);
#1632 = VERTEX_POINT('',#1633);
#1633 = CARTESIAN_POINT('',(140.32409926704,-0.43,-3.55));
#1634 = VERTEX_POINT('',#1635);
#1635 = CARTESIAN_POINT('',(140.32409926704,-0.43,3.55));
#1636 = LINE('',#1637,#1638);
#1637 = CARTESIAN_POINT('',(140.32409926704,-0.43,-3.55));
#1638 = VECTOR('',#1639,1.);
#1639 = DIRECTION('',(0.,0.,1.));
#1640 = ORIENTED_EDGE('',*,*,#1641,.T.);
#1641 = EDGE_CURVE('',#1634,#1588,#1642,.T.);
#1642 = LINE('',#1643,#1644);
#1643 = CARTESIAN_POINT('',(140.33911310378,-0.410766983113,3.55));
#1644 = VECTOR('',#1645,1.);
#1645 = DIRECTION('',(0.615339662264,0.788262075737,0.));
#1646 = ORIENTED_EDGE('',*,*,#1585,.F.);
#1647 = ORIENTED_EDGE('',*,*,#1648,.F.);
#1648 = EDGE_CURVE('',#1632,#1586,#1649,.T.);
#1649 = LINE('',#1650,#1651);
#1650 = CARTESIAN_POINT('',(140.33911310378,-0.410766983113,-3.55));
#1651 = VECTOR('',#1652,1.);
#1652 = DIRECTION('',(0.615339662264,0.788262075737,0.));
#1653 = PLANE('',#1654);
#1654 = AXIS2_PLACEMENT_3D('',#1655,#1656,#1657);
#1655 = CARTESIAN_POINT('',(140.32409926704,-0.43,-3.55));
#1656 = DIRECTION('',(-0.788262075737,0.615339662264,0.));
#1657 = DIRECTION('',(0.615339662264,0.788262075737,0.));
#1658 = ADVANCED_FACE('',(#1659),#1677,.T.);
#1659 = FACE_BOUND('',#1660,.F.);
#1660 = EDGE_LOOP('',(#1661,#1669,#1675,#1676));
#1661 = ORIENTED_EDGE('',*,*,#1662,.F.);
#1662 = EDGE_CURVE('',#1663,#1632,#1665,.T.);
#1663 = VERTEX_POINT('',#1664);
#1664 = CARTESIAN_POINT('',(-9.435025873219E-02,-0.43,-3.55));
#1665 = LINE('',#1666,#1667);
#1666 = CARTESIAN_POINT('',(0.,-0.43,-3.55));
#1667 = VECTOR('',#1668,1.);
#1668 = DIRECTION('',(1.,0.,0.));
#1669 = ORIENTED_EDGE('',*,*,#1670,.F.);
#1670 = EDGE_CURVE('',#1604,#1663,#1671,.T.);
#1671 = LINE('',#1672,#1673);
#1672 = CARTESIAN_POINT('',(129.55832546218,190.64807396695,-3.55));
#1673 = VECTOR('',#1674,1.);
#1674 = DIRECTION('',(-0.561479339105,-0.827490756298,0.));
#1675 = ORIENTED_EDGE('',*,*,#1611,.F.);
#1676 = ORIENTED_EDGE('',*,*,#1648,.F.);
#1677 = PLANE('',#1678);
#1678 = AXIS2_PLACEMENT_3D('',#1679,#1680,#1681);
#1679 = CARTESIAN_POINT('',(142.69650293805,97.528461978092,-3.55));
#1680 = DIRECTION('',(0.,0.,1.));
#1681 = DIRECTION('',(1.,0.,-0.));
#1682 = ADVANCED_FACE('',(#1683),#1701,.F.);
#1683 = FACE_BOUND('',#1684,.T.);
#1684 = EDGE_LOOP('',(#1685,#1693,#1699,#1700));
#1685 = ORIENTED_EDGE('',*,*,#1686,.F.);
#1686 = EDGE_CURVE('',#1687,#1634,#1689,.T.);
#1687 = VERTEX_POINT('',#1688);
#1688 = CARTESIAN_POINT('',(-9.435025873219E-02,-0.43,3.55));
#1689 = LINE('',#1690,#1691);
#1690 = CARTESIAN_POINT('',(0.,-0.43,3.55));
#1691 = VECTOR('',#1692,1.);
#1692 = DIRECTION('',(1.,0.,0.));
#1693 = ORIENTED_EDGE('',*,*,#1694,.F.);
#1694 = EDGE_CURVE('',#1596,#1687,#1695,.T.);
#1695 = LINE('',#1696,#1697);
#1696 = CARTESIAN_POINT('',(129.55832546218,190.64807396695,3.55));
#1697 = VECTOR('',#1698,1.);
#1698 = DIRECTION('',(-0.561479339105,-0.827490756298,0.));
#1699 = ORIENTED_EDGE('',*,*,#1595,.F.);
#1700 = ORIENTED_EDGE('',*,*,#1641,.F.);
#1701 = PLANE('',#1702);
#1702 = AXIS2_PLACEMENT_3D('',#1703,#1704,#1705);
#1703 = CARTESIAN_POINT('',(142.69650293805,97.528461978092,3.55));
#1704 = DIRECTION('',(0.,0.,1.));
#1705 = DIRECTION('',(1.,0.,-0.));
#1706 = ADVANCED_FACE('',(#1707),#1718,.T.);
#1707 = FACE_BOUND('',#1708,.T.);
#1708 = EDGE_LOOP('',(#1709,#1710,#1711,#1717));
#1709 = ORIENTED_EDGE('',*,*,#1603,.T.);
#1710 = ORIENTED_EDGE('',*,*,#1694,.T.);
#1711 = ORIENTED_EDGE('',*,*,#1712,.F.);
#1712 = EDGE_CURVE('',#1663,#1687,#1713,.T.);
#1713 = LINE('',#1714,#1715);
#1714 = CARTESIAN_POINT('',(-9.435025873219E-02,-0.43,-3.55));
#1715 = VECTOR('',#1716,1.);
#1716 = DIRECTION('',(0.,0.,1.));
#1717 = ORIENTED_EDGE('',*,*,#1670,.F.);
#1718 = PLANE('',#1719);
#1719 = AXIS2_PLACEMENT_3D('',#1720,#1721,#1722);
#1720 = CARTESIAN_POINT('',(129.57320298734,190.67,-3.55));
#1721 = DIRECTION('',(0.827490756298,-0.561479339105,0.));
#1722 = DIRECTION('',(-0.561479339105,-0.827490756298,0.));
#1723 = ADVANCED_FACE('',(#1724),#1730,.T.);
#1724 = FACE_BOUND('',#1725,.T.);
#1725 = EDGE_LOOP('',(#1726,#1727,#1728,#1729));
#1726 = ORIENTED_EDGE('',*,*,#1712,.T.);
#1727 = ORIENTED_EDGE('',*,*,#1686,.T.);
#1728 = ORIENTED_EDGE('',*,*,#1631,.F.);
#1729 = ORIENTED_EDGE('',*,*,#1662,.F.);
#1730 = PLANE('',#1731);
#1731 = AXIS2_PLACEMENT_3D('',#1732,#1733,#1734);
#1732 = CARTESIAN_POINT('',(-9.435025873219E-02,-0.43,-3.55));
#1733 = DIRECTION('',(0.,1.,0.));
#1734 = DIRECTION('',(1.,0.,0.));
#1735 = ( GEOMETRIC_REPRESENTATION_CONTEXT(3) 
GLOBAL_UNCERTAINTY_ASSIGNED_CONTEXT((#1739)) 
GLOBAL_UNIT_ASSIGNED_CONTEXT((#1736,#1737,#1738)) REPRESENTATION_CONTEXT
('Context #1','3D Context with UNIT and UNCERTAINTY') );
#1736 = ( LENGTH_UNIT() NAMED_UNIT(*) SI_UNIT(.MILLI.,.METRE.) );
#1737 = ( NAMED_UNIT(*) PLANE_ANGLE_UNIT() SI_UNIT($,.RADIAN.) );
#1738 = ( NAMED_UNIT(*) SI_UNIT($,.STERADIAN.) SOLID_ANGLE_UNIT() );
#1739 = UNCERTAINTY_MEASURE_WITH_UNIT(LENGTH_MEASURE(1.E-07),#1736,
  'distance_accuracy_value','confusion accuracy');
#1740 = CONTEXT_DEPENDENT_SHAPE_REPRESENTATION(#1741,#1743);
#1741 = ( REPRESENTATION_RELATIONSHIP('','',#1300,#10) 
REPRESENTATION_RELATIONSHIP_WITH_TRANSFORMATION(#1742) 
SHAPE_REPRESENTATION_RELATIONSHIP() );
#1742 = ITEM_DEFINED_TRANSFORMATION('','',#11,#27);
#1743 = PRODUCT_DEFINITION_SHAPE('Placement','Placement of an item',
  #1744);
#1744 = NEXT_ASSEMBLY_USAGE_OCCURRENCE('4','Tile0_WrapAl','',#5,#1295,$
  );
#1745 = PRODUCT_RELATED_PRODUCT_CATEGORY('part',$,(#1297));
#1746 = SHAPE_DEFINITION_REPRESENTATION(#1747,#1753);
#1747 = PRODUCT_DEFINITION_SHAPE('','',#1748);
#1748 = PRODUCT_DEFINITION('design','',#1749,#1752);
#1749 = PRODUCT_DEFINITION_FORMATION('','',#1750);
#1750 = PRODUCT('Tile0_WrapCling','Tile0_WrapCling','',(#1751));
#1751 = PRODUCT_CONTEXT('',#2,'mechanical');
#1752 = PRODUCT_DEFINITION_CONTEXT('part definition',#2,'design');
#1753 = ADVANCED_BREP_SHAPE_REPRESENTATION('',(#11,#1754),#2188);
#1754 = MANIFOLD_SOLID_BREP('',#1755);
#1755 = CLOSED_SHELL('',(#1756,#1796,#1827,#1858,#1875,#1892,#1938,#1969
    ,#1993,#2017,#2034,#2080,#2111,#2135,#2159,#2176));
#1756 = ADVANCED_FACE('',(#1757),#1791,.F.);
#1757 = FACE_BOUND('',#1758,.F.);
#1758 = EDGE_LOOP('',(#1759,#1769,#1777,#1785));
#1759 = ORIENTED_EDGE('',*,*,#1760,.T.);
#1760 = EDGE_CURVE('',#1761,#1763,#1765,.T.);
#1761 = VERTEX_POINT('',#1762);
#1762 = CARTESIAN_POINT('',(-0.339660931436,-0.56,-3.68));
#1763 = VERTEX_POINT('',#1764);
#1764 = CARTESIAN_POINT('',(-0.339660931436,-0.56,3.68));
#1765 = LINE('',#1766,#1767);
#1766 = CARTESIAN_POINT('',(-0.339660931436,-0.56,-3.68));
#1767 = VECTOR('',#1768,1.);
#1768 = DIRECTION('',(0.,0.,1.));
#1769 = ORIENTED_EDGE('',*,*,#1770,.T.);
#1770 = EDGE_CURVE('',#1763,#1771,#1773,.T.);
#1771 = VERTEX_POINT('',#1772);
#1772 = CARTESIAN_POINT('',(140.38753736135,-0.56,3.68));
#1773 = LINE('',#1774,#1775);
#1774 = CARTESIAN_POINT('',(0.,-0.56,3.68));
#1775 = VECTOR('',#1776,1.);
#1776 = DIRECTION('',(1.,0.,0.));
#1777 = ORIENTED_EDGE('',*,*,#1778,.F.);
#1778 = EDGE_CURVE('',#1779,#1771,#1781,.T.);
#1779 = VERTEX_POINT('',#1780);
#1780 = CARTESIAN_POINT('',(140.38753736135,-0.56,-3.68));
#1781 = LINE('',#1782,#1783);
#1782 = CARTESIAN_POINT('',(140.38753736135,-0.56,-3.68));
#1783 = VECTOR('',#1784,1.);
#1784 = DIRECTION('',(0.,0.,1.));
#1785 = ORIENTED_EDGE('',*,*,#1786,.F.);
#1786 = EDGE_CURVE('',#1761,#1779,#1787,.T.);
#1787 = LINE('',#1788,#1789);
#1788 = CARTESIAN_POINT('',(0.,-0.56,-3.68));
#1789 = VECTOR('',#1790,1.);
#1790 = DIRECTION('',(1.,0.,0.));
#1791 = PLANE('',#1792);
#1792 = AXIS2_PLACEMENT_3D('',#1793,#1794,#1795);
#1793 = CARTESIAN_POINT('',(-0.339660931436,-0.56,-3.68));
#1794 = DIRECTION('',(0.,1.,0.));
#1795 = DIRECTION('',(1.,0.,0.));
#1796 = ADVANCED_FACE('',(#1797),#1822,.F.);
#1797 = FACE_BOUND('',#1798,.F.);
#1798 = EDGE_LOOP('',(#1799,#1809,#1815,#1816));
#1799 = ORIENTED_EDGE('',*,*,#1800,.T.);
#1800 = EDGE_CURVE('',#1801,#1803,#1805,.T.);
#1801 = VERTEX_POINT('',#1802);
#1802 = CARTESIAN_POINT('',(129.50431075442,190.8,-3.68));
#1803 = VERTEX_POINT('',#1804);
#1804 = CARTESIAN_POINT('',(129.50431075442,190.8,3.68));
#1805 = LINE('',#1806,#1807);
#1806 = CARTESIAN_POINT('',(129.50431075442,190.8,-3.68));
#1807 = VECTOR('',#1808,1.);
#1808 = DIRECTION('',(0.,0.,1.));
#1809 = ORIENTED_EDGE('',*,*,#1810,.T.);
#1810 = EDGE_CURVE('',#1803,#1763,#1811,.T.);
#1811 = LINE('',#1812,#1813);
#1812 = CARTESIAN_POINT('',(129.45075166386,190.72106628103,3.68));
#1813 = VECTOR('',#1814,1.);
#1814 = DIRECTION('',(-0.561479339105,-0.827490756298,0.));
#1815 = ORIENTED_EDGE('',*,*,#1760,.F.);
#1816 = ORIENTED_EDGE('',*,*,#1817,.F.);
#1817 = EDGE_CURVE('',#1801,#1761,#1818,.T.);
#1818 = LINE('',#1819,#1820);
#1819 = CARTESIAN_POINT('',(129.45075166386,190.72106628103,-3.68));
#1820 = VECTOR('',#1821,1.);
#1821 = DIRECTION('',(-0.561479339105,-0.827490756298,0.));
#1822 = PLANE('',#1823);
#1823 = AXIS2_PLACEMENT_3D('',#1824,#1825,#1826);
#1824 = CARTESIAN_POINT('',(129.50431075442,190.8,-3.68));
#1825 = DIRECTION('',(0.827490756298,-0.561479339105,0.));
#1826 = DIRECTION('',(-0.561479339105,-0.827490756298,0.));
#1827 = ADVANCED_FACE('',(#1828),#1853,.F.);
#1828 = FACE_BOUND('',#1829,.F.);
#1829 = EDGE_LOOP('',(#1830,#1831,#1839,#1847));
#1830 = ORIENTED_EDGE('',*,*,#1778,.T.);
#1831 = ORIENTED_EDGE('',*,*,#1832,.T.);
#1832 = EDGE_CURVE('',#1771,#1833,#1835,.T.);
#1833 = VERTEX_POINT('',#1834);
#1834 = CARTESIAN_POINT('',(289.76856353937,190.8,3.68));
#1835 = LINE('',#1836,#1837);
#1836 = CARTESIAN_POINT('',(140.44158717363,-0.490761139207,3.68));
#1837 = VECTOR('',#1838,1.);
#1838 = DIRECTION('',(0.615339662264,0.788262075737,0.));
#1839 = ORIENTED_EDGE('',*,*,#1840,.F.);
#1840 = EDGE_CURVE('',#1841,#1833,#1843,.T.);
#1841 = VERTEX_POINT('',#1842);
#1842 = CARTESIAN_POINT('',(289.76856353937,190.8,-3.68));
#1843 = LINE('',#1844,#1845);
#1844 = CARTESIAN_POINT('',(289.76856353937,190.8,-3.68));
#1845 = VECTOR('',#1846,1.);
#1846 = DIRECTION('',(0.,0.,1.));
#1847 = ORIENTED_EDGE('',*,*,#1848,.F.);
#1848 = EDGE_CURVE('',#1779,#1841,#1849,.T.);
#1849 = LINE('',#1850,#1851);
#1850 = CARTESIAN_POINT('',(140.44158717363,-0.490761139207,-3.68));
#1851 = VECTOR('',#1852,1.);
#1852 = DIRECTION('',(0.615339662264,0.788262075737,0.));
#1853 = PLANE('',#1854);
#1854 = AXIS2_PLACEMENT_3D('',#1855,#1856,#1857);
#1855 = CARTESIAN_POINT('',(140.38753736135,-0.56,-3.68));
#1856 = DIRECTION('',(-0.788262075737,0.615339662264,0.));
#1857 = DIRECTION('',(0.615339662264,0.788262075737,0.));
#1858 = ADVANCED_FACE('',(#1859),#1870,.F.);
#1859 = FACE_BOUND('',#1860,.T.);
#1860 = EDGE_LOOP('',(#1861,#1862,#1863,#1869));
#1861 = ORIENTED_EDGE('',*,*,#1786,.F.);
#1862 = ORIENTED_EDGE('',*,*,#1817,.F.);
#1863 = ORIENTED_EDGE('',*,*,#1864,.F.);
#1864 = EDGE_CURVE('',#1841,#1801,#1865,.T.);
#1865 = LINE('',#1866,#1867);
#1866 = CARTESIAN_POINT('',(289.3997,190.8,-3.68));
#1867 = VECTOR('',#1868,1.);
#1868 = DIRECTION('',(-1.,0.,0.));
#1869 = ORIENTED_EDGE('',*,*,#1848,.F.);
#1870 = PLANE('',#1871);
#1871 = AXIS2_PLACEMENT_3D('',#1872,#1873,#1874);
#1872 = CARTESIAN_POINT('',(142.69650293805,97.528461978092,-3.68));
#1873 = DIRECTION('',(0.,0.,1.));
#1874 = DIRECTION('',(1.,0.,-0.));
#1875 = ADVANCED_FACE('',(#1876),#1887,.T.);
#1876 = FACE_BOUND('',#1877,.F.);
#1877 = EDGE_LOOP('',(#1878,#1879,#1880,#1886));
#1878 = ORIENTED_EDGE('',*,*,#1770,.F.);
#1879 = ORIENTED_EDGE('',*,*,#1810,.F.);
#1880 = ORIENTED_EDGE('',*,*,#1881,.F.);
#1881 = EDGE_CURVE('',#1833,#1803,#1882,.T.);
#1882 = LINE('',#1883,#1884);
#1883 = CARTESIAN_POINT('',(289.3997,190.8,3.68));
#1884 = VECTOR('',#1885,1.);
#1885 = DIRECTION('',(-1.,0.,0.));
#1886 = ORIENTED_EDGE('',*,*,#1832,.F.);
#1887 = PLANE('',#1888);
#1888 = AXIS2_PLACEMENT_3D('',#1889,#1890,#1891);
#1889 = CARTESIAN_POINT('',(142.69650293805,97.528461978092,3.68));
#1890 = DIRECTION('',(0.,0.,1.));
#1891 = DIRECTION('',(1.,0.,-0.));
#1892 = ADVANCED_FACE('',(#1893,#1899),#1933,.F.);
#1893 = FACE_BOUND('',#1894,.F.);
#1894 = EDGE_LOOP('',(#1895,#1896,#1897,#1898));
#1895 = ORIENTED_EDGE('',*,*,#1840,.T.);
#1896 = ORIENTED_EDGE('',*,*,#1881,.T.);
#1897 = ORIENTED_EDGE('',*,*,#1800,.F.);
#1898 = ORIENTED_EDGE('',*,*,#1864,.F.);
#1899 = FACE_BOUND('',#1900,.F.);
#1900 = EDGE_LOOP('',(#1901,#1911,#1919,#1927));
#1901 = ORIENTED_EDGE('',*,*,#1902,.T.);
#1902 = EDGE_CURVE('',#1903,#1905,#1907,.T.);
#1903 = VERTEX_POINT('',#1904);
#1904 = CARTESIAN_POINT('',(207.1267,190.8,-3.));
#1905 = VERTEX_POINT('',#1906);
#1906 = CARTESIAN_POINT('',(189.1267,190.8,-3.));
#1907 = LINE('',#1908,#1909);
#1908 = CARTESIAN_POINT('',(239.44763176968,190.8,-3.));
#1909 = VECTOR('',#1910,1.);
#1910 = DIRECTION('',(-1.,0.,0.));
#1911 = ORIENTED_EDGE('',*,*,#1912,.T.);
#1912 = EDGE_CURVE('',#1905,#1913,#1915,.T.);
#1913 = VERTEX_POINT('',#1914);
#1914 = CARTESIAN_POINT('',(189.1267,190.8,3.));
#1915 = LINE('',#1916,#1917);
#1916 = CARTESIAN_POINT('',(189.1267,190.8,-3.34));
#1917 = VECTOR('',#1918,1.);
#1918 = DIRECTION('',(0.,0.,1.));
#1919 = ORIENTED_EDGE('',*,*,#1920,.F.);
#1920 = EDGE_CURVE('',#1921,#1913,#1923,.T.);
#1921 = VERTEX_POINT('',#1922);
#1922 = CARTESIAN_POINT('',(207.1267,190.8,3.));
#1923 = LINE('',#1924,#1925);
#1924 = CARTESIAN_POINT('',(239.44763176968,190.8,3.));
#1925 = VECTOR('',#1926,1.);
#1926 = DIRECTION('',(-1.,0.,0.));
#1927 = ORIENTED_EDGE('',*,*,#1928,.F.);
#1928 = EDGE_CURVE('',#1903,#1921,#1929,.T.);
#1929 = LINE('',#1930,#1931);
#1930 = CARTESIAN_POINT('',(207.1267,190.8,-3.34));
#1931 = VECTOR('',#1932,1.);
#1932 = DIRECTION('',(0.,0.,1.));
#1933 = PLANE('',#1934);
#1934 = AXIS2_PLACEMENT_3D('',#1935,#1936,#1937);
#1935 = CARTESIAN_POINT('',(289.76856353937,190.8,-3.68));
#1936 = DIRECTION('',(0.,-1.,0.));
#1937 = DIRECTION('',(-1.,0.,0.));
#1938 = ADVANCED_FACE('',(#1939),#1964,.T.);
#1939 = FACE_BOUND('',#1940,.T.);
#1940 = EDGE_LOOP('',(#1941,#1949,#1957,#1963));
#1941 = ORIENTED_EDGE('',*,*,#1942,.F.);
#1942 = EDGE_CURVE('',#1943,#1905,#1945,.T.);
#1943 = VERTEX_POINT('',#1944);
#1944 = CARTESIAN_POINT('',(189.1267,190.77,-3.));
#1945 = LINE('',#1946,#1947);
#1946 = CARTESIAN_POINT('',(189.1267,190.12,-3.));
#1947 = VECTOR('',#1948,1.);
#1948 = DIRECTION('',(-0.,1.,0.));
#1949 = ORIENTED_EDGE('',*,*,#1950,.F.);
#1950 = EDGE_CURVE('',#1951,#1943,#1953,.T.);
#1951 = VERTEX_POINT('',#1952);
#1952 = CARTESIAN_POINT('',(207.1267,190.77,-3.));
#1953 = LINE('',#1954,#1955);
#1954 = CARTESIAN_POINT('',(239.4168931414,190.77,-3.));
#1955 = VECTOR('',#1956,1.);
#1956 = DIRECTION('',(-1.,0.,0.));
#1957 = ORIENTED_EDGE('',*,*,#1958,.T.);
#1958 = EDGE_CURVE('',#1951,#1903,#1959,.T.);
#1959 = LINE('',#1960,#1961);
#1960 = CARTESIAN_POINT('',(207.1267,190.12,-3.));
#1961 = VECTOR('',#1962,1.);
#1962 = DIRECTION('',(-0.,1.,0.));
#1963 = ORIENTED_EDGE('',*,*,#1902,.T.);
#1964 = PLANE('',#1965);
#1965 = AXIS2_PLACEMENT_3D('',#1966,#1967,#1968);
#1966 = CARTESIAN_POINT('',(189.1267,190.12,-3.));
#1967 = DIRECTION('',(0.,0.,1.));
#1968 = DIRECTION('',(1.,0.,-0.));
#1969 = ADVANCED_FACE('',(#1970),#1988,.F.);
#1970 = FACE_BOUND('',#1971,.F.);
#1971 = EDGE_LOOP('',(#1972,#1980,#1986,#1987));
#1972 = ORIENTED_EDGE('',*,*,#1973,.F.);
#1973 = EDGE_CURVE('',#1974,#1921,#1976,.T.);
#1974 = VERTEX_POINT('',#1975);
#1975 = CARTESIAN_POINT('',(207.1267,190.77,3.));
#1976 = LINE('',#1977,#1978);
#1977 = CARTESIAN_POINT('',(207.1267,190.12,3.));
#1978 = VECTOR('',#1979,1.);
#1979 = DIRECTION('',(-0.,1.,0.));
#1980 = ORIENTED_EDGE('',*,*,#1981,.F.);
#1981 = EDGE_CURVE('',#1951,#1974,#1982,.T.);
#1982 = LINE('',#1983,#1984);
#1983 = CARTESIAN_POINT('',(207.1267,190.77,-3.325));
#1984 = VECTOR('',#1985,1.);
#1985 = DIRECTION('',(0.,0.,1.));
#1986 = ORIENTED_EDGE('',*,*,#1958,.T.);
#1987 = ORIENTED_EDGE('',*,*,#1928,.T.);
#1988 = PLANE('',#1989);
#1989 = AXIS2_PLACEMENT_3D('',#1990,#1991,#1992);
#1990 = CARTESIAN_POINT('',(207.1267,190.12,-3.));
#1991 = DIRECTION('',(1.,0.,-0.));
#1992 = DIRECTION('',(0.,0.,1.));
#1993 = ADVANCED_FACE('',(#1994),#2012,.F.);
#1994 = FACE_BOUND('',#1995,.F.);
#1995 = EDGE_LOOP('',(#1996,#2004,#2010,#2011));
#1996 = ORIENTED_EDGE('',*,*,#1997,.F.);
#1997 = EDGE_CURVE('',#1998,#1913,#2000,.T.);
#1998 = VERTEX_POINT('',#1999);
#1999 = CARTESIAN_POINT('',(189.1267,190.77,3.));
#2000 = LINE('',#2001,#2002);
#2001 = CARTESIAN_POINT('',(189.1267,190.12,3.));
#2002 = VECTOR('',#2003,1.);
#2003 = DIRECTION('',(-0.,1.,0.));
#2004 = ORIENTED_EDGE('',*,*,#2005,.F.);
#2005 = EDGE_CURVE('',#1974,#1998,#2006,.T.);
#2006 = LINE('',#2007,#2008);
#2007 = CARTESIAN_POINT('',(239.4168931414,190.77,3.));
#2008 = VECTOR('',#2009,1.);
#2009 = DIRECTION('',(-1.,0.,0.));
#2010 = ORIENTED_EDGE('',*,*,#1973,.T.);
#2011 = ORIENTED_EDGE('',*,*,#1920,.T.);
#2012 = PLANE('',#2013);
#2013 = AXIS2_PLACEMENT_3D('',#2014,#2015,#2016);
#2014 = CARTESIAN_POINT('',(189.1267,190.12,3.));
#2015 = DIRECTION('',(0.,0.,1.));
#2016 = DIRECTION('',(1.,0.,-0.));
#2017 = ADVANCED_FACE('',(#2018),#2029,.T.);
#2018 = FACE_BOUND('',#2019,.T.);
#2019 = EDGE_LOOP('',(#2020,#2021,#2027,#2028));
#2020 = ORIENTED_EDGE('',*,*,#1997,.F.);
#2021 = ORIENTED_EDGE('',*,*,#2022,.F.);
#2022 = EDGE_CURVE('',#1943,#1998,#2023,.T.);
#2023 = LINE('',#2024,#2025);
#2024 = CARTESIAN_POINT('',(189.1267,190.77,-3.325));
#2025 = VECTOR('',#2026,1.);
#2026 = DIRECTION('',(0.,0.,1.));
#2027 = ORIENTED_EDGE('',*,*,#1942,.T.);
#2028 = ORIENTED_EDGE('',*,*,#1912,.T.);
#2029 = PLANE('',#2030);
#2030 = AXIS2_PLACEMENT_3D('',#2031,#2032,#2033);
#2031 = CARTESIAN_POINT('',(189.1267,190.12,-3.));
#2032 = DIRECTION('',(1.,0.,-0.));
#2033 = DIRECTION('',(0.,0.,1.));
#2034 = ADVANCED_FACE('',(#2035,#2069),#2075,.T.);
#2035 = FACE_BOUND('',#2036,.T.);
#2036 = EDGE_LOOP('',(#2037,#2047,#2055,#2063));
#2037 = ORIENTED_EDGE('',*,*,#2038,.T.);
#2038 = EDGE_CURVE('',#2039,#2041,#2043,.T.);
#2039 = VERTEX_POINT('',#2040);
#2040 = CARTESIAN_POINT('',(289.7070862828,190.77,-3.65));
#2041 = VERTEX_POINT('',#2042);
#2042 = CARTESIAN_POINT('',(289.7070862828,190.77,3.65));
#2043 = LINE('',#2044,#2045);
#2044 = CARTESIAN_POINT('',(289.7070862828,190.77,-3.65));
#2045 = VECTOR('',#2046,1.);
#2046 = DIRECTION('',(0.,0.,1.));
#2047 = ORIENTED_EDGE('',*,*,#2048,.T.);
#2048 = EDGE_CURVE('',#2041,#2049,#2051,.T.);
#2049 = VERTEX_POINT('',#2050);
#2050 = CARTESIAN_POINT('',(129.52020896202,190.77,3.65));
#2051 = LINE('',#2052,#2053);
#2052 = CARTESIAN_POINT('',(289.3997,190.77,3.65));
#2053 = VECTOR('',#2054,1.);
#2054 = DIRECTION('',(-1.,0.,0.));
#2055 = ORIENTED_EDGE('',*,*,#2056,.F.);
#2056 = EDGE_CURVE('',#2057,#2049,#2059,.T.);
#2057 = VERTEX_POINT('',#2058);
#2058 = CARTESIAN_POINT('',(129.52020896202,190.77,-3.65));
#2059 = LINE('',#2060,#2061);
#2060 = CARTESIAN_POINT('',(129.52020896202,190.77,-3.65));
#2061 = VECTOR('',#2062,1.);
#2062 = DIRECTION('',(0.,0.,1.));
#2063 = ORIENTED_EDGE('',*,*,#2064,.F.);
#2064 = EDGE_CURVE('',#2039,#2057,#2065,.T.);
#2065 = LINE('',#2066,#2067);
#2066 = CARTESIAN_POINT('',(289.3997,190.77,-3.65));
#2067 = VECTOR('',#2068,1.);
#2068 = DIRECTION('',(-1.,0.,0.));
#2069 = FACE_BOUND('',#2070,.T.);
#2070 = EDGE_LOOP('',(#2071,#2072,#2073,#2074));
#2071 = ORIENTED_EDGE('',*,*,#1950,.T.);
#2072 = ORIENTED_EDGE('',*,*,#2022,.T.);
#2073 = ORIENTED_EDGE('',*,*,#2005,.F.);
#2074 = ORIENTED_EDGE('',*,*,#1981,.F.);
#2075 = PLANE('',#2076);
#2076 = AXIS2_PLACEMENT_3D('',#2077,#2078,#2079);
#2077 = CARTESIAN_POINT('',(289.7070862828,190.77,-3.65));
#2078 = DIRECTION('',(0.,-1.,0.));
#2079 = DIRECTION('',(-1.,0.,0.));
#2080 = ADVANCED_FACE('',(#2081),#2106,.T.);
#2081 = FACE_BOUND('',#2082,.T.);
#2082 = EDGE_LOOP('',(#2083,#2093,#2099,#2100));
#2083 = ORIENTED_EDGE('',*,*,#2084,.T.);
#2084 = EDGE_CURVE('',#2085,#2087,#2089,.T.);
#2085 = VERTEX_POINT('',#2086);
#2086 = CARTESIAN_POINT('',(140.37289780113,-0.53,-3.65));
#2087 = VERTEX_POINT('',#2088);
#2088 = CARTESIAN_POINT('',(140.37289780113,-0.53,3.65));
#2089 = LINE('',#2090,#2091);
#2090 = CARTESIAN_POINT('',(140.37289780113,-0.53,-3.65));
#2091 = VECTOR('',#2092,1.);
#2092 = DIRECTION('',(0.,0.,1.));
#2093 = ORIENTED_EDGE('',*,*,#2094,.T.);
#2094 = EDGE_CURVE('',#2087,#2041,#2095,.T.);
#2095 = LINE('',#2096,#2097);
#2096 = CARTESIAN_POINT('',(140.41793931136,-0.47230094934,3.65));
#2097 = VECTOR('',#2098,1.);
#2098 = DIRECTION('',(0.615339662264,0.788262075737,0.));
#2099 = ORIENTED_EDGE('',*,*,#2038,.F.);
#2100 = ORIENTED_EDGE('',*,*,#2101,.F.);
#2101 = EDGE_CURVE('',#2085,#2039,#2102,.T.);
#2102 = LINE('',#2103,#2104);
#2103 = CARTESIAN_POINT('',(140.41793931136,-0.47230094934,-3.65));
#2104 = VECTOR('',#2105,1.);
#2105 = DIRECTION('',(0.615339662264,0.788262075737,0.));
#2106 = PLANE('',#2107);
#2107 = AXIS2_PLACEMENT_3D('',#2108,#2109,#2110);
#2108 = CARTESIAN_POINT('',(140.37289780113,-0.53,-3.65));
#2109 = DIRECTION('',(-0.788262075737,0.615339662264,0.));
#2110 = DIRECTION('',(0.615339662264,0.788262075737,0.));
#2111 = ADVANCED_FACE('',(#2112),#2130,.T.);
#2112 = FACE_BOUND('',#2113,.F.);
#2113 = EDGE_LOOP('',(#2114,#2122,#2128,#2129));
#2114 = ORIENTED_EDGE('',*,*,#2115,.F.);
#2115 = EDGE_CURVE('',#2116,#2085,#2118,.T.);
#2116 = VERTEX_POINT('',#2117);
#2117 = CARTESIAN_POINT('',(-0.283050776197,-0.53,-3.65));
#2118 = LINE('',#2119,#2120);
#2119 = CARTESIAN_POINT('',(0.,-0.53,-3.65));
#2120 = VECTOR('',#2121,1.);
#2121 = DIRECTION('',(1.,0.,0.));
#2122 = ORIENTED_EDGE('',*,*,#2123,.F.);
#2123 = EDGE_CURVE('',#2057,#2116,#2124,.T.);
#2124 = LINE('',#2125,#2126);
#2125 = CARTESIAN_POINT('',(129.47557638655,190.70422190086,-3.65));
#2126 = VECTOR('',#2127,1.);
#2127 = DIRECTION('',(-0.561479339105,-0.827490756298,0.));
#2128 = ORIENTED_EDGE('',*,*,#2064,.F.);
#2129 = ORIENTED_EDGE('',*,*,#2101,.F.);
#2130 = PLANE('',#2131);
#2131 = AXIS2_PLACEMENT_3D('',#2132,#2133,#2134);
#2132 = CARTESIAN_POINT('',(142.69650293805,97.528461978092,-3.65));
#2133 = DIRECTION('',(0.,0.,1.));
#2134 = DIRECTION('',(1.,0.,-0.));
#2135 = ADVANCED_FACE('',(#2136),#2154,.F.);
#2136 = FACE_BOUND('',#2137,.T.);
#2137 = EDGE_LOOP('',(#2138,#2146,#2152,#2153));
#2138 = ORIENTED_EDGE('',*,*,#2139,.F.);
#2139 = EDGE_CURVE('',#2140,#2087,#2142,.T.);
#2140 = VERTEX_POINT('',#2141);
#2141 = CARTESIAN_POINT('',(-0.283050776197,-0.53,3.65));
#2142 = LINE('',#2143,#2144);
#2143 = CARTESIAN_POINT('',(0.,-0.53,3.65));
#2144 = VECTOR('',#2145,1.);
#2145 = DIRECTION('',(1.,0.,0.));
#2146 = ORIENTED_EDGE('',*,*,#2147,.F.);
#2147 = EDGE_CURVE('',#2049,#2140,#2148,.T.);
#2148 = LINE('',#2149,#2150);
#2149 = CARTESIAN_POINT('',(129.47557638655,190.70422190086,3.65));
#2150 = VECTOR('',#2151,1.);
#2151 = DIRECTION('',(-0.561479339105,-0.827490756298,0.));
#2152 = ORIENTED_EDGE('',*,*,#2048,.F.);
#2153 = ORIENTED_EDGE('',*,*,#2094,.F.);
#2154 = PLANE('',#2155);
#2155 = AXIS2_PLACEMENT_3D('',#2156,#2157,#2158);
#2156 = CARTESIAN_POINT('',(142.69650293805,97.528461978092,3.65));
#2157 = DIRECTION('',(0.,0.,1.));
#2158 = DIRECTION('',(1.,0.,-0.));
#2159 = ADVANCED_FACE('',(#2160),#2171,.T.);
#2160 = FACE_BOUND('',#2161,.T.);
#2161 = EDGE_LOOP('',(#2162,#2163,#2164,#2170));
#2162 = ORIENTED_EDGE('',*,*,#2056,.T.);
#2163 = ORIENTED_EDGE('',*,*,#2147,.T.);
#2164 = ORIENTED_EDGE('',*,*,#2165,.F.);
#2165 = EDGE_CURVE('',#2116,#2140,#2166,.T.);
#2166 = LINE('',#2167,#2168);
#2167 = CARTESIAN_POINT('',(-0.283050776197,-0.53,-3.65));
#2168 = VECTOR('',#2169,1.);
#2169 = DIRECTION('',(0.,0.,1.));
#2170 = ORIENTED_EDGE('',*,*,#2123,.F.);
#2171 = PLANE('',#2172);
#2172 = AXIS2_PLACEMENT_3D('',#2173,#2174,#2175);
#2173 = CARTESIAN_POINT('',(129.52020896202,190.77,-3.65));
#2174 = DIRECTION('',(0.827490756298,-0.561479339105,0.));
#2175 = DIRECTION('',(-0.561479339105,-0.827490756298,0.));
#2176 = ADVANCED_FACE('',(#2177),#2183,.T.);
#2177 = FACE_BOUND('',#2178,.T.);
#2178 = EDGE_LOOP('',(#2179,#2180,#2181,#2182));
#2179 = ORIENTED_EDGE('',*,*,#2165,.T.);
#2180 = ORIENTED_EDGE('',*,*,#2139,.T.);
#2181 = ORIENTED_EDGE('',*,*,#2084,.F.);
#2182 = ORIENTED_EDGE('',*,*,#2115,.F.);
#2183 = PLANE('',#2184);
#2184 = AXIS2_PLACEMENT_3D('',#2185,#2186,#2187);
#2185 = CARTESIAN_POINT('',(-0.283050776197,-0.53,-3.65));
#2186 = DIRECTION('',(0.,1.,0.));
#2187 = DIRECTION('',(1.,0.,0.));
#2188 = ( GEOMETRIC_REPRESENTATION_CONTEXT(3) 
GLOBAL_UNCERTAINTY_ASSIGNED_CONTEXT((#2192)) 
GLOBAL_UNIT_ASSIGNED_CONTEXT((#2189,#2190,#2191)) REPRESENTATION_CONTEXT
('Context #1','3D Context with UNIT and UNCERTAINTY') );
#2189 = ( LENGTH_UNIT() NAMED_UNIT(*) SI_UNIT(.MILLI.,.METRE.) );
#2190 = ( NAMED_UNIT(*) PLANE_ANGLE_UNIT() SI_UNIT($,.RADIAN.) );
#2191 = ( NAMED_UNIT(*) SI_UNIT($,.STERADIAN.) SOLID_ANGLE_UNIT() );
#2192 = UNCERTAINTY_MEASURE_WITH_UNIT(LENGTH_MEASURE(1.E-07),#2189,
  'distance_accuracy_value','confusion accuracy');
#2193 = CONTEXT_DEPENDENT_SHAPE_REPRESENTATION(#2194,#2196);
#2194 = ( REPRESENTATION_RELATIONSHIP('','',#1753,#10) 
REPRESENTATION_RELATIONSHIP_WITH_TRANSFORMATION(#2195) 
SHAPE_REPRESENTATION_RELATIONSHIP() );
#2195 = ITEM_DEFINED_TRANSFORMATION('','',#11,#31);
#2196 = PRODUCT_DEFINITION_SHAPE('Placement','Placement of an item',
  #2197);
#2197 = NEXT_ASSEMBLY_USAGE_OCCURRENCE('5','Tile0_WrapCling','',#5,#1748
  ,$);
#2198 = PRODUCT_RELATED_PRODUCT_CATEGORY('part',$,(#1750));
#2199 = SHAPE_DEFINITION_REPRESENTATION(#2200,#2206);
#2200 = PRODUCT_DEFINITION_SHAPE('','',#2201);
#2201 = PRODUCT_DEFINITION('design','',#2202,#2205);
#2202 = PRODUCT_DEFINITION_FORMATION('','',#2203);
#2203 = PRODUCT('Tile0_WrapVinyl','Tile0_WrapVinyl','',(#2204));
#2204 = PRODUCT_CONTEXT('',#2,'mechanical');
#2205 = PRODUCT_DEFINITION_CONTEXT('part definition',#2,'design');
#2206 = ADVANCED_BREP_SHAPE_REPRESENTATION('',(#11,#2207),#2641);
#2207 = MANIFOLD_SOLID_BREP('',#2208);
#2208 = CLOSED_SHELL('',(#2209,#2249,#2280,#2311,#2328,#2345,#2391,#2422
    ,#2446,#2470,#2487,#2533,#2564,#2588,#2612,#2629));
#2209 = ADVANCED_FACE('',(#2210),#2244,.F.);
#2210 = FACE_BOUND('',#2211,.F.);
#2211 = EDGE_LOOP('',(#2212,#2222,#2230,#2238));
#2212 = ORIENTED_EDGE('',*,*,#2213,.T.);
#2213 = EDGE_CURVE('',#2214,#2216,#2218,.T.);
#2214 = VERTEX_POINT('',#2215);
#2215 = CARTESIAN_POINT('',(-0.5283614489,-0.66,-3.78));
#2216 = VERTEX_POINT('',#2217);
#2217 = CARTESIAN_POINT('',(-0.5283614489,-0.66,3.78));
#2218 = LINE('',#2219,#2220);
#2219 = CARTESIAN_POINT('',(-0.5283614489,-0.66,-3.78));
#2220 = VECTOR('',#2221,1.);
#2221 = DIRECTION('',(0.,0.,1.));
#2222 = ORIENTED_EDGE('',*,*,#2223,.T.);
#2223 = EDGE_CURVE('',#2216,#2224,#2226,.T.);
#2224 = VERTEX_POINT('',#2225);
#2225 = CARTESIAN_POINT('',(140.43633589544,-0.66,3.78));
#2226 = LINE('',#2227,#2228);
#2227 = CARTESIAN_POINT('',(0.,-0.66,3.78));
#2228 = VECTOR('',#2229,1.);
#2229 = DIRECTION('',(1.,0.,0.));
#2230 = ORIENTED_EDGE('',*,*,#2231,.F.);
#2231 = EDGE_CURVE('',#2232,#2224,#2234,.T.);
#2232 = VERTEX_POINT('',#2233);
#2233 = CARTESIAN_POINT('',(140.43633589544,-0.66,-3.78));
#2234 = LINE('',#2235,#2236);
#2235 = CARTESIAN_POINT('',(140.43633589544,-0.66,-3.78));
#2236 = VECTOR('',#2237,1.);
#2237 = DIRECTION('',(0.,0.,1.));
#2238 = ORIENTED_EDGE('',*,*,#2239,.F.);
#2239 = EDGE_CURVE('',#2214,#2232,#2240,.T.);
#2240 = LINE('',#2241,#2242);
#2241 = CARTESIAN_POINT('',(0.,-0.66,-3.78));
#2242 = VECTOR('',#2243,1.);
#2243 = DIRECTION('',(1.,0.,0.));
#2244 = PLANE('',#2245);
#2245 = AXIS2_PLACEMENT_3D('',#2246,#2247,#2248);
#2246 = CARTESIAN_POINT('',(-0.5283614489,-0.66,-3.78));
#2247 = DIRECTION('',(0.,1.,0.));
#2248 = DIRECTION('',(1.,0.,0.));
#2249 = ADVANCED_FACE('',(#2250),#2275,.F.);
#2250 = FACE_BOUND('',#2251,.F.);
#2251 = EDGE_LOOP('',(#2252,#2262,#2268,#2269));
#2252 = ORIENTED_EDGE('',*,*,#2253,.T.);
#2253 = EDGE_CURVE('',#2254,#2256,#2258,.T.);
#2254 = VERTEX_POINT('',#2255);
#2255 = CARTESIAN_POINT('',(129.45131672911,190.9,-3.78));
#2256 = VERTEX_POINT('',#2257);
#2257 = CARTESIAN_POINT('',(129.45131672911,190.9,3.78));
#2258 = LINE('',#2259,#2260);
#2259 = CARTESIAN_POINT('',(129.45131672911,190.9,-3.78));
#2260 = VECTOR('',#2261,1.);
#2261 = DIRECTION('',(0.,0.,1.));
#2262 = ORIENTED_EDGE('',*,*,#2263,.T.);
#2263 = EDGE_CURVE('',#2256,#2216,#2264,.T.);
#2264 = LINE('',#2265,#2266);
#2265 = CARTESIAN_POINT('',(129.36800258823,190.77721421494,3.78));
#2266 = VECTOR('',#2267,1.);
#2267 = DIRECTION('',(-0.561479339105,-0.827490756298,0.));
#2268 = ORIENTED_EDGE('',*,*,#2213,.F.);
#2269 = ORIENTED_EDGE('',*,*,#2270,.F.);
#2270 = EDGE_CURVE('',#2254,#2214,#2271,.T.);
#2271 = LINE('',#2272,#2273);
#2272 = CARTESIAN_POINT('',(129.36800258823,190.77721421494,-3.78));
#2273 = VECTOR('',#2274,1.);
#2274 = DIRECTION('',(-0.561479339105,-0.827490756298,0.));
#2275 = PLANE('',#2276);
#2276 = AXIS2_PLACEMENT_3D('',#2277,#2278,#2279);
#2277 = CARTESIAN_POINT('',(129.45131672911,190.9,-3.78));
#2278 = DIRECTION('',(0.827490756298,-0.561479339105,0.));
#2279 = DIRECTION('',(-0.561479339105,-0.827490756298,0.));
#2280 = ADVANCED_FACE('',(#2281),#2306,.F.);
#2281 = FACE_BOUND('',#2282,.F.);
#2282 = EDGE_LOOP('',(#2283,#2284,#2292,#2300));
#2283 = ORIENTED_EDGE('',*,*,#2231,.T.);
#2284 = ORIENTED_EDGE('',*,*,#2285,.T.);
#2285 = EDGE_CURVE('',#2224,#2286,#2288,.T.);
#2286 = VERTEX_POINT('',#2287);
#2287 = CARTESIAN_POINT('',(289.9734877279,190.9,3.78));
#2288 = LINE('',#2289,#2290);
#2289 = CARTESIAN_POINT('',(140.5204133812,-0.552295105434,3.78));
#2290 = VECTOR('',#2291,1.);
#2291 = DIRECTION('',(0.615339662264,0.788262075737,0.));
#2292 = ORIENTED_EDGE('',*,*,#2293,.F.);
#2293 = EDGE_CURVE('',#2294,#2286,#2296,.T.);
#2294 = VERTEX_POINT('',#2295);
#2295 = CARTESIAN_POINT('',(289.9734877279,190.9,-3.78));
#2296 = LINE('',#2297,#2298);
#2297 = CARTESIAN_POINT('',(289.9734877279,190.9,-3.78));
#2298 = VECTOR('',#2299,1.);
#2299 = DIRECTION('',(0.,0.,1.));
#2300 = ORIENTED_EDGE('',*,*,#2301,.F.);
#2301 = EDGE_CURVE('',#2232,#2294,#2302,.T.);
#2302 = LINE('',#2303,#2304);
#2303 = CARTESIAN_POINT('',(140.5204133812,-0.552295105434,-3.78));
#2304 = VECTOR('',#2305,1.);
#2305 = DIRECTION('',(0.615339662264,0.788262075737,0.));
#2306 = PLANE('',#2307);
#2307 = AXIS2_PLACEMENT_3D('',#2308,#2309,#2310);
#2308 = CARTESIAN_POINT('',(140.43633589544,-0.66,-3.78));
#2309 = DIRECTION('',(-0.788262075737,0.615339662264,0.));
#2310 = DIRECTION('',(0.615339662264,0.788262075737,0.));
#2311 = ADVANCED_FACE('',(#2312),#2323,.F.);
#2312 = FACE_BOUND('',#2313,.T.);
#2313 = EDGE_LOOP('',(#2314,#2315,#2316,#2322));
#2314 = ORIENTED_EDGE('',*,*,#2239,.F.);
#2315 = ORIENTED_EDGE('',*,*,#2270,.F.);
#2316 = ORIENTED_EDGE('',*,*,#2317,.F.);
#2317 = EDGE_CURVE('',#2294,#2254,#2318,.T.);
#2318 = LINE('',#2319,#2320);
#2319 = CARTESIAN_POINT('',(289.3997,190.9,-3.78));
#2320 = VECTOR('',#2321,1.);
#2321 = DIRECTION('',(-1.,0.,0.));
#2322 = ORIENTED_EDGE('',*,*,#2301,.F.);
#2323 = PLANE('',#2324);
#2324 = AXIS2_PLACEMENT_3D('',#2325,#2326,#2327);
#2325 = CARTESIAN_POINT('',(142.69650293805,97.528461978092,-3.78));
#2326 = DIRECTION('',(0.,0.,1.));
#2327 = DIRECTION('',(1.,0.,-0.));
#2328 = ADVANCED_FACE('',(#2329),#2340,.T.);
#2329 = FACE_BOUND('',#2330,.F.);
#2330 = EDGE_LOOP('',(#2331,#2332,#2333,#2339));
#2331 = ORIENTED_EDGE('',*,*,#2223,.F.);
#2332 = ORIENTED_EDGE('',*,*,#2263,.F.);
#2333 = ORIENTED_EDGE('',*,*,#2334,.F.);
#2334 = EDGE_CURVE('',#2286,#2256,#2335,.T.);
#2335 = LINE('',#2336,#2337);
#2336 = CARTESIAN_POINT('',(289.3997,190.9,3.78));
#2337 = VECTOR('',#2338,1.);
#2338 = DIRECTION('',(-1.,0.,0.));
#2339 = ORIENTED_EDGE('',*,*,#2285,.F.);
#2340 = PLANE('',#2341);
#2341 = AXIS2_PLACEMENT_3D('',#2342,#2343,#2344);
#2342 = CARTESIAN_POINT('',(142.69650293805,97.528461978092,3.78));
#2343 = DIRECTION('',(0.,0.,1.));
#2344 = DIRECTION('',(1.,0.,-0.));
#2345 = ADVANCED_FACE('',(#2346,#2352),#2386,.F.);
#2346 = FACE_BOUND('',#2347,.F.);
#2347 = EDGE_LOOP('',(#2348,#2349,#2350,#2351));
#2348 = ORIENTED_EDGE('',*,*,#2293,.T.);
#2349 = ORIENTED_EDGE('',*,*,#2334,.T.);
#2350 = ORIENTED_EDGE('',*,*,#2253,.F.);
#2351 = ORIENTED_EDGE('',*,*,#2317,.F.);
#2352 = FACE_BOUND('',#2353,.F.);
#2353 = EDGE_LOOP('',(#2354,#2364,#2372,#2380));
#2354 = ORIENTED_EDGE('',*,*,#2355,.T.);
#2355 = EDGE_CURVE('',#2356,#2358,#2360,.T.);
#2356 = VERTEX_POINT('',#2357);
#2357 = CARTESIAN_POINT('',(207.1267,190.9,-3.));
#2358 = VERTEX_POINT('',#2359);
#2359 = CARTESIAN_POINT('',(189.1267,190.9,-3.));
#2360 = LINE('',#2361,#2362);
#2361 = CARTESIAN_POINT('',(239.55009386395,190.9,-3.));
#2362 = VECTOR('',#2363,1.);
#2363 = DIRECTION('',(-1.,0.,0.));
#2364 = ORIENTED_EDGE('',*,*,#2365,.T.);
#2365 = EDGE_CURVE('',#2358,#2366,#2368,.T.);
#2366 = VERTEX_POINT('',#2367);
#2367 = CARTESIAN_POINT('',(189.1267,190.9,3.));
#2368 = LINE('',#2369,#2370);
#2369 = CARTESIAN_POINT('',(189.1267,190.9,-3.39));
#2370 = VECTOR('',#2371,1.);
#2371 = DIRECTION('',(0.,0.,1.));
#2372 = ORIENTED_EDGE('',*,*,#2373,.F.);
#2373 = EDGE_CURVE('',#2374,#2366,#2376,.T.);
#2374 = VERTEX_POINT('',#2375);
#2375 = CARTESIAN_POINT('',(207.1267,190.9,3.));
#2376 = LINE('',#2377,#2378);
#2377 = CARTESIAN_POINT('',(239.55009386395,190.9,3.));
#2378 = VECTOR('',#2379,1.);
#2379 = DIRECTION('',(-1.,0.,0.));
#2380 = ORIENTED_EDGE('',*,*,#2381,.F.);
#2381 = EDGE_CURVE('',#2356,#2374,#2382,.T.);
#2382 = LINE('',#2383,#2384);
#2383 = CARTESIAN_POINT('',(207.1267,190.9,-3.39));
#2384 = VECTOR('',#2385,1.);
#2385 = DIRECTION('',(0.,0.,1.));
#2386 = PLANE('',#2387);
#2387 = AXIS2_PLACEMENT_3D('',#2388,#2389,#2390);
#2388 = CARTESIAN_POINT('',(289.9734877279,190.9,-3.78));
#2389 = DIRECTION('',(0.,-1.,0.));
#2390 = DIRECTION('',(-1.,0.,0.));
#2391 = ADVANCED_FACE('',(#2392),#2417,.T.);
#2392 = FACE_BOUND('',#2393,.T.);
#2393 = EDGE_LOOP('',(#2394,#2402,#2410,#2416));
#2394 = ORIENTED_EDGE('',*,*,#2395,.F.);
#2395 = EDGE_CURVE('',#2396,#2358,#2398,.T.);
#2396 = VERTEX_POINT('',#2397);
#2397 = CARTESIAN_POINT('',(189.1267,190.8,-3.));
#2398 = LINE('',#2399,#2400);
#2399 = CARTESIAN_POINT('',(189.1267,190.12,-3.));
#2400 = VECTOR('',#2401,1.);
#2401 = DIRECTION('',(-0.,1.,0.));
#2402 = ORIENTED_EDGE('',*,*,#2403,.F.);
#2403 = EDGE_CURVE('',#2404,#2396,#2406,.T.);
#2404 = VERTEX_POINT('',#2405);
#2405 = CARTESIAN_POINT('',(207.1267,190.8,-3.));
#2406 = LINE('',#2407,#2408);
#2407 = CARTESIAN_POINT('',(239.44763176968,190.8,-3.));
#2408 = VECTOR('',#2409,1.);
#2409 = DIRECTION('',(-1.,0.,0.));
#2410 = ORIENTED_EDGE('',*,*,#2411,.T.);
#2411 = EDGE_CURVE('',#2404,#2356,#2412,.T.);
#2412 = LINE('',#2413,#2414);
#2413 = CARTESIAN_POINT('',(207.1267,190.12,-3.));
#2414 = VECTOR('',#2415,1.);
#2415 = DIRECTION('',(-0.,1.,0.));
#2416 = ORIENTED_EDGE('',*,*,#2355,.T.);
#2417 = PLANE('',#2418);
#2418 = AXIS2_PLACEMENT_3D('',#2419,#2420,#2421);
#2419 = CARTESIAN_POINT('',(189.1267,190.12,-3.));
#2420 = DIRECTION('',(0.,0.,1.));
#2421 = DIRECTION('',(1.,0.,-0.));
#2422 = ADVANCED_FACE('',(#2423),#2441,.F.);
#2423 = FACE_BOUND('',#2424,.F.);
#2424 = EDGE_LOOP('',(#2425,#2433,#2439,#2440));
#2425 = ORIENTED_EDGE('',*,*,#2426,.F.);
#2426 = EDGE_CURVE('',#2427,#2374,#2429,.T.);
#2427 = VERTEX_POINT('',#2428);
#2428 = CARTESIAN_POINT('',(207.1267,190.8,3.));
#2429 = LINE('',#2430,#2431);
#2430 = CARTESIAN_POINT('',(207.1267,190.12,3.));
#2431 = VECTOR('',#2432,1.);
#2432 = DIRECTION('',(-0.,1.,0.));
#2433 = ORIENTED_EDGE('',*,*,#2434,.F.);
#2434 = EDGE_CURVE('',#2404,#2427,#2435,.T.);
#2435 = LINE('',#2436,#2437);
#2436 = CARTESIAN_POINT('',(207.1267,190.8,-3.34));
#2437 = VECTOR('',#2438,1.);
#2438 = DIRECTION('',(0.,0.,1.));
#2439 = ORIENTED_EDGE('',*,*,#2411,.T.);
#2440 = ORIENTED_EDGE('',*,*,#2381,.T.);
#2441 = PLANE('',#2442);
#2442 = AXIS2_PLACEMENT_3D('',#2443,#2444,#2445);
#2443 = CARTESIAN_POINT('',(207.1267,190.12,-3.));
#2444 = DIRECTION('',(1.,0.,-0.));
#2445 = DIRECTION('',(0.,0.,1.));
#2446 = ADVANCED_FACE('',(#2447),#2465,.F.);
#2447 = FACE_BOUND('',#2448,.F.);
#2448 = EDGE_LOOP('',(#2449,#2457,#2463,#2464));
#2449 = ORIENTED_EDGE('',*,*,#2450,.F.);
#2450 = EDGE_CURVE('',#2451,#2366,#2453,.T.);
#2451 = VERTEX_POINT('',#2452);
#2452 = CARTESIAN_POINT('',(189.1267,190.8,3.));
#2453 = LINE('',#2454,#2455);
#2454 = CARTESIAN_POINT('',(189.1267,190.12,3.));
#2455 = VECTOR('',#2456,1.);
#2456 = DIRECTION('',(-0.,1.,0.));
#2457 = ORIENTED_EDGE('',*,*,#2458,.F.);
#2458 = EDGE_CURVE('',#2427,#2451,#2459,.T.);
#2459 = LINE('',#2460,#2461);
#2460 = CARTESIAN_POINT('',(239.44763176968,190.8,3.));
#2461 = VECTOR('',#2462,1.);
#2462 = DIRECTION('',(-1.,0.,0.));
#2463 = ORIENTED_EDGE('',*,*,#2426,.T.);
#2464 = ORIENTED_EDGE('',*,*,#2373,.T.);
#2465 = PLANE('',#2466);
#2466 = AXIS2_PLACEMENT_3D('',#2467,#2468,#2469);
#2467 = CARTESIAN_POINT('',(189.1267,190.12,3.));
#2468 = DIRECTION('',(0.,0.,1.));
#2469 = DIRECTION('',(1.,0.,-0.));
#2470 = ADVANCED_FACE('',(#2471),#2482,.T.);
#2471 = FACE_BOUND('',#2472,.T.);
#2472 = EDGE_LOOP('',(#2473,#2474,#2480,#2481));
#2473 = ORIENTED_EDGE('',*,*,#2450,.F.);
#2474 = ORIENTED_EDGE('',*,*,#2475,.F.);
#2475 = EDGE_CURVE('',#2396,#2451,#2476,.T.);
#2476 = LINE('',#2477,#2478);
#2477 = CARTESIAN_POINT('',(189.1267,190.8,-3.34));
#2478 = VECTOR('',#2479,1.);
#2479 = DIRECTION('',(0.,0.,1.));
#2480 = ORIENTED_EDGE('',*,*,#2395,.T.);
#2481 = ORIENTED_EDGE('',*,*,#2365,.T.);
#2482 = PLANE('',#2483);
#2483 = AXIS2_PLACEMENT_3D('',#2484,#2485,#2486);
#2484 = CARTESIAN_POINT('',(189.1267,190.12,-3.));
#2485 = DIRECTION('',(1.,0.,-0.));
#2486 = DIRECTION('',(0.,0.,1.));
#2487 = ADVANCED_FACE('',(#2488,#2522),#2528,.T.);
#2488 = FACE_BOUND('',#2489,.T.);
#2489 = EDGE_LOOP('',(#2490,#2500,#2508,#2516));
#2490 = ORIENTED_EDGE('',*,*,#2491,.T.);
#2491 = EDGE_CURVE('',#2492,#2494,#2496,.T.);
#2492 = VERTEX_POINT('',#2493);
#2493 = CARTESIAN_POINT('',(289.76856353937,190.8,-3.68));
#2494 = VERTEX_POINT('',#2495);
#2495 = CARTESIAN_POINT('',(289.76856353937,190.8,3.68));
#2496 = LINE('',#2497,#2498);
#2497 = CARTESIAN_POINT('',(289.76856353937,190.8,-3.68));
#2498 = VECTOR('',#2499,1.);
#2499 = DIRECTION('',(0.,0.,1.));
#2500 = ORIENTED_EDGE('',*,*,#2501,.T.);
#2501 = EDGE_CURVE('',#2494,#2502,#2504,.T.);
#2502 = VERTEX_POINT('',#2503);
#2503 = CARTESIAN_POINT('',(129.50431075442,190.8,3.68));
#2504 = LINE('',#2505,#2506);
#2505 = CARTESIAN_POINT('',(289.3997,190.8,3.68));
#2506 = VECTOR('',#2507,1.);
#2507 = DIRECTION('',(-1.,0.,0.));
#2508 = ORIENTED_EDGE('',*,*,#2509,.F.);
#2509 = EDGE_CURVE('',#2510,#2502,#2512,.T.);
#2510 = VERTEX_POINT('',#2511);
#2511 = CARTESIAN_POINT('',(129.50431075442,190.8,-3.68));
#2512 = LINE('',#2513,#2514);
#2513 = CARTESIAN_POINT('',(129.50431075442,190.8,-3.68));
#2514 = VECTOR('',#2515,1.);
#2515 = DIRECTION('',(0.,0.,1.));
#2516 = ORIENTED_EDGE('',*,*,#2517,.F.);
#2517 = EDGE_CURVE('',#2492,#2510,#2518,.T.);
#2518 = LINE('',#2519,#2520);
#2519 = CARTESIAN_POINT('',(289.3997,190.8,-3.68));
#2520 = VECTOR('',#2521,1.);
#2521 = DIRECTION('',(-1.,0.,0.));
#2522 = FACE_BOUND('',#2523,.T.);
#2523 = EDGE_LOOP('',(#2524,#2525,#2526,#2527));
#2524 = ORIENTED_EDGE('',*,*,#2403,.T.);
#2525 = ORIENTED_EDGE('',*,*,#2475,.T.);
#2526 = ORIENTED_EDGE('',*,*,#2458,.F.);
#2527 = ORIENTED_EDGE('',*,*,#2434,.F.);
#2528 = PLANE('',#2529);
#2529 = AXIS2_PLACEMENT_3D('',#2530,#2531,#2532);
#2530 = CARTESIAN_POINT('',(289.76856353937,190.8,-3.68));
#2531 = DIRECTION('',(0.,-1.,0.));
#2532 = DIRECTION('',(-1.,0.,0.));
#2533 = ADVANCED_FACE('',(#2534),#2559,.T.);
#2534 = FACE_BOUND('',#2535,.T.);
#2535 = EDGE_LOOP('',(#2536,#2546,#2552,#2553));
#2536 = ORIENTED_EDGE('',*,*,#2537,.T.);
#2537 = EDGE_CURVE('',#2538,#2540,#2542,.T.);
#2538 = VERTEX_POINT('',#2539);
#2539 = CARTESIAN_POINT('',(140.38753736135,-0.56,-3.68));
#2540 = VERTEX_POINT('',#2541);
#2541 = CARTESIAN_POINT('',(140.38753736135,-0.56,3.68));
#2542 = LINE('',#2543,#2544);
#2543 = CARTESIAN_POINT('',(140.38753736135,-0.56,-3.68));
#2544 = VECTOR('',#2545,1.);
#2545 = DIRECTION('',(0.,0.,1.));
#2546 = ORIENTED_EDGE('',*,*,#2547,.T.);
#2547 = EDGE_CURVE('',#2540,#2494,#2548,.T.);
#2548 = LINE('',#2549,#2550);
#2549 = CARTESIAN_POINT('',(140.44158717363,-0.490761139207,3.68));
#2550 = VECTOR('',#2551,1.);
#2551 = DIRECTION('',(0.615339662264,0.788262075737,0.));
#2552 = ORIENTED_EDGE('',*,*,#2491,.F.);
#2553 = ORIENTED_EDGE('',*,*,#2554,.F.);
#2554 = EDGE_CURVE('',#2538,#2492,#2555,.T.);
#2555 = LINE('',#2556,#2557);
#2556 = CARTESIAN_POINT('',(140.44158717363,-0.490761139207,-3.68));
#2557 = VECTOR('',#2558,1.);
#2558 = DIRECTION('',(0.615339662264,0.788262075737,0.));
#2559 = PLANE('',#2560);
#2560 = AXIS2_PLACEMENT_3D('',#2561,#2562,#2563);
#2561 = CARTESIAN_POINT('',(140.38753736135,-0.56,-3.68));
#2562 = DIRECTION('',(-0.788262075737,0.615339662264,0.));
#2563 = DIRECTION('',(0.615339662264,0.788262075737,0.));
#2564 = ADVANCED_FACE('',(#2565),#2583,.T.);
#2565 = FACE_BOUND('',#2566,.F.);
#2566 = EDGE_LOOP('',(#2567,#2575,#2581,#2582));
#2567 = ORIENTED_EDGE('',*,*,#2568,.F.);
#2568 = EDGE_CURVE('',#2569,#2538,#2571,.T.);
#2569 = VERTEX_POINT('',#2570);
#2570 = CARTESIAN_POINT('',(-0.339660931436,-0.56,-3.68));
#2571 = LINE('',#2572,#2573);
#2572 = CARTESIAN_POINT('',(0.,-0.56,-3.68));
#2573 = VECTOR('',#2574,1.);
#2574 = DIRECTION('',(1.,0.,0.));
#2575 = ORIENTED_EDGE('',*,*,#2576,.F.);
#2576 = EDGE_CURVE('',#2510,#2569,#2577,.T.);
#2577 = LINE('',#2578,#2579);
#2578 = CARTESIAN_POINT('',(129.45075166386,190.72106628103,-3.68));
#2579 = VECTOR('',#2580,1.);
#2580 = DIRECTION('',(-0.561479339105,-0.827490756298,0.));
#2581 = ORIENTED_EDGE('',*,*,#2517,.F.);
#2582 = ORIENTED_EDGE('',*,*,#2554,.F.);
#2583 = PLANE('',#2584);
#2584 = AXIS2_PLACEMENT_3D('',#2585,#2586,#2587);
#2585 = CARTESIAN_POINT('',(142.69650293805,97.528461978092,-3.68));
#2586 = DIRECTION('',(0.,0.,1.));
#2587 = DIRECTION('',(1.,0.,-0.));
#2588 = ADVANCED_FACE('',(#2589),#2607,.F.);
#2589 = FACE_BOUND('',#2590,.T.);
#2590 = EDGE_LOOP('',(#2591,#2599,#2605,#2606));
#2591 = ORIENTED_EDGE('',*,*,#2592,.F.);
#2592 = EDGE_CURVE('',#2593,#2540,#2595,.T.);
#2593 = VERTEX_POINT('',#2594);
#2594 = CARTESIAN_POINT('',(-0.339660931436,-0.56,3.68));
#2595 = LINE('',#2596,#2597);
#2596 = CARTESIAN_POINT('',(0.,-0.56,3.68));
#2597 = VECTOR('',#2598,1.);
#2598 = DIRECTION('',(1.,0.,0.));
#2599 = ORIENTED_EDGE('',*,*,#2600,.F.);
#2600 = EDGE_CURVE('',#2502,#2593,#2601,.T.);
#2601 = LINE('',#2602,#2603);
#2602 = CARTESIAN_POINT('',(129.45075166386,190.72106628103,3.68));
#2603 = VECTOR('',#2604,1.);
#2604 = DIRECTION('',(-0.561479339105,-0.827490756298,0.));
#2605 = ORIENTED_EDGE('',*,*,#2501,.F.);
#2606 = ORIENTED_EDGE('',*,*,#2547,.F.);
#2607 = PLANE('',#2608);
#2608 = AXIS2_PLACEMENT_3D('',#2609,#2610,#2611);
#2609 = CARTESIAN_POINT('',(142.69650293805,97.528461978092,3.68));
#2610 = DIRECTION('',(0.,0.,1.));
#2611 = DIRECTION('',(1.,0.,-0.));
#2612 = ADVANCED_FACE('',(#2613),#2624,.T.);
#2613 = FACE_BOUND('',#2614,.T.);
#2614 = EDGE_LOOP('',(#2615,#2616,#2617,#2623));
#2615 = ORIENTED_EDGE('',*,*,#2509,.T.);
#2616 = ORIENTED_EDGE('',*,*,#2600,.T.);
#2617 = ORIENTED_EDGE('',*,*,#2618,.F.);
#2618 = EDGE_CURVE('',#2569,#2593,#2619,.T.);
#2619 = LINE('',#2620,#2621);
#2620 = CARTESIAN_POINT('',(-0.339660931436,-0.56,-3.68));
#2621 = VECTOR('',#2622,1.);
#2622 = DIRECTION('',(0.,0.,1.));
#2623 = ORIENTED_EDGE('',*,*,#2576,.F.);
#2624 = PLANE('',#2625);
#2625 = AXIS2_PLACEMENT_3D('',#2626,#2627,#2628);
#2626 = CARTESIAN_POINT('',(129.50431075442,190.8,-3.68));
#2627 = DIRECTION('',(0.827490756298,-0.561479339105,0.));
#2628 = DIRECTION('',(-0.561479339105,-0.827490756298,0.));
#2629 = ADVANCED_FACE('',(#2630),#2636,.T.);
#2630 = FACE_BOUND('',#2631,.T.);
#2631 = EDGE_LOOP('',(#2632,#2633,#2634,#2635));
#2632 = ORIENTED_EDGE('',*,*,#2618,.T.);
#2633 = ORIENTED_EDGE('',*,*,#2592,.T.);
#2634 = ORIENTED_EDGE('',*,*,#2537,.F.);
#2635 = ORIENTED_EDGE('',*,*,#2568,.F.);
#2636 = PLANE('',#2637);
#2637 = AXIS2_PLACEMENT_3D('',#2638,#2639,#2640);
#2638 = CARTESIAN_POINT('',(-0.339660931436,-0.56,-3.68));
#2639 = DIRECTION('',(0.,1.,0.));
#2640 = DIRECTION('',(1.,0.,0.));
#2641 = ( GEOMETRIC_REPRESENTATION_CONTEXT(3) 
GLOBAL_UNCERTAINTY_ASSIGNED_CONTEXT((#2645)) 
GLOBAL_UNIT_ASSIGNED_CONTEXT((#2642,#2643,#2644)) REPRESENTATION_CONTEXT
('Context #1','3D Context with UNIT and UNCERTAINTY') );
#2642 = ( LENGTH_UNIT() NAMED_UNIT(*) SI_UNIT(.MILLI.,.METRE.) );
#2643 = ( NAMED_UNIT(*) PLANE_ANGLE_UNIT() SI_UNIT($,.RADIAN.) );
#2644 = ( NAMED_UNIT(*) SI_UNIT($,.STERADIAN.) SOLID_ANGLE_UNIT() );
#2645 = UNCERTAINTY_MEASURE_WITH_UNIT(LENGTH_MEASURE(1.E-07),#2642,
  'distance_accuracy_value','confusion accuracy');
#2646 = CONTEXT_DEPENDENT_SHAPE_REPRESENTATION(#2647,#2649);
#2647 = ( REPRESENTATION_RELATIONSHIP('','',#2206,#10) 
REPRESENTATION_RELATIONSHIP_WITH_TRANSFORMATION(#2648) 
SHAPE_REPRESENTATION_RELATIONSHIP() );
#2648 = ITEM_DEFINED_TRANSFORMATION('','',#11,#35);
#2649 = PRODUCT_DEFINITION_SHAPE('Placement','Placement of an item',
  #2650);
#2650 = NEXT_ASSEMBLY_USAGE_OCCURRENCE('6','Tile0_WrapVinyl','',#5,#2201
  ,$);
#2651 = PRODUCT_RELATED_PRODUCT_CATEGORY('part',$,(#2203));
#2652 = SHAPE_DEFINITION_REPRESENTATION(#2653,#2659);
#2653 = PRODUCT_DEFINITION_SHAPE('','',#2654);
#2654 = PRODUCT_DEFINITION('design','',#2655,#2658);
#2655 = PRODUCT_DEFINITION_FORMATION('','',#2656);
#2656 = PRODUCT('Tile0_Coupler','Tile0_Coupler','',(#2657));
#2657 = PRODUCT_CONTEXT('',#2,'mechanical');
#2658 = PRODUCT_DEFINITION_CONTEXT('part definition',#2,'design');
#2659 = ADVANCED_BREP_SHAPE_REPRESENTATION('',(#11,#2660),#3094);
#2660 = MANIFOLD_SOLID_BREP('',#2661);
#2661 = CLOSED_SHELL('',(#2662,#2702,#2767,#2791,#2815,#2832,#2844,#2875
    ,#2899,#2923,#2940,#2986,#3017,#3041,#3065,#3082));
#2662 = ADVANCED_FACE('',(#2663),#2697,.F.);
#2663 = FACE_BOUND('',#2664,.F.);
#2664 = EDGE_LOOP('',(#2665,#2675,#2683,#2691));
#2665 = ORIENTED_EDGE('',*,*,#2666,.F.);
#2666 = EDGE_CURVE('',#2667,#2669,#2671,.T.);
#2667 = VERTEX_POINT('',#2668);
#2668 = CARTESIAN_POINT('',(190.1267,190.62,-4.));
#2669 = VERTEX_POINT('',#2670);
#2670 = CARTESIAN_POINT('',(190.1267,190.62,4.));
#2671 = LINE('',#2672,#2673);
#2672 = CARTESIAN_POINT('',(190.1267,190.62,-4.));
#2673 = VECTOR('',#2674,1.);
#2674 = DIRECTION('',(0.,0.,1.));
#2675 = ORIENTED_EDGE('',*,*,#2676,.T.);
#2676 = EDGE_CURVE('',#2667,#2677,#2679,.T.);
#2677 = VERTEX_POINT('',#2678);
#2678 = CARTESIAN_POINT('',(190.1267,196.62,-4.));
#2679 = LINE('',#2680,#2681);
#2680 = CARTESIAN_POINT('',(190.1267,190.62,-4.));
#2681 = VECTOR('',#2682,1.);
#2682 = DIRECTION('',(-0.,1.,0.));
#2683 = ORIENTED_EDGE('',*,*,#2684,.T.);
#2684 = EDGE_CURVE('',#2677,#2685,#2687,.T.);
#2685 = VERTEX_POINT('',#2686);
#2686 = CARTESIAN_POINT('',(190.1267,196.62,4.));
#2687 = LINE('',#2688,#2689);
#2688 = CARTESIAN_POINT('',(190.1267,196.62,-4.));
#2689 = VECTOR('',#2690,1.);
#2690 = DIRECTION('',(0.,0.,1.));
#2691 = ORIENTED_EDGE('',*,*,#2692,.F.);
#2692 = EDGE_CURVE('',#2669,#2685,#2693,.T.);
#2693 = LINE('',#2694,#2695);
#2694 = CARTESIAN_POINT('',(190.1267,190.62,4.));
#2695 = VECTOR('',#2696,1.);
#2696 = DIRECTION('',(-0.,1.,0.));
#2697 = PLANE('',#2698);
#2698 = AXIS2_PLACEMENT_3D('',#2699,#2700,#2701);
#2699 = CARTESIAN_POINT('',(190.1267,190.62,-4.));
#2700 = DIRECTION('',(1.,0.,-0.));
#2701 = DIRECTION('',(0.,0.,1.));
#2702 = ADVANCED_FACE('',(#2703,#2728),#2762,.F.);
#2703 = FACE_BOUND('',#2704,.F.);
#2704 = EDGE_LOOP('',(#2705,#2713,#2714,#2722));
#2705 = ORIENTED_EDGE('',*,*,#2706,.F.);
#2706 = EDGE_CURVE('',#2667,#2707,#2709,.T.);
#2707 = VERTEX_POINT('',#2708);
#2708 = CARTESIAN_POINT('',(206.1267,190.62,-4.));
#2709 = LINE('',#2710,#2711);
#2710 = CARTESIAN_POINT('',(190.1267,190.62,-4.));
#2711 = VECTOR('',#2712,1.);
#2712 = DIRECTION('',(1.,0.,-0.));
#2713 = ORIENTED_EDGE('',*,*,#2666,.T.);
#2714 = ORIENTED_EDGE('',*,*,#2715,.T.);
#2715 = EDGE_CURVE('',#2669,#2716,#2718,.T.);
#2716 = VERTEX_POINT('',#2717);
#2717 = CARTESIAN_POINT('',(206.1267,190.62,4.));
#2718 = LINE('',#2719,#2720);
#2719 = CARTESIAN_POINT('',(190.1267,190.62,4.));
#2720 = VECTOR('',#2721,1.);
#2721 = DIRECTION('',(1.,0.,-0.));
#2722 = ORIENTED_EDGE('',*,*,#2723,.F.);
#2723 = EDGE_CURVE('',#2707,#2716,#2724,.T.);
#2724 = LINE('',#2725,#2726);
#2725 = CARTESIAN_POINT('',(206.1267,190.62,-4.));
#2726 = VECTOR('',#2727,1.);
#2727 = DIRECTION('',(0.,0.,1.));
#2728 = FACE_BOUND('',#2729,.F.);
#2729 = EDGE_LOOP('',(#2730,#2740,#2748,#2756));
#2730 = ORIENTED_EDGE('',*,*,#2731,.F.);
#2731 = EDGE_CURVE('',#2732,#2734,#2736,.T.);
#2732 = VERTEX_POINT('',#2733);
#2733 = CARTESIAN_POINT('',(195.6267,190.62,2.5));
#2734 = VERTEX_POINT('',#2735);
#2735 = CARTESIAN_POINT('',(200.6267,190.62,2.5));
#2736 = LINE('',#2737,#2738);
#2737 = CARTESIAN_POINT('',(192.8767,190.62,2.5));
#2738 = VECTOR('',#2739,1.);
#2739 = DIRECTION('',(1.,0.,-0.));
#2740 = ORIENTED_EDGE('',*,*,#2741,.T.);
#2741 = EDGE_CURVE('',#2732,#2742,#2744,.T.);
#2742 = VERTEX_POINT('',#2743);
#2743 = CARTESIAN_POINT('',(195.6267,190.62,-2.5));
#2744 = LINE('',#2745,#2746);
#2745 = CARTESIAN_POINT('',(195.6267,190.62,-3.25));
#2746 = VECTOR('',#2747,1.);
#2747 = DIRECTION('',(-0.,0.,-1.));
#2748 = ORIENTED_EDGE('',*,*,#2749,.T.);
#2749 = EDGE_CURVE('',#2742,#2750,#2752,.T.);
#2750 = VERTEX_POINT('',#2751);
#2751 = CARTESIAN_POINT('',(200.6267,190.62,-2.5));
#2752 = LINE('',#2753,#2754);
#2753 = CARTESIAN_POINT('',(192.8767,190.62,-2.5));
#2754 = VECTOR('',#2755,1.);
#2755 = DIRECTION('',(1.,0.,-0.));
#2756 = ORIENTED_EDGE('',*,*,#2757,.F.);
#2757 = EDGE_CURVE('',#2734,#2750,#2758,.T.);
#2758 = LINE('',#2759,#2760);
#2759 = CARTESIAN_POINT('',(200.6267,190.62,-3.25));
#2760 = VECTOR('',#2761,1.);
#2761 = DIRECTION('',(-0.,0.,-1.));
#2762 = PLANE('',#2763);
#2763 = AXIS2_PLACEMENT_3D('',#2764,#2765,#2766);
#2764 = CARTESIAN_POINT('',(190.1267,190.62,-4.));
#2765 = DIRECTION('',(-0.,1.,0.));
#2766 = DIRECTION('',(0.,0.,1.));
#2767 = ADVANCED_FACE('',(#2768),#2786,.T.);
#2768 = FACE_BOUND('',#2769,.T.);
#2769 = EDGE_LOOP('',(#2770,#2771,#2772,#2780));
#2770 = ORIENTED_EDGE('',*,*,#2692,.F.);
#2771 = ORIENTED_EDGE('',*,*,#2715,.T.);
#2772 = ORIENTED_EDGE('',*,*,#2773,.T.);
#2773 = EDGE_CURVE('',#2716,#2774,#2776,.T.);
#2774 = VERTEX_POINT('',#2775);
#2775 = CARTESIAN_POINT('',(206.1267,196.62,4.));
#2776 = LINE('',#2777,#2778);
#2777 = CARTESIAN_POINT('',(206.1267,190.62,4.));
#2778 = VECTOR('',#2779,1.);
#2779 = DIRECTION('',(-0.,1.,0.));
#2780 = ORIENTED_EDGE('',*,*,#2781,.F.);
#2781 = EDGE_CURVE('',#2685,#2774,#2782,.T.);
#2782 = LINE('',#2783,#2784);
#2783 = CARTESIAN_POINT('',(190.1267,196.62,4.));
#2784 = VECTOR('',#2785,1.);
#2785 = DIRECTION('',(1.,0.,-0.));
#2786 = PLANE('',#2787);
#2787 = AXIS2_PLACEMENT_3D('',#2788,#2789,#2790);
#2788 = CARTESIAN_POINT('',(190.1267,190.62,4.));
#2789 = DIRECTION('',(0.,0.,1.));
#2790 = DIRECTION('',(1.,0.,-0.));
#2791 = ADVANCED_FACE('',(#2792),#2810,.T.);
#2792 = FACE_BOUND('',#2793,.T.);
#2793 = EDGE_LOOP('',(#2794,#2802,#2803,#2804));
#2794 = ORIENTED_EDGE('',*,*,#2795,.F.);
#2795 = EDGE_CURVE('',#2677,#2796,#2798,.T.);
#2796 = VERTEX_POINT('',#2797);
#2797 = CARTESIAN_POINT('',(206.1267,196.62,-4.));
#2798 = LINE('',#2799,#2800);
#2799 = CARTESIAN_POINT('',(190.1267,196.62,-4.));
#2800 = VECTOR('',#2801,1.);
#2801 = DIRECTION('',(1.,0.,-0.));
#2802 = ORIENTED_EDGE('',*,*,#2684,.T.);
#2803 = ORIENTED_EDGE('',*,*,#2781,.T.);
#2804 = ORIENTED_EDGE('',*,*,#2805,.F.);
#2805 = EDGE_CURVE('',#2796,#2774,#2806,.T.);
#2806 = LINE('',#2807,#2808);
#2807 = CARTESIAN_POINT('',(206.1267,196.62,-4.));
#2808 = VECTOR('',#2809,1.);
#2809 = DIRECTION('',(0.,0.,1.));
#2810 = PLANE('',#2811);
#2811 = AXIS2_PLACEMENT_3D('',#2812,#2813,#2814);
#2812 = CARTESIAN_POINT('',(190.1267,196.62,-4.));
#2813 = DIRECTION('',(-0.,1.,0.));
#2814 = DIRECTION('',(0.,0.,1.));
#2815 = ADVANCED_FACE('',(#2816),#2827,.F.);
#2816 = FACE_BOUND('',#2817,.F.);
#2817 = EDGE_LOOP('',(#2818,#2819,#2820,#2826));
#2818 = ORIENTED_EDGE('',*,*,#2676,.F.);
#2819 = ORIENTED_EDGE('',*,*,#2706,.T.);
#2820 = ORIENTED_EDGE('',*,*,#2821,.T.);
#2821 = EDGE_CURVE('',#2707,#2796,#2822,.T.);
#2822 = LINE('',#2823,#2824);
#2823 = CARTESIAN_POINT('',(206.1267,190.62,-4.));
#2824 = VECTOR('',#2825,1.);
#2825 = DIRECTION('',(-0.,1.,0.));
#2826 = ORIENTED_EDGE('',*,*,#2795,.F.);
#2827 = PLANE('',#2828);
#2828 = AXIS2_PLACEMENT_3D('',#2829,#2830,#2831);
#2829 = CARTESIAN_POINT('',(190.1267,190.62,-4.));
#2830 = DIRECTION('',(0.,0.,1.));
#2831 = DIRECTION('',(1.,0.,-0.));
#2832 = ADVANCED_FACE('',(#2833),#2839,.T.);
#2833 = FACE_BOUND('',#2834,.T.);
#2834 = EDGE_LOOP('',(#2835,#2836,#2837,#2838));
#2835 = ORIENTED_EDGE('',*,*,#2723,.F.);
#2836 = ORIENTED_EDGE('',*,*,#2821,.T.);
#2837 = ORIENTED_EDGE('',*,*,#2805,.T.);
#2838 = ORIENTED_EDGE('',*,*,#2773,.F.);
#2839 = PLANE('',#2840);
#2840 = AXIS2_PLACEMENT_3D('',#2841,#2842,#2843);
#2841 = CARTESIAN_POINT('',(206.1267,190.62,-4.));
#2842 = DIRECTION('',(1.,0.,-0.));
#2843 = DIRECTION('',(0.,0.,1.));
#2844 = ADVANCED_FACE('',(#2845),#2870,.F.);
#2845 = FACE_BOUND('',#2846,.F.);
#2846 = EDGE_LOOP('',(#2847,#2855,#2856,#2864));
#2847 = ORIENTED_EDGE('',*,*,#2848,.F.);
#2848 = EDGE_CURVE('',#2732,#2849,#2851,.T.);
#2849 = VERTEX_POINT('',#2850);
#2850 = CARTESIAN_POINT('',(195.6267,191.37,2.5));
#2851 = LINE('',#2852,#2853);
#2852 = CARTESIAN_POINT('',(195.6267,190.52,2.5));
#2853 = VECTOR('',#2854,1.);
#2854 = DIRECTION('',(-0.,1.,0.));
#2855 = ORIENTED_EDGE('',*,*,#2731,.T.);
#2856 = ORIENTED_EDGE('',*,*,#2857,.T.);
#2857 = EDGE_CURVE('',#2734,#2858,#2860,.T.);
#2858 = VERTEX_POINT('',#2859);
#2859 = CARTESIAN_POINT('',(200.6267,191.37,2.5));
#2860 = LINE('',#2861,#2862);
#2861 = CARTESIAN_POINT('',(200.6267,190.52,2.5));
#2862 = VECTOR('',#2863,1.);
#2863 = DIRECTION('',(-0.,1.,0.));
#2864 = ORIENTED_EDGE('',*,*,#2865,.F.);
#2865 = EDGE_CURVE('',#2849,#2858,#2866,.T.);
#2866 = LINE('',#2867,#2868);
#2867 = CARTESIAN_POINT('',(195.6267,191.37,2.5));
#2868 = VECTOR('',#2869,1.);
#2869 = DIRECTION('',(1.,0.,-0.));
#2870 = PLANE('',#2871);
#2871 = AXIS2_PLACEMENT_3D('',#2872,#2873,#2874);
#2872 = CARTESIAN_POINT('',(195.6267,190.52,2.5));
#2873 = DIRECTION('',(0.,0.,1.));
#2874 = DIRECTION('',(1.,0.,-0.));
#2875 = ADVANCED_FACE('',(#2876),#2894,.F.);
#2876 = FACE_BOUND('',#2877,.F.);
#2877 = EDGE_LOOP('',(#2878,#2879,#2880,#2888));
#2878 = ORIENTED_EDGE('',*,*,#2857,.F.);
#2879 = ORIENTED_EDGE('',*,*,#2757,.T.);
#2880 = ORIENTED_EDGE('',*,*,#2881,.T.);
#2881 = EDGE_CURVE('',#2750,#2882,#2884,.T.);
#2882 = VERTEX_POINT('',#2883);
#2883 = CARTESIAN_POINT('',(200.6267,191.37,-2.5));
#2884 = LINE('',#2885,#2886);
#2885 = CARTESIAN_POINT('',(200.6267,190.52,-2.5));
#2886 = VECTOR('',#2887,1.);
#2887 = DIRECTION('',(-0.,1.,0.));
#2888 = ORIENTED_EDGE('',*,*,#2889,.T.);
#2889 = EDGE_CURVE('',#2882,#2858,#2890,.T.);
#2890 = LINE('',#2891,#2892);
#2891 = CARTESIAN_POINT('',(200.6267,191.37,-2.5));
#2892 = VECTOR('',#2893,1.);
#2893 = DIRECTION('',(0.,0.,1.));
#2894 = PLANE('',#2895);
#2895 = AXIS2_PLACEMENT_3D('',#2896,#2897,#2898);
#2896 = CARTESIAN_POINT('',(200.6267,190.52,-2.5));
#2897 = DIRECTION('',(1.,0.,-0.));
#2898 = DIRECTION('',(0.,0.,1.));
#2899 = ADVANCED_FACE('',(#2900),#2918,.T.);
#2900 = FACE_BOUND('',#2901,.T.);
#2901 = EDGE_LOOP('',(#2902,#2910,#2911,#2912));
#2902 = ORIENTED_EDGE('',*,*,#2903,.F.);
#2903 = EDGE_CURVE('',#2742,#2904,#2906,.T.);
#2904 = VERTEX_POINT('',#2905);
#2905 = CARTESIAN_POINT('',(195.6267,191.37,-2.5));
#2906 = LINE('',#2907,#2908);
#2907 = CARTESIAN_POINT('',(195.6267,190.52,-2.5));
#2908 = VECTOR('',#2909,1.);
#2909 = DIRECTION('',(-0.,1.,0.));
#2910 = ORIENTED_EDGE('',*,*,#2749,.T.);
#2911 = ORIENTED_EDGE('',*,*,#2881,.T.);
#2912 = ORIENTED_EDGE('',*,*,#2913,.F.);
#2913 = EDGE_CURVE('',#2904,#2882,#2914,.T.);
#2914 = LINE('',#2915,#2916);
#2915 = CARTESIAN_POINT('',(195.6267,191.37,-2.5));
#2916 = VECTOR('',#2917,1.);
#2917 = DIRECTION('',(1.,0.,-0.));
#2918 = PLANE('',#2919);
#2919 = AXIS2_PLACEMENT_3D('',#2920,#2921,#2922);
#2920 = CARTESIAN_POINT('',(195.6267,190.52,-2.5));
#2921 = DIRECTION('',(0.,0.,1.));
#2922 = DIRECTION('',(1.,0.,-0.));
#2923 = ADVANCED_FACE('',(#2924),#2935,.T.);
#2924 = FACE_BOUND('',#2925,.T.);
#2925 = EDGE_LOOP('',(#2926,#2927,#2928,#2929));
#2926 = ORIENTED_EDGE('',*,*,#2848,.F.);
#2927 = ORIENTED_EDGE('',*,*,#2741,.T.);
#2928 = ORIENTED_EDGE('',*,*,#2903,.T.);
#2929 = ORIENTED_EDGE('',*,*,#2930,.T.);
#2930 = EDGE_CURVE('',#2904,#2849,#2931,.T.);
#2931 = LINE('',#2932,#2933);
#2932 = CARTESIAN_POINT('',(195.6267,191.37,-2.5));
#2933 = VECTOR('',#2934,1.);
#2934 = DIRECTION('',(0.,0.,1.));
#2935 = PLANE('',#2936);
#2936 = AXIS2_PLACEMENT_3D('',#2937,#2938,#2939);
#2937 = CARTESIAN_POINT('',(195.6267,190.52,-2.5));
#2938 = DIRECTION('',(1.,0.,-0.));
#2939 = DIRECTION('',(0.,0.,1.));
#2940 = ADVANCED_FACE('',(#2941,#2947),#2981,.F.);
#2941 = FACE_BOUND('',#2942,.F.);
#2942 = EDGE_LOOP('',(#2943,#2944,#2945,#2946));
#2943 = ORIENTED_EDGE('',*,*,#2913,.F.);
#2944 = ORIENTED_EDGE('',*,*,#2930,.T.);
#2945 = ORIENTED_EDGE('',*,*,#2865,.T.);
#2946 = ORIENTED_EDGE('',*,*,#2889,.F.);
#2947 = FACE_BOUND('',#2948,.F.);
#2948 = EDGE_LOOP('',(#2949,#2959,#2967,#2975));
#2949 = ORIENTED_EDGE('',*,*,#2950,.F.);
#2950 = EDGE_CURVE('',#2951,#2953,#2955,.T.);
#2951 = VERTEX_POINT('',#2952);
#2952 = CARTESIAN_POINT('',(196.2267,191.37,1.9));
#2953 = VERTEX_POINT('',#2954);
#2954 = CARTESIAN_POINT('',(200.0267,191.37,1.9));
#2955 = LINE('',#2956,#2957);
#2956 = CARTESIAN_POINT('',(195.9267,191.37,1.9));
#2957 = VECTOR('',#2958,1.);
#2958 = DIRECTION('',(1.,0.,-0.));
#2959 = ORIENTED_EDGE('',*,*,#2960,.T.);
#2960 = EDGE_CURVE('',#2951,#2961,#2963,.T.);
#2961 = VERTEX_POINT('',#2962);
#2962 = CARTESIAN_POINT('',(196.2267,191.37,-1.9));
#2963 = LINE('',#2964,#2965);
#2964 = CARTESIAN_POINT('',(196.2267,191.37,-2.2));
#2965 = VECTOR('',#2966,1.);
#2966 = DIRECTION('',(-0.,0.,-1.));
#2967 = ORIENTED_EDGE('',*,*,#2968,.T.);
#2968 = EDGE_CURVE('',#2961,#2969,#2971,.T.);
#2969 = VERTEX_POINT('',#2970);
#2970 = CARTESIAN_POINT('',(200.0267,191.37,-1.9));
#2971 = LINE('',#2972,#2973);
#2972 = CARTESIAN_POINT('',(195.9267,191.37,-1.9));
#2973 = VECTOR('',#2974,1.);
#2974 = DIRECTION('',(1.,0.,-0.));
#2975 = ORIENTED_EDGE('',*,*,#2976,.F.);
#2976 = EDGE_CURVE('',#2953,#2969,#2977,.T.);
#2977 = LINE('',#2978,#2979);
#2978 = CARTESIAN_POINT('',(200.0267,191.37,-2.2));
#2979 = VECTOR('',#2980,1.);
#2980 = DIRECTION('',(-0.,0.,-1.));
#2981 = PLANE('',#2982);
#2982 = AXIS2_PLACEMENT_3D('',#2983,#2984,#2985);
#2983 = CARTESIAN_POINT('',(195.6267,191.37,-2.5));
#2984 = DIRECTION('',(-0.,1.,0.));
#2985 = DIRECTION('',(0.,0.,1.));
#2986 = ADVANCED_FACE('',(#2987),#3012,.F.);
#2987 = FACE_BOUND('',#2988,.F.);
#2988 = EDGE_LOOP('',(#2989,#2997,#2998,#3006));
#2989 = ORIENTED_EDGE('',*,*,#2990,.F.);
#2990 = EDGE_CURVE('',#2951,#2991,#2993,.T.);
#2991 = VERTEX_POINT('',#2992);
#2992 = CARTESIAN_POINT('',(196.2267,193.42,1.9));
#2993 = LINE('',#2994,#2995);
#2994 = CARTESIAN_POINT('',(196.2267,191.32,1.9));
#2995 = VECTOR('',#2996,1.);
#2996 = DIRECTION('',(-0.,1.,0.));
#2997 = ORIENTED_EDGE('',*,*,#2950,.T.);
#2998 = ORIENTED_EDGE('',*,*,#2999,.T.);
#2999 = EDGE_CURVE('',#2953,#3000,#3002,.T.);
#3000 = VERTEX_POINT('',#3001);
#3001 = CARTESIAN_POINT('',(200.0267,193.42,1.9));
#3002 = LINE('',#3003,#3004);
#3003 = CARTESIAN_POINT('',(200.0267,191.32,1.9));
#3004 = VECTOR('',#3005,1.);
#3005 = DIRECTION('',(-0.,1.,0.));
#3006 = ORIENTED_EDGE('',*,*,#3007,.F.);
#3007 = EDGE_CURVE('',#2991,#3000,#3008,.T.);
#3008 = LINE('',#3009,#3010);
#3009 = CARTESIAN_POINT('',(196.2267,193.42,1.9));
#3010 = VECTOR('',#3011,1.);
#3011 = DIRECTION('',(1.,0.,-0.));
#3012 = PLANE('',#3013);
#3013 = AXIS2_PLACEMENT_3D('',#3014,#3015,#3016);
#3014 = CARTESIAN_POINT('',(196.2267,191.32,1.9));
#3015 = DIRECTION('',(0.,0.,1.));
#3016 = DIRECTION('',(1.,0.,-0.));
#3017 = ADVANCED_FACE('',(#3018),#3036,.F.);
#3018 = FACE_BOUND('',#3019,.F.);
#3019 = EDGE_LOOP('',(#3020,#3021,#3022,#3030));
#3020 = ORIENTED_EDGE('',*,*,#2999,.F.);
#3021 = ORIENTED_EDGE('',*,*,#2976,.T.);
#3022 = ORIENTED_EDGE('',*,*,#3023,.T.);
#3023 = EDGE_CURVE('',#2969,#3024,#3026,.T.);
#3024 = VERTEX_POINT('',#3025);
#3025 = CARTESIAN_POINT('',(200.0267,193.42,-1.9));
#3026 = LINE('',#3027,#3028);
#3027 = CARTESIAN_POINT('',(200.0267,191.32,-1.9));
#3028 = VECTOR('',#3029,1.);
#3029 = DIRECTION('',(-0.,1.,0.));
#3030 = ORIENTED_EDGE('',*,*,#3031,.T.);
#3031 = EDGE_CURVE('',#3024,#3000,#3032,.T.);
#3032 = LINE('',#3033,#3034);
#3033 = CARTESIAN_POINT('',(200.0267,193.42,-1.9));
#3034 = VECTOR('',#3035,1.);
#3035 = DIRECTION('',(0.,0.,1.));
#3036 = PLANE('',#3037);
#3037 = AXIS2_PLACEMENT_3D('',#3038,#3039,#3040);
#3038 = CARTESIAN_POINT('',(200.0267,191.32,-1.9));
#3039 = DIRECTION('',(1.,0.,-0.));
#3040 = DIRECTION('',(0.,0.,1.));
#3041 = ADVANCED_FACE('',(#3042),#3060,.T.);
#3042 = FACE_BOUND('',#3043,.T.);
#3043 = EDGE_LOOP('',(#3044,#3052,#3053,#3054));
#3044 = ORIENTED_EDGE('',*,*,#3045,.F.);
#3045 = EDGE_CURVE('',#2961,#3046,#3048,.T.);
#3046 = VERTEX_POINT('',#3047);
#3047 = CARTESIAN_POINT('',(196.2267,193.42,-1.9));
#3048 = LINE('',#3049,#3050);
#3049 = CARTESIAN_POINT('',(196.2267,191.32,-1.9));
#3050 = VECTOR('',#3051,1.);
#3051 = DIRECTION('',(-0.,1.,0.));
#3052 = ORIENTED_EDGE('',*,*,#2968,.T.);
#3053 = ORIENTED_EDGE('',*,*,#3023,.T.);
#3054 = ORIENTED_EDGE('',*,*,#3055,.F.);
#3055 = EDGE_CURVE('',#3046,#3024,#3056,.T.);
#3056 = LINE('',#3057,#3058);
#3057 = CARTESIAN_POINT('',(196.2267,193.42,-1.9));
#3058 = VECTOR('',#3059,1.);
#3059 = DIRECTION('',(1.,0.,-0.));
#3060 = PLANE('',#3061);
#3061 = AXIS2_PLACEMENT_3D('',#3062,#3063,#3064);
#3062 = CARTESIAN_POINT('',(196.2267,191.32,-1.9));
#3063 = DIRECTION('',(0.,0.,1.));
#3064 = DIRECTION('',(1.,0.,-0.));
#3065 = ADVANCED_FACE('',(#3066),#3077,.T.);
#3066 = FACE_BOUND('',#3067,.T.);
#3067 = EDGE_LOOP('',(#3068,#3069,#3070,#3071));
#3068 = ORIENTED_EDGE('',*,*,#2990,.F.);
#3069 = ORIENTED_EDGE('',*,*,#2960,.T.);
#3070 = ORIENTED_EDGE('',*,*,#3045,.T.);
#3071 = ORIENTED_EDGE('',*,*,#3072,.T.);
#3072 = EDGE_CURVE('',#3046,#2991,#3073,.T.);
#3073 = LINE('',#3074,#3075);
#3074 = CARTESIAN_POINT('',(196.2267,193.42,-1.9));
#3075 = VECTOR('',#3076,1.);
#3076 = DIRECTION('',(0.,0.,1.));
#3077 = PLANE('',#3078);
#3078 = AXIS2_PLACEMENT_3D('',#3079,#3080,#3081);
#3079 = CARTESIAN_POINT('',(196.2267,191.32,-1.9));
#3080 = DIRECTION('',(1.,0.,-0.));
#3081 = DIRECTION('',(0.,0.,1.));
#3082 = ADVANCED_FACE('',(#3083),#3089,.F.);
#3083 = FACE_BOUND('',#3084,.F.);
#3084 = EDGE_LOOP('',(#3085,#3086,#3087,#3088));
#3085 = ORIENTED_EDGE('',*,*,#3055,.F.);
#3086 = ORIENTED_EDGE('',*,*,#3072,.T.);
#3087 = ORIENTED_EDGE('',*,*,#3007,.T.);
#3088 = ORIENTED_EDGE('',*,*,#3031,.F.);
#3089 = PLANE('',#3090);
#3090 = AXIS2_PLACEMENT_3D('',#3091,#3092,#3093);
#3091 = CARTESIAN_POINT('',(196.2267,193.42,-1.9));
#3092 = DIRECTION('',(-0.,1.,0.));
#3093 = DIRECTION('',(0.,0.,1.));
#3094 = ( GEOMETRIC_REPRESENTATION_CONTEXT(3) 
GLOBAL_UNCERTAINTY_ASSIGNED_CONTEXT((#3098)) 
GLOBAL_UNIT_ASSIGNED_CONTEXT((#3095,#3096,#3097)) REPRESENTATION_CONTEXT
('Context #1','3D Context with UNIT and UNCERTAINTY') );
#3095 = ( LENGTH_UNIT() NAMED_UNIT(*) SI_UNIT(.MILLI.,.METRE.) );
#3096 = ( NAMED_UNIT(*) PLANE_ANGLE_UNIT() SI_UNIT($,.RADIAN.) );
#3097 = ( NAMED_UNIT(*) SI_UNIT($,.STERADIAN.) SOLID_ANGLE_UNIT() );
#3098 = UNCERTAINTY_MEASURE_WITH_UNIT(LENGTH_MEASURE(1.E-07),#3095,
  'distance_accuracy_value','confusion accuracy');
#3099 = CONTEXT_DEPENDENT_SHAPE_REPRESENTATION(#3100,#3102);
#3100 = ( REPRESENTATION_RELATIONSHIP('','',#2659,#10) 
REPRESENTATION_RELATIONSHIP_WITH_TRANSFORMATION(#3101) 
SHAPE_REPRESENTATION_RELATIONSHIP() );
#3101 = ITEM_DEFINED_TRANSFORMATION('','',#11,#39);
#3102 = PRODUCT_DEFINITION_SHAPE('Placement','Placement of an item',
  #3103);
#3103 = NEXT_ASSEMBLY_USAGE_OCCURRENCE('7','Tile0_Coupler','',#5,#2654,$
  );
#3104 = PRODUCT_RELATED_PRODUCT_CATEGORY('part',$,(#2656));
#3105 = SHAPE_DEFINITION_REPRESENTATION(#3106,#3112);
#3106 = PRODUCT_DEFINITION_SHAPE('','',#3107);
#3107 = PRODUCT_DEFINITION('design','',#3108,#3111);
#3108 = PRODUCT_DEFINITION_FORMATION('','',#3109);
#3109 = PRODUCT('Tile0_SiPM','Tile0_SiPM','',(#3110));
#3110 = PRODUCT_CONTEXT('',#2,'mechanical');
#3111 = PRODUCT_DEFINITION_CONTEXT('part definition',#2,'design');
#3112 = ADVANCED_BREP_SHAPE_REPRESENTATION('',(#11,#3113),#3263);
#3113 = MANIFOLD_SOLID_BREP('',#3114);
#3114 = CLOSED_SHELL('',(#3115,#3155,#3195,#3217,#3239,#3251));
#3115 = ADVANCED_FACE('',(#3116),#3150,.F.);
#3116 = FACE_BOUND('',#3117,.F.);
#3117 = EDGE_LOOP('',(#3118,#3128,#3136,#3144));
#3118 = ORIENTED_EDGE('',*,*,#3119,.F.);
#3119 = EDGE_CURVE('',#3120,#3122,#3124,.T.);
#3120 = VERTEX_POINT('',#3121);
#3121 = CARTESIAN_POINT('',(196.6267,191.37,-1.5));
#3122 = VERTEX_POINT('',#3123);
#3123 = CARTESIAN_POINT('',(196.6267,191.37,1.5));
#3124 = LINE('',#3125,#3126);
#3125 = CARTESIAN_POINT('',(196.6267,191.37,-1.5));
#3126 = VECTOR('',#3127,1.);
#3127 = DIRECTION('',(0.,0.,1.));
#3128 = ORIENTED_EDGE('',*,*,#3129,.T.);
#3129 = EDGE_CURVE('',#3120,#3130,#3132,.T.);
#3130 = VERTEX_POINT('',#3131);
#3131 = CARTESIAN_POINT('',(196.6267,192.87,-1.5));
#3132 = LINE('',#3133,#3134);
#3133 = CARTESIAN_POINT('',(196.6267,191.37,-1.5));
#3134 = VECTOR('',#3135,1.);
#3135 = DIRECTION('',(-0.,1.,0.));
#3136 = ORIENTED_EDGE('',*,*,#3137,.T.);
#3137 = EDGE_CURVE('',#3130,#3138,#3140,.T.);
#3138 = VERTEX_POINT('',#3139);
#3139 = CARTESIAN_POINT('',(196.6267,192.87,1.5));
#3140 = LINE('',#3141,#3142);
#3141 = CARTESIAN_POINT('',(196.6267,192.87,-1.5));
#3142 = VECTOR('',#3143,1.);
#3143 = DIRECTION('',(0.,0.,1.));
#3144 = ORIENTED_EDGE('',*,*,#3145,.F.);
#3145 = EDGE_CURVE('',#3122,#3138,#3146,.T.);
#3146 = LINE('',#3147,#3148);
#3147 = CARTESIAN_POINT('',(196.6267,191.37,1.5));
#3148 = VECTOR('',#3149,1.);
#3149 = DIRECTION('',(-0.,1.,0.));
#3150 = PLANE('',#3151);
#3151 = AXIS2_PLACEMENT_3D('',#3152,#3153,#3154);
#3152 = CARTESIAN_POINT('',(196.6267,191.37,-1.5));
#3153 = DIRECTION('',(1.,0.,-0.));
#3154 = DIRECTION('',(0.,0.,1.));
#3155 = ADVANCED_FACE('',(#3156),#3190,.T.);
#3156 = FACE_BOUND('',#3157,.T.);
#3157 = EDGE_LOOP('',(#3158,#3168,#3176,#3184));
#3158 = ORIENTED_EDGE('',*,*,#3159,.F.);
#3159 = EDGE_CURVE('',#3160,#3162,#3164,.T.);
#3160 = VERTEX_POINT('',#3161);
#3161 = CARTESIAN_POINT('',(199.6267,191.37,-1.5));
#3162 = VERTEX_POINT('',#3163);
#3163 = CARTESIAN_POINT('',(199.6267,191.37,1.5));
#3164 = LINE('',#3165,#3166);
#3165 = CARTESIAN_POINT('',(199.6267,191.37,-1.5));
#3166 = VECTOR('',#3167,1.);
#3167 = DIRECTION('',(0.,0.,1.));
#3168 = ORIENTED_EDGE('',*,*,#3169,.T.);
#3169 = EDGE_CURVE('',#3160,#3170,#3172,.T.);
#3170 = VERTEX_POINT('',#3171);
#3171 = CARTESIAN_POINT('',(199.6267,192.87,-1.5));
#3172 = LINE('',#3173,#3174);
#3173 = CARTESIAN_POINT('',(199.6267,191.37,-1.5));
#3174 = VECTOR('',#3175,1.);
#3175 = DIRECTION('',(-0.,1.,0.));
#3176 = ORIENTED_EDGE('',*,*,#3177,.T.);
#3177 = EDGE_CURVE('',#3170,#3178,#3180,.T.);
#3178 = VERTEX_POINT('',#3179);
#3179 = CARTESIAN_POINT('',(199.6267,192.87,1.5));
#3180 = LINE('',#3181,#3182);
#3181 = CARTESIAN_POINT('',(199.6267,192.87,-1.5));
#3182 = VECTOR('',#3183,1.);
#3183 = DIRECTION('',(0.,0.,1.));
#3184 = ORIENTED_EDGE('',*,*,#3185,.F.);
#3185 = EDGE_CURVE('',#3162,#3178,#3186,.T.);
#3186 = LINE('',#3187,#3188);
#3187 = CARTESIAN_POINT('',(199.6267,191.37,1.5));
#3188 = VECTOR('',#3189,1.);
#3189 = DIRECTION('',(-0.,1.,0.));
#3190 = PLANE('',#3191);
#3191 = AXIS2_PLACEMENT_3D('',#3192,#3193,#3194);
#3192 = CARTESIAN_POINT('',(199.6267,191.37,-1.5));
#3193 = DIRECTION('',(1.,0.,-0.));
#3194 = DIRECTION('',(0.,0.,1.));
#3195 = ADVANCED_FACE('',(#3196),#3212,.F.);
#3196 = FACE_BOUND('',#3197,.F.);
#3197 = EDGE_LOOP('',(#3198,#3204,#3205,#3211));
#3198 = ORIENTED_EDGE('',*,*,#3199,.F.);
#3199 = EDGE_CURVE('',#3120,#3160,#3200,.T.);
#3200 = LINE('',#3201,#3202);
#3201 = CARTESIAN_POINT('',(196.6267,191.37,-1.5));
#3202 = VECTOR('',#3203,1.);
#3203 = DIRECTION('',(1.,0.,-0.));
#3204 = ORIENTED_EDGE('',*,*,#3119,.T.);
#3205 = ORIENTED_EDGE('',*,*,#3206,.T.);
#3206 = EDGE_CURVE('',#3122,#3162,#3207,.T.);
#3207 = LINE('',#3208,#3209);
#3208 = CARTESIAN_POINT('',(196.6267,191.37,1.5));
#3209 = VECTOR('',#3210,1.);
#3210 = DIRECTION('',(1.,0.,-0.));
#3211 = ORIENTED_EDGE('',*,*,#3159,.F.);
#3212 = PLANE('',#3213);
#3213 = AXIS2_PLACEMENT_3D('',#3214,#3215,#3216);
#3214 = CARTESIAN_POINT('',(196.6267,191.37,-1.5));
#3215 = DIRECTION('',(-0.,1.,0.));
#3216 = DIRECTION('',(0.,0.,1.));
#3217 = ADVANCED_FACE('',(#3218),#3234,.T.);
#3218 = FACE_BOUND('',#3219,.T.);
#3219 = EDGE_LOOP('',(#3220,#3226,#3227,#3233));
#3220 = ORIENTED_EDGE('',*,*,#3221,.F.);
#3221 = EDGE_CURVE('',#3130,#3170,#3222,.T.);
#3222 = LINE('',#3223,#3224);
#3223 = CARTESIAN_POINT('',(196.6267,192.87,-1.5));
#3224 = VECTOR('',#3225,1.);
#3225 = DIRECTION('',(1.,0.,-0.));
#3226 = ORIENTED_EDGE('',*,*,#3137,.T.);
#3227 = ORIENTED_EDGE('',*,*,#3228,.T.);
#3228 = EDGE_CURVE('',#3138,#3178,#3229,.T.);
#3229 = LINE('',#3230,#3231);
#3230 = CARTESIAN_POINT('',(196.6267,192.87,1.5));
#3231 = VECTOR('',#3232,1.);
#3232 = DIRECTION('',(1.,0.,-0.));
#3233 = ORIENTED_EDGE('',*,*,#3177,.F.);
#3234 = PLANE('',#3235);
#3235 = AXIS2_PLACEMENT_3D('',#3236,#3237,#3238);
#3236 = CARTESIAN_POINT('',(196.6267,192.87,-1.5));
#3237 = DIRECTION('',(-0.,1.,0.));
#3238 = DIRECTION('',(0.,0.,1.));
#3239 = ADVANCED_FACE('',(#3240),#3246,.F.);
#3240 = FACE_BOUND('',#3241,.F.);
#3241 = EDGE_LOOP('',(#3242,#3243,#3244,#3245));
#3242 = ORIENTED_EDGE('',*,*,#3129,.F.);
#3243 = ORIENTED_EDGE('',*,*,#3199,.T.);
#3244 = ORIENTED_EDGE('',*,*,#3169,.T.);
#3245 = ORIENTED_EDGE('',*,*,#3221,.F.);
#3246 = PLANE('',#3247);
#3247 = AXIS2_PLACEMENT_3D('',#3248,#3249,#3250);
#3248 = CARTESIAN_POINT('',(196.6267,191.37,-1.5));
#3249 = DIRECTION('',(0.,0.,1.));
#3250 = DIRECTION('',(1.,0.,-0.));
#3251 = ADVANCED_FACE('',(#3252),#3258,.T.);
#3252 = FACE_BOUND('',#3253,.T.);
#3253 = EDGE_LOOP('',(#3254,#3255,#3256,#3257));
#3254 = ORIENTED_EDGE('',*,*,#3145,.F.);
#3255 = ORIENTED_EDGE('',*,*,#3206,.T.);
#3256 = ORIENTED_EDGE('',*,*,#3185,.T.);
#3257 = ORIENTED_EDGE('',*,*,#3228,.F.);
#3258 = PLANE('',#3259);
#3259 = AXIS2_PLACEMENT_3D('',#3260,#3261,#3262);
#3260 = CARTESIAN_POINT('',(196.6267,191.37,1.5));
#3261 = DIRECTION('',(0.,0.,1.));
#3262 = DIRECTION('',(1.,0.,-0.));
#3263 = ( GEOMETRIC_REPRESENTATION_CONTEXT(3) 
GLOBAL_UNCERTAINTY_ASSIGNED_CONTEXT((#3267)) 
GLOBAL_UNIT_ASSIGNED_CONTEXT((#3264,#3265,#3266)) REPRESENTATION_CONTEXT
('Context #1','3D Context with UNIT and UNCERTAINTY') );
#3264 = ( LENGTH_UNIT() NAMED_UNIT(*) SI_UNIT(.MILLI.,.METRE.) );
#3265 = ( NAMED_UNIT(*) PLANE_ANGLE_UNIT() SI_UNIT($,.RADIAN.) );
#3266 = ( NAMED_UNIT(*) SI_UNIT($,.STERADIAN.) SOLID_ANGLE_UNIT() );
#3267 = UNCERTAINTY_MEASURE_WITH_UNIT(LENGTH_MEASURE(1.E-07),#3264,
  'distance_accuracy_value','confusion accuracy');
#3268 = CONTEXT_DEPENDENT_SHAPE_REPRESENTATION(#3269,#3271);
#3269 = ( REPRESENTATION_RELATIONSHIP('','',#3112,#10) 
REPRESENTATION_RELATIONSHIP_WITH_TRANSFORMATION(#3270) 
SHAPE_REPRESENTATION_RELATIONSHIP() );
#3270 = ITEM_DEFINED_TRANSFORMATION('','',#11,#43);
#3271 = PRODUCT_DEFINITION_SHAPE('Placement','Placement of an item',
  #3272);
#3272 = NEXT_ASSEMBLY_USAGE_OCCURRENCE('8','Tile0_SiPM','',#5,#3107,$);
#3273 = PRODUCT_RELATED_PRODUCT_CATEGORY('part',$,(#3109));
#3274 = SHAPE_DEFINITION_REPRESENTATION(#3275,#3281);
#3275 = PRODUCT_DEFINITION_SHAPE('','',#3276);
#3276 = PRODUCT_DEFINITION('design','',#3277,#3280);
#3277 = PRODUCT_DEFINITION_FORMATION('','',#3278);
#3278 = PRODUCT('Tile0_SiPM_PCB','Tile0_SiPM_PCB','',(#3279));
#3279 = PRODUCT_CONTEXT('',#2,'mechanical');
#3280 = PRODUCT_DEFINITION_CONTEXT('part definition',#2,'design');
#3281 = ADVANCED_BREP_SHAPE_REPRESENTATION('',(#11,#3282),#3432);
#3282 = MANIFOLD_SOLID_BREP('',#3283);
#3283 = CLOSED_SHELL('',(#3284,#3324,#3364,#3386,#3408,#3420));
#3284 = ADVANCED_FACE('',(#3285),#3319,.F.);
#3285 = FACE_BOUND('',#3286,.F.);
#3286 = EDGE_LOOP('',(#3287,#3297,#3305,#3313));
#3287 = ORIENTED_EDGE('',*,*,#3288,.F.);
#3288 = EDGE_CURVE('',#3289,#3291,#3293,.T.);
#3289 = VERTEX_POINT('',#3290);
#3290 = CARTESIAN_POINT('',(186.1267,196.62,-6.));
#3291 = VERTEX_POINT('',#3292);
#3292 = CARTESIAN_POINT('',(186.1267,196.62,6.));
#3293 = LINE('',#3294,#3295);
#3294 = CARTESIAN_POINT('',(186.1267,196.62,-6.));
#3295 = VECTOR('',#3296,1.);
#3296 = DIRECTION('',(0.,0.,1.));
#3297 = ORIENTED_EDGE('',*,*,#3298,.T.);
#3298 = EDGE_CURVE('',#3289,#3299,#3301,.T.);
#3299 = VERTEX_POINT('',#3300);
#3300 = CARTESIAN_POINT('',(186.1267,198.22,-6.));
#3301 = LINE('',#3302,#3303);
#3302 = CARTESIAN_POINT('',(186.1267,196.62,-6.));
#3303 = VECTOR('',#3304,1.);
#3304 = DIRECTION('',(-0.,1.,0.));
#3305 = ORIENTED_EDGE('',*,*,#3306,.T.);
#3306 = EDGE_CURVE('',#3299,#3307,#3309,.T.);
#3307 = VERTEX_POINT('',#3308);
#3308 = CARTESIAN_POINT('',(186.1267,198.22,6.));
#3309 = LINE('',#3310,#3311);
#3310 = CARTESIAN_POINT('',(186.1267,198.22,-6.));
#3311 = VECTOR('',#3312,1.);
#3312 = DIRECTION('',(0.,0.,1.));
#3313 = ORIENTED_EDGE('',*,*,#3314,.F.);
#3314 = EDGE_CURVE('',#3291,#3307,#3315,.T.);
#3315 = LINE('',#3316,#3317);
#3316 = CARTESIAN_POINT('',(186.1267,196.62,6.));
#3317 = VECTOR('',#3318,1.);
#3318 = DIRECTION('',(-0.,1.,0.));
#3319 = PLANE('',#3320);
#3320 = AXIS2_PLACEMENT_3D('',#3321,#3322,#3323);
#3321 = CARTESIAN_POINT('',(186.1267,196.62,-6.));
#3322 = DIRECTION('',(1.,0.,-0.));
#3323 = DIRECTION('',(0.,0.,1.));
#3324 = ADVANCED_FACE('',(#3325),#3359,.T.);
#3325 = FACE_BOUND('',#3326,.T.);
#3326 = EDGE_LOOP('',(#3327,#3337,#3345,#3353));
#3327 = ORIENTED_EDGE('',*,*,#3328,.F.);
#3328 = EDGE_CURVE('',#3329,#3331,#3333,.T.);
#3329 = VERTEX_POINT('',#3330);
#3330 = CARTESIAN_POINT('',(210.1267,196.62,-6.));
#3331 = VERTEX_POINT('',#3332);
#3332 = CARTESIAN_POINT('',(210.1267,196.62,6.));
#3333 = LINE('',#3334,#3335);
#3334 = CARTESIAN_POINT('',(210.1267,196.62,-6.));
#3335 = VECTOR('',#3336,1.);
#3336 = DIRECTION('',(0.,0.,1.));
#3337 = ORIENTED_EDGE('',*,*,#3338,.T.);
#3338 = EDGE_CURVE('',#3329,#3339,#3341,.T.);
#3339 = VERTEX_POINT('',#3340);
#3340 = CARTESIAN_POINT('',(210.1267,198.22,-6.));
#3341 = LINE('',#3342,#3343);
#3342 = CARTESIAN_POINT('',(210.1267,196.62,-6.));
#3343 = VECTOR('',#3344,1.);
#3344 = DIRECTION('',(-0.,1.,0.));
#3345 = ORIENTED_EDGE('',*,*,#3346,.T.);
#3346 = EDGE_CURVE('',#3339,#3347,#3349,.T.);
#3347 = VERTEX_POINT('',#3348);
#3348 = CARTESIAN_POINT('',(210.1267,198.22,6.));
#3349 = LINE('',#3350,#3351);
#3350 = CARTESIAN_POINT('',(210.1267,198.22,-6.));
#3351 = VECTOR('',#3352,1.);
#3352 = DIRECTION('',(0.,0.,1.));
#3353 = ORIENTED_EDGE('',*,*,#3354,.F.);
#3354 = EDGE_CURVE('',#3331,#3347,#3355,.T.);
#3355 = LINE('',#3356,#3357);
#3356 = CARTESIAN_POINT('',(210.1267,196.62,6.));
#3357 = VECTOR('',#3358,1.);
#3358 = DIRECTION('',(-0.,1.,0.));
#3359 = PLANE('',#3360);
#3360 = AXIS2_PLACEMENT_3D('',#3361,#3362,#3363);
#3361 = CARTESIAN_POINT('',(210.1267,196.62,-6.));
#3362 = DIRECTION('',(1.,0.,-0.));
#3363 = DIRECTION('',(0.,0.,1.));
#3364 = ADVANCED_FACE('',(#3365),#3381,.F.);
#3365 = FACE_BOUND('',#3366,.F.);
#3366 = EDGE_LOOP('',(#3367,#3373,#3374,#3380));
#3367 = ORIENTED_EDGE('',*,*,#3368,.F.);
#3368 = EDGE_CURVE('',#3289,#3329,#3369,.T.);
#3369 = LINE('',#3370,#3371);
#3370 = CARTESIAN_POINT('',(186.1267,196.62,-6.));
#3371 = VECTOR('',#3372,1.);
#3372 = DIRECTION('',(1.,0.,-0.));
#3373 = ORIENTED_EDGE('',*,*,#3288,.T.);
#3374 = ORIENTED_EDGE('',*,*,#3375,.T.);
#3375 = EDGE_CURVE('',#3291,#3331,#3376,.T.);
#3376 = LINE('',#3377,#3378);
#3377 = CARTESIAN_POINT('',(186.1267,196.62,6.));
#3378 = VECTOR('',#3379,1.);
#3379 = DIRECTION('',(1.,0.,-0.));
#3380 = ORIENTED_EDGE('',*,*,#3328,.F.);
#3381 = PLANE('',#3382);
#3382 = AXIS2_PLACEMENT_3D('',#3383,#3384,#3385);
#3383 = CARTESIAN_POINT('',(186.1267,196.62,-6.));
#3384 = DIRECTION('',(-0.,1.,0.));
#3385 = DIRECTION('',(0.,0.,1.));
#3386 = ADVANCED_FACE('',(#3387),#3403,.T.);
#3387 = FACE_BOUND('',#3388,.T.);
#3388 = EDGE_LOOP('',(#3389,#3395,#3396,#3402));
#3389 = ORIENTED_EDGE('',*,*,#3390,.F.);
#3390 = EDGE_CURVE('',#3299,#3339,#3391,.T.);
#3391 = LINE('',#3392,#3393);
#3392 = CARTESIAN_POINT('',(186.1267,198.22,-6.));
#3393 = VECTOR('',#3394,1.);
#3394 = DIRECTION('',(1.,0.,-0.));
#3395 = ORIENTED_EDGE('',*,*,#3306,.T.);
#3396 = ORIENTED_EDGE('',*,*,#3397,.T.);
#3397 = EDGE_CURVE('',#3307,#3347,#3398,.T.);
#3398 = LINE('',#3399,#3400);
#3399 = CARTESIAN_POINT('',(186.1267,198.22,6.));
#3400 = VECTOR('',#3401,1.);
#3401 = DIRECTION('',(1.,0.,-0.));
#3402 = ORIENTED_EDGE('',*,*,#3346,.F.);
#3403 = PLANE('',#3404);
#3404 = AXIS2_PLACEMENT_3D('',#3405,#3406,#3407);
#3405 = CARTESIAN_POINT('',(186.1267,198.22,-6.));
#3406 = DIRECTION('',(-0.,1.,0.));
#3407 = DIRECTION('',(0.,0.,1.));
#3408 = ADVANCED_FACE('',(#3409),#3415,.F.);
#3409 = FACE_BOUND('',#3410,.F.);
#3410 = EDGE_LOOP('',(#3411,#3412,#3413,#3414));
#3411 = ORIENTED_EDGE('',*,*,#3298,.F.);
#3412 = ORIENTED_EDGE('',*,*,#3368,.T.);
#3413 = ORIENTED_EDGE('',*,*,#3338,.T.);
#3414 = ORIENTED_EDGE('',*,*,#3390,.F.);
#3415 = PLANE('',#3416);
#3416 = AXIS2_PLACEMENT_3D('',#3417,#3418,#3419);
#3417 = CARTESIAN_POINT('',(186.1267,196.62,-6.));
#3418 = DIRECTION('',(0.,0.,1.));
#3419 = DIRECTION('',(1.,0.,-0.));
#3420 = ADVANCED_FACE('',(#3421),#3427,.T.);
#3421 = FACE_BOUND('',#3422,.T.);
#3422 = EDGE_LOOP('',(#3423,#3424,#3425,#3426));
#3423 = ORIENTED_EDGE('',*,*,#3314,.F.);
#3424 = ORIENTED_EDGE('',*,*,#3375,.T.);
#3425 = ORIENTED_EDGE('',*,*,#3354,.T.);
#3426 = ORIENTED_EDGE('',*,*,#3397,.F.);
#3427 = PLANE('',#3428);
#3428 = AXIS2_PLACEMENT_3D('',#3429,#3430,#3431);
#3429 = CARTESIAN_POINT('',(186.1267,196.62,6.));
#3430 = DIRECTION('',(0.,0.,1.));
#3431 = DIRECTION('',(1.,0.,-0.));
#3432 = ( GEOMETRIC_REPRESENTATION_CONTEXT(3) 
GLOBAL_UNCERTAINTY_ASSIGNED_CONTEXT((#3436)) 
GLOBAL_UNIT_ASSIGNED_CONTEXT((#3433,#3434,#3435)) REPRESENTATION_CONTEXT
('Context #1','3D Context with UNIT and UNCERTAINTY') );
#3433 = ( LENGTH_UNIT() NAMED_UNIT(*) SI_UNIT(.MILLI.,.METRE.) );
#3434 = ( NAMED_UNIT(*) PLANE_ANGLE_UNIT() SI_UNIT($,.RADIAN.) );
#3435 = ( NAMED_UNIT(*) SI_UNIT($,.STERADIAN.) SOLID_ANGLE_UNIT() );
#3436 = UNCERTAINTY_MEASURE_WITH_UNIT(LENGTH_MEASURE(1.E-07),#3433,
  'distance_accuracy_value','confusion accuracy');
#3437 = CONTEXT_DEPENDENT_SHAPE_REPRESENTATION(#3438,#3440);
#3438 = ( REPRESENTATION_RELATIONSHIP('','',#3281,#10) 
REPRESENTATION_RELATIONSHIP_WITH_TRANSFORMATION(#3439) 
SHAPE_REPRESENTATION_RELATIONSHIP() );
#3439 = ITEM_DEFINED_TRANSFORMATION('','',#11,#47);
#3440 = PRODUCT_DEFINITION_SHAPE('Placement','Placement of an item',
  #3441);
#3441 = NEXT_ASSEMBLY_USAGE_OCCURRENCE('9','Tile0_SiPM_PCB','',#5,#3276,
  $);
#3442 = PRODUCT_RELATED_PRODUCT_CATEGORY('part',$,(#3278));
#3443 = SHAPE_DEFINITION_REPRESENTATION(#3444,#3450);
#3444 = PRODUCT_DEFINITION_SHAPE('','',#3445);
#3445 = PRODUCT_DEFINITION('design','',#3446,#3449);
#3446 = PRODUCT_DEFINITION_FORMATION('','',#3447);
#3447 = PRODUCT('Tile0_UFL','Tile0_UFL','',(#3448));
#3448 = PRODUCT_CONTEXT('',#2,'mechanical');
#3449 = PRODUCT_DEFINITION_CONTEXT('part definition',#2,'design');
#3450 = ADVANCED_BREP_SHAPE_REPRESENTATION('',(#11,#3451),#3601);
#3451 = MANIFOLD_SOLID_BREP('',#3452);
#3452 = CLOSED_SHELL('',(#3453,#3493,#3533,#3555,#3577,#3589));
#3453 = ADVANCED_FACE('',(#3454),#3488,.F.);
#3454 = FACE_BOUND('',#3455,.F.);
#3455 = EDGE_LOOP('',(#3456,#3466,#3474,#3482));
#3456 = ORIENTED_EDGE('',*,*,#3457,.F.);
#3457 = EDGE_CURVE('',#3458,#3460,#3462,.T.);
#3458 = VERTEX_POINT('',#3459);
#3459 = CARTESIAN_POINT('',(196.6267,198.22,-1.3));
#3460 = VERTEX_POINT('',#3461);
#3461 = CARTESIAN_POINT('',(196.6267,198.22,1.3));
#3462 = LINE('',#3463,#3464);
#3463 = CARTESIAN_POINT('',(196.6267,198.22,-1.3));
#3464 = VECTOR('',#3465,1.);
#3465 = DIRECTION('',(0.,0.,1.));
#3466 = ORIENTED_EDGE('',*,*,#3467,.T.);
#3467 = EDGE_CURVE('',#3458,#3468,#3470,.T.);
#3468 = VERTEX_POINT('',#3469);
#3469 = CARTESIAN_POINT('',(196.6267,199.47,-1.3));
#3470 = LINE('',#3471,#3472);
#3471 = CARTESIAN_POINT('',(196.6267,198.22,-1.3));
#3472 = VECTOR('',#3473,1.);
#3473 = DIRECTION('',(-0.,1.,0.));
#3474 = ORIENTED_EDGE('',*,*,#3475,.T.);
#3475 = EDGE_CURVE('',#3468,#3476,#3478,.T.);
#3476 = VERTEX_POINT('',#3477);
#3477 = CARTESIAN_POINT('',(196.6267,199.47,1.3));
#3478 = LINE('',#3479,#3480);
#3479 = CARTESIAN_POINT('',(196.6267,199.47,-1.3));
#3480 = VECTOR('',#3481,1.);
#3481 = DIRECTION('',(0.,0.,1.));
#3482 = ORIENTED_EDGE('',*,*,#3483,.F.);
#3483 = EDGE_CURVE('',#3460,#3476,#3484,.T.);
#3484 = LINE('',#3485,#3486);
#3485 = CARTESIAN_POINT('',(196.6267,198.22,1.3));
#3486 = VECTOR('',#3487,1.);
#3487 = DIRECTION('',(-0.,1.,0.));
#3488 = PLANE('',#3489);
#3489 = AXIS2_PLACEMENT_3D('',#3490,#3491,#3492);
#3490 = CARTESIAN_POINT('',(196.6267,198.22,-1.3));
#3491 = DIRECTION('',(1.,0.,-0.));
#3492 = DIRECTION('',(0.,0.,1.));
#3493 = ADVANCED_FACE('',(#3494),#3528,.T.);
#3494 = FACE_BOUND('',#3495,.T.);
#3495 = EDGE_LOOP('',(#3496,#3506,#3514,#3522));
#3496 = ORIENTED_EDGE('',*,*,#3497,.F.);
#3497 = EDGE_CURVE('',#3498,#3500,#3502,.T.);
#3498 = VERTEX_POINT('',#3499);
#3499 = CARTESIAN_POINT('',(199.6267,198.22,-1.3));
#3500 = VERTEX_POINT('',#3501);
#3501 = CARTESIAN_POINT('',(199.6267,198.22,1.3));
#3502 = LINE('',#3503,#3504);
#3503 = CARTESIAN_POINT('',(199.6267,198.22,-1.3));
#3504 = VECTOR('',#3505,1.);
#3505 = DIRECTION('',(0.,0.,1.));
#3506 = ORIENTED_EDGE('',*,*,#3507,.T.);
#3507 = EDGE_CURVE('',#3498,#3508,#3510,.T.);
#3508 = VERTEX_POINT('',#3509);
#3509 = CARTESIAN_POINT('',(199.6267,199.47,-1.3));
#3510 = LINE('',#3511,#3512);
#3511 = CARTESIAN_POINT('',(199.6267,198.22,-1.3));
#3512 = VECTOR('',#3513,1.);
#3513 = DIRECTION('',(-0.,1.,0.));
#3514 = ORIENTED_EDGE('',*,*,#3515,.T.);
#3515 = EDGE_CURVE('',#3508,#3516,#3518,.T.);
#3516 = VERTEX_POINT('',#3517);
#3517 = CARTESIAN_POINT('',(199.6267,199.47,1.3));
#3518 = LINE('',#3519,#3520);
#3519 = CARTESIAN_POINT('',(199.6267,199.47,-1.3));
#3520 = VECTOR('',#3521,1.);
#3521 = DIRECTION('',(0.,0.,1.));
#3522 = ORIENTED_EDGE('',*,*,#3523,.F.);
#3523 = EDGE_CURVE('',#3500,#3516,#3524,.T.);
#3524 = LINE('',#3525,#3526);
#3525 = CARTESIAN_POINT('',(199.6267,198.22,1.3));
#3526 = VECTOR('',#3527,1.);
#3527 = DIRECTION('',(-0.,1.,0.));
#3528 = PLANE('',#3529);
#3529 = AXIS2_PLACEMENT_3D('',#3530,#3531,#3532);
#3530 = CARTESIAN_POINT('',(199.6267,198.22,-1.3));
#3531 = DIRECTION('',(1.,0.,-0.));
#3532 = DIRECTION('',(0.,0.,1.));
#3533 = ADVANCED_FACE('',(#3534),#3550,.F.);
#3534 = FACE_BOUND('',#3535,.F.);
#3535 = EDGE_LOOP('',(#3536,#3542,#3543,#3549));
#3536 = ORIENTED_EDGE('',*,*,#3537,.F.);
#3537 = EDGE_CURVE('',#3458,#3498,#3538,.T.);
#3538 = LINE('',#3539,#3540);
#3539 = CARTESIAN_POINT('',(196.6267,198.22,-1.3));
#3540 = VECTOR('',#3541,1.);
#3541 = DIRECTION('',(1.,0.,-0.));
#3542 = ORIENTED_EDGE('',*,*,#3457,.T.);
#3543 = ORIENTED_EDGE('',*,*,#3544,.T.);
#3544 = EDGE_CURVE('',#3460,#3500,#3545,.T.);
#3545 = LINE('',#3546,#3547);
#3546 = CARTESIAN_POINT('',(196.6267,198.22,1.3));
#3547 = VECTOR('',#3548,1.);
#3548 = DIRECTION('',(1.,0.,-0.));
#3549 = ORIENTED_EDGE('',*,*,#3497,.F.);
#3550 = PLANE('',#3551);
#3551 = AXIS2_PLACEMENT_3D('',#3552,#3553,#3554);
#3552 = CARTESIAN_POINT('',(196.6267,198.22,-1.3));
#3553 = DIRECTION('',(-0.,1.,0.));
#3554 = DIRECTION('',(0.,0.,1.));
#3555 = ADVANCED_FACE('',(#3556),#3572,.T.);
#3556 = FACE_BOUND('',#3557,.T.);
#3557 = EDGE_LOOP('',(#3558,#3564,#3565,#3571));
#3558 = ORIENTED_EDGE('',*,*,#3559,.F.);
#3559 = EDGE_CURVE('',#3468,#3508,#3560,.T.);
#3560 = LINE('',#3561,#3562);
#3561 = CARTESIAN_POINT('',(196.6267,199.47,-1.3));
#3562 = VECTOR('',#3563,1.);
#3563 = DIRECTION('',(1.,0.,-0.));
#3564 = ORIENTED_EDGE('',*,*,#3475,.T.);
#3565 = ORIENTED_EDGE('',*,*,#3566,.T.);
#3566 = EDGE_CURVE('',#3476,#3516,#3567,.T.);
#3567 = LINE('',#3568,#3569);
#3568 = CARTESIAN_POINT('',(196.6267,199.47,1.3));
#3569 = VECTOR('',#3570,1.);
#3570 = DIRECTION('',(1.,0.,-0.));
#3571 = ORIENTED_EDGE('',*,*,#3515,.F.);
#3572 = PLANE('',#3573);
#3573 = AXIS2_PLACEMENT_3D('',#3574,#3575,#3576);
#3574 = CARTESIAN_POINT('',(196.6267,199.47,-1.3));
#3575 = DIRECTION('',(-0.,1.,0.));
#3576 = DIRECTION('',(0.,0.,1.));
#3577 = ADVANCED_FACE('',(#3578),#3584,.F.);
#3578 = FACE_BOUND('',#3579,.F.);
#3579 = EDGE_LOOP('',(#3580,#3581,#3582,#3583));
#3580 = ORIENTED_EDGE('',*,*,#3467,.F.);
#3581 = ORIENTED_EDGE('',*,*,#3537,.T.);
#3582 = ORIENTED_EDGE('',*,*,#3507,.T.);
#3583 = ORIENTED_EDGE('',*,*,#3559,.F.);
#3584 = PLANE('',#3585);
#3585 = AXIS2_PLACEMENT_3D('',#3586,#3587,#3588);
#3586 = CARTESIAN_POINT('',(196.6267,198.22,-1.3));
#3587 = DIRECTION('',(0.,0.,1.));
#3588 = DIRECTION('',(1.,0.,-0.));
#3589 = ADVANCED_FACE('',(#3590),#3596,.T.);
#3590 = FACE_BOUND('',#3591,.T.);
#3591 = EDGE_LOOP('',(#3592,#3593,#3594,#3595));
#3592 = ORIENTED_EDGE('',*,*,#3483,.F.);
#3593 = ORIENTED_EDGE('',*,*,#3544,.T.);
#3594 = ORIENTED_EDGE('',*,*,#3523,.T.);
#3595 = ORIENTED_EDGE('',*,*,#3566,.F.);
#3596 = PLANE('',#3597);
#3597 = AXIS2_PLACEMENT_3D('',#3598,#3599,#3600);
#3598 = CARTESIAN_POINT('',(196.6267,198.22,1.3));
#3599 = DIRECTION('',(0.,0.,1.));
#3600 = DIRECTION('',(1.,0.,-0.));
#3601 = ( GEOMETRIC_REPRESENTATION_CONTEXT(3) 
GLOBAL_UNCERTAINTY_ASSIGNED_CONTEXT((#3605)) 
GLOBAL_UNIT_ASSIGNED_CONTEXT((#3602,#3603,#3604)) REPRESENTATION_CONTEXT
('Context #1','3D Context with UNIT and UNCERTAINTY') );
#3602 = ( LENGTH_UNIT() NAMED_UNIT(*) SI_UNIT(.MILLI.,.METRE.) );
#3603 = ( NAMED_UNIT(*) PLANE_ANGLE_UNIT() SI_UNIT($,.RADIAN.) );
#3604 = ( NAMED_UNIT(*) SI_UNIT($,.STERADIAN.) SOLID_ANGLE_UNIT() );
#3605 = UNCERTAINTY_MEASURE_WITH_UNIT(LENGTH_MEASURE(1.E-07),#3602,
  'distance_accuracy_value','confusion accuracy');
#3606 = CONTEXT_DEPENDENT_SHAPE_REPRESENTATION(#3607,#3609);
#3607 = ( REPRESENTATION_RELATIONSHIP('','',#3450,#10) 
REPRESENTATION_RELATIONSHIP_WITH_TRANSFORMATION(#3608) 
SHAPE_REPRESENTATION_RELATIONSHIP() );
#3608 = ITEM_DEFINED_TRANSFORMATION('','',#11,#51);
#3609 = PRODUCT_DEFINITION_SHAPE('Placement','Placement of an item',
  #3610);
#3610 = NEXT_ASSEMBLY_USAGE_OCCURRENCE('10','Tile0_UFL','',#5,#3445,$);
#3611 = PRODUCT_RELATED_PRODUCT_CATEGORY('part',$,(#3447));
ENDSEC;
END-ISO-10303-21;
