ISO-10303-21;
HEADER;
FILE_DESCRIPTION(('FreeCAD Model'),'2;1');
FILE_NAME('Open CASCADE Shape Model','2026-09-30T17:55:30',('Author'),(
    ''),'Open CASCADE STEP processor 7.8','FreeCAD','Unknown');
FILE_SCHEMA(('AUTOMOTIVE_DESIGN { 1 0 10303 214 1 1 1 1 }'));
ENDSEC;
DATA;
#1 = APPLICATION_PROTOCOL_DEFINITION('international standard',
  'automotive_design',2000,#2);
#2 = APPLICATION_CONTEXT(
  'core data for automotive mechanical design processes');
#3 = SHAPE_DEFINITION_REPRESENTATION(#4,#10);
#4 = PRODUCT_DEFINITION_SHAPE('','',#5);
#5 = PRODUCT_DEFINITION('design','',#6,#9);
#6 = PRODUCT_DEFINITION_FORMATION('','',#7);
#7 = PRODUCT('Tile_0','Tile_0','',(#8));
#8 = PRODUCT_CONTEXT('',#2,'mechanical');
#9 = PRODUCT_DEFINITION_CONTEXT('part definition',#2,'design');
#10 = SHAPE_REPRESENTATION('',(#11,#15,#19,#23,#27,#31,#35,#39,#43,#47,
    #51),#55);
#11 = AXIS2_PLACEMENT_3D('',#12,#13,#14);
#12 = CARTESIAN_POINT('',(0.,0.,0.));
#13 = DIRECTION('',(0.,0.,1.));
#14 = DIRECTION('',(1.,0.,-0.));
#15 = AXIS2_PLACEMENT_3D('',#16,#17,#18);
#16 = CARTESIAN_POINT('',(0.,0.,0.));
#17 = DIRECTION('',(0.,0.,1.));
#18 = DIRECTION('',(1.,0.,0.));
#19 = AXIS2_PLACEMENT_3D('',#20,#21,#22);
#20 = CARTESIAN_POINT('',(0.,0.,0.));
#21 = DIRECTION('',(0.,0.,1.));
#22 = DIRECTION('',(1.,0.,0.));
#23 = AXIS2_PLACEMENT_3D('',#24,#25,#26);
#24 = CARTESIAN_POINT('',(0.,0.,0.));
#25 = DIRECTION('',(0.,0.,1.));
#26 = DIRECTION('',(1.,0.,0.));
#27 = AXIS2_PLACEMENT_3D('',#28,#29,#30);
#28 = CARTESIAN_POINT('',(0.,0.,0.));
#29 = DIRECTION('',(0.,0.,1.));
#30 = DIRECTION('',(1.,0.,0.));
#31 = AXIS2_PLACEMENT_3D('',#32,#33,#34);
#32 = CARTESIAN_POINT('',(0.,0.,0.));
#33 = DIRECTION('',(0.,0.,1.));
#34 = DIRECTION('',(1.,0.,0.));
#35 = AXIS2_PLACEMENT_3D('',#36,#37,#38);
#36 = CARTESIAN_POINT('',(0.,0.,0.));
#37 = DIRECTION('',(0.,0.,1.));
#38 = DIRECTION('',(1.,0.,0.));
#39 = AXIS2_PLACEMENT_3D('',#40,#41,#42);
#40 = CARTESIAN_POINT('',(0.,0.,0.));
#41 = DIRECTION('',(0.,0.,1.));
#42 = DIRECTION('',(1.,0.,0.));
#43 = AXIS2_PLACEMENT_3D('',#44,#45,#46);
#44 = CARTESIAN_POINT('',(0.,0.,0.));
#45 = DIRECTION('',(0.,0.,1.));
#46 = DIRECTION('',(1.,0.,0.));
#47 = AXIS2_PLACEMENT_3D('',#48,#49,#50);
#48 = CARTESIAN_POINT('',(0.,0.,0.));
#49 = DIRECTION('',(0.,0.,1.));
#50 = DIRECTION('',(1.,0.,0.));
#51 = AXIS2_PLACEMENT_3D('',#52,#53,#54);
#52 = CARTESIAN_POINT('',(0.,0.,0.));
#53 = DIRECTION('',(0.,0.,1.));
#54 = DIRECTION('',(1.,0.,0.));
#55 = ( GEOMETRIC_REPRESENTATION_CONTEXT(3) 
GLOBAL_UNCERTAINTY_ASSIGNED_CONTEXT((#59)) GLOBAL_UNIT_ASSIGNED_CONTEXT(
(#56,#57,#58)) REPRESENTATION_CONTEXT('Context #1',
  '3D Context with UNIT and UNCERTAINTY') );
#56 = ( LENGTH_UNIT() NAMED_UNIT(*) SI_UNIT(.MILLI.,.METRE.) );
#57 = ( NAMED_UNIT(*) PLANE_ANGLE_UNIT() SI_UNIT($,.RADIAN.) );
#58 = ( NAMED_UNIT(*) SI_UNIT($,.STERADIAN.) SOLID_ANGLE_UNIT() );
#59 = UNCERTAINTY_MEASURE_WITH_UNIT(LENGTH_MEASURE(1.E-06),#56,
  'distance_accuracy_value','confusion accuracy');
#60 = PRODUCT_RELATED_PRODUCT_CATEGORY('part',$,(#7));
#61 = SHAPE_DEFINITION_REPRESENTATION(#62,#68);
#62 = PRODUCT_DEFINITION_SHAPE('','',#63);
#63 = PRODUCT_DEFINITION('design','',#64,#67);
#64 = PRODUCT_DEFINITION_FORMATION('','',#65);
#65 = PRODUCT('Tile0_Body','Tile0_Body','',(#66));
#66 = PRODUCT_CONTEXT('',#2,'mechanical');
#67 = PRODUCT_DEFINITION_CONTEXT('part definition',#2,'design');
#68 = ADVANCED_BREP_SHAPE_REPRESENTATION('',(#11,#69),#497);
#69 = MANIFOLD_SOLID_BREP('',#70);
#70 = CLOSED_SHELL('',(#71,#111,#142,#173,#190,#207,#249,#265,#294,#319,
    #345,#371,#397,#423,#451,#479));
#71 = ADVANCED_FACE('',(#72),#106,.F.);
#72 = FACE_BOUND('',#73,.F.);
#73 = EDGE_LOOP('',(#74,#84,#92,#100));
#74 = ORIENTED_EDGE('',*,*,#75,.T.);
#75 = EDGE_CURVE('',#76,#78,#80,.T.);
#76 = VERTEX_POINT('',#77);
#77 = CARTESIAN_POINT('',(0.,0.,-3.5));
#78 = VERTEX_POINT('',#79);
#79 = CARTESIAN_POINT('',(0.,0.,3.5));
#80 = LINE('',#81,#82);
#81 = CARTESIAN_POINT('',(0.,0.,-3.5));
#82 = VECTOR('',#83,1.);
#83 = DIRECTION('',(0.,0.,1.));
#84 = ORIENTED_EDGE('',*,*,#85,.T.);
#85 = EDGE_CURVE('',#78,#86,#88,.T.);
#86 = VERTEX_POINT('',#87);
#87 = CARTESIAN_POINT('',(106.3206,0.,3.5));
#88 = LINE('',#89,#90);
#89 = CARTESIAN_POINT('',(0.,0.,3.5));
#90 = VECTOR('',#91,1.);
#91 = DIRECTION('',(1.,-0.,0.));
#92 = ORIENTED_EDGE('',*,*,#93,.F.);
#93 = EDGE_CURVE('',#94,#86,#96,.T.);
#94 = VERTEX_POINT('',#95);
#95 = CARTESIAN_POINT('',(106.3206,0.,-3.5));
#96 = LINE('',#97,#98);
#97 = CARTESIAN_POINT('',(106.3206,0.,-3.5));
#98 = VECTOR('',#99,1.);
#99 = DIRECTION('',(0.,0.,1.));
#100 = ORIENTED_EDGE('',*,*,#101,.F.);
#101 = EDGE_CURVE('',#76,#94,#102,.T.);
#102 = LINE('',#103,#104);
#103 = CARTESIAN_POINT('',(0.,0.,-3.5));
#104 = VECTOR('',#105,1.);
#105 = DIRECTION('',(1.,-0.,0.));
#106 = PLANE('',#107);
#107 = AXIS2_PLACEMENT_3D('',#108,#109,#110);
#108 = CARTESIAN_POINT('',(0.,0.,-3.5));
#109 = DIRECTION('',(0.,1.,-0.));
#110 = DIRECTION('',(1.,-0.,0.));
#111 = ADVANCED_FACE('',(#112),#137,.F.);
#112 = FACE_BOUND('',#113,.F.);
#113 = EDGE_LOOP('',(#114,#124,#130,#131));
#114 = ORIENTED_EDGE('',*,*,#115,.T.);
#115 = EDGE_CURVE('',#116,#118,#120,.T.);
#116 = VERTEX_POINT('',#117);
#117 = CARTESIAN_POINT('',(29.8415,191.,-3.5));
#118 = VERTEX_POINT('',#119);
#119 = CARTESIAN_POINT('',(29.8415,191.,3.5));
#120 = LINE('',#121,#122);
#121 = CARTESIAN_POINT('',(29.8415,191.,-3.5));
#122 = VECTOR('',#123,1.);
#123 = DIRECTION('',(0.,0.,1.));
#124 = ORIENTED_EDGE('',*,*,#125,.T.);
#125 = EDGE_CURVE('',#118,#78,#126,.T.);
#126 = LINE('',#127,#128);
#127 = CARTESIAN_POINT('',(29.8415,191.,3.5));
#128 = VECTOR('',#129,1.);
#129 = DIRECTION('',(-0.154365518738,-0.988013808924,0.));
#130 = ORIENTED_EDGE('',*,*,#75,.F.);
#131 = ORIENTED_EDGE('',*,*,#132,.F.);
#132 = EDGE_CURVE('',#116,#76,#133,.T.);
#133 = LINE('',#134,#135);
#134 = CARTESIAN_POINT('',(29.8415,191.,-3.5));
#135 = VECTOR('',#136,1.);
#136 = DIRECTION('',(-0.154365518738,-0.988013808924,0.));
#137 = PLANE('',#138);
#138 = AXIS2_PLACEMENT_3D('',#139,#140,#141);
#139 = CARTESIAN_POINT('',(29.8415,191.,-3.5));
#140 = DIRECTION('',(0.988013808924,-0.154365518738,0.));
#141 = DIRECTION('',(-0.154365518738,-0.988013808924,0.));
#142 = ADVANCED_FACE('',(#143),#168,.F.);
#143 = FACE_BOUND('',#144,.F.);
#144 = EDGE_LOOP('',(#145,#146,#154,#162));
#145 = ORIENTED_EDGE('',*,*,#93,.T.);
#146 = ORIENTED_EDGE('',*,*,#147,.T.);
#147 = EDGE_CURVE('',#86,#148,#150,.T.);
#148 = VERTEX_POINT('',#149);
#149 = CARTESIAN_POINT('',(151.3206,191.,3.5));
#150 = LINE('',#151,#152);
#151 = CARTESIAN_POINT('',(106.3206,0.,3.5));
#152 = VECTOR('',#153,1.);
#153 = DIRECTION('',(0.22932336749,0.973350293123,0.));
#154 = ORIENTED_EDGE('',*,*,#155,.F.);
#155 = EDGE_CURVE('',#156,#148,#158,.T.);
#156 = VERTEX_POINT('',#157);
#157 = CARTESIAN_POINT('',(151.3206,191.,-3.5));
#158 = LINE('',#159,#160);
#159 = CARTESIAN_POINT('',(151.3206,191.,-3.5));
#160 = VECTOR('',#161,1.);
#161 = DIRECTION('',(0.,0.,1.));
#162 = ORIENTED_EDGE('',*,*,#163,.F.);
#163 = EDGE_CURVE('',#94,#156,#164,.T.);
#164 = LINE('',#165,#166);
#165 = CARTESIAN_POINT('',(106.3206,0.,-3.5));
#166 = VECTOR('',#167,1.);
#167 = DIRECTION('',(0.22932336749,0.973350293123,0.));
#168 = PLANE('',#169);
#169 = AXIS2_PLACEMENT_3D('',#170,#171,#172);
#170 = CARTESIAN_POINT('',(106.3206,0.,-3.5));
#171 = DIRECTION('',(-0.973350293123,0.22932336749,0.));
#172 = DIRECTION('',(0.22932336749,0.973350293123,0.));
#173 = ADVANCED_FACE('',(#174),#185,.F.);
#174 = FACE_BOUND('',#175,.F.);
#175 = EDGE_LOOP('',(#176,#177,#178,#184));
#176 = ORIENTED_EDGE('',*,*,#101,.T.);
#177 = ORIENTED_EDGE('',*,*,#163,.T.);
#178 = ORIENTED_EDGE('',*,*,#179,.T.);
#179 = EDGE_CURVE('',#156,#116,#180,.T.);
#180 = LINE('',#181,#182);
#181 = CARTESIAN_POINT('',(151.3206,191.,-3.5));
#182 = VECTOR('',#183,1.);
#183 = DIRECTION('',(-1.,0.,0.));
#184 = ORIENTED_EDGE('',*,*,#132,.T.);
#185 = PLANE('',#186);
#186 = AXIS2_PLACEMENT_3D('',#187,#188,#189);
#187 = CARTESIAN_POINT('',(72.598755347914,97.844934706626,-3.5));
#188 = DIRECTION('',(0.,0.,1.));
#189 = DIRECTION('',(1.,0.,-0.));
#190 = ADVANCED_FACE('',(#191),#202,.T.);
#191 = FACE_BOUND('',#192,.T.);
#192 = EDGE_LOOP('',(#193,#194,#195,#201));
#193 = ORIENTED_EDGE('',*,*,#85,.T.);
#194 = ORIENTED_EDGE('',*,*,#147,.T.);
#195 = ORIENTED_EDGE('',*,*,#196,.T.);
#196 = EDGE_CURVE('',#148,#118,#197,.T.);
#197 = LINE('',#198,#199);
#198 = CARTESIAN_POINT('',(151.3206,191.,3.5));
#199 = VECTOR('',#200,1.);
#200 = DIRECTION('',(-1.,0.,0.));
#201 = ORIENTED_EDGE('',*,*,#125,.T.);
#202 = PLANE('',#203);
#203 = AXIS2_PLACEMENT_3D('',#204,#205,#206);
#204 = CARTESIAN_POINT('',(72.598755347914,97.844934706626,3.5));
#205 = DIRECTION('',(0.,0.,1.));
#206 = DIRECTION('',(1.,0.,-0.));
#207 = ADVANCED_FACE('',(#208,#214,#233),#244,.F.);
#208 = FACE_BOUND('',#209,.F.);
#209 = EDGE_LOOP('',(#210,#211,#212,#213));
#210 = ORIENTED_EDGE('',*,*,#155,.T.);
#211 = ORIENTED_EDGE('',*,*,#196,.T.);
#212 = ORIENTED_EDGE('',*,*,#115,.F.);
#213 = ORIENTED_EDGE('',*,*,#179,.F.);
#214 = FACE_BOUND('',#215,.F.);
#215 = EDGE_LOOP('',(#216,#226));
#216 = ORIENTED_EDGE('',*,*,#217,.F.);
#217 = EDGE_CURVE('',#218,#220,#222,.T.);
#218 = VERTEX_POINT('',#219);
#219 = CARTESIAN_POINT('',(84.305499986105,191.,0.65));
#220 = VERTEX_POINT('',#221);
#221 = CARTESIAN_POINT('',(84.3055,191.,-0.65));
#222 = LINE('',#223,#224);
#223 = CARTESIAN_POINT('',(84.305475603792,191.,-1.75));
#224 = VECTOR('',#225,1.);
#225 = DIRECTION('',(-0.,-0.,-1.));
#226 = ORIENTED_EDGE('',*,*,#227,.T.);
#227 = EDGE_CURVE('',#218,#220,#228,.T.);
#228 = CIRCLE('',#229,0.65);
#229 = AXIS2_PLACEMENT_3D('',#230,#231,#232);
#230 = CARTESIAN_POINT('',(84.3055,191.,0.));
#231 = DIRECTION('',(-1.351191577776E-05,0.999999999909,0.));
#232 = DIRECTION('',(0.,0.,-1.));
#233 = FACE_BOUND('',#234,.F.);
#234 = EDGE_LOOP('',(#235));
#235 = ORIENTED_EDGE('',*,*,#236,.F.);
#236 = EDGE_CURVE('',#237,#237,#239,.T.);
#237 = VERTEX_POINT('',#238);
#238 = CARTESIAN_POINT('',(83.1055,191.,-0.65));
#239 = CIRCLE('',#240,0.65);
#240 = AXIS2_PLACEMENT_3D('',#241,#242,#243);
#241 = CARTESIAN_POINT('',(83.1055,191.,0.));
#242 = DIRECTION('',(0.,-1.,0.));
#243 = DIRECTION('',(0.,0.,-1.));
#244 = PLANE('',#245);
#245 = AXIS2_PLACEMENT_3D('',#246,#247,#248);
#246 = CARTESIAN_POINT('',(151.3206,191.,-3.5));
#247 = DIRECTION('',(0.,-1.,0.));
#248 = DIRECTION('',(-1.,0.,0.));
#249 = ADVANCED_FACE('',(#250),#260,.F.);
#250 = FACE_BOUND('',#251,.F.);
#251 = EDGE_LOOP('',(#252,#253));
#252 = ORIENTED_EDGE('',*,*,#217,.T.);
#253 = ORIENTED_EDGE('',*,*,#254,.T.);
#254 = EDGE_CURVE('',#220,#218,#255,.T.);
#255 = CIRCLE('',#256,0.65);
#256 = AXIS2_PLACEMENT_3D('',#257,#258,#259);
#257 = CARTESIAN_POINT('',(84.3055,191.,0.));
#258 = DIRECTION('',(-1.351191577776E-05,0.999999999909,0.));
#259 = DIRECTION('',(0.,0.,-1.));
#260 = PLANE('',#261);
#261 = AXIS2_PLACEMENT_3D('',#262,#263,#264);
#262 = CARTESIAN_POINT('',(84.3055,191.,-9.368279754176E-16));
#263 = DIRECTION('',(-1.351191579441E-05,0.999999999909,0.));
#264 = DIRECTION('',(0.999999999909,1.351191579441E-05,0.));
#265 = ADVANCED_FACE('',(#266),#286,.F.);
#266 = FACE_BOUND('',#267,.F.);
#267 = EDGE_LOOP('',(#268,#277,#283,#284,#285));
#268 = ORIENTED_EDGE('',*,*,#269,.F.);
#269 = EDGE_CURVE('',#270,#270,#272,.T.);
#270 = VERTEX_POINT('',#271);
#271 = CARTESIAN_POINT('',(84.3055,187.,-0.65));
#272 = CIRCLE('',#273,0.65);
#273 = AXIS2_PLACEMENT_3D('',#274,#275,#276);
#274 = CARTESIAN_POINT('',(84.3055,187.,0.));
#275 = DIRECTION('',(-3.679594293315E-06,-0.999999999993,0.));
#276 = DIRECTION('',(-0.999999999993,3.679594293315E-06,0.));
#277 = ORIENTED_EDGE('',*,*,#278,.T.);
#278 = EDGE_CURVE('',#270,#220,#279,.T.);
#279 = LINE('',#280,#281);
#280 = CARTESIAN_POINT('',(84.3055,187.,-0.65));
#281 = VECTOR('',#282,1.);
#282 = DIRECTION('',(0.,1.,0.));
#283 = ORIENTED_EDGE('',*,*,#227,.F.);
#284 = ORIENTED_EDGE('',*,*,#254,.F.);
#285 = ORIENTED_EDGE('',*,*,#278,.F.);
#286 = SURFACE_OF_LINEAR_EXTRUSION('',#287,#292);
#287 = CIRCLE('',#288,0.65);
#288 = AXIS2_PLACEMENT_3D('',#289,#290,#291);
#289 = CARTESIAN_POINT('',(84.3055,187.,0.));
#290 = DIRECTION('',(-1.351191577776E-05,0.999999999909,0.));
#291 = DIRECTION('',(0.,0.,-1.));
#292 = VECTOR('',#293,1.);
#293 = DIRECTION('',(0.,1.,0.));
#294 = ADVANCED_FACE('',(#295),#314,.F.);
#295 = FACE_BOUND('',#296,.F.);
#296 = EDGE_LOOP('',(#297,#305,#312,#313));
#297 = ORIENTED_EDGE('',*,*,#298,.T.);
#298 = EDGE_CURVE('',#237,#299,#301,.T.);
#299 = VERTEX_POINT('',#300);
#300 = CARTESIAN_POINT('',(83.1055,187.,-0.65));
#301 = LINE('',#302,#303);
#302 = CARTESIAN_POINT('',(83.1055,191.,-0.65));
#303 = VECTOR('',#304,1.);
#304 = DIRECTION('',(0.,-1.,0.));
#305 = ORIENTED_EDGE('',*,*,#306,.F.);
#306 = EDGE_CURVE('',#299,#299,#307,.T.);
#307 = CIRCLE('',#308,0.65);
#308 = AXIS2_PLACEMENT_3D('',#309,#310,#311);
#309 = CARTESIAN_POINT('',(83.1055,187.,0.));
#310 = DIRECTION('',(0.,-1.,0.));
#311 = DIRECTION('',(0.,0.,-1.));
#312 = ORIENTED_EDGE('',*,*,#298,.F.);
#313 = ORIENTED_EDGE('',*,*,#236,.T.);
#314 = CYLINDRICAL_SURFACE('',#315,0.65);
#315 = AXIS2_PLACEMENT_3D('',#316,#317,#318);
#316 = CARTESIAN_POINT('',(83.1055,191.,0.));
#317 = DIRECTION('',(0.,-1.,0.));
#318 = DIRECTION('',(0.,0.,-1.));
#319 = ADVANCED_FACE('',(#320),#340,.F.);
#320 = FACE_BOUND('',#321,.F.);
#321 = EDGE_LOOP('',(#322,#331,#332,#333));
#322 = ORIENTED_EDGE('',*,*,#323,.T.);
#323 = EDGE_CURVE('',#324,#270,#326,.T.);
#324 = VERTEX_POINT('',#325);
#325 = CARTESIAN_POINT('',(102.8359,162.8516,-0.65));
#326 = CIRCLE('',#327,24.999905666561);
#327 = AXIS2_PLACEMENT_3D('',#328,#329,#330);
#328 = CARTESIAN_POINT('',(109.30540566639,186.99990801049,-0.65));
#329 = DIRECTION('',(-0.,0.,-1.));
#330 = DIRECTION('',(-0.258781203125,-0.965935965222,0.));
#331 = ORIENTED_EDGE('',*,*,#269,.T.);
#332 = ORIENTED_EDGE('',*,*,#323,.F.);
#333 = ORIENTED_EDGE('',*,*,#334,.F.);
#334 = EDGE_CURVE('',#324,#324,#335,.T.);
#335 = CIRCLE('',#336,0.65);
#336 = AXIS2_PLACEMENT_3D('',#337,#338,#339);
#337 = CARTESIAN_POINT('',(102.8359,162.8516,0.));
#338 = DIRECTION('',(0.965937220628,-0.258776517104,0.));
#339 = DIRECTION('',(0.258776517104,0.965937220628,0.));
#340 = TOROIDAL_SURFACE('',#341,24.999905666561,0.65);
#341 = AXIS2_PLACEMENT_3D('',#342,#343,#344);
#342 = CARTESIAN_POINT('',(109.30540566639,186.99990801049,0.));
#343 = DIRECTION('',(-0.,0.,-1.));
#344 = DIRECTION('',(-0.258781203125,-0.965935965222,0.));
#345 = ADVANCED_FACE('',(#346),#366,.F.);
#346 = FACE_BOUND('',#347,.F.);
#347 = EDGE_LOOP('',(#348,#357,#364,#365));
#348 = ORIENTED_EDGE('',*,*,#349,.T.);
#349 = EDGE_CURVE('',#299,#350,#352,.T.);
#350 = VERTEX_POINT('',#351);
#351 = CARTESIAN_POINT('',(66.9976,163.6348,-0.65));
#352 = CIRCLE('',#353,24.999920124234);
#353 = AXIS2_PLACEMENT_3D('',#354,#355,#356);
#354 = CARTESIAN_POINT('',(58.105579875958,186.99990184723,-0.65));
#355 = DIRECTION('',(0.,0.,-1.));
#356 = DIRECTION('',(0.999999999992,3.926123081206E-06,0.));
#357 = ORIENTED_EDGE('',*,*,#358,.T.);
#358 = EDGE_CURVE('',#350,#350,#359,.T.);
#359 = CIRCLE('',#360,0.65);
#360 = AXIS2_PLACEMENT_3D('',#361,#362,#363);
#361 = CARTESIAN_POINT('',(66.9976,163.6348,0.));
#362 = DIRECTION('',(0.934607059988,0.355681941376,0.));
#363 = DIRECTION('',(0.355681941376,-0.934607059988,0.));
#364 = ORIENTED_EDGE('',*,*,#349,.F.);
#365 = ORIENTED_EDGE('',*,*,#306,.T.);
#366 = TOROIDAL_SURFACE('',#367,24.999920124234,0.65);
#367 = AXIS2_PLACEMENT_3D('',#368,#369,#370);
#368 = CARTESIAN_POINT('',(58.105579875958,186.99990184723,0.));
#369 = DIRECTION('',(0.,-0.,-1.));
#370 = DIRECTION('',(0.999999999992,3.926123081206E-06,0.));
#371 = ADVANCED_FACE('',(#372),#392,.F.);
#372 = FACE_BOUND('',#373,.F.);
#373 = EDGE_LOOP('',(#374,#383,#384,#385));
#374 = ORIENTED_EDGE('',*,*,#375,.T.);
#375 = EDGE_CURVE('',#376,#324,#378,.T.);
#376 = VERTEX_POINT('',#377);
#377 = CARTESIAN_POINT('',(120.2092,131.1856,-0.65));
#378 = CIRCLE('',#379,24.999785576294);
#379 = AXIS2_PLACEMENT_3D('',#380,#381,#382);
#380 = CARTESIAN_POINT('',(96.366542560211,138.70337660412,-0.65));
#381 = DIRECTION('',(-0.,0.,1.));
#382 = DIRECTION('',(0.953714477551,-0.30071364337,0.));
#383 = ORIENTED_EDGE('',*,*,#334,.T.);
#384 = ORIENTED_EDGE('',*,*,#375,.F.);
#385 = ORIENTED_EDGE('',*,*,#386,.T.);
#386 = EDGE_CURVE('',#376,#376,#387,.T.);
#387 = CIRCLE('',#388,0.65);
#388 = AXIS2_PLACEMENT_3D('',#389,#390,#391);
#389 = CARTESIAN_POINT('',(120.2092,131.1856,0.));
#390 = DIRECTION('',(0.300701874283,0.953718188357,0.));
#391 = DIRECTION('',(0.,0.,-1.));
#392 = TOROIDAL_SURFACE('',#393,24.999785576294,0.65);
#393 = AXIS2_PLACEMENT_3D('',#394,#395,#396);
#394 = CARTESIAN_POINT('',(96.366542560211,138.70337660412,0.));
#395 = DIRECTION('',(-0.,0.,1.));
#396 = DIRECTION('',(0.953714477551,-0.30071364337,0.));
#397 = ADVANCED_FACE('',(#398),#418,.F.);
#398 = FACE_BOUND('',#399,.F.);
#399 = EDGE_LOOP('',(#400,#409,#416,#417));
#400 = ORIENTED_EDGE('',*,*,#401,.T.);
#401 = EDGE_CURVE('',#350,#402,#404,.T.);
#402 = VERTEX_POINT('',#403);
#403 = CARTESIAN_POINT('',(52.0467,147.7873,-0.65));
#404 = CIRCLE('',#405,24.999785559555);
#405 = AXIS2_PLACEMENT_3D('',#406,#407,#408);
#406 = CARTESIAN_POINT('',(75.889435803401,140.26977198655,-0.65));
#407 = DIRECTION('',(0.,0.,1.));
#408 = DIRECTION('',(-0.355676482993,0.934609137258,0.));
#409 = ORIENTED_EDGE('',*,*,#410,.T.);
#410 = EDGE_CURVE('',#402,#402,#411,.T.);
#411 = CIRCLE('',#412,0.65);
#412 = AXIS2_PLACEMENT_3D('',#413,#414,#415);
#413 = CARTESIAN_POINT('',(52.0467,147.7873,0.));
#414 = DIRECTION('',(0.300703699859,0.953717612761,-0.));
#415 = DIRECTION('',(-0.953717612761,0.300703699859,0.));
#416 = ORIENTED_EDGE('',*,*,#401,.F.);
#417 = ORIENTED_EDGE('',*,*,#358,.F.);
#418 = TOROIDAL_SURFACE('',#419,24.999785559555,0.65);
#419 = AXIS2_PLACEMENT_3D('',#420,#421,#422);
#420 = CARTESIAN_POINT('',(75.889435803401,140.26977198655,0.));
#421 = DIRECTION('',(0.,0.,1.));
#422 = DIRECTION('',(-0.355676482993,0.934609137258,0.));
#423 = ADVANCED_FACE('',(#424),#443,.F.);
#424 = FACE_BOUND('',#425,.F.);
#425 = EDGE_LOOP('',(#426,#434,#435,#436));
#426 = ORIENTED_EDGE('',*,*,#427,.T.);
#427 = EDGE_CURVE('',#428,#376,#430,.T.);
#428 = VERTEX_POINT('',#429);
#429 = CARTESIAN_POINT('',(89.0856,32.474,-0.65));
#430 = LINE('',#431,#432);
#431 = CARTESIAN_POINT('',(89.0856,32.474,-0.65));
#432 = VECTOR('',#433,1.);
#433 = DIRECTION('',(0.30070537831,0.95371708355,0.));
#434 = ORIENTED_EDGE('',*,*,#386,.F.);
#435 = ORIENTED_EDGE('',*,*,#427,.F.);
#436 = ORIENTED_EDGE('',*,*,#437,.F.);
#437 = EDGE_CURVE('',#428,#428,#438,.T.);
#438 = CIRCLE('',#439,0.65);
#439 = AXIS2_PLACEMENT_3D('',#440,#441,#442);
#440 = CARTESIAN_POINT('',(89.0856,32.474,0.));
#441 = DIRECTION('',(-0.300705666897,-0.953716992559,0.));
#442 = DIRECTION('',(0.953716992559,-0.300705666897,0.));
#443 = SURFACE_OF_LINEAR_EXTRUSION('',#444,#449);
#444 = CIRCLE('',#445,0.65);
#445 = AXIS2_PLACEMENT_3D('',#446,#447,#448);
#446 = CARTESIAN_POINT('',(89.0856,32.474,0.));
#447 = DIRECTION('',(0.300701874283,0.953718188357,0.));
#448 = DIRECTION('',(0.,0.,-1.));
#449 = VECTOR('',#450,1.);
#450 = DIRECTION('',(0.30070537831,0.95371708355,0.));
#451 = ADVANCED_FACE('',(#452),#471,.F.);
#452 = FACE_BOUND('',#453,.F.);
#453 = EDGE_LOOP('',(#454,#462,#469,#470));
#454 = ORIENTED_EDGE('',*,*,#455,.T.);
#455 = EDGE_CURVE('',#402,#456,#458,.T.);
#456 = VERTEX_POINT('',#457);
#457 = CARTESIAN_POINT('',(22.3254,53.5234,-0.65));
#458 = LINE('',#459,#460);
#459 = CARTESIAN_POINT('',(52.0467,147.7873,-0.65));
#460 = VECTOR('',#461,1.);
#461 = DIRECTION('',(-0.300705859275,-0.953716931902,0.));
#462 = ORIENTED_EDGE('',*,*,#463,.F.);
#463 = EDGE_CURVE('',#456,#456,#464,.T.);
#464 = CIRCLE('',#465,0.65);
#465 = AXIS2_PLACEMENT_3D('',#466,#467,#468);
#466 = CARTESIAN_POINT('',(22.3254,53.5234,0.));
#467 = DIRECTION('',(-0.300701874283,-0.953718188357,-0.));
#468 = DIRECTION('',(0.,0.,-1.));
#469 = ORIENTED_EDGE('',*,*,#455,.F.);
#470 = ORIENTED_EDGE('',*,*,#410,.F.);
#471 = SURFACE_OF_LINEAR_EXTRUSION('',#472,#477);
#472 = CIRCLE('',#473,0.65);
#473 = AXIS2_PLACEMENT_3D('',#474,#475,#476);
#474 = CARTESIAN_POINT('',(52.0467,147.7873,0.));
#475 = DIRECTION('',(-0.300701874283,-0.953718188357,-0.));
#476 = DIRECTION('',(0.,0.,-1.));
#477 = VECTOR('',#478,1.);
#478 = DIRECTION('',(-0.300705859275,-0.953716931902,0.));
#479 = ADVANCED_FACE('',(#480),#492,.F.);
#480 = FACE_BOUND('',#481,.F.);
#481 = EDGE_LOOP('',(#482,#489,#490,#491));
#482 = ORIENTED_EDGE('',*,*,#483,.T.);
#483 = EDGE_CURVE('',#456,#428,#484,.T.);
#484 = CIRCLE('',#485,35.000005515714);
#485 = AXIS2_PLACEMENT_3D('',#486,#487,#488);
#486 = CARTESIAN_POINT('',(55.7055,42.9987,-0.65));
#487 = DIRECTION('',(0.,0.,1.));
#488 = DIRECTION('',(-0.953716992559,0.300705666897,0.));
#489 = ORIENTED_EDGE('',*,*,#437,.T.);
#490 = ORIENTED_EDGE('',*,*,#483,.F.);
#491 = ORIENTED_EDGE('',*,*,#463,.T.);
#492 = TOROIDAL_SURFACE('',#493,35.000005515714,0.65);
#493 = AXIS2_PLACEMENT_3D('',#494,#495,#496);
#494 = CARTESIAN_POINT('',(55.7055,42.9987,0.));
#495 = DIRECTION('',(0.,0.,1.));
#496 = DIRECTION('',(-0.953716992559,0.300705666897,0.));
#497 = ( GEOMETRIC_REPRESENTATION_CONTEXT(3) 
GLOBAL_UNCERTAINTY_ASSIGNED_CONTEXT((#501)) GLOBAL_UNIT_ASSIGNED_CONTEXT
((#498,#499,#500)) REPRESENTATION_CONTEXT('Context #1',
  '3D Context with UNIT and UNCERTAINTY') );
#498 = ( LENGTH_UNIT() NAMED_UNIT(*) SI_UNIT(.MILLI.,.METRE.) );
#499 = ( NAMED_UNIT(*) PLANE_ANGLE_UNIT() SI_UNIT($,.RADIAN.) );
#500 = ( NAMED_UNIT(*) SI_UNIT($,.STERADIAN.) SOLID_ANGLE_UNIT() );
#501 = UNCERTAINTY_MEASURE_WITH_UNIT(LENGTH_MEASURE(5.E-06),#498,
  'distance_accuracy_value','confusion accuracy');
#502 = CONTEXT_DEPENDENT_SHAPE_REPRESENTATION(#503,#505);
#503 = ( REPRESENTATION_RELATIONSHIP('','',#68,#10) 
REPRESENTATION_RELATIONSHIP_WITH_TRANSFORMATION(#504) 
SHAPE_REPRESENTATION_RELATIONSHIP() );
#504 = ITEM_DEFINED_TRANSFORMATION('','',#11,#15);
#505 = PRODUCT_DEFINITION_SHAPE('Placement','Placement of an item',#506
  );
#506 = NEXT_ASSEMBLY_USAGE_OCCURRENCE('1','Tile0_Body','',#5,#63,$);
#507 = PRODUCT_RELATED_PRODUCT_CATEGORY('part',$,(#65));
#508 = SHAPE_DEFINITION_REPRESENTATION(#509,#515);
#509 = PRODUCT_DEFINITION_SHAPE('','',#510);
#510 = PRODUCT_DEFINITION('design','',#511,#514);
#511 = PRODUCT_DEFINITION_FORMATION('','',#512);
#512 = PRODUCT('Tile0_Fiber','Tile0_Fiber','',(#513));
#513 = PRODUCT_CONTEXT('',#2,'mechanical');
#514 = PRODUCT_DEFINITION_CONTEXT('part definition',#2,'design');
#515 = ADVANCED_BREP_SHAPE_REPRESENTATION('',(#11,#516),#783);
#516 = MANIFOLD_SOLID_BREP('',#517);
#517 = CLOSED_SHELL('',(#518,#551,#577,#603,#631,#657,#685,#711,#737,
    #765,#774));
#518 = ADVANCED_FACE('',(#519),#546,.T.);
#519 = FACE_BOUND('',#520,.T.);
#520 = EDGE_LOOP('',(#521,#531,#538,#539));
#521 = ORIENTED_EDGE('',*,*,#522,.T.);
#522 = EDGE_CURVE('',#523,#525,#527,.T.);
#523 = VERTEX_POINT('',#524);
#524 = CARTESIAN_POINT('',(83.1055,191.,-0.5));
#525 = VERTEX_POINT('',#526);
#526 = CARTESIAN_POINT('',(83.1055,187.,-0.5));
#527 = LINE('',#528,#529);
#528 = CARTESIAN_POINT('',(83.1055,191.,-0.5));
#529 = VECTOR('',#530,1.);
#530 = DIRECTION('',(0.,-1.,0.));
#531 = ORIENTED_EDGE('',*,*,#532,.F.);
#532 = EDGE_CURVE('',#525,#525,#533,.T.);
#533 = CIRCLE('',#534,0.5);
#534 = AXIS2_PLACEMENT_3D('',#535,#536,#537);
#535 = CARTESIAN_POINT('',(83.1055,187.,0.));
#536 = DIRECTION('',(0.,-1.,0.));
#537 = DIRECTION('',(0.,0.,-1.));
#538 = ORIENTED_EDGE('',*,*,#522,.F.);
#539 = ORIENTED_EDGE('',*,*,#540,.T.);
#540 = EDGE_CURVE('',#523,#523,#541,.T.);
#541 = CIRCLE('',#542,0.5);
#542 = AXIS2_PLACEMENT_3D('',#543,#544,#545);
#543 = CARTESIAN_POINT('',(83.1055,191.,0.));
#544 = DIRECTION('',(0.,-1.,0.));
#545 = DIRECTION('',(0.,0.,-1.));
#546 = CYLINDRICAL_SURFACE('',#547,0.5);
#547 = AXIS2_PLACEMENT_3D('',#548,#549,#550);
#548 = CARTESIAN_POINT('',(83.1055,191.,0.));
#549 = DIRECTION('',(0.,-1.,0.));
#550 = DIRECTION('',(0.,0.,-1.));
#551 = ADVANCED_FACE('',(#552),#572,.T.);
#552 = FACE_BOUND('',#553,.T.);
#553 = EDGE_LOOP('',(#554,#563,#570,#571));
#554 = ORIENTED_EDGE('',*,*,#555,.T.);
#555 = EDGE_CURVE('',#525,#556,#558,.T.);
#556 = VERTEX_POINT('',#557);
#557 = CARTESIAN_POINT('',(66.9976,163.6348,-0.5));
#558 = CIRCLE('',#559,24.999920124234);
#559 = AXIS2_PLACEMENT_3D('',#560,#561,#562);
#560 = CARTESIAN_POINT('',(58.105579875958,186.99990184723,-0.5));
#561 = DIRECTION('',(0.,0.,-1.));
#562 = DIRECTION('',(0.999999999992,3.926123081206E-06,0.));
#563 = ORIENTED_EDGE('',*,*,#564,.T.);
#564 = EDGE_CURVE('',#556,#556,#565,.T.);
#565 = CIRCLE('',#566,0.5);
#566 = AXIS2_PLACEMENT_3D('',#567,#568,#569);
#567 = CARTESIAN_POINT('',(66.9976,163.6348,0.));
#568 = DIRECTION('',(0.934607059988,0.355681941376,0.));
#569 = DIRECTION('',(0.355681941376,-0.934607059988,0.));
#570 = ORIENTED_EDGE('',*,*,#555,.F.);
#571 = ORIENTED_EDGE('',*,*,#532,.T.);
#572 = TOROIDAL_SURFACE('',#573,24.999920124234,0.5);
#573 = AXIS2_PLACEMENT_3D('',#574,#575,#576);
#574 = CARTESIAN_POINT('',(58.105579875958,186.99990184723,0.));
#575 = DIRECTION('',(0.,-0.,-1.));
#576 = DIRECTION('',(0.999999999992,3.926123081206E-06,0.));
#577 = ADVANCED_FACE('',(#578),#598,.T.);
#578 = FACE_BOUND('',#579,.T.);
#579 = EDGE_LOOP('',(#580,#589,#596,#597));
#580 = ORIENTED_EDGE('',*,*,#581,.T.);
#581 = EDGE_CURVE('',#556,#582,#584,.T.);
#582 = VERTEX_POINT('',#583);
#583 = CARTESIAN_POINT('',(52.0467,147.7873,-0.5));
#584 = CIRCLE('',#585,24.999785559555);
#585 = AXIS2_PLACEMENT_3D('',#586,#587,#588);
#586 = CARTESIAN_POINT('',(75.889435803401,140.26977198655,-0.5));
#587 = DIRECTION('',(0.,0.,1.));
#588 = DIRECTION('',(-0.355676482993,0.934609137258,0.));
#589 = ORIENTED_EDGE('',*,*,#590,.T.);
#590 = EDGE_CURVE('',#582,#582,#591,.T.);
#591 = CIRCLE('',#592,0.5);
#592 = AXIS2_PLACEMENT_3D('',#593,#594,#595);
#593 = CARTESIAN_POINT('',(52.0467,147.7873,0.));
#594 = DIRECTION('',(0.300703699859,0.953717612761,-0.));
#595 = DIRECTION('',(-0.953717612761,0.300703699859,0.));
#596 = ORIENTED_EDGE('',*,*,#581,.F.);
#597 = ORIENTED_EDGE('',*,*,#564,.F.);
#598 = TOROIDAL_SURFACE('',#599,24.999785559555,0.5);
#599 = AXIS2_PLACEMENT_3D('',#600,#601,#602);
#600 = CARTESIAN_POINT('',(75.889435803401,140.26977198655,0.));
#601 = DIRECTION('',(0.,0.,1.));
#602 = DIRECTION('',(-0.355676482993,0.934609137258,0.));
#603 = ADVANCED_FACE('',(#604),#623,.T.);
#604 = FACE_BOUND('',#605,.T.);
#605 = EDGE_LOOP('',(#606,#614,#621,#622));
#606 = ORIENTED_EDGE('',*,*,#607,.T.);
#607 = EDGE_CURVE('',#582,#608,#610,.T.);
#608 = VERTEX_POINT('',#609);
#609 = CARTESIAN_POINT('',(22.3254,53.5234,-0.5));
#610 = LINE('',#611,#612);
#611 = CARTESIAN_POINT('',(52.0467,147.7873,-0.5));
#612 = VECTOR('',#613,1.);
#613 = DIRECTION('',(-0.300705859275,-0.953716931902,0.));
#614 = ORIENTED_EDGE('',*,*,#615,.F.);
#615 = EDGE_CURVE('',#608,#608,#616,.T.);
#616 = CIRCLE('',#617,0.5);
#617 = AXIS2_PLACEMENT_3D('',#618,#619,#620);
#618 = CARTESIAN_POINT('',(22.3254,53.5234,0.));
#619 = DIRECTION('',(-0.300701874283,-0.953718188357,-0.));
#620 = DIRECTION('',(0.,0.,-1.));
#621 = ORIENTED_EDGE('',*,*,#607,.F.);
#622 = ORIENTED_EDGE('',*,*,#590,.F.);
#623 = SURFACE_OF_LINEAR_EXTRUSION('',#624,#629);
#624 = CIRCLE('',#625,0.5);
#625 = AXIS2_PLACEMENT_3D('',#626,#627,#628);
#626 = CARTESIAN_POINT('',(52.0467,147.7873,0.));
#627 = DIRECTION('',(-0.300701874283,-0.953718188357,-0.));
#628 = DIRECTION('',(0.,0.,-1.));
#629 = VECTOR('',#630,1.);
#630 = DIRECTION('',(-0.300705859275,-0.953716931902,0.));
#631 = ADVANCED_FACE('',(#632),#652,.T.);
#632 = FACE_BOUND('',#633,.T.);
#633 = EDGE_LOOP('',(#634,#643,#650,#651));
#634 = ORIENTED_EDGE('',*,*,#635,.T.);
#635 = EDGE_CURVE('',#608,#636,#638,.T.);
#636 = VERTEX_POINT('',#637);
#637 = CARTESIAN_POINT('',(89.0856,32.474,-0.5));
#638 = CIRCLE('',#639,35.000005515714);
#639 = AXIS2_PLACEMENT_3D('',#640,#641,#642);
#640 = CARTESIAN_POINT('',(55.7055,42.9987,-0.5));
#641 = DIRECTION('',(0.,0.,1.));
#642 = DIRECTION('',(-0.953716992559,0.300705666897,0.));
#643 = ORIENTED_EDGE('',*,*,#644,.T.);
#644 = EDGE_CURVE('',#636,#636,#645,.T.);
#645 = CIRCLE('',#646,0.5);
#646 = AXIS2_PLACEMENT_3D('',#647,#648,#649);
#647 = CARTESIAN_POINT('',(89.0856,32.474,0.));
#648 = DIRECTION('',(-0.300705666897,-0.953716992559,0.));
#649 = DIRECTION('',(0.953716992559,-0.300705666897,0.));
#650 = ORIENTED_EDGE('',*,*,#635,.F.);
#651 = ORIENTED_EDGE('',*,*,#615,.T.);
#652 = TOROIDAL_SURFACE('',#653,35.000005515714,0.5);
#653 = AXIS2_PLACEMENT_3D('',#654,#655,#656);
#654 = CARTESIAN_POINT('',(55.7055,42.9987,0.));
#655 = DIRECTION('',(0.,0.,1.));
#656 = DIRECTION('',(-0.953716992559,0.300705666897,0.));
#657 = ADVANCED_FACE('',(#658),#677,.T.);
#658 = FACE_BOUND('',#659,.T.);
#659 = EDGE_LOOP('',(#660,#668,#675,#676));
#660 = ORIENTED_EDGE('',*,*,#661,.T.);
#661 = EDGE_CURVE('',#636,#662,#664,.T.);
#662 = VERTEX_POINT('',#663);
#663 = CARTESIAN_POINT('',(120.2092,131.1856,-0.5));
#664 = LINE('',#665,#666);
#665 = CARTESIAN_POINT('',(89.0856,32.474,-0.5));
#666 = VECTOR('',#667,1.);
#667 = DIRECTION('',(0.30070537831,0.95371708355,0.));
#668 = ORIENTED_EDGE('',*,*,#669,.F.);
#669 = EDGE_CURVE('',#662,#662,#670,.T.);
#670 = CIRCLE('',#671,0.5);
#671 = AXIS2_PLACEMENT_3D('',#672,#673,#674);
#672 = CARTESIAN_POINT('',(120.2092,131.1856,0.));
#673 = DIRECTION('',(0.300701874283,0.953718188357,0.));
#674 = DIRECTION('',(0.,0.,-1.));
#675 = ORIENTED_EDGE('',*,*,#661,.F.);
#676 = ORIENTED_EDGE('',*,*,#644,.F.);
#677 = SURFACE_OF_LINEAR_EXTRUSION('',#678,#683);
#678 = CIRCLE('',#679,0.5);
#679 = AXIS2_PLACEMENT_3D('',#680,#681,#682);
#680 = CARTESIAN_POINT('',(89.0856,32.474,0.));
#681 = DIRECTION('',(0.300701874283,0.953718188357,0.));
#682 = DIRECTION('',(0.,0.,-1.));
#683 = VECTOR('',#684,1.);
#684 = DIRECTION('',(0.30070537831,0.95371708355,0.));
#685 = ADVANCED_FACE('',(#686),#706,.T.);
#686 = FACE_BOUND('',#687,.T.);
#687 = EDGE_LOOP('',(#688,#697,#704,#705));
#688 = ORIENTED_EDGE('',*,*,#689,.T.);
#689 = EDGE_CURVE('',#662,#690,#692,.T.);
#690 = VERTEX_POINT('',#691);
#691 = CARTESIAN_POINT('',(102.8359,162.8516,-0.5));
#692 = CIRCLE('',#693,24.999785576294);
#693 = AXIS2_PLACEMENT_3D('',#694,#695,#696);
#694 = CARTESIAN_POINT('',(96.366542560211,138.70337660412,-0.5));
#695 = DIRECTION('',(-0.,0.,1.));
#696 = DIRECTION('',(0.953714477551,-0.30071364337,0.));
#697 = ORIENTED_EDGE('',*,*,#698,.T.);
#698 = EDGE_CURVE('',#690,#690,#699,.T.);
#699 = CIRCLE('',#700,0.5);
#700 = AXIS2_PLACEMENT_3D('',#701,#702,#703);
#701 = CARTESIAN_POINT('',(102.8359,162.8516,0.));
#702 = DIRECTION('',(0.965937220628,-0.258776517104,0.));
#703 = DIRECTION('',(0.258776517104,0.965937220628,0.));
#704 = ORIENTED_EDGE('',*,*,#689,.F.);
#705 = ORIENTED_EDGE('',*,*,#669,.T.);
#706 = TOROIDAL_SURFACE('',#707,24.999785576294,0.5);
#707 = AXIS2_PLACEMENT_3D('',#708,#709,#710);
#708 = CARTESIAN_POINT('',(96.366542560211,138.70337660412,0.));
#709 = DIRECTION('',(-0.,0.,1.));
#710 = DIRECTION('',(0.953714477551,-0.30071364337,0.));
#711 = ADVANCED_FACE('',(#712),#732,.T.);
#712 = FACE_BOUND('',#713,.T.);
#713 = EDGE_LOOP('',(#714,#723,#730,#731));
#714 = ORIENTED_EDGE('',*,*,#715,.T.);
#715 = EDGE_CURVE('',#690,#716,#718,.T.);
#716 = VERTEX_POINT('',#717);
#717 = CARTESIAN_POINT('',(84.3055,187.,-0.5));
#718 = CIRCLE('',#719,24.999905666561);
#719 = AXIS2_PLACEMENT_3D('',#720,#721,#722);
#720 = CARTESIAN_POINT('',(109.30540566639,186.99990801049,-0.5));
#721 = DIRECTION('',(-0.,0.,-1.));
#722 = DIRECTION('',(-0.258781203125,-0.965935965222,0.));
#723 = ORIENTED_EDGE('',*,*,#724,.T.);
#724 = EDGE_CURVE('',#716,#716,#725,.T.);
#725 = CIRCLE('',#726,0.5);
#726 = AXIS2_PLACEMENT_3D('',#727,#728,#729);
#727 = CARTESIAN_POINT('',(84.3055,187.,0.));
#728 = DIRECTION('',(-3.679594293315E-06,-0.999999999993,0.));
#729 = DIRECTION('',(-0.999999999993,3.679594293315E-06,0.));
#730 = ORIENTED_EDGE('',*,*,#715,.F.);
#731 = ORIENTED_EDGE('',*,*,#698,.F.);
#732 = TOROIDAL_SURFACE('',#733,24.999905666561,0.5);
#733 = AXIS2_PLACEMENT_3D('',#734,#735,#736);
#734 = CARTESIAN_POINT('',(109.30540566639,186.99990801049,0.));
#735 = DIRECTION('',(-0.,0.,-1.));
#736 = DIRECTION('',(-0.258781203125,-0.965935965222,0.));
#737 = ADVANCED_FACE('',(#738),#757,.T.);
#738 = FACE_BOUND('',#739,.T.);
#739 = EDGE_LOOP('',(#740,#748,#755,#756));
#740 = ORIENTED_EDGE('',*,*,#741,.T.);
#741 = EDGE_CURVE('',#716,#742,#744,.T.);
#742 = VERTEX_POINT('',#743);
#743 = CARTESIAN_POINT('',(84.3055,191.,-0.5));
#744 = LINE('',#745,#746);
#745 = CARTESIAN_POINT('',(84.3055,187.,-0.5));
#746 = VECTOR('',#747,1.);
#747 = DIRECTION('',(0.,1.,0.));
#748 = ORIENTED_EDGE('',*,*,#749,.F.);
#749 = EDGE_CURVE('',#742,#742,#750,.T.);
#750 = CIRCLE('',#751,0.5);
#751 = AXIS2_PLACEMENT_3D('',#752,#753,#754);
#752 = CARTESIAN_POINT('',(84.3055,191.,0.));
#753 = DIRECTION('',(-1.351191577776E-05,0.999999999909,0.));
#754 = DIRECTION('',(0.,0.,-1.));
#755 = ORIENTED_EDGE('',*,*,#741,.F.);
#756 = ORIENTED_EDGE('',*,*,#724,.F.);
#757 = SURFACE_OF_LINEAR_EXTRUSION('',#758,#763);
#758 = CIRCLE('',#759,0.5);
#759 = AXIS2_PLACEMENT_3D('',#760,#761,#762);
#760 = CARTESIAN_POINT('',(84.3055,187.,0.));
#761 = DIRECTION('',(-1.351191577776E-05,0.999999999909,0.));
#762 = DIRECTION('',(0.,0.,-1.));
#763 = VECTOR('',#764,1.);
#764 = DIRECTION('',(0.,1.,0.));
#765 = ADVANCED_FACE('',(#766),#769,.F.);
#766 = FACE_BOUND('',#767,.F.);
#767 = EDGE_LOOP('',(#768));
#768 = ORIENTED_EDGE('',*,*,#540,.T.);
#769 = PLANE('',#770);
#770 = AXIS2_PLACEMENT_3D('',#771,#772,#773);
#771 = CARTESIAN_POINT('',(83.1055,191.,7.264525704116E-16));
#772 = DIRECTION('',(-0.,-1.,-0.));
#773 = DIRECTION('',(0.,0.,-1.));
#774 = ADVANCED_FACE('',(#775),#778,.T.);
#775 = FACE_BOUND('',#776,.T.);
#776 = EDGE_LOOP('',(#777));
#777 = ORIENTED_EDGE('',*,*,#749,.T.);
#778 = PLANE('',#779);
#779 = AXIS2_PLACEMENT_3D('',#780,#781,#782);
#780 = CARTESIAN_POINT('',(84.3055,191.,-2.457118988157E-16));
#781 = DIRECTION('',(-1.351191580956E-05,0.999999999909,0.));
#782 = DIRECTION('',(0.999999999909,1.351191580956E-05,0.));
#783 = ( GEOMETRIC_REPRESENTATION_CONTEXT(3) 
GLOBAL_UNCERTAINTY_ASSIGNED_CONTEXT((#787)) GLOBAL_UNIT_ASSIGNED_CONTEXT
((#784,#785,#786)) REPRESENTATION_CONTEXT('Context #1',
  '3D Context with UNIT and UNCERTAINTY') );
#784 = ( LENGTH_UNIT() NAMED_UNIT(*) SI_UNIT(.MILLI.,.METRE.) );
#785 = ( NAMED_UNIT(*) PLANE_ANGLE_UNIT() SI_UNIT($,.RADIAN.) );
#786 = ( NAMED_UNIT(*) SI_UNIT($,.STERADIAN.) SOLID_ANGLE_UNIT() );
#787 = UNCERTAINTY_MEASURE_WITH_UNIT(LENGTH_MEASURE(2.E-06),#784,
  'distance_accuracy_value','confusion accuracy');
#788 = CONTEXT_DEPENDENT_SHAPE_REPRESENTATION(#789,#791);
#789 = ( REPRESENTATION_RELATIONSHIP('','',#515,#10) 
REPRESENTATION_RELATIONSHIP_WITH_TRANSFORMATION(#790) 
SHAPE_REPRESENTATION_RELATIONSHIP() );
#790 = ITEM_DEFINED_TRANSFORMATION('','',#11,#19);
#791 = PRODUCT_DEFINITION_SHAPE('Placement','Placement of an item',#792
  );
#792 = NEXT_ASSEMBLY_USAGE_OCCURRENCE('2','Tile0_Fiber','',#5,#510,$);
#793 = PRODUCT_RELATED_PRODUCT_CATEGORY('part',$,(#512));
#794 = SHAPE_DEFINITION_REPRESENTATION(#795,#801);
#795 = PRODUCT_DEFINITION_SHAPE('','',#796);
#796 = PRODUCT_DEFINITION('design','',#797,#800);
#797 = PRODUCT_DEFINITION_FORMATION('','',#798);
#798 = PRODUCT('Tile0_Coating','Tile0_Coating','',(#799));
#799 = PRODUCT_CONTEXT('',#2,'mechanical');
#800 = PRODUCT_DEFINITION_CONTEXT('part definition',#2,'design');
#801 = ADVANCED_BREP_SHAPE_REPRESENTATION('',(#11,#802),#1236);
#802 = MANIFOLD_SOLID_BREP('',#803);
#803 = CLOSED_SHELL('',(#804,#844,#875,#906,#923,#940,#986,#1017,#1041,
    #1065,#1082,#1128,#1159,#1183,#1207,#1224));
#804 = ADVANCED_FACE('',(#805),#839,.F.);
#805 = FACE_BOUND('',#806,.F.);
#806 = EDGE_LOOP('',(#807,#817,#825,#833));
#807 = ORIENTED_EDGE('',*,*,#808,.T.);
#808 = EDGE_CURVE('',#809,#811,#813,.T.);
#809 = VERTEX_POINT('',#810);
#810 = CARTESIAN_POINT('',(-5.841849113399E-02,-5.E-02,-3.55));
#811 = VERTEX_POINT('',#812);
#812 = CARTESIAN_POINT('',(-5.841849113399E-02,-5.E-02,3.55));
#813 = LINE('',#814,#815);
#814 = CARTESIAN_POINT('',(-5.841849113399E-02,-5.E-02,-3.55));
#815 = VECTOR('',#816,1.);
#816 = DIRECTION('',(0.,0.,1.));
#817 = ORIENTED_EDGE('',*,*,#818,.T.);
#818 = EDGE_CURVE('',#811,#819,#821,.T.);
#819 = VERTEX_POINT('',#820);
#820 = CARTESIAN_POINT('',(106.36018886322,-5.E-02,3.55));
#821 = LINE('',#822,#823);
#822 = CARTESIAN_POINT('',(0.,-5.E-02,3.55));
#823 = VECTOR('',#824,1.);
#824 = DIRECTION('',(1.,0.,0.));
#825 = ORIENTED_EDGE('',*,*,#826,.F.);
#826 = EDGE_CURVE('',#827,#819,#829,.T.);
#827 = VERTEX_POINT('',#828);
#828 = CARTESIAN_POINT('',(106.36018886322,-5.E-02,-3.55));
#829 = LINE('',#830,#831);
#830 = CARTESIAN_POINT('',(106.36018886322,-5.E-02,-3.55));
#831 = VECTOR('',#832,1.);
#832 = DIRECTION('',(0.,0.,1.));
#833 = ORIENTED_EDGE('',*,*,#834,.F.);
#834 = EDGE_CURVE('',#809,#827,#835,.T.);
#835 = LINE('',#836,#837);
#836 = CARTESIAN_POINT('',(0.,-5.E-02,-3.55));
#837 = VECTOR('',#838,1.);
#838 = DIRECTION('',(1.,0.,0.));
#839 = PLANE('',#840);
#840 = AXIS2_PLACEMENT_3D('',#841,#842,#843);
#841 = CARTESIAN_POINT('',(-5.841849113399E-02,-5.E-02,-3.55));
#842 = DIRECTION('',(0.,1.,0.));
#843 = DIRECTION('',(1.,0.,0.));
#844 = ADVANCED_FACE('',(#845),#870,.F.);
#845 = FACE_BOUND('',#846,.F.);
#846 = EDGE_LOOP('',(#847,#857,#863,#864));
#847 = ORIENTED_EDGE('',*,*,#848,.T.);
#848 = EDGE_CURVE('',#849,#851,#853,.T.);
#849 = VERTEX_POINT('',#850);
#850 = CARTESIAN_POINT('',(29.798705330855,191.05,-3.55));
#851 = VERTEX_POINT('',#852);
#852 = CARTESIAN_POINT('',(29.798705330855,191.05,3.55));
#853 = LINE('',#854,#855);
#854 = CARTESIAN_POINT('',(29.798705330855,191.05,-3.55));
#855 = VECTOR('',#856,1.);
#856 = DIRECTION('',(0.,0.,1.));
#857 = ORIENTED_EDGE('',*,*,#858,.T.);
#858 = EDGE_CURVE('',#851,#811,#859,.T.);
#859 = LINE('',#860,#861);
#860 = CARTESIAN_POINT('',(29.792099309554,191.00771827593,3.55));
#861 = VECTOR('',#862,1.);
#862 = DIRECTION('',(-0.154365518738,-0.988013808924,0.));
#863 = ORIENTED_EDGE('',*,*,#808,.F.);
#864 = ORIENTED_EDGE('',*,*,#865,.F.);
#865 = EDGE_CURVE('',#849,#809,#866,.T.);
#866 = LINE('',#867,#868);
#867 = CARTESIAN_POINT('',(29.792099309554,191.00771827593,-3.55));
#868 = VECTOR('',#869,1.);
#869 = DIRECTION('',(-0.154365518738,-0.988013808924,0.));
#870 = PLANE('',#871);
#871 = AXIS2_PLACEMENT_3D('',#872,#873,#874);
#872 = CARTESIAN_POINT('',(29.798705330856,191.05,-3.55));
#873 = DIRECTION('',(0.988013808924,-0.154365518738,0.));
#874 = DIRECTION('',(-0.154365518738,-0.988013808924,0.));
#875 = ADVANCED_FACE('',(#876),#901,.F.);
#876 = FACE_BOUND('',#877,.F.);
#877 = EDGE_LOOP('',(#878,#879,#887,#895));
#878 = ORIENTED_EDGE('',*,*,#826,.T.);
#879 = ORIENTED_EDGE('',*,*,#880,.T.);
#880 = EDGE_CURVE('',#819,#881,#883,.T.);
#881 = VERTEX_POINT('',#882);
#882 = CARTESIAN_POINT('',(151.38374907265,191.05,3.55));
#883 = LINE('',#884,#885);
#884 = CARTESIAN_POINT('',(106.36926751465,-1.146616837448E-02,3.55));
#885 = VECTOR('',#886,1.);
#886 = DIRECTION('',(0.22932336749,0.973350293123,0.));
#887 = ORIENTED_EDGE('',*,*,#888,.F.);
#888 = EDGE_CURVE('',#889,#881,#891,.T.);
#889 = VERTEX_POINT('',#890);
#890 = CARTESIAN_POINT('',(151.38374907265,191.05,-3.55));
#891 = LINE('',#892,#893);
#892 = CARTESIAN_POINT('',(151.38374907265,191.05,-3.55));
#893 = VECTOR('',#894,1.);
#894 = DIRECTION('',(0.,0.,1.));
#895 = ORIENTED_EDGE('',*,*,#896,.F.);
#896 = EDGE_CURVE('',#827,#889,#897,.T.);
#897 = LINE('',#898,#899);
#898 = CARTESIAN_POINT('',(106.36926751465,-1.146616837448E-02,-3.55));
#899 = VECTOR('',#900,1.);
#900 = DIRECTION('',(0.22932336749,0.973350293123,0.));
#901 = PLANE('',#902);
#902 = AXIS2_PLACEMENT_3D('',#903,#904,#905);
#903 = CARTESIAN_POINT('',(106.36018886322,-5.E-02,-3.55));
#904 = DIRECTION('',(-0.973350293123,0.22932336749,0.));
#905 = DIRECTION('',(0.22932336749,0.973350293123,0.));
#906 = ADVANCED_FACE('',(#907),#918,.F.);
#907 = FACE_BOUND('',#908,.T.);
#908 = EDGE_LOOP('',(#909,#910,#911,#917));
#909 = ORIENTED_EDGE('',*,*,#834,.F.);
#910 = ORIENTED_EDGE('',*,*,#865,.F.);
#911 = ORIENTED_EDGE('',*,*,#912,.F.);
#912 = EDGE_CURVE('',#889,#849,#913,.T.);
#913 = LINE('',#914,#915);
#914 = CARTESIAN_POINT('',(151.3206,191.05,-3.55));
#915 = VECTOR('',#916,1.);
#916 = DIRECTION('',(-1.,0.,0.));
#917 = ORIENTED_EDGE('',*,*,#896,.F.);
#918 = PLANE('',#919);
#919 = AXIS2_PLACEMENT_3D('',#920,#921,#922);
#920 = CARTESIAN_POINT('',(72.598755347914,97.844934706626,-3.55));
#921 = DIRECTION('',(0.,0.,1.));
#922 = DIRECTION('',(1.,0.,-0.));
#923 = ADVANCED_FACE('',(#924),#935,.T.);
#924 = FACE_BOUND('',#925,.F.);
#925 = EDGE_LOOP('',(#926,#927,#928,#934));
#926 = ORIENTED_EDGE('',*,*,#818,.F.);
#927 = ORIENTED_EDGE('',*,*,#858,.F.);
#928 = ORIENTED_EDGE('',*,*,#929,.F.);
#929 = EDGE_CURVE('',#881,#851,#930,.T.);
#930 = LINE('',#931,#932);
#931 = CARTESIAN_POINT('',(151.3206,191.05,3.55));
#932 = VECTOR('',#933,1.);
#933 = DIRECTION('',(-1.,0.,0.));
#934 = ORIENTED_EDGE('',*,*,#880,.F.);
#935 = PLANE('',#936);
#936 = AXIS2_PLACEMENT_3D('',#937,#938,#939);
#937 = CARTESIAN_POINT('',(72.598755347914,97.844934706626,3.55));
#938 = DIRECTION('',(0.,0.,1.));
#939 = DIRECTION('',(1.,0.,-0.));
#940 = ADVANCED_FACE('',(#941,#947),#981,.F.);
#941 = FACE_BOUND('',#942,.F.);
#942 = EDGE_LOOP('',(#943,#944,#945,#946));
#943 = ORIENTED_EDGE('',*,*,#888,.T.);
#944 = ORIENTED_EDGE('',*,*,#929,.T.);
#945 = ORIENTED_EDGE('',*,*,#848,.F.);
#946 = ORIENTED_EDGE('',*,*,#912,.F.);
#947 = FACE_BOUND('',#948,.F.);
#948 = EDGE_LOOP('',(#949,#959,#967,#975));
#949 = ORIENTED_EDGE('',*,*,#950,.T.);
#950 = EDGE_CURVE('',#951,#953,#955,.T.);
#951 = VERTEX_POINT('',#952);
#952 = CARTESIAN_POINT('',(92.7055,191.05,-3.));
#953 = VERTEX_POINT('',#954);
#954 = CARTESIAN_POINT('',(74.7055,191.05,-3.));
#955 = LINE('',#956,#957);
#956 = CARTESIAN_POINT('',(113.04462453632,191.05,-3.));
#957 = VECTOR('',#958,1.);
#958 = DIRECTION('',(-1.,0.,0.));
#959 = ORIENTED_EDGE('',*,*,#960,.T.);
#960 = EDGE_CURVE('',#953,#961,#963,.T.);
#961 = VERTEX_POINT('',#962);
#962 = CARTESIAN_POINT('',(74.7055,191.05,3.));
#963 = LINE('',#964,#965);
#964 = CARTESIAN_POINT('',(74.7055,191.05,-3.275));
#965 = VECTOR('',#966,1.);
#966 = DIRECTION('',(0.,0.,1.));
#967 = ORIENTED_EDGE('',*,*,#968,.F.);
#968 = EDGE_CURVE('',#969,#961,#971,.T.);
#969 = VERTEX_POINT('',#970);
#970 = CARTESIAN_POINT('',(92.7055,191.05,3.));
#971 = LINE('',#972,#973);
#972 = CARTESIAN_POINT('',(113.04462453632,191.05,3.));
#973 = VECTOR('',#974,1.);
#974 = DIRECTION('',(-1.,0.,0.));
#975 = ORIENTED_EDGE('',*,*,#976,.F.);
#976 = EDGE_CURVE('',#951,#969,#977,.T.);
#977 = LINE('',#978,#979);
#978 = CARTESIAN_POINT('',(92.7055,191.05,-3.275));
#979 = VECTOR('',#980,1.);
#980 = DIRECTION('',(0.,0.,1.));
#981 = PLANE('',#982);
#982 = AXIS2_PLACEMENT_3D('',#983,#984,#985);
#983 = CARTESIAN_POINT('',(151.38374907265,191.05,-3.55));
#984 = DIRECTION('',(0.,-1.,0.));
#985 = DIRECTION('',(-1.,0.,0.));
#986 = ADVANCED_FACE('',(#987),#1012,.T.);
#987 = FACE_BOUND('',#988,.T.);
#988 = EDGE_LOOP('',(#989,#997,#1005,#1011));
#989 = ORIENTED_EDGE('',*,*,#990,.F.);
#990 = EDGE_CURVE('',#991,#953,#993,.T.);
#991 = VERTEX_POINT('',#992);
#992 = CARTESIAN_POINT('',(74.7055,191.,-3.));
#993 = LINE('',#994,#995);
#994 = CARTESIAN_POINT('',(74.7055,190.5,-3.));
#995 = VECTOR('',#996,1.);
#996 = DIRECTION('',(-0.,1.,0.));
#997 = ORIENTED_EDGE('',*,*,#998,.F.);
#998 = EDGE_CURVE('',#999,#991,#1001,.T.);
#999 = VERTEX_POINT('',#1000);
#1000 = CARTESIAN_POINT('',(92.7055,191.,-3.));
#1001 = LINE('',#1002,#1003);
#1002 = CARTESIAN_POINT('',(113.01305,191.,-3.));
#1003 = VECTOR('',#1004,1.);
#1004 = DIRECTION('',(-1.,0.,0.));
#1005 = ORIENTED_EDGE('',*,*,#1006,.T.);
#1006 = EDGE_CURVE('',#999,#951,#1007,.T.);
#1007 = LINE('',#1008,#1009);
#1008 = CARTESIAN_POINT('',(92.7055,190.5,-3.));
#1009 = VECTOR('',#1010,1.);
#1010 = DIRECTION('',(-0.,1.,0.));
#1011 = ORIENTED_EDGE('',*,*,#950,.T.);
#1012 = PLANE('',#1013);
#1013 = AXIS2_PLACEMENT_3D('',#1014,#1015,#1016);
#1014 = CARTESIAN_POINT('',(74.7055,190.5,-3.));
#1015 = DIRECTION('',(0.,0.,1.));
#1016 = DIRECTION('',(1.,0.,-0.));
#1017 = ADVANCED_FACE('',(#1018),#1036,.F.);
#1018 = FACE_BOUND('',#1019,.F.);
#1019 = EDGE_LOOP('',(#1020,#1028,#1034,#1035));
#1020 = ORIENTED_EDGE('',*,*,#1021,.F.);
#1021 = EDGE_CURVE('',#1022,#969,#1024,.T.);
#1022 = VERTEX_POINT('',#1023);
#1023 = CARTESIAN_POINT('',(92.7055,191.,3.));
#1024 = LINE('',#1025,#1026);
#1025 = CARTESIAN_POINT('',(92.7055,190.5,3.));
#1026 = VECTOR('',#1027,1.);
#1027 = DIRECTION('',(-0.,1.,0.));
#1028 = ORIENTED_EDGE('',*,*,#1029,.F.);
#1029 = EDGE_CURVE('',#999,#1022,#1030,.T.);
#1030 = LINE('',#1031,#1032);
#1031 = CARTESIAN_POINT('',(92.7055,191.,-3.25));
#1032 = VECTOR('',#1033,1.);
#1033 = DIRECTION('',(0.,0.,1.));
#1034 = ORIENTED_EDGE('',*,*,#1006,.T.);
#1035 = ORIENTED_EDGE('',*,*,#976,.T.);
#1036 = PLANE('',#1037);
#1037 = AXIS2_PLACEMENT_3D('',#1038,#1039,#1040);
#1038 = CARTESIAN_POINT('',(92.7055,190.5,-3.));
#1039 = DIRECTION('',(1.,0.,-0.));
#1040 = DIRECTION('',(0.,0.,1.));
#1041 = ADVANCED_FACE('',(#1042),#1060,.F.);
#1042 = FACE_BOUND('',#1043,.F.);
#1043 = EDGE_LOOP('',(#1044,#1052,#1058,#1059));
#1044 = ORIENTED_EDGE('',*,*,#1045,.F.);
#1045 = EDGE_CURVE('',#1046,#961,#1048,.T.);
#1046 = VERTEX_POINT('',#1047);
#1047 = CARTESIAN_POINT('',(74.7055,191.,3.));
#1048 = LINE('',#1049,#1050);
#1049 = CARTESIAN_POINT('',(74.7055,190.5,3.));
#1050 = VECTOR('',#1051,1.);
#1051 = DIRECTION('',(-0.,1.,0.));
#1052 = ORIENTED_EDGE('',*,*,#1053,.F.);
#1053 = EDGE_CURVE('',#1022,#1046,#1054,.T.);
#1054 = LINE('',#1055,#1056);
#1055 = CARTESIAN_POINT('',(113.01305,191.,3.));
#1056 = VECTOR('',#1057,1.);
#1057 = DIRECTION('',(-1.,0.,0.));
#1058 = ORIENTED_EDGE('',*,*,#1021,.T.);
#1059 = ORIENTED_EDGE('',*,*,#968,.T.);
#1060 = PLANE('',#1061);
#1061 = AXIS2_PLACEMENT_3D('',#1062,#1063,#1064);
#1062 = CARTESIAN_POINT('',(74.7055,190.5,3.));
#1063 = DIRECTION('',(0.,0.,1.));
#1064 = DIRECTION('',(1.,0.,-0.));
#1065 = ADVANCED_FACE('',(#1066),#1077,.T.);
#1066 = FACE_BOUND('',#1067,.T.);
#1067 = EDGE_LOOP('',(#1068,#1069,#1075,#1076));
#1068 = ORIENTED_EDGE('',*,*,#1045,.F.);
#1069 = ORIENTED_EDGE('',*,*,#1070,.F.);
#1070 = EDGE_CURVE('',#991,#1046,#1071,.T.);
#1071 = LINE('',#1072,#1073);
#1072 = CARTESIAN_POINT('',(74.7055,191.,-3.25));
#1073 = VECTOR('',#1074,1.);
#1074 = DIRECTION('',(0.,0.,1.));
#1075 = ORIENTED_EDGE('',*,*,#990,.T.);
#1076 = ORIENTED_EDGE('',*,*,#960,.T.);
#1077 = PLANE('',#1078);
#1078 = AXIS2_PLACEMENT_3D('',#1079,#1080,#1081);
#1079 = CARTESIAN_POINT('',(74.7055,190.5,-3.));
#1080 = DIRECTION('',(1.,0.,-0.));
#1081 = DIRECTION('',(0.,0.,1.));
#1082 = ADVANCED_FACE('',(#1083,#1117),#1123,.T.);
#1083 = FACE_BOUND('',#1084,.T.);
#1084 = EDGE_LOOP('',(#1085,#1095,#1103,#1111));
#1085 = ORIENTED_EDGE('',*,*,#1086,.T.);
#1086 = EDGE_CURVE('',#1087,#1089,#1091,.T.);
#1087 = VERTEX_POINT('',#1088);
#1088 = CARTESIAN_POINT('',(151.3206,191.,-3.5));
#1089 = VERTEX_POINT('',#1090);
#1090 = CARTESIAN_POINT('',(151.3206,191.,3.5));
#1091 = LINE('',#1092,#1093);
#1092 = CARTESIAN_POINT('',(151.3206,191.,-3.5));
#1093 = VECTOR('',#1094,1.);
#1094 = DIRECTION('',(0.,0.,1.));
#1095 = ORIENTED_EDGE('',*,*,#1096,.T.);
#1096 = EDGE_CURVE('',#1089,#1097,#1099,.T.);
#1097 = VERTEX_POINT('',#1098);
#1098 = CARTESIAN_POINT('',(29.8415,191.,3.5));
#1099 = LINE('',#1100,#1101);
#1100 = CARTESIAN_POINT('',(151.3206,191.,3.5));
#1101 = VECTOR('',#1102,1.);
#1102 = DIRECTION('',(-1.,0.,0.));
#1103 = ORIENTED_EDGE('',*,*,#1104,.F.);
#1104 = EDGE_CURVE('',#1105,#1097,#1107,.T.);
#1105 = VERTEX_POINT('',#1106);
#1106 = CARTESIAN_POINT('',(29.8415,191.,-3.5));
#1107 = LINE('',#1108,#1109);
#1108 = CARTESIAN_POINT('',(29.8415,191.,-3.5));
#1109 = VECTOR('',#1110,1.);
#1110 = DIRECTION('',(0.,0.,1.));
#1111 = ORIENTED_EDGE('',*,*,#1112,.F.);
#1112 = EDGE_CURVE('',#1087,#1105,#1113,.T.);
#1113 = LINE('',#1114,#1115);
#1114 = CARTESIAN_POINT('',(151.3206,191.,-3.5));
#1115 = VECTOR('',#1116,1.);
#1116 = DIRECTION('',(-1.,0.,0.));
#1117 = FACE_BOUND('',#1118,.T.);
#1118 = EDGE_LOOP('',(#1119,#1120,#1121,#1122));
#1119 = ORIENTED_EDGE('',*,*,#998,.T.);
#1120 = ORIENTED_EDGE('',*,*,#1070,.T.);
#1121 = ORIENTED_EDGE('',*,*,#1053,.F.);
#1122 = ORIENTED_EDGE('',*,*,#1029,.F.);
#1123 = PLANE('',#1124);
#1124 = AXIS2_PLACEMENT_3D('',#1125,#1126,#1127);
#1125 = CARTESIAN_POINT('',(151.3206,191.,-3.5));
#1126 = DIRECTION('',(0.,-1.,0.));
#1127 = DIRECTION('',(-1.,0.,0.));
#1128 = ADVANCED_FACE('',(#1129),#1154,.T.);
#1129 = FACE_BOUND('',#1130,.T.);
#1130 = EDGE_LOOP('',(#1131,#1141,#1147,#1148));
#1131 = ORIENTED_EDGE('',*,*,#1132,.T.);
#1132 = EDGE_CURVE('',#1133,#1135,#1137,.T.);
#1133 = VERTEX_POINT('',#1134);
#1134 = CARTESIAN_POINT('',(106.3206,0.,-3.5));
#1135 = VERTEX_POINT('',#1136);
#1136 = CARTESIAN_POINT('',(106.3206,0.,3.5));
#1137 = LINE('',#1138,#1139);
#1138 = CARTESIAN_POINT('',(106.3206,0.,-3.5));
#1139 = VECTOR('',#1140,1.);
#1140 = DIRECTION('',(0.,0.,1.));
#1141 = ORIENTED_EDGE('',*,*,#1142,.T.);
#1142 = EDGE_CURVE('',#1135,#1089,#1143,.T.);
#1143 = LINE('',#1144,#1145);
#1144 = CARTESIAN_POINT('',(106.3206,0.,3.5));
#1145 = VECTOR('',#1146,1.);
#1146 = DIRECTION('',(0.22932336749,0.973350293123,0.));
#1147 = ORIENTED_EDGE('',*,*,#1086,.F.);
#1148 = ORIENTED_EDGE('',*,*,#1149,.F.);
#1149 = EDGE_CURVE('',#1133,#1087,#1150,.T.);
#1150 = LINE('',#1151,#1152);
#1151 = CARTESIAN_POINT('',(106.3206,0.,-3.5));
#1152 = VECTOR('',#1153,1.);
#1153 = DIRECTION('',(0.22932336749,0.973350293123,0.));
#1154 = PLANE('',#1155);
#1155 = AXIS2_PLACEMENT_3D('',#1156,#1157,#1158);
#1156 = CARTESIAN_POINT('',(106.3206,0.,-3.5));
#1157 = DIRECTION('',(-0.973350293123,0.22932336749,0.));
#1158 = DIRECTION('',(0.22932336749,0.973350293123,0.));
#1159 = ADVANCED_FACE('',(#1160),#1178,.T.);
#1160 = FACE_BOUND('',#1161,.T.);
#1161 = EDGE_LOOP('',(#1162,#1170,#1171,#1172));
#1162 = ORIENTED_EDGE('',*,*,#1163,.T.);
#1163 = EDGE_CURVE('',#1164,#1133,#1166,.T.);
#1164 = VERTEX_POINT('',#1165);
#1165 = CARTESIAN_POINT('',(0.,0.,-3.5));
#1166 = LINE('',#1167,#1168);
#1167 = CARTESIAN_POINT('',(0.,0.,-3.5));
#1168 = VECTOR('',#1169,1.);
#1169 = DIRECTION('',(1.,-0.,0.));
#1170 = ORIENTED_EDGE('',*,*,#1149,.T.);
#1171 = ORIENTED_EDGE('',*,*,#1112,.T.);
#1172 = ORIENTED_EDGE('',*,*,#1173,.T.);
#1173 = EDGE_CURVE('',#1105,#1164,#1174,.T.);
#1174 = LINE('',#1175,#1176);
#1175 = CARTESIAN_POINT('',(29.8415,191.,-3.5));
#1176 = VECTOR('',#1177,1.);
#1177 = DIRECTION('',(-0.154365518738,-0.988013808924,0.));
#1178 = PLANE('',#1179);
#1179 = AXIS2_PLACEMENT_3D('',#1180,#1181,#1182);
#1180 = CARTESIAN_POINT('',(72.598755347914,97.844934706626,-3.5));
#1181 = DIRECTION('',(0.,0.,1.));
#1182 = DIRECTION('',(1.,0.,-0.));
#1183 = ADVANCED_FACE('',(#1184),#1202,.F.);
#1184 = FACE_BOUND('',#1185,.F.);
#1185 = EDGE_LOOP('',(#1186,#1194,#1195,#1196));
#1186 = ORIENTED_EDGE('',*,*,#1187,.T.);
#1187 = EDGE_CURVE('',#1188,#1135,#1190,.T.);
#1188 = VERTEX_POINT('',#1189);
#1189 = CARTESIAN_POINT('',(0.,0.,3.5));
#1190 = LINE('',#1191,#1192);
#1191 = CARTESIAN_POINT('',(0.,0.,3.5));
#1192 = VECTOR('',#1193,1.);
#1193 = DIRECTION('',(1.,-0.,0.));
#1194 = ORIENTED_EDGE('',*,*,#1142,.T.);
#1195 = ORIENTED_EDGE('',*,*,#1096,.T.);
#1196 = ORIENTED_EDGE('',*,*,#1197,.T.);
#1197 = EDGE_CURVE('',#1097,#1188,#1198,.T.);
#1198 = LINE('',#1199,#1200);
#1199 = CARTESIAN_POINT('',(29.8415,191.,3.5));
#1200 = VECTOR('',#1201,1.);
#1201 = DIRECTION('',(-0.154365518738,-0.988013808924,0.));
#1202 = PLANE('',#1203);
#1203 = AXIS2_PLACEMENT_3D('',#1204,#1205,#1206);
#1204 = CARTESIAN_POINT('',(72.598755347914,97.844934706626,3.5));
#1205 = DIRECTION('',(0.,0.,1.));
#1206 = DIRECTION('',(1.,0.,-0.));
#1207 = ADVANCED_FACE('',(#1208),#1219,.T.);
#1208 = FACE_BOUND('',#1209,.T.);
#1209 = EDGE_LOOP('',(#1210,#1211,#1212,#1218));
#1210 = ORIENTED_EDGE('',*,*,#1104,.T.);
#1211 = ORIENTED_EDGE('',*,*,#1197,.T.);
#1212 = ORIENTED_EDGE('',*,*,#1213,.F.);
#1213 = EDGE_CURVE('',#1164,#1188,#1214,.T.);
#1214 = LINE('',#1215,#1216);
#1215 = CARTESIAN_POINT('',(0.,0.,-3.5));
#1216 = VECTOR('',#1217,1.);
#1217 = DIRECTION('',(0.,0.,1.));
#1218 = ORIENTED_EDGE('',*,*,#1173,.F.);
#1219 = PLANE('',#1220);
#1220 = AXIS2_PLACEMENT_3D('',#1221,#1222,#1223);
#1221 = CARTESIAN_POINT('',(29.8415,191.,-3.5));
#1222 = DIRECTION('',(0.988013808924,-0.154365518738,0.));
#1223 = DIRECTION('',(-0.154365518738,-0.988013808924,0.));
#1224 = ADVANCED_FACE('',(#1225),#1231,.T.);
#1225 = FACE_BOUND('',#1226,.T.);
#1226 = EDGE_LOOP('',(#1227,#1228,#1229,#1230));
#1227 = ORIENTED_EDGE('',*,*,#1213,.T.);
#1228 = ORIENTED_EDGE('',*,*,#1187,.T.);
#1229 = ORIENTED_EDGE('',*,*,#1132,.F.);
#1230 = ORIENTED_EDGE('',*,*,#1163,.F.);
#1231 = PLANE('',#1232);
#1232 = AXIS2_PLACEMENT_3D('',#1233,#1234,#1235);
#1233 = CARTESIAN_POINT('',(0.,0.,-3.5));
#1234 = DIRECTION('',(0.,1.,-0.));
#1235 = DIRECTION('',(1.,-0.,0.));
#1236 = ( GEOMETRIC_REPRESENTATION_CONTEXT(3) 
GLOBAL_UNCERTAINTY_ASSIGNED_CONTEXT((#1240)) 
GLOBAL_UNIT_ASSIGNED_CONTEXT((#1237,#1238,#1239)) REPRESENTATION_CONTEXT
('Context #1','3D Context with UNIT and UNCERTAINTY') );
#1237 = ( LENGTH_UNIT() NAMED_UNIT(*) SI_UNIT(.MILLI.,.METRE.) );
#1238 = ( NAMED_UNIT(*) PLANE_ANGLE_UNIT() SI_UNIT($,.RADIAN.) );
#1239 = ( NAMED_UNIT(*) SI_UNIT($,.STERADIAN.) SOLID_ANGLE_UNIT() );
#1240 = UNCERTAINTY_MEASURE_WITH_UNIT(LENGTH_MEASURE(1.E-07),#1237,
  'distance_accuracy_value','confusion accuracy');
#1241 = CONTEXT_DEPENDENT_SHAPE_REPRESENTATION(#1242,#1244);
#1242 = ( REPRESENTATION_RELATIONSHIP('','',#801,#10) 
REPRESENTATION_RELATIONSHIP_WITH_TRANSFORMATION(#1243) 
SHAPE_REPRESENTATION_RELATIONSHIP() );
#1243 = ITEM_DEFINED_TRANSFORMATION('','',#11,#23);
#1244 = PRODUCT_DEFINITION_SHAPE('Placement','Placement of an item',
  #1245);
#1245 = NEXT_ASSEMBLY_USAGE_OCCURRENCE('3','Tile0_Coating','',#5,#796,$
  );
#1246 = PRODUCT_RELATED_PRODUCT_CATEGORY('part',$,(#798));
#1247 = SHAPE_DEFINITION_REPRESENTATION(#1248,#1254);
#1248 = PRODUCT_DEFINITION_SHAPE('','',#1249);
#1249 = PRODUCT_DEFINITION('design','',#1250,#1253);
#1250 = PRODUCT_DEFINITION_FORMATION('','',#1251);
#1251 = PRODUCT('Tile0_WrapAl','Tile0_WrapAl','',(#1252));
#1252 = PRODUCT_CONTEXT('',#2,'mechanical');
#1253 = PRODUCT_DEFINITION_CONTEXT('part definition',#2,'design');
#1254 = ADVANCED_BREP_SHAPE_REPRESENTATION('',(#11,#1255),#1689);
#1255 = MANIFOLD_SOLID_BREP('',#1256);
#1256 = CLOSED_SHELL('',(#1257,#1297,#1328,#1359,#1376,#1393,#1439,#1470
    ,#1494,#1518,#1535,#1581,#1612,#1636,#1660,#1677));
#1257 = ADVANCED_FACE('',(#1258),#1292,.F.);
#1258 = FACE_BOUND('',#1259,.F.);
#1259 = EDGE_LOOP('',(#1260,#1270,#1278,#1286));
#1260 = ORIENTED_EDGE('',*,*,#1261,.T.);
#1261 = EDGE_CURVE('',#1262,#1264,#1266,.T.);
#1262 = VERTEX_POINT('',#1263);
#1263 = CARTESIAN_POINT('',(-0.175255473402,-0.15,-3.65));
#1264 = VERTEX_POINT('',#1265);
#1265 = CARTESIAN_POINT('',(-0.175255473402,-0.15,3.65));
#1266 = LINE('',#1267,#1268);
#1267 = CARTESIAN_POINT('',(-0.175255473402,-0.15,-3.65));
#1268 = VECTOR('',#1269,1.);
#1269 = DIRECTION('',(0.,0.,1.));
#1270 = ORIENTED_EDGE('',*,*,#1271,.T.);
#1271 = EDGE_CURVE('',#1264,#1272,#1274,.T.);
#1272 = VERTEX_POINT('',#1273);
#1273 = CARTESIAN_POINT('',(106.43936658967,-0.15,3.65));
#1274 = LINE('',#1275,#1276);
#1275 = CARTESIAN_POINT('',(0.,-0.15,3.65));
#1276 = VECTOR('',#1277,1.);
#1277 = DIRECTION('',(1.,0.,0.));
#1278 = ORIENTED_EDGE('',*,*,#1279,.F.);
#1279 = EDGE_CURVE('',#1280,#1272,#1282,.T.);
#1280 = VERTEX_POINT('',#1281);
#1281 = CARTESIAN_POINT('',(106.43936658967,-0.15,-3.65));
#1282 = LINE('',#1283,#1284);
#1283 = CARTESIAN_POINT('',(106.43936658967,-0.15,-3.65));
#1284 = VECTOR('',#1285,1.);
#1285 = DIRECTION('',(0.,0.,1.));
#1286 = ORIENTED_EDGE('',*,*,#1287,.F.);
#1287 = EDGE_CURVE('',#1262,#1280,#1288,.T.);
#1288 = LINE('',#1289,#1290);
#1289 = CARTESIAN_POINT('',(0.,-0.15,-3.65));
#1290 = VECTOR('',#1291,1.);
#1291 = DIRECTION('',(1.,0.,0.));
#1292 = PLANE('',#1293);
#1293 = AXIS2_PLACEMENT_3D('',#1294,#1295,#1296);
#1294 = CARTESIAN_POINT('',(-0.175255473402,-0.15,-3.65));
#1295 = DIRECTION('',(0.,1.,0.));
#1296 = DIRECTION('',(1.,0.,0.));
#1297 = ADVANCED_FACE('',(#1298),#1323,.F.);
#1298 = FACE_BOUND('',#1299,.F.);
#1299 = EDGE_LOOP('',(#1300,#1310,#1316,#1317));
#1300 = ORIENTED_EDGE('',*,*,#1301,.T.);
#1301 = EDGE_CURVE('',#1302,#1304,#1306,.T.);
#1302 = VERTEX_POINT('',#1303);
#1303 = CARTESIAN_POINT('',(29.713115992567,191.15,-3.65));
#1304 = VERTEX_POINT('',#1305);
#1305 = CARTESIAN_POINT('',(29.713115992567,191.15,3.65));
#1306 = LINE('',#1307,#1308);
#1307 = CARTESIAN_POINT('',(29.713115992567,191.15,-3.65));
#1308 = VECTOR('',#1309,1.);
#1309 = DIRECTION('',(0.,0.,1.));
#1310 = ORIENTED_EDGE('',*,*,#1311,.T.);
#1311 = EDGE_CURVE('',#1304,#1264,#1312,.T.);
#1312 = LINE('',#1313,#1314);
#1313 = CARTESIAN_POINT('',(29.693297928661,191.02315482781,3.65));
#1314 = VECTOR('',#1315,1.);
#1315 = DIRECTION('',(-0.154365518738,-0.988013808924,0.));
#1316 = ORIENTED_EDGE('',*,*,#1261,.F.);
#1317 = ORIENTED_EDGE('',*,*,#1318,.F.);
#1318 = EDGE_CURVE('',#1302,#1262,#1319,.T.);
#1319 = LINE('',#1320,#1321);
#1320 = CARTESIAN_POINT('',(29.693297928661,191.02315482781,-3.65));
#1321 = VECTOR('',#1322,1.);
#1322 = DIRECTION('',(-0.154365518738,-0.988013808924,0.));
#1323 = PLANE('',#1324);
#1324 = AXIS2_PLACEMENT_3D('',#1325,#1326,#1327);
#1325 = CARTESIAN_POINT('',(29.713115992567,191.15,-3.65));
#1326 = DIRECTION('',(0.988013808924,-0.154365518738,0.));
#1327 = DIRECTION('',(-0.154365518738,-0.988013808924,0.));
#1328 = ADVANCED_FACE('',(#1329),#1354,.F.);
#1329 = FACE_BOUND('',#1330,.F.);
#1330 = EDGE_LOOP('',(#1331,#1332,#1340,#1348));
#1331 = ORIENTED_EDGE('',*,*,#1279,.T.);
#1332 = ORIENTED_EDGE('',*,*,#1333,.T.);
#1333 = EDGE_CURVE('',#1272,#1334,#1336,.T.);
#1334 = VERTEX_POINT('',#1335);
#1335 = CARTESIAN_POINT('',(151.51004721795,191.15,3.65));
#1336 = LINE('',#1337,#1338);
#1337 = CARTESIAN_POINT('',(106.46660254396,-3.439850512346E-02,3.65));
#1338 = VECTOR('',#1339,1.);
#1339 = DIRECTION('',(0.22932336749,0.973350293123,0.));
#1340 = ORIENTED_EDGE('',*,*,#1341,.F.);
#1341 = EDGE_CURVE('',#1342,#1334,#1344,.T.);
#1342 = VERTEX_POINT('',#1343);
#1343 = CARTESIAN_POINT('',(151.51004721795,191.15,-3.65));
#1344 = LINE('',#1345,#1346);
#1345 = CARTESIAN_POINT('',(151.51004721795,191.15,-3.65));
#1346 = VECTOR('',#1347,1.);
#1347 = DIRECTION('',(0.,0.,1.));
#1348 = ORIENTED_EDGE('',*,*,#1349,.F.);
#1349 = EDGE_CURVE('',#1280,#1342,#1350,.T.);
#1350 = LINE('',#1351,#1352);
#1351 = CARTESIAN_POINT('',(106.46660254396,-3.439850512346E-02,-3.65));
#1352 = VECTOR('',#1353,1.);
#1353 = DIRECTION('',(0.22932336749,0.973350293123,0.));
#1354 = PLANE('',#1355);
#1355 = AXIS2_PLACEMENT_3D('',#1356,#1357,#1358);
#1356 = CARTESIAN_POINT('',(106.43936658967,-0.15,-3.65));
#1357 = DIRECTION('',(-0.973350293123,0.22932336749,0.));
#1358 = DIRECTION('',(0.22932336749,0.973350293123,0.));
#1359 = ADVANCED_FACE('',(#1360),#1371,.F.);
#1360 = FACE_BOUND('',#1361,.T.);
#1361 = EDGE_LOOP('',(#1362,#1363,#1364,#1370));
#1362 = ORIENTED_EDGE('',*,*,#1287,.F.);
#1363 = ORIENTED_EDGE('',*,*,#1318,.F.);
#1364 = ORIENTED_EDGE('',*,*,#1365,.F.);
#1365 = EDGE_CURVE('',#1342,#1302,#1366,.T.);
#1366 = LINE('',#1367,#1368);
#1367 = CARTESIAN_POINT('',(151.3206,191.15,-3.65));
#1368 = VECTOR('',#1369,1.);
#1369 = DIRECTION('',(-1.,0.,0.));
#1370 = ORIENTED_EDGE('',*,*,#1349,.F.);
#1371 = PLANE('',#1372);
#1372 = AXIS2_PLACEMENT_3D('',#1373,#1374,#1375);
#1373 = CARTESIAN_POINT('',(72.598755347914,97.844934706626,-3.65));
#1374 = DIRECTION('',(0.,0.,1.));
#1375 = DIRECTION('',(1.,0.,-0.));
#1376 = ADVANCED_FACE('',(#1377),#1388,.T.);
#1377 = FACE_BOUND('',#1378,.F.);
#1378 = EDGE_LOOP('',(#1379,#1380,#1381,#1387));
#1379 = ORIENTED_EDGE('',*,*,#1271,.F.);
#1380 = ORIENTED_EDGE('',*,*,#1311,.F.);
#1381 = ORIENTED_EDGE('',*,*,#1382,.F.);
#1382 = EDGE_CURVE('',#1334,#1304,#1383,.T.);
#1383 = LINE('',#1384,#1385);
#1384 = CARTESIAN_POINT('',(151.3206,191.15,3.65));
#1385 = VECTOR('',#1386,1.);
#1386 = DIRECTION('',(-1.,0.,0.));
#1387 = ORIENTED_EDGE('',*,*,#1333,.F.);
#1388 = PLANE('',#1389);
#1389 = AXIS2_PLACEMENT_3D('',#1390,#1391,#1392);
#1390 = CARTESIAN_POINT('',(72.598755347914,97.844934706626,3.65));
#1391 = DIRECTION('',(0.,0.,1.));
#1392 = DIRECTION('',(1.,0.,-0.));
#1393 = ADVANCED_FACE('',(#1394,#1400),#1434,.F.);
#1394 = FACE_BOUND('',#1395,.F.);
#1395 = EDGE_LOOP('',(#1396,#1397,#1398,#1399));
#1396 = ORIENTED_EDGE('',*,*,#1341,.T.);
#1397 = ORIENTED_EDGE('',*,*,#1382,.T.);
#1398 = ORIENTED_EDGE('',*,*,#1301,.F.);
#1399 = ORIENTED_EDGE('',*,*,#1365,.F.);
#1400 = FACE_BOUND('',#1401,.F.);
#1401 = EDGE_LOOP('',(#1402,#1412,#1420,#1428));
#1402 = ORIENTED_EDGE('',*,*,#1403,.T.);
#1403 = EDGE_CURVE('',#1404,#1406,#1408,.T.);
#1404 = VERTEX_POINT('',#1405);
#1405 = CARTESIAN_POINT('',(92.7055,191.15,-3.));
#1406 = VERTEX_POINT('',#1407);
#1407 = CARTESIAN_POINT('',(74.7055,191.15,-3.));
#1408 = LINE('',#1409,#1410);
#1409 = CARTESIAN_POINT('',(113.10777360897,191.15,-3.));
#1410 = VECTOR('',#1411,1.);
#1411 = DIRECTION('',(-1.,0.,0.));
#1412 = ORIENTED_EDGE('',*,*,#1413,.T.);
#1413 = EDGE_CURVE('',#1406,#1414,#1416,.T.);
#1414 = VERTEX_POINT('',#1415);
#1415 = CARTESIAN_POINT('',(74.7055,191.15,3.));
#1416 = LINE('',#1417,#1418);
#1417 = CARTESIAN_POINT('',(74.7055,191.15,-3.325));
#1418 = VECTOR('',#1419,1.);
#1419 = DIRECTION('',(0.,0.,1.));
#1420 = ORIENTED_EDGE('',*,*,#1421,.F.);
#1421 = EDGE_CURVE('',#1422,#1414,#1424,.T.);
#1422 = VERTEX_POINT('',#1423);
#1423 = CARTESIAN_POINT('',(92.7055,191.15,3.));
#1424 = LINE('',#1425,#1426);
#1425 = CARTESIAN_POINT('',(113.10777360897,191.15,3.));
#1426 = VECTOR('',#1427,1.);
#1427 = DIRECTION('',(-1.,0.,0.));
#1428 = ORIENTED_EDGE('',*,*,#1429,.F.);
#1429 = EDGE_CURVE('',#1404,#1422,#1430,.T.);
#1430 = LINE('',#1431,#1432);
#1431 = CARTESIAN_POINT('',(92.7055,191.15,-3.325));
#1432 = VECTOR('',#1433,1.);
#1433 = DIRECTION('',(0.,0.,1.));
#1434 = PLANE('',#1435);
#1435 = AXIS2_PLACEMENT_3D('',#1436,#1437,#1438);
#1436 = CARTESIAN_POINT('',(151.51004721795,191.15,-3.65));
#1437 = DIRECTION('',(0.,-1.,0.));
#1438 = DIRECTION('',(-1.,0.,0.));
#1439 = ADVANCED_FACE('',(#1440),#1465,.T.);
#1440 = FACE_BOUND('',#1441,.T.);
#1441 = EDGE_LOOP('',(#1442,#1450,#1458,#1464));
#1442 = ORIENTED_EDGE('',*,*,#1443,.F.);
#1443 = EDGE_CURVE('',#1444,#1406,#1446,.T.);
#1444 = VERTEX_POINT('',#1445);
#1445 = CARTESIAN_POINT('',(74.7055,191.05,-3.));
#1446 = LINE('',#1447,#1448);
#1447 = CARTESIAN_POINT('',(74.7055,190.5,-3.));
#1448 = VECTOR('',#1449,1.);
#1449 = DIRECTION('',(-0.,1.,0.));
#1450 = ORIENTED_EDGE('',*,*,#1451,.F.);
#1451 = EDGE_CURVE('',#1452,#1444,#1454,.T.);
#1452 = VERTEX_POINT('',#1453);
#1453 = CARTESIAN_POINT('',(92.7055,191.05,-3.));
#1454 = LINE('',#1455,#1456);
#1455 = CARTESIAN_POINT('',(113.04462453632,191.05,-3.));
#1456 = VECTOR('',#1457,1.);
#1457 = DIRECTION('',(-1.,0.,0.));
#1458 = ORIENTED_EDGE('',*,*,#1459,.T.);
#1459 = EDGE_CURVE('',#1452,#1404,#1460,.T.);
#1460 = LINE('',#1461,#1462);
#1461 = CARTESIAN_POINT('',(92.7055,190.5,-3.));
#1462 = VECTOR('',#1463,1.);
#1463 = DIRECTION('',(-0.,1.,0.));
#1464 = ORIENTED_EDGE('',*,*,#1403,.T.);
#1465 = PLANE('',#1466);
#1466 = AXIS2_PLACEMENT_3D('',#1467,#1468,#1469);
#1467 = CARTESIAN_POINT('',(74.7055,190.5,-3.));
#1468 = DIRECTION('',(0.,0.,1.));
#1469 = DIRECTION('',(1.,0.,-0.));
#1470 = ADVANCED_FACE('',(#1471),#1489,.F.);
#1471 = FACE_BOUND('',#1472,.F.);
#1472 = EDGE_LOOP('',(#1473,#1481,#1487,#1488));
#1473 = ORIENTED_EDGE('',*,*,#1474,.F.);
#1474 = EDGE_CURVE('',#1475,#1422,#1477,.T.);
#1475 = VERTEX_POINT('',#1476);
#1476 = CARTESIAN_POINT('',(92.7055,191.05,3.));
#1477 = LINE('',#1478,#1479);
#1478 = CARTESIAN_POINT('',(92.7055,190.5,3.));
#1479 = VECTOR('',#1480,1.);
#1480 = DIRECTION('',(-0.,1.,0.));
#1481 = ORIENTED_EDGE('',*,*,#1482,.F.);
#1482 = EDGE_CURVE('',#1452,#1475,#1483,.T.);
#1483 = LINE('',#1484,#1485);
#1484 = CARTESIAN_POINT('',(92.7055,191.05,-3.275));
#1485 = VECTOR('',#1486,1.);
#1486 = DIRECTION('',(0.,0.,1.));
#1487 = ORIENTED_EDGE('',*,*,#1459,.T.);
#1488 = ORIENTED_EDGE('',*,*,#1429,.T.);
#1489 = PLANE('',#1490);
#1490 = AXIS2_PLACEMENT_3D('',#1491,#1492,#1493);
#1491 = CARTESIAN_POINT('',(92.7055,190.5,-3.));
#1492 = DIRECTION('',(1.,0.,-0.));
#1493 = DIRECTION('',(0.,0.,1.));
#1494 = ADVANCED_FACE('',(#1495),#1513,.F.);
#1495 = FACE_BOUND('',#1496,.F.);
#1496 = EDGE_LOOP('',(#1497,#1505,#1511,#1512));
#1497 = ORIENTED_EDGE('',*,*,#1498,.F.);
#1498 = EDGE_CURVE('',#1499,#1414,#1501,.T.);
#1499 = VERTEX_POINT('',#1500);
#1500 = CARTESIAN_POINT('',(74.7055,191.05,3.));
#1501 = LINE('',#1502,#1503);
#1502 = CARTESIAN_POINT('',(74.7055,190.5,3.));
#1503 = VECTOR('',#1504,1.);
#1504 = DIRECTION('',(-0.,1.,0.));
#1505 = ORIENTED_EDGE('',*,*,#1506,.F.);
#1506 = EDGE_CURVE('',#1475,#1499,#1507,.T.);
#1507 = LINE('',#1508,#1509);
#1508 = CARTESIAN_POINT('',(113.04462453632,191.05,3.));
#1509 = VECTOR('',#1510,1.);
#1510 = DIRECTION('',(-1.,0.,0.));
#1511 = ORIENTED_EDGE('',*,*,#1474,.T.);
#1512 = ORIENTED_EDGE('',*,*,#1421,.T.);
#1513 = PLANE('',#1514);
#1514 = AXIS2_PLACEMENT_3D('',#1515,#1516,#1517);
#1515 = CARTESIAN_POINT('',(74.7055,190.5,3.));
#1516 = DIRECTION('',(0.,0.,1.));
#1517 = DIRECTION('',(1.,0.,-0.));
#1518 = ADVANCED_FACE('',(#1519),#1530,.T.);
#1519 = FACE_BOUND('',#1520,.T.);
#1520 = EDGE_LOOP('',(#1521,#1522,#1528,#1529));
#1521 = ORIENTED_EDGE('',*,*,#1498,.F.);
#1522 = ORIENTED_EDGE('',*,*,#1523,.F.);
#1523 = EDGE_CURVE('',#1444,#1499,#1524,.T.);
#1524 = LINE('',#1525,#1526);
#1525 = CARTESIAN_POINT('',(74.7055,191.05,-3.275));
#1526 = VECTOR('',#1527,1.);
#1527 = DIRECTION('',(0.,0.,1.));
#1528 = ORIENTED_EDGE('',*,*,#1443,.T.);
#1529 = ORIENTED_EDGE('',*,*,#1413,.T.);
#1530 = PLANE('',#1531);
#1531 = AXIS2_PLACEMENT_3D('',#1532,#1533,#1534);
#1532 = CARTESIAN_POINT('',(74.7055,190.5,-3.));
#1533 = DIRECTION('',(1.,0.,-0.));
#1534 = DIRECTION('',(0.,0.,1.));
#1535 = ADVANCED_FACE('',(#1536,#1570),#1576,.T.);
#1536 = FACE_BOUND('',#1537,.T.);
#1537 = EDGE_LOOP('',(#1538,#1548,#1556,#1564));
#1538 = ORIENTED_EDGE('',*,*,#1539,.T.);
#1539 = EDGE_CURVE('',#1540,#1542,#1544,.T.);
#1540 = VERTEX_POINT('',#1541);
#1541 = CARTESIAN_POINT('',(151.38374907265,191.05,-3.55));
#1542 = VERTEX_POINT('',#1543);
#1543 = CARTESIAN_POINT('',(151.38374907265,191.05,3.55));
#1544 = LINE('',#1545,#1546);
#1545 = CARTESIAN_POINT('',(151.38374907265,191.05,-3.55));
#1546 = VECTOR('',#1547,1.);
#1547 = DIRECTION('',(0.,0.,1.));
#1548 = ORIENTED_EDGE('',*,*,#1549,.T.);
#1549 = EDGE_CURVE('',#1542,#1550,#1552,.T.);
#1550 = VERTEX_POINT('',#1551);
#1551 = CARTESIAN_POINT('',(29.798705330855,191.05,3.55));
#1552 = LINE('',#1553,#1554);
#1553 = CARTESIAN_POINT('',(151.3206,191.05,3.55));
#1554 = VECTOR('',#1555,1.);
#1555 = DIRECTION('',(-1.,0.,0.));
#1556 = ORIENTED_EDGE('',*,*,#1557,.F.);
#1557 = EDGE_CURVE('',#1558,#1550,#1560,.T.);
#1558 = VERTEX_POINT('',#1559);
#1559 = CARTESIAN_POINT('',(29.798705330855,191.05,-3.55));
#1560 = LINE('',#1561,#1562);
#1561 = CARTESIAN_POINT('',(29.798705330855,191.05,-3.55));
#1562 = VECTOR('',#1563,1.);
#1563 = DIRECTION('',(0.,0.,1.));
#1564 = ORIENTED_EDGE('',*,*,#1565,.F.);
#1565 = EDGE_CURVE('',#1540,#1558,#1566,.T.);
#1566 = LINE('',#1567,#1568);
#1567 = CARTESIAN_POINT('',(151.3206,191.05,-3.55));
#1568 = VECTOR('',#1569,1.);
#1569 = DIRECTION('',(-1.,0.,0.));
#1570 = FACE_BOUND('',#1571,.T.);
#1571 = EDGE_LOOP('',(#1572,#1573,#1574,#1575));
#1572 = ORIENTED_EDGE('',*,*,#1451,.T.);
#1573 = ORIENTED_EDGE('',*,*,#1523,.T.);
#1574 = ORIENTED_EDGE('',*,*,#1506,.F.);
#1575 = ORIENTED_EDGE('',*,*,#1482,.F.);
#1576 = PLANE('',#1577);
#1577 = AXIS2_PLACEMENT_3D('',#1578,#1579,#1580);
#1578 = CARTESIAN_POINT('',(151.38374907265,191.05,-3.55));
#1579 = DIRECTION('',(0.,-1.,0.));
#1580 = DIRECTION('',(-1.,0.,0.));
#1581 = ADVANCED_FACE('',(#1582),#1607,.T.);
#1582 = FACE_BOUND('',#1583,.T.);
#1583 = EDGE_LOOP('',(#1584,#1594,#1600,#1601));
#1584 = ORIENTED_EDGE('',*,*,#1585,.T.);
#1585 = EDGE_CURVE('',#1586,#1588,#1590,.T.);
#1586 = VERTEX_POINT('',#1587);
#1587 = CARTESIAN_POINT('',(106.36018886322,-5.E-02,-3.55));
#1588 = VERTEX_POINT('',#1589);
#1589 = CARTESIAN_POINT('',(106.36018886322,-5.E-02,3.55));
#1590 = LINE('',#1591,#1592);
#1591 = CARTESIAN_POINT('',(106.36018886322,-5.E-02,-3.55));
#1592 = VECTOR('',#1593,1.);
#1593 = DIRECTION('',(0.,0.,1.));
#1594 = ORIENTED_EDGE('',*,*,#1595,.T.);
#1595 = EDGE_CURVE('',#1588,#1542,#1596,.T.);
#1596 = LINE('',#1597,#1598);
#1597 = CARTESIAN_POINT('',(106.36926751465,-1.146616837448E-02,3.55));
#1598 = VECTOR('',#1599,1.);
#1599 = DIRECTION('',(0.22932336749,0.973350293123,0.));
#1600 = ORIENTED_EDGE('',*,*,#1539,.F.);
#1601 = ORIENTED_EDGE('',*,*,#1602,.F.);
#1602 = EDGE_CURVE('',#1586,#1540,#1603,.T.);
#1603 = LINE('',#1604,#1605);
#1604 = CARTESIAN_POINT('',(106.36926751465,-1.146616837448E-02,-3.55));
#1605 = VECTOR('',#1606,1.);
#1606 = DIRECTION('',(0.22932336749,0.973350293123,0.));
#1607 = PLANE('',#1608);
#1608 = AXIS2_PLACEMENT_3D('',#1609,#1610,#1611);
#1609 = CARTESIAN_POINT('',(106.36018886322,-5.E-02,-3.55));
#1610 = DIRECTION('',(-0.973350293123,0.22932336749,0.));
#1611 = DIRECTION('',(0.22932336749,0.973350293123,0.));
#1612 = ADVANCED_FACE('',(#1613),#1631,.T.);
#1613 = FACE_BOUND('',#1614,.F.);
#1614 = EDGE_LOOP('',(#1615,#1623,#1629,#1630));
#1615 = ORIENTED_EDGE('',*,*,#1616,.F.);
#1616 = EDGE_CURVE('',#1617,#1586,#1619,.T.);
#1617 = VERTEX_POINT('',#1618);
#1618 = CARTESIAN_POINT('',(-5.841849113399E-02,-5.E-02,-3.55));
#1619 = LINE('',#1620,#1621);
#1620 = CARTESIAN_POINT('',(0.,-5.E-02,-3.55));
#1621 = VECTOR('',#1622,1.);
#1622 = DIRECTION('',(1.,0.,0.));
#1623 = ORIENTED_EDGE('',*,*,#1624,.F.);
#1624 = EDGE_CURVE('',#1558,#1617,#1625,.T.);
#1625 = LINE('',#1626,#1627);
#1626 = CARTESIAN_POINT('',(29.792099309554,191.00771827593,-3.55));
#1627 = VECTOR('',#1628,1.);
#1628 = DIRECTION('',(-0.154365518738,-0.988013808924,0.));
#1629 = ORIENTED_EDGE('',*,*,#1565,.F.);
#1630 = ORIENTED_EDGE('',*,*,#1602,.F.);
#1631 = PLANE('',#1632);
#1632 = AXIS2_PLACEMENT_3D('',#1633,#1634,#1635);
#1633 = CARTESIAN_POINT('',(72.598755347914,97.844934706626,-3.55));
#1634 = DIRECTION('',(0.,0.,1.));
#1635 = DIRECTION('',(1.,0.,-0.));
#1636 = ADVANCED_FACE('',(#1637),#1655,.F.);
#1637 = FACE_BOUND('',#1638,.T.);
#1638 = EDGE_LOOP('',(#1639,#1647,#1653,#1654));
#1639 = ORIENTED_EDGE('',*,*,#1640,.F.);
#1640 = EDGE_CURVE('',#1641,#1588,#1643,.T.);
#1641 = VERTEX_POINT('',#1642);
#1642 = CARTESIAN_POINT('',(-5.841849113399E-02,-5.E-02,3.55));
#1643 = LINE('',#1644,#1645);
#1644 = CARTESIAN_POINT('',(0.,-5.E-02,3.55));
#1645 = VECTOR('',#1646,1.);
#1646 = DIRECTION('',(1.,0.,0.));
#1647 = ORIENTED_EDGE('',*,*,#1648,.F.);
#1648 = EDGE_CURVE('',#1550,#1641,#1649,.T.);
#1649 = LINE('',#1650,#1651);
#1650 = CARTESIAN_POINT('',(29.792099309554,191.00771827593,3.55));
#1651 = VECTOR('',#1652,1.);
#1652 = DIRECTION('',(-0.154365518738,-0.988013808924,0.));
#1653 = ORIENTED_EDGE('',*,*,#1549,.F.);
#1654 = ORIENTED_EDGE('',*,*,#1595,.F.);
#1655 = PLANE('',#1656);
#1656 = AXIS2_PLACEMENT_3D('',#1657,#1658,#1659);
#1657 = CARTESIAN_POINT('',(72.598755347914,97.844934706626,3.55));
#1658 = DIRECTION('',(0.,0.,1.));
#1659 = DIRECTION('',(1.,0.,-0.));
#1660 = ADVANCED_FACE('',(#1661),#1672,.T.);
#1661 = FACE_BOUND('',#1662,.T.);
#1662 = EDGE_LOOP('',(#1663,#1664,#1665,#1671));
#1663 = ORIENTED_EDGE('',*,*,#1557,.T.);
#1664 = ORIENTED_EDGE('',*,*,#1648,.T.);
#1665 = ORIENTED_EDGE('',*,*,#1666,.F.);
#1666 = EDGE_CURVE('',#1617,#1641,#1667,.T.);
#1667 = LINE('',#1668,#1669);
#1668 = CARTESIAN_POINT('',(-5.841849113399E-02,-5.E-02,-3.55));
#1669 = VECTOR('',#1670,1.);
#1670 = DIRECTION('',(0.,0.,1.));
#1671 = ORIENTED_EDGE('',*,*,#1624,.F.);
#1672 = PLANE('',#1673);
#1673 = AXIS2_PLACEMENT_3D('',#1674,#1675,#1676);
#1674 = CARTESIAN_POINT('',(29.798705330856,191.05,-3.55));
#1675 = DIRECTION('',(0.988013808924,-0.154365518738,0.));
#1676 = DIRECTION('',(-0.154365518738,-0.988013808924,0.));
#1677 = ADVANCED_FACE('',(#1678),#1684,.T.);
#1678 = FACE_BOUND('',#1679,.T.);
#1679 = EDGE_LOOP('',(#1680,#1681,#1682,#1683));
#1680 = ORIENTED_EDGE('',*,*,#1666,.T.);
#1681 = ORIENTED_EDGE('',*,*,#1640,.T.);
#1682 = ORIENTED_EDGE('',*,*,#1585,.F.);
#1683 = ORIENTED_EDGE('',*,*,#1616,.F.);
#1684 = PLANE('',#1685);
#1685 = AXIS2_PLACEMENT_3D('',#1686,#1687,#1688);
#1686 = CARTESIAN_POINT('',(-5.841849113399E-02,-5.E-02,-3.55));
#1687 = DIRECTION('',(0.,1.,0.));
#1688 = DIRECTION('',(1.,0.,0.));
#1689 = ( GEOMETRIC_REPRESENTATION_CONTEXT(3) 
GLOBAL_UNCERTAINTY_ASSIGNED_CONTEXT((#1693)) 
GLOBAL_UNIT_ASSIGNED_CONTEXT((#1690,#1691,#1692)) REPRESENTATION_CONTEXT
('Context #1','3D Context with UNIT and UNCERTAINTY') );
#1690 = ( LENGTH_UNIT() NAMED_UNIT(*) SI_UNIT(.MILLI.,.METRE.) );
#1691 = ( NAMED_UNIT(*) PLANE_ANGLE_UNIT() SI_UNIT($,.RADIAN.) );
#1692 = ( NAMED_UNIT(*) SI_UNIT($,.STERADIAN.) SOLID_ANGLE_UNIT() );
#1693 = UNCERTAINTY_MEASURE_WITH_UNIT(LENGTH_MEASURE(1.E-07),#1690,
  'distance_accuracy_value','confusion accuracy');
#1694 = CONTEXT_DEPENDENT_SHAPE_REPRESENTATION(#1695,#1697);
#1695 = ( REPRESENTATION_RELATIONSHIP('','',#1254,#10) 
REPRESENTATION_RELATIONSHIP_WITH_TRANSFORMATION(#1696) 
SHAPE_REPRESENTATION_RELATIONSHIP() );
#1696 = ITEM_DEFINED_TRANSFORMATION('','',#11,#27);
#1697 = PRODUCT_DEFINITION_SHAPE('Placement','Placement of an item',
  #1698);
#1698 = NEXT_ASSEMBLY_USAGE_OCCURRENCE('4','Tile0_WrapAl','',#5,#1249,$
  );
#1699 = PRODUCT_RELATED_PRODUCT_CATEGORY('part',$,(#1251));
#1700 = SHAPE_DEFINITION_REPRESENTATION(#1701,#1707);
#1701 = PRODUCT_DEFINITION_SHAPE('','',#1702);
#1702 = PRODUCT_DEFINITION('design','',#1703,#1706);
#1703 = PRODUCT_DEFINITION_FORMATION('','',#1704);
#1704 = PRODUCT('Tile0_WrapCling','Tile0_WrapCling','',(#1705));
#1705 = PRODUCT_CONTEXT('',#2,'mechanical');
#1706 = PRODUCT_DEFINITION_CONTEXT('part definition',#2,'design');
#1707 = ADVANCED_BREP_SHAPE_REPRESENTATION('',(#11,#1708),#2142);
#1708 = MANIFOLD_SOLID_BREP('',#1709);
#1709 = CLOSED_SHELL('',(#1710,#1750,#1781,#1812,#1829,#1846,#1892,#1923
    ,#1947,#1971,#1988,#2034,#2065,#2089,#2113,#2130));
#1710 = ADVANCED_FACE('',(#1711),#1745,.F.);
#1711 = FACE_BOUND('',#1712,.F.);
#1712 = EDGE_LOOP('',(#1713,#1723,#1731,#1739));
#1713 = ORIENTED_EDGE('',*,*,#1714,.T.);
#1714 = EDGE_CURVE('',#1715,#1717,#1719,.T.);
#1715 = VERTEX_POINT('',#1716);
#1716 = CARTESIAN_POINT('',(-0.210306568082,-0.18,-3.68));
#1717 = VERTEX_POINT('',#1718);
#1718 = CARTESIAN_POINT('',(-0.210306568082,-0.18,3.68));
#1719 = LINE('',#1720,#1721);
#1720 = CARTESIAN_POINT('',(-0.210306568082,-0.18,-3.68));
#1721 = VECTOR('',#1722,1.);
#1722 = DIRECTION('',(0.,0.,1.));
#1723 = ORIENTED_EDGE('',*,*,#1724,.T.);
#1724 = EDGE_CURVE('',#1717,#1725,#1727,.T.);
#1725 = VERTEX_POINT('',#1726);
#1726 = CARTESIAN_POINT('',(106.46311990761,-0.18,3.68));
#1727 = LINE('',#1728,#1729);
#1728 = CARTESIAN_POINT('',(0.,-0.18,3.68));
#1729 = VECTOR('',#1730,1.);
#1730 = DIRECTION('',(1.,0.,0.));
#1731 = ORIENTED_EDGE('',*,*,#1732,.F.);
#1732 = EDGE_CURVE('',#1733,#1725,#1735,.T.);
#1733 = VERTEX_POINT('',#1734);
#1734 = CARTESIAN_POINT('',(106.46311990761,-0.18,-3.68));
#1735 = LINE('',#1736,#1737);
#1736 = CARTESIAN_POINT('',(106.46311990761,-0.18,-3.68));
#1737 = VECTOR('',#1738,1.);
#1738 = DIRECTION('',(0.,0.,1.));
#1739 = ORIENTED_EDGE('',*,*,#1740,.F.);
#1740 = EDGE_CURVE('',#1715,#1733,#1741,.T.);
#1741 = LINE('',#1742,#1743);
#1742 = CARTESIAN_POINT('',(0.,-0.18,-3.68));
#1743 = VECTOR('',#1744,1.);
#1744 = DIRECTION('',(1.,0.,0.));
#1745 = PLANE('',#1746);
#1746 = AXIS2_PLACEMENT_3D('',#1747,#1748,#1749);
#1747 = CARTESIAN_POINT('',(-0.210306568082,-0.18,-3.68));
#1748 = DIRECTION('',(0.,1.,0.));
#1749 = DIRECTION('',(1.,0.,0.));
#1750 = ADVANCED_FACE('',(#1751),#1776,.F.);
#1751 = FACE_BOUND('',#1752,.F.);
#1752 = EDGE_LOOP('',(#1753,#1763,#1769,#1770));
#1753 = ORIENTED_EDGE('',*,*,#1754,.T.);
#1754 = EDGE_CURVE('',#1755,#1757,#1759,.T.);
#1755 = VERTEX_POINT('',#1756);
#1756 = CARTESIAN_POINT('',(29.68743919108,191.18,-3.68));
#1757 = VERTEX_POINT('',#1758);
#1758 = CARTESIAN_POINT('',(29.68743919108,191.18,3.68));
#1759 = LINE('',#1760,#1761);
#1760 = CARTESIAN_POINT('',(29.68743919108,191.18,-3.68));
#1761 = VECTOR('',#1762,1.);
#1762 = DIRECTION('',(0.,0.,1.));
#1763 = ORIENTED_EDGE('',*,*,#1764,.T.);
#1764 = EDGE_CURVE('',#1757,#1717,#1765,.T.);
#1765 = LINE('',#1766,#1767);
#1766 = CARTESIAN_POINT('',(29.663657514394,191.02778579337,3.68));
#1767 = VECTOR('',#1768,1.);
#1768 = DIRECTION('',(-0.154365518738,-0.988013808924,0.));
#1769 = ORIENTED_EDGE('',*,*,#1714,.F.);
#1770 = ORIENTED_EDGE('',*,*,#1771,.F.);
#1771 = EDGE_CURVE('',#1755,#1715,#1772,.T.);
#1772 = LINE('',#1773,#1774);
#1773 = CARTESIAN_POINT('',(29.663657514394,191.02778579337,-3.68));
#1774 = VECTOR('',#1775,1.);
#1775 = DIRECTION('',(-0.154365518738,-0.988013808924,0.));
#1776 = PLANE('',#1777);
#1777 = AXIS2_PLACEMENT_3D('',#1778,#1779,#1780);
#1778 = CARTESIAN_POINT('',(29.68743919108,191.18,-3.68));
#1779 = DIRECTION('',(0.988013808924,-0.154365518738,0.));
#1780 = DIRECTION('',(-0.154365518738,-0.988013808924,0.));
#1781 = ADVANCED_FACE('',(#1782),#1807,.F.);
#1782 = FACE_BOUND('',#1783,.F.);
#1783 = EDGE_LOOP('',(#1784,#1785,#1793,#1801));
#1784 = ORIENTED_EDGE('',*,*,#1732,.T.);
#1785 = ORIENTED_EDGE('',*,*,#1786,.T.);
#1786 = EDGE_CURVE('',#1725,#1787,#1789,.T.);
#1787 = VERTEX_POINT('',#1788);
#1788 = CARTESIAN_POINT('',(151.54793666154,191.18,3.68));
#1789 = LINE('',#1790,#1791);
#1790 = CARTESIAN_POINT('',(106.49580305276,-4.127820614816E-02,3.68));
#1791 = VECTOR('',#1792,1.);
#1792 = DIRECTION('',(0.22932336749,0.973350293123,0.));
#1793 = ORIENTED_EDGE('',*,*,#1794,.F.);
#1794 = EDGE_CURVE('',#1795,#1787,#1797,.T.);
#1795 = VERTEX_POINT('',#1796);
#1796 = CARTESIAN_POINT('',(151.54793666154,191.18,-3.68));
#1797 = LINE('',#1798,#1799);
#1798 = CARTESIAN_POINT('',(151.54793666154,191.18,-3.68));
#1799 = VECTOR('',#1800,1.);
#1800 = DIRECTION('',(0.,0.,1.));
#1801 = ORIENTED_EDGE('',*,*,#1802,.F.);
#1802 = EDGE_CURVE('',#1733,#1795,#1803,.T.);
#1803 = LINE('',#1804,#1805);
#1804 = CARTESIAN_POINT('',(106.49580305276,-4.127820614816E-02,-3.68));
#1805 = VECTOR('',#1806,1.);
#1806 = DIRECTION('',(0.22932336749,0.973350293123,0.));
#1807 = PLANE('',#1808);
#1808 = AXIS2_PLACEMENT_3D('',#1809,#1810,#1811);
#1809 = CARTESIAN_POINT('',(106.46311990761,-0.18,-3.68));
#1810 = DIRECTION('',(-0.973350293123,0.22932336749,0.));
#1811 = DIRECTION('',(0.22932336749,0.973350293123,0.));
#1812 = ADVANCED_FACE('',(#1813),#1824,.F.);
#1813 = FACE_BOUND('',#1814,.T.);
#1814 = EDGE_LOOP('',(#1815,#1816,#1817,#1823));
#1815 = ORIENTED_EDGE('',*,*,#1740,.F.);
#1816 = ORIENTED_EDGE('',*,*,#1771,.F.);
#1817 = ORIENTED_EDGE('',*,*,#1818,.F.);
#1818 = EDGE_CURVE('',#1795,#1755,#1819,.T.);
#1819 = LINE('',#1820,#1821);
#1820 = CARTESIAN_POINT('',(151.3206,191.18,-3.68));
#1821 = VECTOR('',#1822,1.);
#1822 = DIRECTION('',(-1.,0.,0.));
#1823 = ORIENTED_EDGE('',*,*,#1802,.F.);
#1824 = PLANE('',#1825);
#1825 = AXIS2_PLACEMENT_3D('',#1826,#1827,#1828);
#1826 = CARTESIAN_POINT('',(72.598755347914,97.844934706626,-3.68));
#1827 = DIRECTION('',(0.,0.,1.));
#1828 = DIRECTION('',(1.,0.,-0.));
#1829 = ADVANCED_FACE('',(#1830),#1841,.T.);
#1830 = FACE_BOUND('',#1831,.F.);
#1831 = EDGE_LOOP('',(#1832,#1833,#1834,#1840));
#1832 = ORIENTED_EDGE('',*,*,#1724,.F.);
#1833 = ORIENTED_EDGE('',*,*,#1764,.F.);
#1834 = ORIENTED_EDGE('',*,*,#1835,.F.);
#1835 = EDGE_CURVE('',#1787,#1757,#1836,.T.);
#1836 = LINE('',#1837,#1838);
#1837 = CARTESIAN_POINT('',(151.3206,191.18,3.68));
#1838 = VECTOR('',#1839,1.);
#1839 = DIRECTION('',(-1.,0.,0.));
#1840 = ORIENTED_EDGE('',*,*,#1786,.F.);
#1841 = PLANE('',#1842);
#1842 = AXIS2_PLACEMENT_3D('',#1843,#1844,#1845);
#1843 = CARTESIAN_POINT('',(72.598755347914,97.844934706626,3.68));
#1844 = DIRECTION('',(0.,0.,1.));
#1845 = DIRECTION('',(1.,0.,-0.));
#1846 = ADVANCED_FACE('',(#1847,#1853),#1887,.F.);
#1847 = FACE_BOUND('',#1848,.F.);
#1848 = EDGE_LOOP('',(#1849,#1850,#1851,#1852));
#1849 = ORIENTED_EDGE('',*,*,#1794,.T.);
#1850 = ORIENTED_EDGE('',*,*,#1835,.T.);
#1851 = ORIENTED_EDGE('',*,*,#1754,.F.);
#1852 = ORIENTED_EDGE('',*,*,#1818,.F.);
#1853 = FACE_BOUND('',#1854,.F.);
#1854 = EDGE_LOOP('',(#1855,#1865,#1873,#1881));
#1855 = ORIENTED_EDGE('',*,*,#1856,.T.);
#1856 = EDGE_CURVE('',#1857,#1859,#1861,.T.);
#1857 = VERTEX_POINT('',#1858);
#1858 = CARTESIAN_POINT('',(92.7055,191.18,-3.));
#1859 = VERTEX_POINT('',#1860);
#1860 = CARTESIAN_POINT('',(74.7055,191.18,-3.));
#1861 = LINE('',#1862,#1863);
#1862 = CARTESIAN_POINT('',(113.12671833077,191.18,-3.));
#1863 = VECTOR('',#1864,1.);
#1864 = DIRECTION('',(-1.,0.,0.));
#1865 = ORIENTED_EDGE('',*,*,#1866,.T.);
#1866 = EDGE_CURVE('',#1859,#1867,#1869,.T.);
#1867 = VERTEX_POINT('',#1868);
#1868 = CARTESIAN_POINT('',(74.7055,191.18,3.));
#1869 = LINE('',#1870,#1871);
#1870 = CARTESIAN_POINT('',(74.7055,191.18,-3.34));
#1871 = VECTOR('',#1872,1.);
#1872 = DIRECTION('',(0.,0.,1.));
#1873 = ORIENTED_EDGE('',*,*,#1874,.F.);
#1874 = EDGE_CURVE('',#1875,#1867,#1877,.T.);
#1875 = VERTEX_POINT('',#1876);
#1876 = CARTESIAN_POINT('',(92.7055,191.18,3.));
#1877 = LINE('',#1878,#1879);
#1878 = CARTESIAN_POINT('',(113.12671833077,191.18,3.));
#1879 = VECTOR('',#1880,1.);
#1880 = DIRECTION('',(-1.,0.,0.));
#1881 = ORIENTED_EDGE('',*,*,#1882,.F.);
#1882 = EDGE_CURVE('',#1857,#1875,#1883,.T.);
#1883 = LINE('',#1884,#1885);
#1884 = CARTESIAN_POINT('',(92.7055,191.18,-3.34));
#1885 = VECTOR('',#1886,1.);
#1886 = DIRECTION('',(0.,0.,1.));
#1887 = PLANE('',#1888);
#1888 = AXIS2_PLACEMENT_3D('',#1889,#1890,#1891);
#1889 = CARTESIAN_POINT('',(151.54793666154,191.18,-3.68));
#1890 = DIRECTION('',(0.,-1.,0.));
#1891 = DIRECTION('',(-1.,0.,0.));
#1892 = ADVANCED_FACE('',(#1893),#1918,.T.);
#1893 = FACE_BOUND('',#1894,.T.);
#1894 = EDGE_LOOP('',(#1895,#1903,#1911,#1917));
#1895 = ORIENTED_EDGE('',*,*,#1896,.F.);
#1896 = EDGE_CURVE('',#1897,#1859,#1899,.T.);
#1897 = VERTEX_POINT('',#1898);
#1898 = CARTESIAN_POINT('',(74.7055,191.15,-3.));
#1899 = LINE('',#1900,#1901);
#1900 = CARTESIAN_POINT('',(74.7055,190.5,-3.));
#1901 = VECTOR('',#1902,1.);
#1902 = DIRECTION('',(-0.,1.,0.));
#1903 = ORIENTED_EDGE('',*,*,#1904,.F.);
#1904 = EDGE_CURVE('',#1905,#1897,#1907,.T.);
#1905 = VERTEX_POINT('',#1906);
#1906 = CARTESIAN_POINT('',(92.7055,191.15,-3.));
#1907 = LINE('',#1908,#1909);
#1908 = CARTESIAN_POINT('',(113.10777360897,191.15,-3.));
#1909 = VECTOR('',#1910,1.);
#1910 = DIRECTION('',(-1.,0.,0.));
#1911 = ORIENTED_EDGE('',*,*,#1912,.T.);
#1912 = EDGE_CURVE('',#1905,#1857,#1913,.T.);
#1913 = LINE('',#1914,#1915);
#1914 = CARTESIAN_POINT('',(92.7055,190.5,-3.));
#1915 = VECTOR('',#1916,1.);
#1916 = DIRECTION('',(-0.,1.,0.));
#1917 = ORIENTED_EDGE('',*,*,#1856,.T.);
#1918 = PLANE('',#1919);
#1919 = AXIS2_PLACEMENT_3D('',#1920,#1921,#1922);
#1920 = CARTESIAN_POINT('',(74.7055,190.5,-3.));
#1921 = DIRECTION('',(0.,0.,1.));
#1922 = DIRECTION('',(1.,0.,-0.));
#1923 = ADVANCED_FACE('',(#1924),#1942,.F.);
#1924 = FACE_BOUND('',#1925,.F.);
#1925 = EDGE_LOOP('',(#1926,#1934,#1940,#1941));
#1926 = ORIENTED_EDGE('',*,*,#1927,.F.);
#1927 = EDGE_CURVE('',#1928,#1875,#1930,.T.);
#1928 = VERTEX_POINT('',#1929);
#1929 = CARTESIAN_POINT('',(92.7055,191.15,3.));
#1930 = LINE('',#1931,#1932);
#1931 = CARTESIAN_POINT('',(92.7055,190.5,3.));
#1932 = VECTOR('',#1933,1.);
#1933 = DIRECTION('',(-0.,1.,0.));
#1934 = ORIENTED_EDGE('',*,*,#1935,.F.);
#1935 = EDGE_CURVE('',#1905,#1928,#1936,.T.);
#1936 = LINE('',#1937,#1938);
#1937 = CARTESIAN_POINT('',(92.7055,191.15,-3.325));
#1938 = VECTOR('',#1939,1.);
#1939 = DIRECTION('',(0.,0.,1.));
#1940 = ORIENTED_EDGE('',*,*,#1912,.T.);
#1941 = ORIENTED_EDGE('',*,*,#1882,.T.);
#1942 = PLANE('',#1943);
#1943 = AXIS2_PLACEMENT_3D('',#1944,#1945,#1946);
#1944 = CARTESIAN_POINT('',(92.7055,190.5,-3.));
#1945 = DIRECTION('',(1.,0.,-0.));
#1946 = DIRECTION('',(0.,0.,1.));
#1947 = ADVANCED_FACE('',(#1948),#1966,.F.);
#1948 = FACE_BOUND('',#1949,.F.);
#1949 = EDGE_LOOP('',(#1950,#1958,#1964,#1965));
#1950 = ORIENTED_EDGE('',*,*,#1951,.F.);
#1951 = EDGE_CURVE('',#1952,#1867,#1954,.T.);
#1952 = VERTEX_POINT('',#1953);
#1953 = CARTESIAN_POINT('',(74.7055,191.15,3.));
#1954 = LINE('',#1955,#1956);
#1955 = CARTESIAN_POINT('',(74.7055,190.5,3.));
#1956 = VECTOR('',#1957,1.);
#1957 = DIRECTION('',(-0.,1.,0.));
#1958 = ORIENTED_EDGE('',*,*,#1959,.F.);
#1959 = EDGE_CURVE('',#1928,#1952,#1960,.T.);
#1960 = LINE('',#1961,#1962);
#1961 = CARTESIAN_POINT('',(113.10777360897,191.15,3.));
#1962 = VECTOR('',#1963,1.);
#1963 = DIRECTION('',(-1.,0.,0.));
#1964 = ORIENTED_EDGE('',*,*,#1927,.T.);
#1965 = ORIENTED_EDGE('',*,*,#1874,.T.);
#1966 = PLANE('',#1967);
#1967 = AXIS2_PLACEMENT_3D('',#1968,#1969,#1970);
#1968 = CARTESIAN_POINT('',(74.7055,190.5,3.));
#1969 = DIRECTION('',(0.,0.,1.));
#1970 = DIRECTION('',(1.,0.,-0.));
#1971 = ADVANCED_FACE('',(#1972),#1983,.T.);
#1972 = FACE_BOUND('',#1973,.T.);
#1973 = EDGE_LOOP('',(#1974,#1975,#1981,#1982));
#1974 = ORIENTED_EDGE('',*,*,#1951,.F.);
#1975 = ORIENTED_EDGE('',*,*,#1976,.F.);
#1976 = EDGE_CURVE('',#1897,#1952,#1977,.T.);
#1977 = LINE('',#1978,#1979);
#1978 = CARTESIAN_POINT('',(74.7055,191.15,-3.325));
#1979 = VECTOR('',#1980,1.);
#1980 = DIRECTION('',(0.,0.,1.));
#1981 = ORIENTED_EDGE('',*,*,#1896,.T.);
#1982 = ORIENTED_EDGE('',*,*,#1866,.T.);
#1983 = PLANE('',#1984);
#1984 = AXIS2_PLACEMENT_3D('',#1985,#1986,#1987);
#1985 = CARTESIAN_POINT('',(74.7055,190.5,-3.));
#1986 = DIRECTION('',(1.,0.,-0.));
#1987 = DIRECTION('',(0.,0.,1.));
#1988 = ADVANCED_FACE('',(#1989,#2023),#2029,.T.);
#1989 = FACE_BOUND('',#1990,.T.);
#1990 = EDGE_LOOP('',(#1991,#2001,#2009,#2017));
#1991 = ORIENTED_EDGE('',*,*,#1992,.T.);
#1992 = EDGE_CURVE('',#1993,#1995,#1997,.T.);
#1993 = VERTEX_POINT('',#1994);
#1994 = CARTESIAN_POINT('',(151.51004721795,191.15,-3.65));
#1995 = VERTEX_POINT('',#1996);
#1996 = CARTESIAN_POINT('',(151.51004721795,191.15,3.65));
#1997 = LINE('',#1998,#1999);
#1998 = CARTESIAN_POINT('',(151.51004721795,191.15,-3.65));
#1999 = VECTOR('',#2000,1.);
#2000 = DIRECTION('',(0.,0.,1.));
#2001 = ORIENTED_EDGE('',*,*,#2002,.T.);
#2002 = EDGE_CURVE('',#1995,#2003,#2005,.T.);
#2003 = VERTEX_POINT('',#2004);
#2004 = CARTESIAN_POINT('',(29.713115992567,191.15,3.65));
#2005 = LINE('',#2006,#2007);
#2006 = CARTESIAN_POINT('',(151.3206,191.15,3.65));
#2007 = VECTOR('',#2008,1.);
#2008 = DIRECTION('',(-1.,0.,0.));
#2009 = ORIENTED_EDGE('',*,*,#2010,.F.);
#2010 = EDGE_CURVE('',#2011,#2003,#2013,.T.);
#2011 = VERTEX_POINT('',#2012);
#2012 = CARTESIAN_POINT('',(29.713115992567,191.15,-3.65));
#2013 = LINE('',#2014,#2015);
#2014 = CARTESIAN_POINT('',(29.713115992567,191.15,-3.65));
#2015 = VECTOR('',#2016,1.);
#2016 = DIRECTION('',(0.,0.,1.));
#2017 = ORIENTED_EDGE('',*,*,#2018,.F.);
#2018 = EDGE_CURVE('',#1993,#2011,#2019,.T.);
#2019 = LINE('',#2020,#2021);
#2020 = CARTESIAN_POINT('',(151.3206,191.15,-3.65));
#2021 = VECTOR('',#2022,1.);
#2022 = DIRECTION('',(-1.,0.,0.));
#2023 = FACE_BOUND('',#2024,.T.);
#2024 = EDGE_LOOP('',(#2025,#2026,#2027,#2028));
#2025 = ORIENTED_EDGE('',*,*,#1904,.T.);
#2026 = ORIENTED_EDGE('',*,*,#1976,.T.);
#2027 = ORIENTED_EDGE('',*,*,#1959,.F.);
#2028 = ORIENTED_EDGE('',*,*,#1935,.F.);
#2029 = PLANE('',#2030);
#2030 = AXIS2_PLACEMENT_3D('',#2031,#2032,#2033);
#2031 = CARTESIAN_POINT('',(151.51004721795,191.15,-3.65));
#2032 = DIRECTION('',(0.,-1.,0.));
#2033 = DIRECTION('',(-1.,0.,0.));
#2034 = ADVANCED_FACE('',(#2035),#2060,.T.);
#2035 = FACE_BOUND('',#2036,.T.);
#2036 = EDGE_LOOP('',(#2037,#2047,#2053,#2054));
#2037 = ORIENTED_EDGE('',*,*,#2038,.T.);
#2038 = EDGE_CURVE('',#2039,#2041,#2043,.T.);
#2039 = VERTEX_POINT('',#2040);
#2040 = CARTESIAN_POINT('',(106.43936658967,-0.15,-3.65));
#2041 = VERTEX_POINT('',#2042);
#2042 = CARTESIAN_POINT('',(106.43936658967,-0.15,3.65));
#2043 = LINE('',#2044,#2045);
#2044 = CARTESIAN_POINT('',(106.43936658967,-0.15,-3.65));
#2045 = VECTOR('',#2046,1.);
#2046 = DIRECTION('',(0.,0.,1.));
#2047 = ORIENTED_EDGE('',*,*,#2048,.T.);
#2048 = EDGE_CURVE('',#2041,#1995,#2049,.T.);
#2049 = LINE('',#2050,#2051);
#2050 = CARTESIAN_POINT('',(106.46660254396,-3.439850512346E-02,3.65));
#2051 = VECTOR('',#2052,1.);
#2052 = DIRECTION('',(0.22932336749,0.973350293123,0.));
#2053 = ORIENTED_EDGE('',*,*,#1992,.F.);
#2054 = ORIENTED_EDGE('',*,*,#2055,.F.);
#2055 = EDGE_CURVE('',#2039,#1993,#2056,.T.);
#2056 = LINE('',#2057,#2058);
#2057 = CARTESIAN_POINT('',(106.46660254396,-3.439850512346E-02,-3.65));
#2058 = VECTOR('',#2059,1.);
#2059 = DIRECTION('',(0.22932336749,0.973350293123,0.));
#2060 = PLANE('',#2061);
#2061 = AXIS2_PLACEMENT_3D('',#2062,#2063,#2064);
#2062 = CARTESIAN_POINT('',(106.43936658967,-0.15,-3.65));
#2063 = DIRECTION('',(-0.973350293123,0.22932336749,0.));
#2064 = DIRECTION('',(0.22932336749,0.973350293123,0.));
#2065 = ADVANCED_FACE('',(#2066),#2084,.T.);
#2066 = FACE_BOUND('',#2067,.F.);
#2067 = EDGE_LOOP('',(#2068,#2076,#2082,#2083));
#2068 = ORIENTED_EDGE('',*,*,#2069,.F.);
#2069 = EDGE_CURVE('',#2070,#2039,#2072,.T.);
#2070 = VERTEX_POINT('',#2071);
#2071 = CARTESIAN_POINT('',(-0.175255473402,-0.15,-3.65));
#2072 = LINE('',#2073,#2074);
#2073 = CARTESIAN_POINT('',(0.,-0.15,-3.65));
#2074 = VECTOR('',#2075,1.);
#2075 = DIRECTION('',(1.,0.,0.));
#2076 = ORIENTED_EDGE('',*,*,#2077,.F.);
#2077 = EDGE_CURVE('',#2011,#2070,#2078,.T.);
#2078 = LINE('',#2079,#2080);
#2079 = CARTESIAN_POINT('',(29.693297928661,191.02315482781,-3.65));
#2080 = VECTOR('',#2081,1.);
#2081 = DIRECTION('',(-0.154365518738,-0.988013808924,0.));
#2082 = ORIENTED_EDGE('',*,*,#2018,.F.);
#2083 = ORIENTED_EDGE('',*,*,#2055,.F.);
#2084 = PLANE('',#2085);
#2085 = AXIS2_PLACEMENT_3D('',#2086,#2087,#2088);
#2086 = CARTESIAN_POINT('',(72.598755347914,97.844934706626,-3.65));
#2087 = DIRECTION('',(0.,0.,1.));
#2088 = DIRECTION('',(1.,0.,-0.));
#2089 = ADVANCED_FACE('',(#2090),#2108,.F.);
#2090 = FACE_BOUND('',#2091,.T.);
#2091 = EDGE_LOOP('',(#2092,#2100,#2106,#2107));
#2092 = ORIENTED_EDGE('',*,*,#2093,.F.);
#2093 = EDGE_CURVE('',#2094,#2041,#2096,.T.);
#2094 = VERTEX_POINT('',#2095);
#2095 = CARTESIAN_POINT('',(-0.175255473402,-0.15,3.65));
#2096 = LINE('',#2097,#2098);
#2097 = CARTESIAN_POINT('',(0.,-0.15,3.65));
#2098 = VECTOR('',#2099,1.);
#2099 = DIRECTION('',(1.,0.,0.));
#2100 = ORIENTED_EDGE('',*,*,#2101,.F.);
#2101 = EDGE_CURVE('',#2003,#2094,#2102,.T.);
#2102 = LINE('',#2103,#2104);
#2103 = CARTESIAN_POINT('',(29.693297928661,191.02315482781,3.65));
#2104 = VECTOR('',#2105,1.);
#2105 = DIRECTION('',(-0.154365518738,-0.988013808924,0.));
#2106 = ORIENTED_EDGE('',*,*,#2002,.F.);
#2107 = ORIENTED_EDGE('',*,*,#2048,.F.);
#2108 = PLANE('',#2109);
#2109 = AXIS2_PLACEMENT_3D('',#2110,#2111,#2112);
#2110 = CARTESIAN_POINT('',(72.598755347914,97.844934706626,3.65));
#2111 = DIRECTION('',(0.,0.,1.));
#2112 = DIRECTION('',(1.,0.,-0.));
#2113 = ADVANCED_FACE('',(#2114),#2125,.T.);
#2114 = FACE_BOUND('',#2115,.T.);
#2115 = EDGE_LOOP('',(#2116,#2117,#2118,#2124));
#2116 = ORIENTED_EDGE('',*,*,#2010,.T.);
#2117 = ORIENTED_EDGE('',*,*,#2101,.T.);
#2118 = ORIENTED_EDGE('',*,*,#2119,.F.);
#2119 = EDGE_CURVE('',#2070,#2094,#2120,.T.);
#2120 = LINE('',#2121,#2122);
#2121 = CARTESIAN_POINT('',(-0.175255473402,-0.15,-3.65));
#2122 = VECTOR('',#2123,1.);
#2123 = DIRECTION('',(0.,0.,1.));
#2124 = ORIENTED_EDGE('',*,*,#2077,.F.);
#2125 = PLANE('',#2126);
#2126 = AXIS2_PLACEMENT_3D('',#2127,#2128,#2129);
#2127 = CARTESIAN_POINT('',(29.713115992567,191.15,-3.65));
#2128 = DIRECTION('',(0.988013808924,-0.154365518738,0.));
#2129 = DIRECTION('',(-0.154365518738,-0.988013808924,0.));
#2130 = ADVANCED_FACE('',(#2131),#2137,.T.);
#2131 = FACE_BOUND('',#2132,.T.);
#2132 = EDGE_LOOP('',(#2133,#2134,#2135,#2136));
#2133 = ORIENTED_EDGE('',*,*,#2119,.T.);
#2134 = ORIENTED_EDGE('',*,*,#2093,.T.);
#2135 = ORIENTED_EDGE('',*,*,#2038,.F.);
#2136 = ORIENTED_EDGE('',*,*,#2069,.F.);
#2137 = PLANE('',#2138);
#2138 = AXIS2_PLACEMENT_3D('',#2139,#2140,#2141);
#2139 = CARTESIAN_POINT('',(-0.175255473402,-0.15,-3.65));
#2140 = DIRECTION('',(0.,1.,0.));
#2141 = DIRECTION('',(1.,0.,0.));
#2142 = ( GEOMETRIC_REPRESENTATION_CONTEXT(3) 
GLOBAL_UNCERTAINTY_ASSIGNED_CONTEXT((#2146)) 
GLOBAL_UNIT_ASSIGNED_CONTEXT((#2143,#2144,#2145)) REPRESENTATION_CONTEXT
('Context #1','3D Context with UNIT and UNCERTAINTY') );
#2143 = ( LENGTH_UNIT() NAMED_UNIT(*) SI_UNIT(.MILLI.,.METRE.) );
#2144 = ( NAMED_UNIT(*) PLANE_ANGLE_UNIT() SI_UNIT($,.RADIAN.) );
#2145 = ( NAMED_UNIT(*) SI_UNIT($,.STERADIAN.) SOLID_ANGLE_UNIT() );
#2146 = UNCERTAINTY_MEASURE_WITH_UNIT(LENGTH_MEASURE(1.E-07),#2143,
  'distance_accuracy_value','confusion accuracy');
#2147 = CONTEXT_DEPENDENT_SHAPE_REPRESENTATION(#2148,#2150);
#2148 = ( REPRESENTATION_RELATIONSHIP('','',#1707,#10) 
REPRESENTATION_RELATIONSHIP_WITH_TRANSFORMATION(#2149) 
SHAPE_REPRESENTATION_RELATIONSHIP() );
#2149 = ITEM_DEFINED_TRANSFORMATION('','',#11,#31);
#2150 = PRODUCT_DEFINITION_SHAPE('Placement','Placement of an item',
  #2151);
#2151 = NEXT_ASSEMBLY_USAGE_OCCURRENCE('5','Tile0_WrapCling','',#5,#1702
  ,$);
#2152 = PRODUCT_RELATED_PRODUCT_CATEGORY('part',$,(#1704));
#2153 = SHAPE_DEFINITION_REPRESENTATION(#2154,#2160);
#2154 = PRODUCT_DEFINITION_SHAPE('','',#2155);
#2155 = PRODUCT_DEFINITION('design','',#2156,#2159);
#2156 = PRODUCT_DEFINITION_FORMATION('','',#2157);
#2157 = PRODUCT('Tile0_WrapVinyl','Tile0_WrapVinyl','',(#2158));
#2158 = PRODUCT_CONTEXT('',#2,'mechanical');
#2159 = PRODUCT_DEFINITION_CONTEXT('part definition',#2,'design');
#2160 = ADVANCED_BREP_SHAPE_REPRESENTATION('',(#11,#2161),#2595);
#2161 = MANIFOLD_SOLID_BREP('',#2162);
#2162 = CLOSED_SHELL('',(#2163,#2203,#2234,#2265,#2282,#2299,#2345,#2376
    ,#2400,#2424,#2441,#2487,#2518,#2542,#2566,#2583));
#2163 = ADVANCED_FACE('',(#2164),#2198,.F.);
#2164 = FACE_BOUND('',#2165,.F.);
#2165 = EDGE_LOOP('',(#2166,#2176,#2184,#2192));
#2166 = ORIENTED_EDGE('',*,*,#2167,.T.);
#2167 = EDGE_CURVE('',#2168,#2170,#2172,.T.);
#2168 = VERTEX_POINT('',#2169);
#2169 = CARTESIAN_POINT('',(-0.32714355035,-0.28,-3.78));
#2170 = VERTEX_POINT('',#2171);
#2171 = CARTESIAN_POINT('',(-0.32714355035,-0.28,3.78));
#2172 = LINE('',#2173,#2174);
#2173 = CARTESIAN_POINT('',(-0.32714355035,-0.28,-3.78));
#2174 = VECTOR('',#2175,1.);
#2175 = DIRECTION('',(0.,0.,1.));
#2176 = ORIENTED_EDGE('',*,*,#2177,.T.);
#2177 = EDGE_CURVE('',#2170,#2178,#2180,.T.);
#2178 = VERTEX_POINT('',#2179);
#2179 = CARTESIAN_POINT('',(106.54229763406,-0.28,3.78));
#2180 = LINE('',#2181,#2182);
#2181 = CARTESIAN_POINT('',(0.,-0.28,3.78));
#2182 = VECTOR('',#2183,1.);
#2183 = DIRECTION('',(1.,0.,0.));
#2184 = ORIENTED_EDGE('',*,*,#2185,.F.);
#2185 = EDGE_CURVE('',#2186,#2178,#2188,.T.);
#2186 = VERTEX_POINT('',#2187);
#2187 = CARTESIAN_POINT('',(106.54229763406,-0.28,-3.78));
#2188 = LINE('',#2189,#2190);
#2189 = CARTESIAN_POINT('',(106.54229763406,-0.28,-3.78));
#2190 = VECTOR('',#2191,1.);
#2191 = DIRECTION('',(0.,0.,1.));
#2192 = ORIENTED_EDGE('',*,*,#2193,.F.);
#2193 = EDGE_CURVE('',#2168,#2186,#2194,.T.);
#2194 = LINE('',#2195,#2196);
#2195 = CARTESIAN_POINT('',(0.,-0.28,-3.78));
#2196 = VECTOR('',#2197,1.);
#2197 = DIRECTION('',(1.,0.,0.));
#2198 = PLANE('',#2199);
#2199 = AXIS2_PLACEMENT_3D('',#2200,#2201,#2202);
#2200 = CARTESIAN_POINT('',(-0.32714355035,-0.28,-3.78));
#2201 = DIRECTION('',(0.,1.,0.));
#2202 = DIRECTION('',(1.,0.,0.));
#2203 = ADVANCED_FACE('',(#2204),#2229,.F.);
#2204 = FACE_BOUND('',#2205,.F.);
#2205 = EDGE_LOOP('',(#2206,#2216,#2222,#2223));
#2206 = ORIENTED_EDGE('',*,*,#2207,.T.);
#2207 = EDGE_CURVE('',#2208,#2210,#2212,.T.);
#2208 = VERTEX_POINT('',#2209);
#2209 = CARTESIAN_POINT('',(29.601849852791,191.28,-3.78));
#2210 = VERTEX_POINT('',#2211);
#2211 = CARTESIAN_POINT('',(29.601849852791,191.28,3.78));
#2212 = LINE('',#2213,#2214);
#2213 = CARTESIAN_POINT('',(29.601849852791,191.28,-3.78));
#2214 = VECTOR('',#2215,1.);
#2215 = DIRECTION('',(0.,0.,1.));
#2216 = ORIENTED_EDGE('',*,*,#2217,.T.);
#2217 = EDGE_CURVE('',#2210,#2170,#2218,.T.);
#2218 = LINE('',#2219,#2220);
#2219 = CARTESIAN_POINT('',(29.564856133501,191.04322234524,3.78));
#2220 = VECTOR('',#2221,1.);
#2221 = DIRECTION('',(-0.154365518738,-0.988013808924,0.));
#2222 = ORIENTED_EDGE('',*,*,#2167,.F.);
#2223 = ORIENTED_EDGE('',*,*,#2224,.F.);
#2224 = EDGE_CURVE('',#2208,#2168,#2225,.T.);
#2225 = LINE('',#2226,#2227);
#2226 = CARTESIAN_POINT('',(29.564856133501,191.04322234524,-3.78));
#2227 = VECTOR('',#2228,1.);
#2228 = DIRECTION('',(-0.154365518738,-0.988013808924,0.));
#2229 = PLANE('',#2230);
#2230 = AXIS2_PLACEMENT_3D('',#2231,#2232,#2233);
#2231 = CARTESIAN_POINT('',(29.601849852791,191.28,-3.78));
#2232 = DIRECTION('',(0.988013808924,-0.154365518738,0.));
#2233 = DIRECTION('',(-0.154365518738,-0.988013808924,0.));
#2234 = ADVANCED_FACE('',(#2235),#2260,.F.);
#2235 = FACE_BOUND('',#2236,.F.);
#2236 = EDGE_LOOP('',(#2237,#2238,#2246,#2254));
#2237 = ORIENTED_EDGE('',*,*,#2185,.T.);
#2238 = ORIENTED_EDGE('',*,*,#2239,.T.);
#2239 = EDGE_CURVE('',#2178,#2240,#2242,.T.);
#2240 = VERTEX_POINT('',#2241);
#2241 = CARTESIAN_POINT('',(151.67423480684,191.28,3.78));
#2242 = LINE('',#2243,#2244);
#2243 = CARTESIAN_POINT('',(106.59313808207,-6.421054289714E-02,3.78));
#2244 = VECTOR('',#2245,1.);
#2245 = DIRECTION('',(0.22932336749,0.973350293123,0.));
#2246 = ORIENTED_EDGE('',*,*,#2247,.F.);
#2247 = EDGE_CURVE('',#2248,#2240,#2250,.T.);
#2248 = VERTEX_POINT('',#2249);
#2249 = CARTESIAN_POINT('',(151.67423480684,191.28,-3.78));
#2250 = LINE('',#2251,#2252);
#2251 = CARTESIAN_POINT('',(151.67423480684,191.28,-3.78));
#2252 = VECTOR('',#2253,1.);
#2253 = DIRECTION('',(0.,0.,1.));
#2254 = ORIENTED_EDGE('',*,*,#2255,.F.);
#2255 = EDGE_CURVE('',#2186,#2248,#2256,.T.);
#2256 = LINE('',#2257,#2258);
#2257 = CARTESIAN_POINT('',(106.59313808207,-6.421054289714E-02,-3.78));
#2258 = VECTOR('',#2259,1.);
#2259 = DIRECTION('',(0.22932336749,0.973350293123,0.));
#2260 = PLANE('',#2261);
#2261 = AXIS2_PLACEMENT_3D('',#2262,#2263,#2264);
#2262 = CARTESIAN_POINT('',(106.54229763406,-0.28,-3.78));
#2263 = DIRECTION('',(-0.973350293123,0.22932336749,0.));
#2264 = DIRECTION('',(0.22932336749,0.973350293123,0.));
#2265 = ADVANCED_FACE('',(#2266),#2277,.F.);
#2266 = FACE_BOUND('',#2267,.T.);
#2267 = EDGE_LOOP('',(#2268,#2269,#2270,#2276));
#2268 = ORIENTED_EDGE('',*,*,#2193,.F.);
#2269 = ORIENTED_EDGE('',*,*,#2224,.F.);
#2270 = ORIENTED_EDGE('',*,*,#2271,.F.);
#2271 = EDGE_CURVE('',#2248,#2208,#2272,.T.);
#2272 = LINE('',#2273,#2274);
#2273 = CARTESIAN_POINT('',(151.3206,191.28,-3.78));
#2274 = VECTOR('',#2275,1.);
#2275 = DIRECTION('',(-1.,0.,0.));
#2276 = ORIENTED_EDGE('',*,*,#2255,.F.);
#2277 = PLANE('',#2278);
#2278 = AXIS2_PLACEMENT_3D('',#2279,#2280,#2281);
#2279 = CARTESIAN_POINT('',(72.598755347914,97.844934706626,-3.78));
#2280 = DIRECTION('',(0.,0.,1.));
#2281 = DIRECTION('',(1.,0.,-0.));
#2282 = ADVANCED_FACE('',(#2283),#2294,.T.);
#2283 = FACE_BOUND('',#2284,.F.);
#2284 = EDGE_LOOP('',(#2285,#2286,#2287,#2293));
#2285 = ORIENTED_EDGE('',*,*,#2177,.F.);
#2286 = ORIENTED_EDGE('',*,*,#2217,.F.);
#2287 = ORIENTED_EDGE('',*,*,#2288,.F.);
#2288 = EDGE_CURVE('',#2240,#2210,#2289,.T.);
#2289 = LINE('',#2290,#2291);
#2290 = CARTESIAN_POINT('',(151.3206,191.28,3.78));
#2291 = VECTOR('',#2292,1.);
#2292 = DIRECTION('',(-1.,0.,0.));
#2293 = ORIENTED_EDGE('',*,*,#2239,.F.);
#2294 = PLANE('',#2295);
#2295 = AXIS2_PLACEMENT_3D('',#2296,#2297,#2298);
#2296 = CARTESIAN_POINT('',(72.598755347914,97.844934706626,3.78));
#2297 = DIRECTION('',(0.,0.,1.));
#2298 = DIRECTION('',(1.,0.,-0.));
#2299 = ADVANCED_FACE('',(#2300,#2306),#2340,.F.);
#2300 = FACE_BOUND('',#2301,.F.);
#2301 = EDGE_LOOP('',(#2302,#2303,#2304,#2305));
#2302 = ORIENTED_EDGE('',*,*,#2247,.T.);
#2303 = ORIENTED_EDGE('',*,*,#2288,.T.);
#2304 = ORIENTED_EDGE('',*,*,#2207,.F.);
#2305 = ORIENTED_EDGE('',*,*,#2271,.F.);
#2306 = FACE_BOUND('',#2307,.F.);
#2307 = EDGE_LOOP('',(#2308,#2318,#2326,#2334));
#2308 = ORIENTED_EDGE('',*,*,#2309,.T.);
#2309 = EDGE_CURVE('',#2310,#2312,#2314,.T.);
#2310 = VERTEX_POINT('',#2311);
#2311 = CARTESIAN_POINT('',(92.7055,191.28,-3.));
#2312 = VERTEX_POINT('',#2313);
#2313 = CARTESIAN_POINT('',(74.7055,191.28,-3.));
#2314 = LINE('',#2315,#2316);
#2315 = CARTESIAN_POINT('',(113.18986740342,191.28,-3.));
#2316 = VECTOR('',#2317,1.);
#2317 = DIRECTION('',(-1.,0.,0.));
#2318 = ORIENTED_EDGE('',*,*,#2319,.T.);
#2319 = EDGE_CURVE('',#2312,#2320,#2322,.T.);
#2320 = VERTEX_POINT('',#2321);
#2321 = CARTESIAN_POINT('',(74.7055,191.28,3.));
#2322 = LINE('',#2323,#2324);
#2323 = CARTESIAN_POINT('',(74.7055,191.28,-3.39));
#2324 = VECTOR('',#2325,1.);
#2325 = DIRECTION('',(0.,0.,1.));
#2326 = ORIENTED_EDGE('',*,*,#2327,.F.);
#2327 = EDGE_CURVE('',#2328,#2320,#2330,.T.);
#2328 = VERTEX_POINT('',#2329);
#2329 = CARTESIAN_POINT('',(92.7055,191.28,3.));
#2330 = LINE('',#2331,#2332);
#2331 = CARTESIAN_POINT('',(113.18986740342,191.28,3.));
#2332 = VECTOR('',#2333,1.);
#2333 = DIRECTION('',(-1.,0.,0.));
#2334 = ORIENTED_EDGE('',*,*,#2335,.F.);
#2335 = EDGE_CURVE('',#2310,#2328,#2336,.T.);
#2336 = LINE('',#2337,#2338);
#2337 = CARTESIAN_POINT('',(92.7055,191.28,-3.39));
#2338 = VECTOR('',#2339,1.);
#2339 = DIRECTION('',(0.,0.,1.));
#2340 = PLANE('',#2341);
#2341 = AXIS2_PLACEMENT_3D('',#2342,#2343,#2344);
#2342 = CARTESIAN_POINT('',(151.67423480684,191.28,-3.78));
#2343 = DIRECTION('',(0.,-1.,0.));
#2344 = DIRECTION('',(-1.,0.,0.));
#2345 = ADVANCED_FACE('',(#2346),#2371,.T.);
#2346 = FACE_BOUND('',#2347,.T.);
#2347 = EDGE_LOOP('',(#2348,#2356,#2364,#2370));
#2348 = ORIENTED_EDGE('',*,*,#2349,.F.);
#2349 = EDGE_CURVE('',#2350,#2312,#2352,.T.);
#2350 = VERTEX_POINT('',#2351);
#2351 = CARTESIAN_POINT('',(74.7055,191.18,-3.));
#2352 = LINE('',#2353,#2354);
#2353 = CARTESIAN_POINT('',(74.7055,190.5,-3.));
#2354 = VECTOR('',#2355,1.);
#2355 = DIRECTION('',(-0.,1.,0.));
#2356 = ORIENTED_EDGE('',*,*,#2357,.F.);
#2357 = EDGE_CURVE('',#2358,#2350,#2360,.T.);
#2358 = VERTEX_POINT('',#2359);
#2359 = CARTESIAN_POINT('',(92.7055,191.18,-3.));
#2360 = LINE('',#2361,#2362);
#2361 = CARTESIAN_POINT('',(113.12671833077,191.18,-3.));
#2362 = VECTOR('',#2363,1.);
#2363 = DIRECTION('',(-1.,0.,0.));
#2364 = ORIENTED_EDGE('',*,*,#2365,.T.);
#2365 = EDGE_CURVE('',#2358,#2310,#2366,.T.);
#2366 = LINE('',#2367,#2368);
#2367 = CARTESIAN_POINT('',(92.7055,190.5,-3.));
#2368 = VECTOR('',#2369,1.);
#2369 = DIRECTION('',(-0.,1.,0.));
#2370 = ORIENTED_EDGE('',*,*,#2309,.T.);
#2371 = PLANE('',#2372);
#2372 = AXIS2_PLACEMENT_3D('',#2373,#2374,#2375);
#2373 = CARTESIAN_POINT('',(74.7055,190.5,-3.));
#2374 = DIRECTION('',(0.,0.,1.));
#2375 = DIRECTION('',(1.,0.,-0.));
#2376 = ADVANCED_FACE('',(#2377),#2395,.F.);
#2377 = FACE_BOUND('',#2378,.F.);
#2378 = EDGE_LOOP('',(#2379,#2387,#2393,#2394));
#2379 = ORIENTED_EDGE('',*,*,#2380,.F.);
#2380 = EDGE_CURVE('',#2381,#2328,#2383,.T.);
#2381 = VERTEX_POINT('',#2382);
#2382 = CARTESIAN_POINT('',(92.7055,191.18,3.));
#2383 = LINE('',#2384,#2385);
#2384 = CARTESIAN_POINT('',(92.7055,190.5,3.));
#2385 = VECTOR('',#2386,1.);
#2386 = DIRECTION('',(-0.,1.,0.));
#2387 = ORIENTED_EDGE('',*,*,#2388,.F.);
#2388 = EDGE_CURVE('',#2358,#2381,#2389,.T.);
#2389 = LINE('',#2390,#2391);
#2390 = CARTESIAN_POINT('',(92.7055,191.18,-3.34));
#2391 = VECTOR('',#2392,1.);
#2392 = DIRECTION('',(0.,0.,1.));
#2393 = ORIENTED_EDGE('',*,*,#2365,.T.);
#2394 = ORIENTED_EDGE('',*,*,#2335,.T.);
#2395 = PLANE('',#2396);
#2396 = AXIS2_PLACEMENT_3D('',#2397,#2398,#2399);
#2397 = CARTESIAN_POINT('',(92.7055,190.5,-3.));
#2398 = DIRECTION('',(1.,0.,-0.));
#2399 = DIRECTION('',(0.,0.,1.));
#2400 = ADVANCED_FACE('',(#2401),#2419,.F.);
#2401 = FACE_BOUND('',#2402,.F.);
#2402 = EDGE_LOOP('',(#2403,#2411,#2417,#2418));
#2403 = ORIENTED_EDGE('',*,*,#2404,.F.);
#2404 = EDGE_CURVE('',#2405,#2320,#2407,.T.);
#2405 = VERTEX_POINT('',#2406);
#2406 = CARTESIAN_POINT('',(74.7055,191.18,3.));
#2407 = LINE('',#2408,#2409);
#2408 = CARTESIAN_POINT('',(74.7055,190.5,3.));
#2409 = VECTOR('',#2410,1.);
#2410 = DIRECTION('',(-0.,1.,0.));
#2411 = ORIENTED_EDGE('',*,*,#2412,.F.);
#2412 = EDGE_CURVE('',#2381,#2405,#2413,.T.);
#2413 = LINE('',#2414,#2415);
#2414 = CARTESIAN_POINT('',(113.12671833077,191.18,3.));
#2415 = VECTOR('',#2416,1.);
#2416 = DIRECTION('',(-1.,0.,0.));
#2417 = ORIENTED_EDGE('',*,*,#2380,.T.);
#2418 = ORIENTED_EDGE('',*,*,#2327,.T.);
#2419 = PLANE('',#2420);
#2420 = AXIS2_PLACEMENT_3D('',#2421,#2422,#2423);
#2421 = CARTESIAN_POINT('',(74.7055,190.5,3.));
#2422 = DIRECTION('',(0.,0.,1.));
#2423 = DIRECTION('',(1.,0.,-0.));
#2424 = ADVANCED_FACE('',(#2425),#2436,.T.);
#2425 = FACE_BOUND('',#2426,.T.);
#2426 = EDGE_LOOP('',(#2427,#2428,#2434,#2435));
#2427 = ORIENTED_EDGE('',*,*,#2404,.F.);
#2428 = ORIENTED_EDGE('',*,*,#2429,.F.);
#2429 = EDGE_CURVE('',#2350,#2405,#2430,.T.);
#2430 = LINE('',#2431,#2432);
#2431 = CARTESIAN_POINT('',(74.7055,191.18,-3.34));
#2432 = VECTOR('',#2433,1.);
#2433 = DIRECTION('',(0.,0.,1.));
#2434 = ORIENTED_EDGE('',*,*,#2349,.T.);
#2435 = ORIENTED_EDGE('',*,*,#2319,.T.);
#2436 = PLANE('',#2437);
#2437 = AXIS2_PLACEMENT_3D('',#2438,#2439,#2440);
#2438 = CARTESIAN_POINT('',(74.7055,190.5,-3.));
#2439 = DIRECTION('',(1.,0.,-0.));
#2440 = DIRECTION('',(0.,0.,1.));
#2441 = ADVANCED_FACE('',(#2442,#2476),#2482,.T.);
#2442 = FACE_BOUND('',#2443,.T.);
#2443 = EDGE_LOOP('',(#2444,#2454,#2462,#2470));
#2444 = ORIENTED_EDGE('',*,*,#2445,.T.);
#2445 = EDGE_CURVE('',#2446,#2448,#2450,.T.);
#2446 = VERTEX_POINT('',#2447);
#2447 = CARTESIAN_POINT('',(151.54793666154,191.18,-3.68));
#2448 = VERTEX_POINT('',#2449);
#2449 = CARTESIAN_POINT('',(151.54793666154,191.18,3.68));
#2450 = LINE('',#2451,#2452);
#2451 = CARTESIAN_POINT('',(151.54793666154,191.18,-3.68));
#2452 = VECTOR('',#2453,1.);
#2453 = DIRECTION('',(0.,0.,1.));
#2454 = ORIENTED_EDGE('',*,*,#2455,.T.);
#2455 = EDGE_CURVE('',#2448,#2456,#2458,.T.);
#2456 = VERTEX_POINT('',#2457);
#2457 = CARTESIAN_POINT('',(29.68743919108,191.18,3.68));
#2458 = LINE('',#2459,#2460);
#2459 = CARTESIAN_POINT('',(151.3206,191.18,3.68));
#2460 = VECTOR('',#2461,1.);
#2461 = DIRECTION('',(-1.,0.,0.));
#2462 = ORIENTED_EDGE('',*,*,#2463,.F.);
#2463 = EDGE_CURVE('',#2464,#2456,#2466,.T.);
#2464 = VERTEX_POINT('',#2465);
#2465 = CARTESIAN_POINT('',(29.68743919108,191.18,-3.68));
#2466 = LINE('',#2467,#2468);
#2467 = CARTESIAN_POINT('',(29.68743919108,191.18,-3.68));
#2468 = VECTOR('',#2469,1.);
#2469 = DIRECTION('',(0.,0.,1.));
#2470 = ORIENTED_EDGE('',*,*,#2471,.F.);
#2471 = EDGE_CURVE('',#2446,#2464,#2472,.T.);
#2472 = LINE('',#2473,#2474);
#2473 = CARTESIAN_POINT('',(151.3206,191.18,-3.68));
#2474 = VECTOR('',#2475,1.);
#2475 = DIRECTION('',(-1.,0.,0.));
#2476 = FACE_BOUND('',#2477,.T.);
#2477 = EDGE_LOOP('',(#2478,#2479,#2480,#2481));
#2478 = ORIENTED_EDGE('',*,*,#2357,.T.);
#2479 = ORIENTED_EDGE('',*,*,#2429,.T.);
#2480 = ORIENTED_EDGE('',*,*,#2412,.F.);
#2481 = ORIENTED_EDGE('',*,*,#2388,.F.);
#2482 = PLANE('',#2483);
#2483 = AXIS2_PLACEMENT_3D('',#2484,#2485,#2486);
#2484 = CARTESIAN_POINT('',(151.54793666154,191.18,-3.68));
#2485 = DIRECTION('',(0.,-1.,0.));
#2486 = DIRECTION('',(-1.,0.,0.));
#2487 = ADVANCED_FACE('',(#2488),#2513,.T.);
#2488 = FACE_BOUND('',#2489,.T.);
#2489 = EDGE_LOOP('',(#2490,#2500,#2506,#2507));
#2490 = ORIENTED_EDGE('',*,*,#2491,.T.);
#2491 = EDGE_CURVE('',#2492,#2494,#2496,.T.);
#2492 = VERTEX_POINT('',#2493);
#2493 = CARTESIAN_POINT('',(106.46311990761,-0.18,-3.68));
#2494 = VERTEX_POINT('',#2495);
#2495 = CARTESIAN_POINT('',(106.46311990761,-0.18,3.68));
#2496 = LINE('',#2497,#2498);
#2497 = CARTESIAN_POINT('',(106.46311990761,-0.18,-3.68));
#2498 = VECTOR('',#2499,1.);
#2499 = DIRECTION('',(0.,0.,1.));
#2500 = ORIENTED_EDGE('',*,*,#2501,.T.);
#2501 = EDGE_CURVE('',#2494,#2448,#2502,.T.);
#2502 = LINE('',#2503,#2504);
#2503 = CARTESIAN_POINT('',(106.49580305276,-4.127820614816E-02,3.68));
#2504 = VECTOR('',#2505,1.);
#2505 = DIRECTION('',(0.22932336749,0.973350293123,0.));
#2506 = ORIENTED_EDGE('',*,*,#2445,.F.);
#2507 = ORIENTED_EDGE('',*,*,#2508,.F.);
#2508 = EDGE_CURVE('',#2492,#2446,#2509,.T.);
#2509 = LINE('',#2510,#2511);
#2510 = CARTESIAN_POINT('',(106.49580305276,-4.127820614816E-02,-3.68));
#2511 = VECTOR('',#2512,1.);
#2512 = DIRECTION('',(0.22932336749,0.973350293123,0.));
#2513 = PLANE('',#2514);
#2514 = AXIS2_PLACEMENT_3D('',#2515,#2516,#2517);
#2515 = CARTESIAN_POINT('',(106.46311990761,-0.18,-3.68));
#2516 = DIRECTION('',(-0.973350293123,0.22932336749,0.));
#2517 = DIRECTION('',(0.22932336749,0.973350293123,0.));
#2518 = ADVANCED_FACE('',(#2519),#2537,.T.);
#2519 = FACE_BOUND('',#2520,.F.);
#2520 = EDGE_LOOP('',(#2521,#2529,#2535,#2536));
#2521 = ORIENTED_EDGE('',*,*,#2522,.F.);
#2522 = EDGE_CURVE('',#2523,#2492,#2525,.T.);
#2523 = VERTEX_POINT('',#2524);
#2524 = CARTESIAN_POINT('',(-0.210306568082,-0.18,-3.68));
#2525 = LINE('',#2526,#2527);
#2526 = CARTESIAN_POINT('',(0.,-0.18,-3.68));
#2527 = VECTOR('',#2528,1.);
#2528 = DIRECTION('',(1.,0.,0.));
#2529 = ORIENTED_EDGE('',*,*,#2530,.F.);
#2530 = EDGE_CURVE('',#2464,#2523,#2531,.T.);
#2531 = LINE('',#2532,#2533);
#2532 = CARTESIAN_POINT('',(29.663657514394,191.02778579337,-3.68));
#2533 = VECTOR('',#2534,1.);
#2534 = DIRECTION('',(-0.154365518738,-0.988013808924,0.));
#2535 = ORIENTED_EDGE('',*,*,#2471,.F.);
#2536 = ORIENTED_EDGE('',*,*,#2508,.F.);
#2537 = PLANE('',#2538);
#2538 = AXIS2_PLACEMENT_3D('',#2539,#2540,#2541);
#2539 = CARTESIAN_POINT('',(72.598755347914,97.844934706626,-3.68));
#2540 = DIRECTION('',(0.,0.,1.));
#2541 = DIRECTION('',(1.,0.,-0.));
#2542 = ADVANCED_FACE('',(#2543),#2561,.F.);
#2543 = FACE_BOUND('',#2544,.T.);
#2544 = EDGE_LOOP('',(#2545,#2553,#2559,#2560));
#2545 = ORIENTED_EDGE('',*,*,#2546,.F.);
#2546 = EDGE_CURVE('',#2547,#2494,#2549,.T.);
#2547 = VERTEX_POINT('',#2548);
#2548 = CARTESIAN_POINT('',(-0.210306568082,-0.18,3.68));
#2549 = LINE('',#2550,#2551);
#2550 = CARTESIAN_POINT('',(0.,-0.18,3.68));
#2551 = VECTOR('',#2552,1.);
#2552 = DIRECTION('',(1.,0.,0.));
#2553 = ORIENTED_EDGE('',*,*,#2554,.F.);
#2554 = EDGE_CURVE('',#2456,#2547,#2555,.T.);
#2555 = LINE('',#2556,#2557);
#2556 = CARTESIAN_POINT('',(29.663657514394,191.02778579337,3.68));
#2557 = VECTOR('',#2558,1.);
#2558 = DIRECTION('',(-0.154365518738,-0.988013808924,0.));
#2559 = ORIENTED_EDGE('',*,*,#2455,.F.);
#2560 = ORIENTED_EDGE('',*,*,#2501,.F.);
#2561 = PLANE('',#2562);
#2562 = AXIS2_PLACEMENT_3D('',#2563,#2564,#2565);
#2563 = CARTESIAN_POINT('',(72.598755347914,97.844934706626,3.68));
#2564 = DIRECTION('',(0.,0.,1.));
#2565 = DIRECTION('',(1.,0.,-0.));
#2566 = ADVANCED_FACE('',(#2567),#2578,.T.);
#2567 = FACE_BOUND('',#2568,.T.);
#2568 = EDGE_LOOP('',(#2569,#2570,#2571,#2577));
#2569 = ORIENTED_EDGE('',*,*,#2463,.T.);
#2570 = ORIENTED_EDGE('',*,*,#2554,.T.);
#2571 = ORIENTED_EDGE('',*,*,#2572,.F.);
#2572 = EDGE_CURVE('',#2523,#2547,#2573,.T.);
#2573 = LINE('',#2574,#2575);
#2574 = CARTESIAN_POINT('',(-0.210306568082,-0.18,-3.68));
#2575 = VECTOR('',#2576,1.);
#2576 = DIRECTION('',(0.,0.,1.));
#2577 = ORIENTED_EDGE('',*,*,#2530,.F.);
#2578 = PLANE('',#2579);
#2579 = AXIS2_PLACEMENT_3D('',#2580,#2581,#2582);
#2580 = CARTESIAN_POINT('',(29.68743919108,191.18,-3.68));
#2581 = DIRECTION('',(0.988013808924,-0.154365518738,0.));
#2582 = DIRECTION('',(-0.154365518738,-0.988013808924,0.));
#2583 = ADVANCED_FACE('',(#2584),#2590,.T.);
#2584 = FACE_BOUND('',#2585,.T.);
#2585 = EDGE_LOOP('',(#2586,#2587,#2588,#2589));
#2586 = ORIENTED_EDGE('',*,*,#2572,.T.);
#2587 = ORIENTED_EDGE('',*,*,#2546,.T.);
#2588 = ORIENTED_EDGE('',*,*,#2491,.F.);
#2589 = ORIENTED_EDGE('',*,*,#2522,.F.);
#2590 = PLANE('',#2591);
#2591 = AXIS2_PLACEMENT_3D('',#2592,#2593,#2594);
#2592 = CARTESIAN_POINT('',(-0.210306568082,-0.18,-3.68));
#2593 = DIRECTION('',(0.,1.,0.));
#2594 = DIRECTION('',(1.,0.,0.));
#2595 = ( GEOMETRIC_REPRESENTATION_CONTEXT(3) 
GLOBAL_UNCERTAINTY_ASSIGNED_CONTEXT((#2599)) 
GLOBAL_UNIT_ASSIGNED_CONTEXT((#2596,#2597,#2598)) REPRESENTATION_CONTEXT
('Context #1','3D Context with UNIT and UNCERTAINTY') );
#2596 = ( LENGTH_UNIT() NAMED_UNIT(*) SI_UNIT(.MILLI.,.METRE.) );
#2597 = ( NAMED_UNIT(*) PLANE_ANGLE_UNIT() SI_UNIT($,.RADIAN.) );
#2598 = ( NAMED_UNIT(*) SI_UNIT($,.STERADIAN.) SOLID_ANGLE_UNIT() );
#2599 = UNCERTAINTY_MEASURE_WITH_UNIT(LENGTH_MEASURE(1.E-07),#2596,
  'distance_accuracy_value','confusion accuracy');
#2600 = CONTEXT_DEPENDENT_SHAPE_REPRESENTATION(#2601,#2603);
#2601 = ( REPRESENTATION_RELATIONSHIP('','',#2160,#10) 
REPRESENTATION_RELATIONSHIP_WITH_TRANSFORMATION(#2602) 
SHAPE_REPRESENTATION_RELATIONSHIP() );
#2602 = ITEM_DEFINED_TRANSFORMATION('','',#11,#35);
#2603 = PRODUCT_DEFINITION_SHAPE('Placement','Placement of an item',
  #2604);
#2604 = NEXT_ASSEMBLY_USAGE_OCCURRENCE('6','Tile0_WrapVinyl','',#5,#2155
  ,$);
#2605 = PRODUCT_RELATED_PRODUCT_CATEGORY('part',$,(#2157));
#2606 = SHAPE_DEFINITION_REPRESENTATION(#2607,#2613);
#2607 = PRODUCT_DEFINITION_SHAPE('','',#2608);
#2608 = PRODUCT_DEFINITION('design','',#2609,#2612);
#2609 = PRODUCT_DEFINITION_FORMATION('','',#2610);
#2610 = PRODUCT('Tile0_Coupler','Tile0_Coupler','',(#2611));
#2611 = PRODUCT_CONTEXT('',#2,'mechanical');
#2612 = PRODUCT_DEFINITION_CONTEXT('part definition',#2,'design');
#2613 = ADVANCED_BREP_SHAPE_REPRESENTATION('',(#11,#2614),#3048);
#2614 = MANIFOLD_SOLID_BREP('',#2615);
#2615 = CLOSED_SHELL('',(#2616,#2656,#2721,#2745,#2769,#2786,#2798,#2829
    ,#2853,#2877,#2894,#2940,#2971,#2995,#3019,#3036));
#2616 = ADVANCED_FACE('',(#2617),#2651,.F.);
#2617 = FACE_BOUND('',#2618,.F.);
#2618 = EDGE_LOOP('',(#2619,#2629,#2637,#2645));
#2619 = ORIENTED_EDGE('',*,*,#2620,.F.);
#2620 = EDGE_CURVE('',#2621,#2623,#2625,.T.);
#2621 = VERTEX_POINT('',#2622);
#2622 = CARTESIAN_POINT('',(75.7055,191.,-4.));
#2623 = VERTEX_POINT('',#2624);
#2624 = CARTESIAN_POINT('',(75.7055,191.,4.));
#2625 = LINE('',#2626,#2627);
#2626 = CARTESIAN_POINT('',(75.7055,191.,-4.));
#2627 = VECTOR('',#2628,1.);
#2628 = DIRECTION('',(0.,0.,1.));
#2629 = ORIENTED_EDGE('',*,*,#2630,.T.);
#2630 = EDGE_CURVE('',#2621,#2631,#2633,.T.);
#2631 = VERTEX_POINT('',#2632);
#2632 = CARTESIAN_POINT('',(75.7055,197.,-4.));
#2633 = LINE('',#2634,#2635);
#2634 = CARTESIAN_POINT('',(75.7055,191.,-4.));
#2635 = VECTOR('',#2636,1.);
#2636 = DIRECTION('',(-0.,1.,0.));
#2637 = ORIENTED_EDGE('',*,*,#2638,.T.);
#2638 = EDGE_CURVE('',#2631,#2639,#2641,.T.);
#2639 = VERTEX_POINT('',#2640);
#2640 = CARTESIAN_POINT('',(75.7055,197.,4.));
#2641 = LINE('',#2642,#2643);
#2642 = CARTESIAN_POINT('',(75.7055,197.,-4.));
#2643 = VECTOR('',#2644,1.);
#2644 = DIRECTION('',(0.,0.,1.));
#2645 = ORIENTED_EDGE('',*,*,#2646,.F.);
#2646 = EDGE_CURVE('',#2623,#2639,#2647,.T.);
#2647 = LINE('',#2648,#2649);
#2648 = CARTESIAN_POINT('',(75.7055,191.,4.));
#2649 = VECTOR('',#2650,1.);
#2650 = DIRECTION('',(-0.,1.,0.));
#2651 = PLANE('',#2652);
#2652 = AXIS2_PLACEMENT_3D('',#2653,#2654,#2655);
#2653 = CARTESIAN_POINT('',(75.7055,191.,-4.));
#2654 = DIRECTION('',(1.,0.,-0.));
#2655 = DIRECTION('',(0.,0.,1.));
#2656 = ADVANCED_FACE('',(#2657,#2682),#2716,.F.);
#2657 = FACE_BOUND('',#2658,.F.);
#2658 = EDGE_LOOP('',(#2659,#2667,#2668,#2676));
#2659 = ORIENTED_EDGE('',*,*,#2660,.F.);
#2660 = EDGE_CURVE('',#2621,#2661,#2663,.T.);
#2661 = VERTEX_POINT('',#2662);
#2662 = CARTESIAN_POINT('',(91.7055,191.,-4.));
#2663 = LINE('',#2664,#2665);
#2664 = CARTESIAN_POINT('',(75.7055,191.,-4.));
#2665 = VECTOR('',#2666,1.);
#2666 = DIRECTION('',(1.,0.,-0.));
#2667 = ORIENTED_EDGE('',*,*,#2620,.T.);
#2668 = ORIENTED_EDGE('',*,*,#2669,.T.);
#2669 = EDGE_CURVE('',#2623,#2670,#2672,.T.);
#2670 = VERTEX_POINT('',#2671);
#2671 = CARTESIAN_POINT('',(91.7055,191.,4.));
#2672 = LINE('',#2673,#2674);
#2673 = CARTESIAN_POINT('',(75.7055,191.,4.));
#2674 = VECTOR('',#2675,1.);
#2675 = DIRECTION('',(1.,0.,-0.));
#2676 = ORIENTED_EDGE('',*,*,#2677,.F.);
#2677 = EDGE_CURVE('',#2661,#2670,#2678,.T.);
#2678 = LINE('',#2679,#2680);
#2679 = CARTESIAN_POINT('',(91.7055,191.,-4.));
#2680 = VECTOR('',#2681,1.);
#2681 = DIRECTION('',(0.,0.,1.));
#2682 = FACE_BOUND('',#2683,.F.);
#2683 = EDGE_LOOP('',(#2684,#2694,#2702,#2710));
#2684 = ORIENTED_EDGE('',*,*,#2685,.F.);
#2685 = EDGE_CURVE('',#2686,#2688,#2690,.T.);
#2686 = VERTEX_POINT('',#2687);
#2687 = CARTESIAN_POINT('',(81.2055,191.,2.5));
#2688 = VERTEX_POINT('',#2689);
#2689 = CARTESIAN_POINT('',(86.2055,191.,2.5));
#2690 = LINE('',#2691,#2692);
#2691 = CARTESIAN_POINT('',(78.4555,191.,2.5));
#2692 = VECTOR('',#2693,1.);
#2693 = DIRECTION('',(1.,0.,-0.));
#2694 = ORIENTED_EDGE('',*,*,#2695,.T.);
#2695 = EDGE_CURVE('',#2686,#2696,#2698,.T.);
#2696 = VERTEX_POINT('',#2697);
#2697 = CARTESIAN_POINT('',(81.2055,191.,-2.5));
#2698 = LINE('',#2699,#2700);
#2699 = CARTESIAN_POINT('',(81.2055,191.,-3.25));
#2700 = VECTOR('',#2701,1.);
#2701 = DIRECTION('',(-0.,0.,-1.));
#2702 = ORIENTED_EDGE('',*,*,#2703,.T.);
#2703 = EDGE_CURVE('',#2696,#2704,#2706,.T.);
#2704 = VERTEX_POINT('',#2705);
#2705 = CARTESIAN_POINT('',(86.2055,191.,-2.5));
#2706 = LINE('',#2707,#2708);
#2707 = CARTESIAN_POINT('',(78.4555,191.,-2.5));
#2708 = VECTOR('',#2709,1.);
#2709 = DIRECTION('',(1.,0.,-0.));
#2710 = ORIENTED_EDGE('',*,*,#2711,.F.);
#2711 = EDGE_CURVE('',#2688,#2704,#2712,.T.);
#2712 = LINE('',#2713,#2714);
#2713 = CARTESIAN_POINT('',(86.2055,191.,-3.25));
#2714 = VECTOR('',#2715,1.);
#2715 = DIRECTION('',(-0.,0.,-1.));
#2716 = PLANE('',#2717);
#2717 = AXIS2_PLACEMENT_3D('',#2718,#2719,#2720);
#2718 = CARTESIAN_POINT('',(75.7055,191.,-4.));
#2719 = DIRECTION('',(-0.,1.,0.));
#2720 = DIRECTION('',(0.,0.,1.));
#2721 = ADVANCED_FACE('',(#2722),#2740,.T.);
#2722 = FACE_BOUND('',#2723,.T.);
#2723 = EDGE_LOOP('',(#2724,#2725,#2726,#2734));
#2724 = ORIENTED_EDGE('',*,*,#2646,.F.);
#2725 = ORIENTED_EDGE('',*,*,#2669,.T.);
#2726 = ORIENTED_EDGE('',*,*,#2727,.T.);
#2727 = EDGE_CURVE('',#2670,#2728,#2730,.T.);
#2728 = VERTEX_POINT('',#2729);
#2729 = CARTESIAN_POINT('',(91.7055,197.,4.));
#2730 = LINE('',#2731,#2732);
#2731 = CARTESIAN_POINT('',(91.7055,191.,4.));
#2732 = VECTOR('',#2733,1.);
#2733 = DIRECTION('',(-0.,1.,0.));
#2734 = ORIENTED_EDGE('',*,*,#2735,.F.);
#2735 = EDGE_CURVE('',#2639,#2728,#2736,.T.);
#2736 = LINE('',#2737,#2738);
#2737 = CARTESIAN_POINT('',(75.7055,197.,4.));
#2738 = VECTOR('',#2739,1.);
#2739 = DIRECTION('',(1.,0.,-0.));
#2740 = PLANE('',#2741);
#2741 = AXIS2_PLACEMENT_3D('',#2742,#2743,#2744);
#2742 = CARTESIAN_POINT('',(75.7055,191.,4.));
#2743 = DIRECTION('',(0.,0.,1.));
#2744 = DIRECTION('',(1.,0.,-0.));
#2745 = ADVANCED_FACE('',(#2746),#2764,.T.);
#2746 = FACE_BOUND('',#2747,.T.);
#2747 = EDGE_LOOP('',(#2748,#2756,#2757,#2758));
#2748 = ORIENTED_EDGE('',*,*,#2749,.F.);
#2749 = EDGE_CURVE('',#2631,#2750,#2752,.T.);
#2750 = VERTEX_POINT('',#2751);
#2751 = CARTESIAN_POINT('',(91.7055,197.,-4.));
#2752 = LINE('',#2753,#2754);
#2753 = CARTESIAN_POINT('',(75.7055,197.,-4.));
#2754 = VECTOR('',#2755,1.);
#2755 = DIRECTION('',(1.,0.,-0.));
#2756 = ORIENTED_EDGE('',*,*,#2638,.T.);
#2757 = ORIENTED_EDGE('',*,*,#2735,.T.);
#2758 = ORIENTED_EDGE('',*,*,#2759,.F.);
#2759 = EDGE_CURVE('',#2750,#2728,#2760,.T.);
#2760 = LINE('',#2761,#2762);
#2761 = CARTESIAN_POINT('',(91.7055,197.,-4.));
#2762 = VECTOR('',#2763,1.);
#2763 = DIRECTION('',(0.,0.,1.));
#2764 = PLANE('',#2765);
#2765 = AXIS2_PLACEMENT_3D('',#2766,#2767,#2768);
#2766 = CARTESIAN_POINT('',(75.7055,197.,-4.));
#2767 = DIRECTION('',(-0.,1.,0.));
#2768 = DIRECTION('',(0.,0.,1.));
#2769 = ADVANCED_FACE('',(#2770),#2781,.F.);
#2770 = FACE_BOUND('',#2771,.F.);
#2771 = EDGE_LOOP('',(#2772,#2773,#2774,#2780));
#2772 = ORIENTED_EDGE('',*,*,#2630,.F.);
#2773 = ORIENTED_EDGE('',*,*,#2660,.T.);
#2774 = ORIENTED_EDGE('',*,*,#2775,.T.);
#2775 = EDGE_CURVE('',#2661,#2750,#2776,.T.);
#2776 = LINE('',#2777,#2778);
#2777 = CARTESIAN_POINT('',(91.7055,191.,-4.));
#2778 = VECTOR('',#2779,1.);
#2779 = DIRECTION('',(-0.,1.,0.));
#2780 = ORIENTED_EDGE('',*,*,#2749,.F.);
#2781 = PLANE('',#2782);
#2782 = AXIS2_PLACEMENT_3D('',#2783,#2784,#2785);
#2783 = CARTESIAN_POINT('',(75.7055,191.,-4.));
#2784 = DIRECTION('',(0.,0.,1.));
#2785 = DIRECTION('',(1.,0.,-0.));
#2786 = ADVANCED_FACE('',(#2787),#2793,.T.);
#2787 = FACE_BOUND('',#2788,.T.);
#2788 = EDGE_LOOP('',(#2789,#2790,#2791,#2792));
#2789 = ORIENTED_EDGE('',*,*,#2677,.F.);
#2790 = ORIENTED_EDGE('',*,*,#2775,.T.);
#2791 = ORIENTED_EDGE('',*,*,#2759,.T.);
#2792 = ORIENTED_EDGE('',*,*,#2727,.F.);
#2793 = PLANE('',#2794);
#2794 = AXIS2_PLACEMENT_3D('',#2795,#2796,#2797);
#2795 = CARTESIAN_POINT('',(91.7055,191.,-4.));
#2796 = DIRECTION('',(1.,0.,-0.));
#2797 = DIRECTION('',(0.,0.,1.));
#2798 = ADVANCED_FACE('',(#2799),#2824,.F.);
#2799 = FACE_BOUND('',#2800,.F.);
#2800 = EDGE_LOOP('',(#2801,#2809,#2810,#2818));
#2801 = ORIENTED_EDGE('',*,*,#2802,.F.);
#2802 = EDGE_CURVE('',#2686,#2803,#2805,.T.);
#2803 = VERTEX_POINT('',#2804);
#2804 = CARTESIAN_POINT('',(81.2055,191.75,2.5));
#2805 = LINE('',#2806,#2807);
#2806 = CARTESIAN_POINT('',(81.2055,190.9,2.5));
#2807 = VECTOR('',#2808,1.);
#2808 = DIRECTION('',(-0.,1.,0.));
#2809 = ORIENTED_EDGE('',*,*,#2685,.T.);
#2810 = ORIENTED_EDGE('',*,*,#2811,.T.);
#2811 = EDGE_CURVE('',#2688,#2812,#2814,.T.);
#2812 = VERTEX_POINT('',#2813);
#2813 = CARTESIAN_POINT('',(86.2055,191.75,2.5));
#2814 = LINE('',#2815,#2816);
#2815 = CARTESIAN_POINT('',(86.2055,190.9,2.5));
#2816 = VECTOR('',#2817,1.);
#2817 = DIRECTION('',(-0.,1.,0.));
#2818 = ORIENTED_EDGE('',*,*,#2819,.F.);
#2819 = EDGE_CURVE('',#2803,#2812,#2820,.T.);
#2820 = LINE('',#2821,#2822);
#2821 = CARTESIAN_POINT('',(81.2055,191.75,2.5));
#2822 = VECTOR('',#2823,1.);
#2823 = DIRECTION('',(1.,0.,-0.));
#2824 = PLANE('',#2825);
#2825 = AXIS2_PLACEMENT_3D('',#2826,#2827,#2828);
#2826 = CARTESIAN_POINT('',(81.2055,190.9,2.5));
#2827 = DIRECTION('',(0.,0.,1.));
#2828 = DIRECTION('',(1.,0.,-0.));
#2829 = ADVANCED_FACE('',(#2830),#2848,.F.);
#2830 = FACE_BOUND('',#2831,.F.);
#2831 = EDGE_LOOP('',(#2832,#2833,#2834,#2842));
#2832 = ORIENTED_EDGE('',*,*,#2811,.F.);
#2833 = ORIENTED_EDGE('',*,*,#2711,.T.);
#2834 = ORIENTED_EDGE('',*,*,#2835,.T.);
#2835 = EDGE_CURVE('',#2704,#2836,#2838,.T.);
#2836 = VERTEX_POINT('',#2837);
#2837 = CARTESIAN_POINT('',(86.2055,191.75,-2.5));
#2838 = LINE('',#2839,#2840);
#2839 = CARTESIAN_POINT('',(86.2055,190.9,-2.5));
#2840 = VECTOR('',#2841,1.);
#2841 = DIRECTION('',(-0.,1.,0.));
#2842 = ORIENTED_EDGE('',*,*,#2843,.T.);
#2843 = EDGE_CURVE('',#2836,#2812,#2844,.T.);
#2844 = LINE('',#2845,#2846);
#2845 = CARTESIAN_POINT('',(86.2055,191.75,-2.5));
#2846 = VECTOR('',#2847,1.);
#2847 = DIRECTION('',(0.,0.,1.));
#2848 = PLANE('',#2849);
#2849 = AXIS2_PLACEMENT_3D('',#2850,#2851,#2852);
#2850 = CARTESIAN_POINT('',(86.2055,190.9,-2.5));
#2851 = DIRECTION('',(1.,0.,-0.));
#2852 = DIRECTION('',(0.,0.,1.));
#2853 = ADVANCED_FACE('',(#2854),#2872,.T.);
#2854 = FACE_BOUND('',#2855,.T.);
#2855 = EDGE_LOOP('',(#2856,#2864,#2865,#2866));
#2856 = ORIENTED_EDGE('',*,*,#2857,.F.);
#2857 = EDGE_CURVE('',#2696,#2858,#2860,.T.);
#2858 = VERTEX_POINT('',#2859);
#2859 = CARTESIAN_POINT('',(81.2055,191.75,-2.5));
#2860 = LINE('',#2861,#2862);
#2861 = CARTESIAN_POINT('',(81.2055,190.9,-2.5));
#2862 = VECTOR('',#2863,1.);
#2863 = DIRECTION('',(-0.,1.,0.));
#2864 = ORIENTED_EDGE('',*,*,#2703,.T.);
#2865 = ORIENTED_EDGE('',*,*,#2835,.T.);
#2866 = ORIENTED_EDGE('',*,*,#2867,.F.);
#2867 = EDGE_CURVE('',#2858,#2836,#2868,.T.);
#2868 = LINE('',#2869,#2870);
#2869 = CARTESIAN_POINT('',(81.2055,191.75,-2.5));
#2870 = VECTOR('',#2871,1.);
#2871 = DIRECTION('',(1.,0.,-0.));
#2872 = PLANE('',#2873);
#2873 = AXIS2_PLACEMENT_3D('',#2874,#2875,#2876);
#2874 = CARTESIAN_POINT('',(81.2055,190.9,-2.5));
#2875 = DIRECTION('',(0.,0.,1.));
#2876 = DIRECTION('',(1.,0.,-0.));
#2877 = ADVANCED_FACE('',(#2878),#2889,.T.);
#2878 = FACE_BOUND('',#2879,.T.);
#2879 = EDGE_LOOP('',(#2880,#2881,#2882,#2883));
#2880 = ORIENTED_EDGE('',*,*,#2802,.F.);
#2881 = ORIENTED_EDGE('',*,*,#2695,.T.);
#2882 = ORIENTED_EDGE('',*,*,#2857,.T.);
#2883 = ORIENTED_EDGE('',*,*,#2884,.T.);
#2884 = EDGE_CURVE('',#2858,#2803,#2885,.T.);
#2885 = LINE('',#2886,#2887);
#2886 = CARTESIAN_POINT('',(81.2055,191.75,-2.5));
#2887 = VECTOR('',#2888,1.);
#2888 = DIRECTION('',(0.,0.,1.));
#2889 = PLANE('',#2890);
#2890 = AXIS2_PLACEMENT_3D('',#2891,#2892,#2893);
#2891 = CARTESIAN_POINT('',(81.2055,190.9,-2.5));
#2892 = DIRECTION('',(1.,0.,-0.));
#2893 = DIRECTION('',(0.,0.,1.));
#2894 = ADVANCED_FACE('',(#2895,#2901),#2935,.F.);
#2895 = FACE_BOUND('',#2896,.F.);
#2896 = EDGE_LOOP('',(#2897,#2898,#2899,#2900));
#2897 = ORIENTED_EDGE('',*,*,#2867,.F.);
#2898 = ORIENTED_EDGE('',*,*,#2884,.T.);
#2899 = ORIENTED_EDGE('',*,*,#2819,.T.);
#2900 = ORIENTED_EDGE('',*,*,#2843,.F.);
#2901 = FACE_BOUND('',#2902,.F.);
#2902 = EDGE_LOOP('',(#2903,#2913,#2921,#2929));
#2903 = ORIENTED_EDGE('',*,*,#2904,.F.);
#2904 = EDGE_CURVE('',#2905,#2907,#2909,.T.);
#2905 = VERTEX_POINT('',#2906);
#2906 = CARTESIAN_POINT('',(81.8055,191.75,1.9));
#2907 = VERTEX_POINT('',#2908);
#2908 = CARTESIAN_POINT('',(85.6055,191.75,1.9));
#2909 = LINE('',#2910,#2911);
#2910 = CARTESIAN_POINT('',(81.5055,191.75,1.9));
#2911 = VECTOR('',#2912,1.);
#2912 = DIRECTION('',(1.,0.,-0.));
#2913 = ORIENTED_EDGE('',*,*,#2914,.T.);
#2914 = EDGE_CURVE('',#2905,#2915,#2917,.T.);
#2915 = VERTEX_POINT('',#2916);
#2916 = CARTESIAN_POINT('',(81.8055,191.75,-1.9));
#2917 = LINE('',#2918,#2919);
#2918 = CARTESIAN_POINT('',(81.8055,191.75,-2.2));
#2919 = VECTOR('',#2920,1.);
#2920 = DIRECTION('',(-0.,0.,-1.));
#2921 = ORIENTED_EDGE('',*,*,#2922,.T.);
#2922 = EDGE_CURVE('',#2915,#2923,#2925,.T.);
#2923 = VERTEX_POINT('',#2924);
#2924 = CARTESIAN_POINT('',(85.6055,191.75,-1.9));
#2925 = LINE('',#2926,#2927);
#2926 = CARTESIAN_POINT('',(81.5055,191.75,-1.9));
#2927 = VECTOR('',#2928,1.);
#2928 = DIRECTION('',(1.,0.,-0.));
#2929 = ORIENTED_EDGE('',*,*,#2930,.F.);
#2930 = EDGE_CURVE('',#2907,#2923,#2931,.T.);
#2931 = LINE('',#2932,#2933);
#2932 = CARTESIAN_POINT('',(85.6055,191.75,-2.2));
#2933 = VECTOR('',#2934,1.);
#2934 = DIRECTION('',(-0.,0.,-1.));
#2935 = PLANE('',#2936);
#2936 = AXIS2_PLACEMENT_3D('',#2937,#2938,#2939);
#2937 = CARTESIAN_POINT('',(81.2055,191.75,-2.5));
#2938 = DIRECTION('',(-0.,1.,0.));
#2939 = DIRECTION('',(0.,0.,1.));
#2940 = ADVANCED_FACE('',(#2941),#2966,.F.);
#2941 = FACE_BOUND('',#2942,.F.);
#2942 = EDGE_LOOP('',(#2943,#2951,#2952,#2960));
#2943 = ORIENTED_EDGE('',*,*,#2944,.F.);
#2944 = EDGE_CURVE('',#2905,#2945,#2947,.T.);
#2945 = VERTEX_POINT('',#2946);
#2946 = CARTESIAN_POINT('',(81.8055,193.8,1.9));
#2947 = LINE('',#2948,#2949);
#2948 = CARTESIAN_POINT('',(81.8055,191.7,1.9));
#2949 = VECTOR('',#2950,1.);
#2950 = DIRECTION('',(-0.,1.,0.));
#2951 = ORIENTED_EDGE('',*,*,#2904,.T.);
#2952 = ORIENTED_EDGE('',*,*,#2953,.T.);
#2953 = EDGE_CURVE('',#2907,#2954,#2956,.T.);
#2954 = VERTEX_POINT('',#2955);
#2955 = CARTESIAN_POINT('',(85.6055,193.8,1.9));
#2956 = LINE('',#2957,#2958);
#2957 = CARTESIAN_POINT('',(85.6055,191.7,1.9));
#2958 = VECTOR('',#2959,1.);
#2959 = DIRECTION('',(-0.,1.,0.));
#2960 = ORIENTED_EDGE('',*,*,#2961,.F.);
#2961 = EDGE_CURVE('',#2945,#2954,#2962,.T.);
#2962 = LINE('',#2963,#2964);
#2963 = CARTESIAN_POINT('',(81.8055,193.8,1.9));
#2964 = VECTOR('',#2965,1.);
#2965 = DIRECTION('',(1.,0.,-0.));
#2966 = PLANE('',#2967);
#2967 = AXIS2_PLACEMENT_3D('',#2968,#2969,#2970);
#2968 = CARTESIAN_POINT('',(81.8055,191.7,1.9));
#2969 = DIRECTION('',(0.,0.,1.));
#2970 = DIRECTION('',(1.,0.,-0.));
#2971 = ADVANCED_FACE('',(#2972),#2990,.F.);
#2972 = FACE_BOUND('',#2973,.F.);
#2973 = EDGE_LOOP('',(#2974,#2975,#2976,#2984));
#2974 = ORIENTED_EDGE('',*,*,#2953,.F.);
#2975 = ORIENTED_EDGE('',*,*,#2930,.T.);
#2976 = ORIENTED_EDGE('',*,*,#2977,.T.);
#2977 = EDGE_CURVE('',#2923,#2978,#2980,.T.);
#2978 = VERTEX_POINT('',#2979);
#2979 = CARTESIAN_POINT('',(85.6055,193.8,-1.9));
#2980 = LINE('',#2981,#2982);
#2981 = CARTESIAN_POINT('',(85.6055,191.7,-1.9));
#2982 = VECTOR('',#2983,1.);
#2983 = DIRECTION('',(-0.,1.,0.));
#2984 = ORIENTED_EDGE('',*,*,#2985,.T.);
#2985 = EDGE_CURVE('',#2978,#2954,#2986,.T.);
#2986 = LINE('',#2987,#2988);
#2987 = CARTESIAN_POINT('',(85.6055,193.8,-1.9));
#2988 = VECTOR('',#2989,1.);
#2989 = DIRECTION('',(0.,0.,1.));
#2990 = PLANE('',#2991);
#2991 = AXIS2_PLACEMENT_3D('',#2992,#2993,#2994);
#2992 = CARTESIAN_POINT('',(85.6055,191.7,-1.9));
#2993 = DIRECTION('',(1.,0.,-0.));
#2994 = DIRECTION('',(0.,0.,1.));
#2995 = ADVANCED_FACE('',(#2996),#3014,.T.);
#2996 = FACE_BOUND('',#2997,.T.);
#2997 = EDGE_LOOP('',(#2998,#3006,#3007,#3008));
#2998 = ORIENTED_EDGE('',*,*,#2999,.F.);
#2999 = EDGE_CURVE('',#2915,#3000,#3002,.T.);
#3000 = VERTEX_POINT('',#3001);
#3001 = CARTESIAN_POINT('',(81.8055,193.8,-1.9));
#3002 = LINE('',#3003,#3004);
#3003 = CARTESIAN_POINT('',(81.8055,191.7,-1.9));
#3004 = VECTOR('',#3005,1.);
#3005 = DIRECTION('',(-0.,1.,0.));
#3006 = ORIENTED_EDGE('',*,*,#2922,.T.);
#3007 = ORIENTED_EDGE('',*,*,#2977,.T.);
#3008 = ORIENTED_EDGE('',*,*,#3009,.F.);
#3009 = EDGE_CURVE('',#3000,#2978,#3010,.T.);
#3010 = LINE('',#3011,#3012);
#3011 = CARTESIAN_POINT('',(81.8055,193.8,-1.9));
#3012 = VECTOR('',#3013,1.);
#3013 = DIRECTION('',(1.,0.,-0.));
#3014 = PLANE('',#3015);
#3015 = AXIS2_PLACEMENT_3D('',#3016,#3017,#3018);
#3016 = CARTESIAN_POINT('',(81.8055,191.7,-1.9));
#3017 = DIRECTION('',(0.,0.,1.));
#3018 = DIRECTION('',(1.,0.,-0.));
#3019 = ADVANCED_FACE('',(#3020),#3031,.T.);
#3020 = FACE_BOUND('',#3021,.T.);
#3021 = EDGE_LOOP('',(#3022,#3023,#3024,#3025));
#3022 = ORIENTED_EDGE('',*,*,#2944,.F.);
#3023 = ORIENTED_EDGE('',*,*,#2914,.T.);
#3024 = ORIENTED_EDGE('',*,*,#2999,.T.);
#3025 = ORIENTED_EDGE('',*,*,#3026,.T.);
#3026 = EDGE_CURVE('',#3000,#2945,#3027,.T.);
#3027 = LINE('',#3028,#3029);
#3028 = CARTESIAN_POINT('',(81.8055,193.8,-1.9));
#3029 = VECTOR('',#3030,1.);
#3030 = DIRECTION('',(0.,0.,1.));
#3031 = PLANE('',#3032);
#3032 = AXIS2_PLACEMENT_3D('',#3033,#3034,#3035);
#3033 = CARTESIAN_POINT('',(81.8055,191.7,-1.9));
#3034 = DIRECTION('',(1.,0.,-0.));
#3035 = DIRECTION('',(0.,0.,1.));
#3036 = ADVANCED_FACE('',(#3037),#3043,.F.);
#3037 = FACE_BOUND('',#3038,.F.);
#3038 = EDGE_LOOP('',(#3039,#3040,#3041,#3042));
#3039 = ORIENTED_EDGE('',*,*,#3009,.F.);
#3040 = ORIENTED_EDGE('',*,*,#3026,.T.);
#3041 = ORIENTED_EDGE('',*,*,#2961,.T.);
#3042 = ORIENTED_EDGE('',*,*,#2985,.F.);
#3043 = PLANE('',#3044);
#3044 = AXIS2_PLACEMENT_3D('',#3045,#3046,#3047);
#3045 = CARTESIAN_POINT('',(81.8055,193.8,-1.9));
#3046 = DIRECTION('',(-0.,1.,0.));
#3047 = DIRECTION('',(0.,0.,1.));
#3048 = ( GEOMETRIC_REPRESENTATION_CONTEXT(3) 
GLOBAL_UNCERTAINTY_ASSIGNED_CONTEXT((#3052)) 
GLOBAL_UNIT_ASSIGNED_CONTEXT((#3049,#3050,#3051)) REPRESENTATION_CONTEXT
('Context #1','3D Context with UNIT and UNCERTAINTY') );
#3049 = ( LENGTH_UNIT() NAMED_UNIT(*) SI_UNIT(.MILLI.,.METRE.) );
#3050 = ( NAMED_UNIT(*) PLANE_ANGLE_UNIT() SI_UNIT($,.RADIAN.) );
#3051 = ( NAMED_UNIT(*) SI_UNIT($,.STERADIAN.) SOLID_ANGLE_UNIT() );
#3052 = UNCERTAINTY_MEASURE_WITH_UNIT(LENGTH_MEASURE(1.E-07),#3049,
  'distance_accuracy_value','confusion accuracy');
#3053 = CONTEXT_DEPENDENT_SHAPE_REPRESENTATION(#3054,#3056);
#3054 = ( REPRESENTATION_RELATIONSHIP('','',#2613,#10) 
REPRESENTATION_RELATIONSHIP_WITH_TRANSFORMATION(#3055) 
SHAPE_REPRESENTATION_RELATIONSHIP() );
#3055 = ITEM_DEFINED_TRANSFORMATION('','',#11,#39);
#3056 = PRODUCT_DEFINITION_SHAPE('Placement','Placement of an item',
  #3057);
#3057 = NEXT_ASSEMBLY_USAGE_OCCURRENCE('7','Tile0_Coupler','',#5,#2608,$
  );
#3058 = PRODUCT_RELATED_PRODUCT_CATEGORY('part',$,(#2610));
#3059 = SHAPE_DEFINITION_REPRESENTATION(#3060,#3066);
#3060 = PRODUCT_DEFINITION_SHAPE('','',#3061);
#3061 = PRODUCT_DEFINITION('design','',#3062,#3065);
#3062 = PRODUCT_DEFINITION_FORMATION('','',#3063);
#3063 = PRODUCT('Tile0_SiPM','Tile0_SiPM','',(#3064));
#3064 = PRODUCT_CONTEXT('',#2,'mechanical');
#3065 = PRODUCT_DEFINITION_CONTEXT('part definition',#2,'design');
#3066 = ADVANCED_BREP_SHAPE_REPRESENTATION('',(#11,#3067),#3217);
#3067 = MANIFOLD_SOLID_BREP('',#3068);
#3068 = CLOSED_SHELL('',(#3069,#3109,#3149,#3171,#3193,#3205));
#3069 = ADVANCED_FACE('',(#3070),#3104,.F.);
#3070 = FACE_BOUND('',#3071,.F.);
#3071 = EDGE_LOOP('',(#3072,#3082,#3090,#3098));
#3072 = ORIENTED_EDGE('',*,*,#3073,.F.);
#3073 = EDGE_CURVE('',#3074,#3076,#3078,.T.);
#3074 = VERTEX_POINT('',#3075);
#3075 = CARTESIAN_POINT('',(82.2055,191.75,-1.5));
#3076 = VERTEX_POINT('',#3077);
#3077 = CARTESIAN_POINT('',(82.2055,191.75,1.5));
#3078 = LINE('',#3079,#3080);
#3079 = CARTESIAN_POINT('',(82.2055,191.75,-1.5));
#3080 = VECTOR('',#3081,1.);
#3081 = DIRECTION('',(0.,0.,1.));
#3082 = ORIENTED_EDGE('',*,*,#3083,.T.);
#3083 = EDGE_CURVE('',#3074,#3084,#3086,.T.);
#3084 = VERTEX_POINT('',#3085);
#3085 = CARTESIAN_POINT('',(82.2055,193.25,-1.5));
#3086 = LINE('',#3087,#3088);
#3087 = CARTESIAN_POINT('',(82.2055,191.75,-1.5));
#3088 = VECTOR('',#3089,1.);
#3089 = DIRECTION('',(-0.,1.,0.));
#3090 = ORIENTED_EDGE('',*,*,#3091,.T.);
#3091 = EDGE_CURVE('',#3084,#3092,#3094,.T.);
#3092 = VERTEX_POINT('',#3093);
#3093 = CARTESIAN_POINT('',(82.2055,193.25,1.5));
#3094 = LINE('',#3095,#3096);
#3095 = CARTESIAN_POINT('',(82.2055,193.25,-1.5));
#3096 = VECTOR('',#3097,1.);
#3097 = DIRECTION('',(0.,0.,1.));
#3098 = ORIENTED_EDGE('',*,*,#3099,.F.);
#3099 = EDGE_CURVE('',#3076,#3092,#3100,.T.);
#3100 = LINE('',#3101,#3102);
#3101 = CARTESIAN_POINT('',(82.2055,191.75,1.5));
#3102 = VECTOR('',#3103,1.);
#3103 = DIRECTION('',(-0.,1.,0.));
#3104 = PLANE('',#3105);
#3105 = AXIS2_PLACEMENT_3D('',#3106,#3107,#3108);
#3106 = CARTESIAN_POINT('',(82.2055,191.75,-1.5));
#3107 = DIRECTION('',(1.,0.,-0.));
#3108 = DIRECTION('',(0.,0.,1.));
#3109 = ADVANCED_FACE('',(#3110),#3144,.T.);
#3110 = FACE_BOUND('',#3111,.T.);
#3111 = EDGE_LOOP('',(#3112,#3122,#3130,#3138));
#3112 = ORIENTED_EDGE('',*,*,#3113,.F.);
#3113 = EDGE_CURVE('',#3114,#3116,#3118,.T.);
#3114 = VERTEX_POINT('',#3115);
#3115 = CARTESIAN_POINT('',(85.2055,191.75,-1.5));
#3116 = VERTEX_POINT('',#3117);
#3117 = CARTESIAN_POINT('',(85.2055,191.75,1.5));
#3118 = LINE('',#3119,#3120);
#3119 = CARTESIAN_POINT('',(85.2055,191.75,-1.5));
#3120 = VECTOR('',#3121,1.);
#3121 = DIRECTION('',(0.,0.,1.));
#3122 = ORIENTED_EDGE('',*,*,#3123,.T.);
#3123 = EDGE_CURVE('',#3114,#3124,#3126,.T.);
#3124 = VERTEX_POINT('',#3125);
#3125 = CARTESIAN_POINT('',(85.2055,193.25,-1.5));
#3126 = LINE('',#3127,#3128);
#3127 = CARTESIAN_POINT('',(85.2055,191.75,-1.5));
#3128 = VECTOR('',#3129,1.);
#3129 = DIRECTION('',(-0.,1.,0.));
#3130 = ORIENTED_EDGE('',*,*,#3131,.T.);
#3131 = EDGE_CURVE('',#3124,#3132,#3134,.T.);
#3132 = VERTEX_POINT('',#3133);
#3133 = CARTESIAN_POINT('',(85.2055,193.25,1.5));
#3134 = LINE('',#3135,#3136);
#3135 = CARTESIAN_POINT('',(85.2055,193.25,-1.5));
#3136 = VECTOR('',#3137,1.);
#3137 = DIRECTION('',(0.,0.,1.));
#3138 = ORIENTED_EDGE('',*,*,#3139,.F.);
#3139 = EDGE_CURVE('',#3116,#3132,#3140,.T.);
#3140 = LINE('',#3141,#3142);
#3141 = CARTESIAN_POINT('',(85.2055,191.75,1.5));
#3142 = VECTOR('',#3143,1.);
#3143 = DIRECTION('',(-0.,1.,0.));
#3144 = PLANE('',#3145);
#3145 = AXIS2_PLACEMENT_3D('',#3146,#3147,#3148);
#3146 = CARTESIAN_POINT('',(85.2055,191.75,-1.5));
#3147 = DIRECTION('',(1.,0.,-0.));
#3148 = DIRECTION('',(0.,0.,1.));
#3149 = ADVANCED_FACE('',(#3150),#3166,.F.);
#3150 = FACE_BOUND('',#3151,.F.);
#3151 = EDGE_LOOP('',(#3152,#3158,#3159,#3165));
#3152 = ORIENTED_EDGE('',*,*,#3153,.F.);
#3153 = EDGE_CURVE('',#3074,#3114,#3154,.T.);
#3154 = LINE('',#3155,#3156);
#3155 = CARTESIAN_POINT('',(82.2055,191.75,-1.5));
#3156 = VECTOR('',#3157,1.);
#3157 = DIRECTION('',(1.,0.,-0.));
#3158 = ORIENTED_EDGE('',*,*,#3073,.T.);
#3159 = ORIENTED_EDGE('',*,*,#3160,.T.);
#3160 = EDGE_CURVE('',#3076,#3116,#3161,.T.);
#3161 = LINE('',#3162,#3163);
#3162 = CARTESIAN_POINT('',(82.2055,191.75,1.5));
#3163 = VECTOR('',#3164,1.);
#3164 = DIRECTION('',(1.,0.,-0.));
#3165 = ORIENTED_EDGE('',*,*,#3113,.F.);
#3166 = PLANE('',#3167);
#3167 = AXIS2_PLACEMENT_3D('',#3168,#3169,#3170);
#3168 = CARTESIAN_POINT('',(82.2055,191.75,-1.5));
#3169 = DIRECTION('',(-0.,1.,0.));
#3170 = DIRECTION('',(0.,0.,1.));
#3171 = ADVANCED_FACE('',(#3172),#3188,.T.);
#3172 = FACE_BOUND('',#3173,.T.);
#3173 = EDGE_LOOP('',(#3174,#3180,#3181,#3187));
#3174 = ORIENTED_EDGE('',*,*,#3175,.F.);
#3175 = EDGE_CURVE('',#3084,#3124,#3176,.T.);
#3176 = LINE('',#3177,#3178);
#3177 = CARTESIAN_POINT('',(82.2055,193.25,-1.5));
#3178 = VECTOR('',#3179,1.);
#3179 = DIRECTION('',(1.,0.,-0.));
#3180 = ORIENTED_EDGE('',*,*,#3091,.T.);
#3181 = ORIENTED_EDGE('',*,*,#3182,.T.);
#3182 = EDGE_CURVE('',#3092,#3132,#3183,.T.);
#3183 = LINE('',#3184,#3185);
#3184 = CARTESIAN_POINT('',(82.2055,193.25,1.5));
#3185 = VECTOR('',#3186,1.);
#3186 = DIRECTION('',(1.,0.,-0.));
#3187 = ORIENTED_EDGE('',*,*,#3131,.F.);
#3188 = PLANE('',#3189);
#3189 = AXIS2_PLACEMENT_3D('',#3190,#3191,#3192);
#3190 = CARTESIAN_POINT('',(82.2055,193.25,-1.5));
#3191 = DIRECTION('',(-0.,1.,0.));
#3192 = DIRECTION('',(0.,0.,1.));
#3193 = ADVANCED_FACE('',(#3194),#3200,.F.);
#3194 = FACE_BOUND('',#3195,.F.);
#3195 = EDGE_LOOP('',(#3196,#3197,#3198,#3199));
#3196 = ORIENTED_EDGE('',*,*,#3083,.F.);
#3197 = ORIENTED_EDGE('',*,*,#3153,.T.);
#3198 = ORIENTED_EDGE('',*,*,#3123,.T.);
#3199 = ORIENTED_EDGE('',*,*,#3175,.F.);
#3200 = PLANE('',#3201);
#3201 = AXIS2_PLACEMENT_3D('',#3202,#3203,#3204);
#3202 = CARTESIAN_POINT('',(82.2055,191.75,-1.5));
#3203 = DIRECTION('',(0.,0.,1.));
#3204 = DIRECTION('',(1.,0.,-0.));
#3205 = ADVANCED_FACE('',(#3206),#3212,.T.);
#3206 = FACE_BOUND('',#3207,.T.);
#3207 = EDGE_LOOP('',(#3208,#3209,#3210,#3211));
#3208 = ORIENTED_EDGE('',*,*,#3099,.F.);
#3209 = ORIENTED_EDGE('',*,*,#3160,.T.);
#3210 = ORIENTED_EDGE('',*,*,#3139,.T.);
#3211 = ORIENTED_EDGE('',*,*,#3182,.F.);
#3212 = PLANE('',#3213);
#3213 = AXIS2_PLACEMENT_3D('',#3214,#3215,#3216);
#3214 = CARTESIAN_POINT('',(82.2055,191.75,1.5));
#3215 = DIRECTION('',(0.,0.,1.));
#3216 = DIRECTION('',(1.,0.,-0.));
#3217 = ( GEOMETRIC_REPRESENTATION_CONTEXT(3) 
GLOBAL_UNCERTAINTY_ASSIGNED_CONTEXT((#3221)) 
GLOBAL_UNIT_ASSIGNED_CONTEXT((#3218,#3219,#3220)) REPRESENTATION_CONTEXT
('Context #1','3D Context with UNIT and UNCERTAINTY') );
#3218 = ( LENGTH_UNIT() NAMED_UNIT(*) SI_UNIT(.MILLI.,.METRE.) );
#3219 = ( NAMED_UNIT(*) PLANE_ANGLE_UNIT() SI_UNIT($,.RADIAN.) );
#3220 = ( NAMED_UNIT(*) SI_UNIT($,.STERADIAN.) SOLID_ANGLE_UNIT() );
#3221 = UNCERTAINTY_MEASURE_WITH_UNIT(LENGTH_MEASURE(1.E-07),#3218,
  'distance_accuracy_value','confusion accuracy');
#3222 = CONTEXT_DEPENDENT_SHAPE_REPRESENTATION(#3223,#3225);
#3223 = ( REPRESENTATION_RELATIONSHIP('','',#3066,#10) 
REPRESENTATION_RELATIONSHIP_WITH_TRANSFORMATION(#3224) 
SHAPE_REPRESENTATION_RELATIONSHIP() );
#3224 = ITEM_DEFINED_TRANSFORMATION('','',#11,#43);
#3225 = PRODUCT_DEFINITION_SHAPE('Placement','Placement of an item',
  #3226);
#3226 = NEXT_ASSEMBLY_USAGE_OCCURRENCE('8','Tile0_SiPM','',#5,#3061,$);
#3227 = PRODUCT_RELATED_PRODUCT_CATEGORY('part',$,(#3063));
#3228 = SHAPE_DEFINITION_REPRESENTATION(#3229,#3235);
#3229 = PRODUCT_DEFINITION_SHAPE('','',#3230);
#3230 = PRODUCT_DEFINITION('design','',#3231,#3234);
#3231 = PRODUCT_DEFINITION_FORMATION('','',#3232);
#3232 = PRODUCT('Tile0_SiPM_PCB','Tile0_SiPM_PCB','',(#3233));
#3233 = PRODUCT_CONTEXT('',#2,'mechanical');
#3234 = PRODUCT_DEFINITION_CONTEXT('part definition',#2,'design');
#3235 = ADVANCED_BREP_SHAPE_REPRESENTATION('',(#11,#3236),#3386);
#3236 = MANIFOLD_SOLID_BREP('',#3237);
#3237 = CLOSED_SHELL('',(#3238,#3278,#3318,#3340,#3362,#3374));
#3238 = ADVANCED_FACE('',(#3239),#3273,.F.);
#3239 = FACE_BOUND('',#3240,.F.);
#3240 = EDGE_LOOP('',(#3241,#3251,#3259,#3267));
#3241 = ORIENTED_EDGE('',*,*,#3242,.F.);
#3242 = EDGE_CURVE('',#3243,#3245,#3247,.T.);
#3243 = VERTEX_POINT('',#3244);
#3244 = CARTESIAN_POINT('',(71.7055,197.,-6.));
#3245 = VERTEX_POINT('',#3246);
#3246 = CARTESIAN_POINT('',(71.7055,197.,6.));
#3247 = LINE('',#3248,#3249);
#3248 = CARTESIAN_POINT('',(71.7055,197.,-6.));
#3249 = VECTOR('',#3250,1.);
#3250 = DIRECTION('',(0.,0.,1.));
#3251 = ORIENTED_EDGE('',*,*,#3252,.T.);
#3252 = EDGE_CURVE('',#3243,#3253,#3255,.T.);
#3253 = VERTEX_POINT('',#3254);
#3254 = CARTESIAN_POINT('',(71.7055,198.6,-6.));
#3255 = LINE('',#3256,#3257);
#3256 = CARTESIAN_POINT('',(71.7055,197.,-6.));
#3257 = VECTOR('',#3258,1.);
#3258 = DIRECTION('',(-0.,1.,0.));
#3259 = ORIENTED_EDGE('',*,*,#3260,.T.);
#3260 = EDGE_CURVE('',#3253,#3261,#3263,.T.);
#3261 = VERTEX_POINT('',#3262);
#3262 = CARTESIAN_POINT('',(71.7055,198.6,6.));
#3263 = LINE('',#3264,#3265);
#3264 = CARTESIAN_POINT('',(71.7055,198.6,-6.));
#3265 = VECTOR('',#3266,1.);
#3266 = DIRECTION('',(0.,0.,1.));
#3267 = ORIENTED_EDGE('',*,*,#3268,.F.);
#3268 = EDGE_CURVE('',#3245,#3261,#3269,.T.);
#3269 = LINE('',#3270,#3271);
#3270 = CARTESIAN_POINT('',(71.7055,197.,6.));
#3271 = VECTOR('',#3272,1.);
#3272 = DIRECTION('',(-0.,1.,0.));
#3273 = PLANE('',#3274);
#3274 = AXIS2_PLACEMENT_3D('',#3275,#3276,#3277);
#3275 = CARTESIAN_POINT('',(71.7055,197.,-6.));
#3276 = DIRECTION('',(1.,0.,-0.));
#3277 = DIRECTION('',(0.,0.,1.));
#3278 = ADVANCED_FACE('',(#3279),#3313,.T.);
#3279 = FACE_BOUND('',#3280,.T.);
#3280 = EDGE_LOOP('',(#3281,#3291,#3299,#3307));
#3281 = ORIENTED_EDGE('',*,*,#3282,.F.);
#3282 = EDGE_CURVE('',#3283,#3285,#3287,.T.);
#3283 = VERTEX_POINT('',#3284);
#3284 = CARTESIAN_POINT('',(95.7055,197.,-6.));
#3285 = VERTEX_POINT('',#3286);
#3286 = CARTESIAN_POINT('',(95.7055,197.,6.));
#3287 = LINE('',#3288,#3289);
#3288 = CARTESIAN_POINT('',(95.7055,197.,-6.));
#3289 = VECTOR('',#3290,1.);
#3290 = DIRECTION('',(0.,0.,1.));
#3291 = ORIENTED_EDGE('',*,*,#3292,.T.);
#3292 = EDGE_CURVE('',#3283,#3293,#3295,.T.);
#3293 = VERTEX_POINT('',#3294);
#3294 = CARTESIAN_POINT('',(95.7055,198.6,-6.));
#3295 = LINE('',#3296,#3297);
#3296 = CARTESIAN_POINT('',(95.7055,197.,-6.));
#3297 = VECTOR('',#3298,1.);
#3298 = DIRECTION('',(-0.,1.,0.));
#3299 = ORIENTED_EDGE('',*,*,#3300,.T.);
#3300 = EDGE_CURVE('',#3293,#3301,#3303,.T.);
#3301 = VERTEX_POINT('',#3302);
#3302 = CARTESIAN_POINT('',(95.7055,198.6,6.));
#3303 = LINE('',#3304,#3305);
#3304 = CARTESIAN_POINT('',(95.7055,198.6,-6.));
#3305 = VECTOR('',#3306,1.);
#3306 = DIRECTION('',(0.,0.,1.));
#3307 = ORIENTED_EDGE('',*,*,#3308,.F.);
#3308 = EDGE_CURVE('',#3285,#3301,#3309,.T.);
#3309 = LINE('',#3310,#3311);
#3310 = CARTESIAN_POINT('',(95.7055,197.,6.));
#3311 = VECTOR('',#3312,1.);
#3312 = DIRECTION('',(-0.,1.,0.));
#3313 = PLANE('',#3314);
#3314 = AXIS2_PLACEMENT_3D('',#3315,#3316,#3317);
#3315 = CARTESIAN_POINT('',(95.7055,197.,-6.));
#3316 = DIRECTION('',(1.,0.,-0.));
#3317 = DIRECTION('',(0.,0.,1.));
#3318 = ADVANCED_FACE('',(#3319),#3335,.F.);
#3319 = FACE_BOUND('',#3320,.F.);
#3320 = EDGE_LOOP('',(#3321,#3327,#3328,#3334));
#3321 = ORIENTED_EDGE('',*,*,#3322,.F.);
#3322 = EDGE_CURVE('',#3243,#3283,#3323,.T.);
#3323 = LINE('',#3324,#3325);
#3324 = CARTESIAN_POINT('',(71.7055,197.,-6.));
#3325 = VECTOR('',#3326,1.);
#3326 = DIRECTION('',(1.,0.,-0.));
#3327 = ORIENTED_EDGE('',*,*,#3242,.T.);
#3328 = ORIENTED_EDGE('',*,*,#3329,.T.);
#3329 = EDGE_CURVE('',#3245,#3285,#3330,.T.);
#3330 = LINE('',#3331,#3332);
#3331 = CARTESIAN_POINT('',(71.7055,197.,6.));
#3332 = VECTOR('',#3333,1.);
#3333 = DIRECTION('',(1.,0.,-0.));
#3334 = ORIENTED_EDGE('',*,*,#3282,.F.);
#3335 = PLANE('',#3336);
#3336 = AXIS2_PLACEMENT_3D('',#3337,#3338,#3339);
#3337 = CARTESIAN_POINT('',(71.7055,197.,-6.));
#3338 = DIRECTION('',(-0.,1.,0.));
#3339 = DIRECTION('',(0.,0.,1.));
#3340 = ADVANCED_FACE('',(#3341),#3357,.T.);
#3341 = FACE_BOUND('',#3342,.T.);
#3342 = EDGE_LOOP('',(#3343,#3349,#3350,#3356));
#3343 = ORIENTED_EDGE('',*,*,#3344,.F.);
#3344 = EDGE_CURVE('',#3253,#3293,#3345,.T.);
#3345 = LINE('',#3346,#3347);
#3346 = CARTESIAN_POINT('',(71.7055,198.6,-6.));
#3347 = VECTOR('',#3348,1.);
#3348 = DIRECTION('',(1.,0.,-0.));
#3349 = ORIENTED_EDGE('',*,*,#3260,.T.);
#3350 = ORIENTED_EDGE('',*,*,#3351,.T.);
#3351 = EDGE_CURVE('',#3261,#3301,#3352,.T.);
#3352 = LINE('',#3353,#3354);
#3353 = CARTESIAN_POINT('',(71.7055,198.6,6.));
#3354 = VECTOR('',#3355,1.);
#3355 = DIRECTION('',(1.,0.,-0.));
#3356 = ORIENTED_EDGE('',*,*,#3300,.F.);
#3357 = PLANE('',#3358);
#3358 = AXIS2_PLACEMENT_3D('',#3359,#3360,#3361);
#3359 = CARTESIAN_POINT('',(71.7055,198.6,-6.));
#3360 = DIRECTION('',(-0.,1.,0.));
#3361 = DIRECTION('',(0.,0.,1.));
#3362 = ADVANCED_FACE('',(#3363),#3369,.F.);
#3363 = FACE_BOUND('',#3364,.F.);
#3364 = EDGE_LOOP('',(#3365,#3366,#3367,#3368));
#3365 = ORIENTED_EDGE('',*,*,#3252,.F.);
#3366 = ORIENTED_EDGE('',*,*,#3322,.T.);
#3367 = ORIENTED_EDGE('',*,*,#3292,.T.);
#3368 = ORIENTED_EDGE('',*,*,#3344,.F.);
#3369 = PLANE('',#3370);
#3370 = AXIS2_PLACEMENT_3D('',#3371,#3372,#3373);
#3371 = CARTESIAN_POINT('',(71.7055,197.,-6.));
#3372 = DIRECTION('',(0.,0.,1.));
#3373 = DIRECTION('',(1.,0.,-0.));
#3374 = ADVANCED_FACE('',(#3375),#3381,.T.);
#3375 = FACE_BOUND('',#3376,.T.);
#3376 = EDGE_LOOP('',(#3377,#3378,#3379,#3380));
#3377 = ORIENTED_EDGE('',*,*,#3268,.F.);
#3378 = ORIENTED_EDGE('',*,*,#3329,.T.);
#3379 = ORIENTED_EDGE('',*,*,#3308,.T.);
#3380 = ORIENTED_EDGE('',*,*,#3351,.F.);
#3381 = PLANE('',#3382);
#3382 = AXIS2_PLACEMENT_3D('',#3383,#3384,#3385);
#3383 = CARTESIAN_POINT('',(71.7055,197.,6.));
#3384 = DIRECTION('',(0.,0.,1.));
#3385 = DIRECTION('',(1.,0.,-0.));
#3386 = ( GEOMETRIC_REPRESENTATION_CONTEXT(3) 
GLOBAL_UNCERTAINTY_ASSIGNED_CONTEXT((#3390)) 
GLOBAL_UNIT_ASSIGNED_CONTEXT((#3387,#3388,#3389)) REPRESENTATION_CONTEXT
('Context #1','3D Context with UNIT and UNCERTAINTY') );
#3387 = ( LENGTH_UNIT() NAMED_UNIT(*) SI_UNIT(.MILLI.,.METRE.) );
#3388 = ( NAMED_UNIT(*) PLANE_ANGLE_UNIT() SI_UNIT($,.RADIAN.) );
#3389 = ( NAMED_UNIT(*) SI_UNIT($,.STERADIAN.) SOLID_ANGLE_UNIT() );
#3390 = UNCERTAINTY_MEASURE_WITH_UNIT(LENGTH_MEASURE(1.E-07),#3387,
  'distance_accuracy_value','confusion accuracy');
#3391 = CONTEXT_DEPENDENT_SHAPE_REPRESENTATION(#3392,#3394);
#3392 = ( REPRESENTATION_RELATIONSHIP('','',#3235,#10) 
REPRESENTATION_RELATIONSHIP_WITH_TRANSFORMATION(#3393) 
SHAPE_REPRESENTATION_RELATIONSHIP() );
#3393 = ITEM_DEFINED_TRANSFORMATION('','',#11,#47);
#3394 = PRODUCT_DEFINITION_SHAPE('Placement','Placement of an item',
  #3395);
#3395 = NEXT_ASSEMBLY_USAGE_OCCURRENCE('9','Tile0_SiPM_PCB','',#5,#3230,
  $);
#3396 = PRODUCT_RELATED_PRODUCT_CATEGORY('part',$,(#3232));
#3397 = SHAPE_DEFINITION_REPRESENTATION(#3398,#3404);
#3398 = PRODUCT_DEFINITION_SHAPE('','',#3399);
#3399 = PRODUCT_DEFINITION('design','',#3400,#3403);
#3400 = PRODUCT_DEFINITION_FORMATION('','',#3401);
#3401 = PRODUCT('Tile0_UFL','Tile0_UFL','',(#3402));
#3402 = PRODUCT_CONTEXT('',#2,'mechanical');
#3403 = PRODUCT_DEFINITION_CONTEXT('part definition',#2,'design');
#3404 = ADVANCED_BREP_SHAPE_REPRESENTATION('',(#11,#3405),#3555);
#3405 = MANIFOLD_SOLID_BREP('',#3406);
#3406 = CLOSED_SHELL('',(#3407,#3447,#3487,#3509,#3531,#3543));
#3407 = ADVANCED_FACE('',(#3408),#3442,.F.);
#3408 = FACE_BOUND('',#3409,.F.);
#3409 = EDGE_LOOP('',(#3410,#3420,#3428,#3436));
#3410 = ORIENTED_EDGE('',*,*,#3411,.F.);
#3411 = EDGE_CURVE('',#3412,#3414,#3416,.T.);
#3412 = VERTEX_POINT('',#3413);
#3413 = CARTESIAN_POINT('',(82.2055,198.6,-1.3));
#3414 = VERTEX_POINT('',#3415);
#3415 = CARTESIAN_POINT('',(82.2055,198.6,1.3));
#3416 = LINE('',#3417,#3418);
#3417 = CARTESIAN_POINT('',(82.2055,198.6,-1.3));
#3418 = VECTOR('',#3419,1.);
#3419 = DIRECTION('',(0.,0.,1.));
#3420 = ORIENTED_EDGE('',*,*,#3421,.T.);
#3421 = EDGE_CURVE('',#3412,#3422,#3424,.T.);
#3422 = VERTEX_POINT('',#3423);
#3423 = CARTESIAN_POINT('',(82.2055,199.85,-1.3));
#3424 = LINE('',#3425,#3426);
#3425 = CARTESIAN_POINT('',(82.2055,198.6,-1.3));
#3426 = VECTOR('',#3427,1.);
#3427 = DIRECTION('',(-0.,1.,0.));
#3428 = ORIENTED_EDGE('',*,*,#3429,.T.);
#3429 = EDGE_CURVE('',#3422,#3430,#3432,.T.);
#3430 = VERTEX_POINT('',#3431);
#3431 = CARTESIAN_POINT('',(82.2055,199.85,1.3));
#3432 = LINE('',#3433,#3434);
#3433 = CARTESIAN_POINT('',(82.2055,199.85,-1.3));
#3434 = VECTOR('',#3435,1.);
#3435 = DIRECTION('',(0.,0.,1.));
#3436 = ORIENTED_EDGE('',*,*,#3437,.F.);
#3437 = EDGE_CURVE('',#3414,#3430,#3438,.T.);
#3438 = LINE('',#3439,#3440);
#3439 = CARTESIAN_POINT('',(82.2055,198.6,1.3));
#3440 = VECTOR('',#3441,1.);
#3441 = DIRECTION('',(-0.,1.,0.));
#3442 = PLANE('',#3443);
#3443 = AXIS2_PLACEMENT_3D('',#3444,#3445,#3446);
#3444 = CARTESIAN_POINT('',(82.2055,198.6,-1.3));
#3445 = DIRECTION('',(1.,0.,-0.));
#3446 = DIRECTION('',(0.,0.,1.));
#3447 = ADVANCED_FACE('',(#3448),#3482,.T.);
#3448 = FACE_BOUND('',#3449,.T.);
#3449 = EDGE_LOOP('',(#3450,#3460,#3468,#3476));
#3450 = ORIENTED_EDGE('',*,*,#3451,.F.);
#3451 = EDGE_CURVE('',#3452,#3454,#3456,.T.);
#3452 = VERTEX_POINT('',#3453);
#3453 = CARTESIAN_POINT('',(85.2055,198.6,-1.3));
#3454 = VERTEX_POINT('',#3455);
#3455 = CARTESIAN_POINT('',(85.2055,198.6,1.3));
#3456 = LINE('',#3457,#3458);
#3457 = CARTESIAN_POINT('',(85.2055,198.6,-1.3));
#3458 = VECTOR('',#3459,1.);
#3459 = DIRECTION('',(0.,0.,1.));
#3460 = ORIENTED_EDGE('',*,*,#3461,.T.);
#3461 = EDGE_CURVE('',#3452,#3462,#3464,.T.);
#3462 = VERTEX_POINT('',#3463);
#3463 = CARTESIAN_POINT('',(85.2055,199.85,-1.3));
#3464 = LINE('',#3465,#3466);
#3465 = CARTESIAN_POINT('',(85.2055,198.6,-1.3));
#3466 = VECTOR('',#3467,1.);
#3467 = DIRECTION('',(-0.,1.,0.));
#3468 = ORIENTED_EDGE('',*,*,#3469,.T.);
#3469 = EDGE_CURVE('',#3462,#3470,#3472,.T.);
#3470 = VERTEX_POINT('',#3471);
#3471 = CARTESIAN_POINT('',(85.2055,199.85,1.3));
#3472 = LINE('',#3473,#3474);
#3473 = CARTESIAN_POINT('',(85.2055,199.85,-1.3));
#3474 = VECTOR('',#3475,1.);
#3475 = DIRECTION('',(0.,0.,1.));
#3476 = ORIENTED_EDGE('',*,*,#3477,.F.);
#3477 = EDGE_CURVE('',#3454,#3470,#3478,.T.);
#3478 = LINE('',#3479,#3480);
#3479 = CARTESIAN_POINT('',(85.2055,198.6,1.3));
#3480 = VECTOR('',#3481,1.);
#3481 = DIRECTION('',(-0.,1.,0.));
#3482 = PLANE('',#3483);
#3483 = AXIS2_PLACEMENT_3D('',#3484,#3485,#3486);
#3484 = CARTESIAN_POINT('',(85.2055,198.6,-1.3));
#3485 = DIRECTION('',(1.,0.,-0.));
#3486 = DIRECTION('',(0.,0.,1.));
#3487 = ADVANCED_FACE('',(#3488),#3504,.F.);
#3488 = FACE_BOUND('',#3489,.F.);
#3489 = EDGE_LOOP('',(#3490,#3496,#3497,#3503));
#3490 = ORIENTED_EDGE('',*,*,#3491,.F.);
#3491 = EDGE_CURVE('',#3412,#3452,#3492,.T.);
#3492 = LINE('',#3493,#3494);
#3493 = CARTESIAN_POINT('',(82.2055,198.6,-1.3));
#3494 = VECTOR('',#3495,1.);
#3495 = DIRECTION('',(1.,0.,-0.));
#3496 = ORIENTED_EDGE('',*,*,#3411,.T.);
#3497 = ORIENTED_EDGE('',*,*,#3498,.T.);
#3498 = EDGE_CURVE('',#3414,#3454,#3499,.T.);
#3499 = LINE('',#3500,#3501);
#3500 = CARTESIAN_POINT('',(82.2055,198.6,1.3));
#3501 = VECTOR('',#3502,1.);
#3502 = DIRECTION('',(1.,0.,-0.));
#3503 = ORIENTED_EDGE('',*,*,#3451,.F.);
#3504 = PLANE('',#3505);
#3505 = AXIS2_PLACEMENT_3D('',#3506,#3507,#3508);
#3506 = CARTESIAN_POINT('',(82.2055,198.6,-1.3));
#3507 = DIRECTION('',(-0.,1.,0.));
#3508 = DIRECTION('',(0.,0.,1.));
#3509 = ADVANCED_FACE('',(#3510),#3526,.T.);
#3510 = FACE_BOUND('',#3511,.T.);
#3511 = EDGE_LOOP('',(#3512,#3518,#3519,#3525));
#3512 = ORIENTED_EDGE('',*,*,#3513,.F.);
#3513 = EDGE_CURVE('',#3422,#3462,#3514,.T.);
#3514 = LINE('',#3515,#3516);
#3515 = CARTESIAN_POINT('',(82.2055,199.85,-1.3));
#3516 = VECTOR('',#3517,1.);
#3517 = DIRECTION('',(1.,0.,-0.));
#3518 = ORIENTED_EDGE('',*,*,#3429,.T.);
#3519 = ORIENTED_EDGE('',*,*,#3520,.T.);
#3520 = EDGE_CURVE('',#3430,#3470,#3521,.T.);
#3521 = LINE('',#3522,#3523);
#3522 = CARTESIAN_POINT('',(82.2055,199.85,1.3));
#3523 = VECTOR('',#3524,1.);
#3524 = DIRECTION('',(1.,0.,-0.));
#3525 = ORIENTED_EDGE('',*,*,#3469,.F.);
#3526 = PLANE('',#3527);
#3527 = AXIS2_PLACEMENT_3D('',#3528,#3529,#3530);
#3528 = CARTESIAN_POINT('',(82.2055,199.85,-1.3));
#3529 = DIRECTION('',(-0.,1.,0.));
#3530 = DIRECTION('',(0.,0.,1.));
#3531 = ADVANCED_FACE('',(#3532),#3538,.F.);
#3532 = FACE_BOUND('',#3533,.F.);
#3533 = EDGE_LOOP('',(#3534,#3535,#3536,#3537));
#3534 = ORIENTED_EDGE('',*,*,#3421,.F.);
#3535 = ORIENTED_EDGE('',*,*,#3491,.T.);
#3536 = ORIENTED_EDGE('',*,*,#3461,.T.);
#3537 = ORIENTED_EDGE('',*,*,#3513,.F.);
#3538 = PLANE('',#3539);
#3539 = AXIS2_PLACEMENT_3D('',#3540,#3541,#3542);
#3540 = CARTESIAN_POINT('',(82.2055,198.6,-1.3));
#3541 = DIRECTION('',(0.,0.,1.));
#3542 = DIRECTION('',(1.,0.,-0.));
#3543 = ADVANCED_FACE('',(#3544),#3550,.T.);
#3544 = FACE_BOUND('',#3545,.T.);
#3545 = EDGE_LOOP('',(#3546,#3547,#3548,#3549));
#3546 = ORIENTED_EDGE('',*,*,#3437,.F.);
#3547 = ORIENTED_EDGE('',*,*,#3498,.T.);
#3548 = ORIENTED_EDGE('',*,*,#3477,.T.);
#3549 = ORIENTED_EDGE('',*,*,#3520,.F.);
#3550 = PLANE('',#3551);
#3551 = AXIS2_PLACEMENT_3D('',#3552,#3553,#3554);
#3552 = CARTESIAN_POINT('',(82.2055,198.6,1.3));
#3553 = DIRECTION('',(0.,0.,1.));
#3554 = DIRECTION('',(1.,0.,-0.));
#3555 = ( GEOMETRIC_REPRESENTATION_CONTEXT(3) 
GLOBAL_UNCERTAINTY_ASSIGNED_CONTEXT((#3559)) 
GLOBAL_UNIT_ASSIGNED_CONTEXT((#3556,#3557,#3558)) REPRESENTATION_CONTEXT
('Context #1','3D Context with UNIT and UNCERTAINTY') );
#3556 = ( LENGTH_UNIT() NAMED_UNIT(*) SI_UNIT(.MILLI.,.METRE.) );
#3557 = ( NAMED_UNIT(*) PLANE_ANGLE_UNIT() SI_UNIT($,.RADIAN.) );
#3558 = ( NAMED_UNIT(*) SI_UNIT($,.STERADIAN.) SOLID_ANGLE_UNIT() );
#3559 = UNCERTAINTY_MEASURE_WITH_UNIT(LENGTH_MEASURE(1.E-07),#3556,
  'distance_accuracy_value','confusion accuracy');
#3560 = CONTEXT_DEPENDENT_SHAPE_REPRESENTATION(#3561,#3563);
#3561 = ( REPRESENTATION_RELATIONSHIP('','',#3404,#10) 
REPRESENTATION_RELATIONSHIP_WITH_TRANSFORMATION(#3562) 
SHAPE_REPRESENTATION_RELATIONSHIP() );
#3562 = ITEM_DEFINED_TRANSFORMATION('','',#11,#51);
#3563 = PRODUCT_DEFINITION_SHAPE('Placement','Placement of an item',
  #3564);
#3564 = NEXT_ASSEMBLY_USAGE_OCCURRENCE('10','Tile0_UFL','',#5,#3399,$);
#3565 = PRODUCT_RELATED_PRODUCT_CATEGORY('part',$,(#3401));
ENDSEC;
END-ISO-10303-21;
