ISO-10303-21;
HEADER;
FILE_DESCRIPTION(('FreeCAD Model'),'2;1');
FILE_NAME('Open CASCADE Shape Model','2026-09-30T17:56:20',('Author'),(
    ''),'Open CASCADE STEP processor 7.8','FreeCAD','Unknown');
FILE_SCHEMA(('AUTOMOTIVE_DESIGN { 1 0 10303 214 1 1 1 1 }'));
ENDSEC;
DATA;
#1 = APPLICATION_PROTOCOL_DEFINITION('international standard',
  'automotive_design',2000,#2);
#2 = APPLICATION_CONTEXT(
  'core data for automotive mechanical design processes');
#3 = SHAPE_DEFINITION_REPRESENTATION(#4,#10);
#4 = PRODUCT_DEFINITION_SHAPE('','',#5);
#5 = PRODUCT_DEFINITION('design','',#6,#9);
#6 = PRODUCT_DEFINITION_FORMATION('','',#7);
#7 = PRODUCT('Tile_0','Tile_0','',(#8));
#8 = PRODUCT_CONTEXT('',#2,'mechanical');
#9 = PRODUCT_DEFINITION_CONTEXT('part definition',#2,'design');
#10 = SHAPE_REPRESENTATION('',(#11,#15,#19,#23,#27,#31,#35,#39,#43,#47,
    #51),#55);
#11 = AXIS2_PLACEMENT_3D('',#12,#13,#14);
#12 = CARTESIAN_POINT('',(0.,0.,0.));
#13 = DIRECTION('',(0.,0.,1.));
#14 = DIRECTION('',(1.,0.,-0.));
#15 = AXIS2_PLACEMENT_3D('',#16,#17,#18);
#16 = CARTESIAN_POINT('',(0.,0.,0.));
#17 = DIRECTION('',(0.,0.,1.));
#18 = DIRECTION('',(1.,0.,0.));
#19 = AXIS2_PLACEMENT_3D('',#20,#21,#22);
#20 = CARTESIAN_POINT('',(0.,0.,0.));
#21 = DIRECTION('',(0.,0.,1.));
#22 = DIRECTION('',(1.,0.,0.));
#23 = AXIS2_PLACEMENT_3D('',#24,#25,#26);
#24 = CARTESIAN_POINT('',(0.,0.,0.));
#25 = DIRECTION('',(0.,0.,1.));
#26 = DIRECTION('',(1.,0.,0.));
#27 = AXIS2_PLACEMENT_3D('',#28,#29,#30);
#28 = CARTESIAN_POINT('',(0.,0.,0.));
#29 = DIRECTION('',(0.,0.,1.));
#30 = DIRECTION('',(1.,0.,0.));
#31 = AXIS2_PLACEMENT_3D('',#32,#33,#34);
#32 = CARTESIAN_POINT('',(0.,0.,0.));
#33 = DIRECTION('',(0.,0.,1.));
#34 = DIRECTION('',(1.,0.,0.));
#35 = AXIS2_PLACEMENT_3D('',#36,#37,#38);
#36 = CARTESIAN_POINT('',(0.,0.,0.));
#37 = DIRECTION('',(0.,0.,1.));
#38 = DIRECTION('',(1.,0.,0.));
#39 = AXIS2_PLACEMENT_3D('',#40,#41,#42);
#40 = CARTESIAN_POINT('',(0.,0.,0.));
#41 = DIRECTION('',(0.,0.,1.));
#42 = DIRECTION('',(1.,0.,0.));
#43 = AXIS2_PLACEMENT_3D('',#44,#45,#46);
#44 = CARTESIAN_POINT('',(0.,0.,0.));
#45 = DIRECTION('',(0.,0.,1.));
#46 = DIRECTION('',(1.,0.,0.));
#47 = AXIS2_PLACEMENT_3D('',#48,#49,#50);
#48 = CARTESIAN_POINT('',(0.,0.,0.));
#49 = DIRECTION('',(0.,0.,1.));
#50 = DIRECTION('',(1.,0.,0.));
#51 = AXIS2_PLACEMENT_3D('',#52,#53,#54);
#52 = CARTESIAN_POINT('',(0.,0.,0.));
#53 = DIRECTION('',(0.,0.,1.));
#54 = DIRECTION('',(1.,0.,0.));
#55 = ( GEOMETRIC_REPRESENTATION_CONTEXT(3) 
GLOBAL_UNCERTAINTY_ASSIGNED_CONTEXT((#59)) GLOBAL_UNIT_ASSIGNED_CONTEXT(
(#56,#57,#58)) REPRESENTATION_CONTEXT('Context #1',
  '3D Context with UNIT and UNCERTAINTY') );
#56 = ( LENGTH_UNIT() NAMED_UNIT(*) SI_UNIT(.MILLI.,.METRE.) );
#57 = ( NAMED_UNIT(*) PLANE_ANGLE_UNIT() SI_UNIT($,.RADIAN.) );
#58 = ( NAMED_UNIT(*) SI_UNIT($,.STERADIAN.) SOLID_ANGLE_UNIT() );
#59 = UNCERTAINTY_MEASURE_WITH_UNIT(LENGTH_MEASURE(1.E-06),#56,
  'distance_accuracy_value','confusion accuracy');
#60 = PRODUCT_RELATED_PRODUCT_CATEGORY('part',$,(#7));
#61 = SHAPE_DEFINITION_REPRESENTATION(#62,#68);
#62 = PRODUCT_DEFINITION_SHAPE('','',#63);
#63 = PRODUCT_DEFINITION('design','',#64,#67);
#64 = PRODUCT_DEFINITION_FORMATION('','',#65);
#65 = PRODUCT('Tile0_Body','Tile0_Body','',(#66));
#66 = PRODUCT_CONTEXT('',#2,'mechanical');
#67 = PRODUCT_DEFINITION_CONTEXT('part definition',#2,'design');
#68 = ADVANCED_BREP_SHAPE_REPRESENTATION('',(#11,#69),#537);
#69 = MANIFOLD_SOLID_BREP('',#70);
#70 = CLOSED_SHELL('',(#71,#111,#142,#173,#190,#207,#289,#324,#334,#359,
    #385,#411,#437,#463,#491,#519));
#71 = ADVANCED_FACE('',(#72),#106,.F.);
#72 = FACE_BOUND('',#73,.F.);
#73 = EDGE_LOOP('',(#74,#84,#92,#100));
#74 = ORIENTED_EDGE('',*,*,#75,.T.);
#75 = EDGE_CURVE('',#76,#78,#80,.T.);
#76 = VERTEX_POINT('',#77);
#77 = CARTESIAN_POINT('',(0.,0.,-3.5));
#78 = VERTEX_POINT('',#79);
#79 = CARTESIAN_POINT('',(0.,0.,3.5));
#80 = LINE('',#81,#82);
#81 = CARTESIAN_POINT('',(0.,0.,-3.5));
#82 = VECTOR('',#83,1.);
#83 = DIRECTION('',(0.,0.,1.));
#84 = ORIENTED_EDGE('',*,*,#85,.T.);
#85 = EDGE_CURVE('',#78,#86,#88,.T.);
#86 = VERTEX_POINT('',#87);
#87 = CARTESIAN_POINT('',(119.9,0.,3.5));
#88 = LINE('',#89,#90);
#89 = CARTESIAN_POINT('',(0.,0.,3.5));
#90 = VECTOR('',#91,1.);
#91 = DIRECTION('',(1.,0.,0.));
#92 = ORIENTED_EDGE('',*,*,#93,.F.);
#93 = EDGE_CURVE('',#94,#86,#96,.T.);
#94 = VERTEX_POINT('',#95);
#95 = CARTESIAN_POINT('',(119.9,0.,-3.5));
#96 = LINE('',#97,#98);
#97 = CARTESIAN_POINT('',(119.9,0.,-3.5));
#98 = VECTOR('',#99,1.);
#99 = DIRECTION('',(0.,0.,1.));
#100 = ORIENTED_EDGE('',*,*,#101,.F.);
#101 = EDGE_CURVE('',#76,#94,#102,.T.);
#102 = LINE('',#103,#104);
#103 = CARTESIAN_POINT('',(0.,0.,-3.5));
#104 = VECTOR('',#105,1.);
#105 = DIRECTION('',(1.,0.,0.));
#106 = PLANE('',#107);
#107 = AXIS2_PLACEMENT_3D('',#108,#109,#110);
#108 = CARTESIAN_POINT('',(0.,0.,-3.5));
#109 = DIRECTION('',(0.,1.,0.));
#110 = DIRECTION('',(1.,0.,0.));
#111 = ADVANCED_FACE('',(#112),#137,.F.);
#112 = FACE_BOUND('',#113,.F.);
#113 = EDGE_LOOP('',(#114,#124,#130,#131));
#114 = ORIENTED_EDGE('',*,*,#115,.T.);
#115 = EDGE_CURVE('',#116,#118,#120,.T.);
#116 = VERTEX_POINT('',#117);
#117 = CARTESIAN_POINT('',(76.8,191.,-3.5));
#118 = VERTEX_POINT('',#119);
#119 = CARTESIAN_POINT('',(76.8,191.,3.5));
#120 = LINE('',#121,#122);
#121 = CARTESIAN_POINT('',(76.8,191.,-3.5));
#122 = VECTOR('',#123,1.);
#123 = DIRECTION('',(0.,0.,1.));
#124 = ORIENTED_EDGE('',*,*,#125,.T.);
#125 = EDGE_CURVE('',#118,#78,#126,.T.);
#126 = LINE('',#127,#128);
#127 = CARTESIAN_POINT('',(76.8,191.,3.5));
#128 = VECTOR('',#129,1.);
#129 = DIRECTION('',(-0.37306511289,-0.927805163568,0.));
#130 = ORIENTED_EDGE('',*,*,#75,.F.);
#131 = ORIENTED_EDGE('',*,*,#132,.F.);
#132 = EDGE_CURVE('',#116,#76,#133,.T.);
#133 = LINE('',#134,#135);
#134 = CARTESIAN_POINT('',(76.8,191.,-3.5));
#135 = VECTOR('',#136,1.);
#136 = DIRECTION('',(-0.37306511289,-0.927805163568,0.));
#137 = PLANE('',#138);
#138 = AXIS2_PLACEMENT_3D('',#139,#140,#141);
#139 = CARTESIAN_POINT('',(76.8,191.,-3.5));
#140 = DIRECTION('',(0.927805163568,-0.37306511289,0.));
#141 = DIRECTION('',(-0.37306511289,-0.927805163568,0.));
#142 = ADVANCED_FACE('',(#143),#168,.F.);
#143 = FACE_BOUND('',#144,.F.);
#144 = EDGE_LOOP('',(#145,#146,#154,#162));
#145 = ORIENTED_EDGE('',*,*,#93,.T.);
#146 = ORIENTED_EDGE('',*,*,#147,.T.);
#147 = EDGE_CURVE('',#86,#148,#150,.T.);
#148 = VERTEX_POINT('',#149);
#149 = CARTESIAN_POINT('',(213.5,191.,3.5));
#150 = LINE('',#151,#152);
#151 = CARTESIAN_POINT('',(119.9,0.,3.5));
#152 = VECTOR('',#153,1.);
#153 = DIRECTION('',(0.440053159022,0.897971724073,0.));
#154 = ORIENTED_EDGE('',*,*,#155,.F.);
#155 = EDGE_CURVE('',#156,#148,#158,.T.);
#156 = VERTEX_POINT('',#157);
#157 = CARTESIAN_POINT('',(213.5,191.,-3.5));
#158 = LINE('',#159,#160);
#159 = CARTESIAN_POINT('',(213.5,191.,-3.5));
#160 = VECTOR('',#161,1.);
#161 = DIRECTION('',(0.,0.,1.));
#162 = ORIENTED_EDGE('',*,*,#163,.F.);
#163 = EDGE_CURVE('',#94,#156,#164,.T.);
#164 = LINE('',#165,#166);
#165 = CARTESIAN_POINT('',(119.9,0.,-3.5));
#166 = VECTOR('',#167,1.);
#167 = DIRECTION('',(0.440053159022,0.897971724073,0.));
#168 = PLANE('',#169);
#169 = AXIS2_PLACEMENT_3D('',#170,#171,#172);
#170 = CARTESIAN_POINT('',(119.9,0.,-3.5));
#171 = DIRECTION('',(-0.897971724073,0.440053159022,0.));
#172 = DIRECTION('',(0.440053159022,0.897971724073,0.));
#173 = ADVANCED_FACE('',(#174),#185,.F.);
#174 = FACE_BOUND('',#175,.F.);
#175 = EDGE_LOOP('',(#176,#177,#178,#184));
#176 = ORIENTED_EDGE('',*,*,#101,.T.);
#177 = ORIENTED_EDGE('',*,*,#163,.T.);
#178 = ORIENTED_EDGE('',*,*,#179,.T.);
#179 = EDGE_CURVE('',#156,#116,#180,.T.);
#180 = LINE('',#181,#182);
#181 = CARTESIAN_POINT('',(213.5,191.,-3.5));
#182 = VECTOR('',#183,1.);
#183 = DIRECTION('',(-1.,0.,0.));
#184 = ORIENTED_EDGE('',*,*,#132,.T.);
#185 = PLANE('',#186);
#186 = AXIS2_PLACEMENT_3D('',#187,#188,#189);
#187 = CARTESIAN_POINT('',(104.25984701772,97.876312371238,-3.5));
#188 = DIRECTION('',(0.,0.,1.));
#189 = DIRECTION('',(1.,0.,-0.));
#190 = ADVANCED_FACE('',(#191),#202,.T.);
#191 = FACE_BOUND('',#192,.T.);
#192 = EDGE_LOOP('',(#193,#194,#195,#201));
#193 = ORIENTED_EDGE('',*,*,#85,.T.);
#194 = ORIENTED_EDGE('',*,*,#147,.T.);
#195 = ORIENTED_EDGE('',*,*,#196,.T.);
#196 = EDGE_CURVE('',#148,#118,#197,.T.);
#197 = LINE('',#198,#199);
#198 = CARTESIAN_POINT('',(213.5,191.,3.5));
#199 = VECTOR('',#200,1.);
#200 = DIRECTION('',(-1.,0.,0.));
#201 = ORIENTED_EDGE('',*,*,#125,.T.);
#202 = PLANE('',#203);
#203 = AXIS2_PLACEMENT_3D('',#204,#205,#206);
#204 = CARTESIAN_POINT('',(104.25984701772,97.876312371238,3.5));
#205 = DIRECTION('',(0.,0.,1.));
#206 = DIRECTION('',(1.,0.,-0.));
#207 = ADVANCED_FACE('',(#208,#214,#273),#284,.F.);
#208 = FACE_BOUND('',#209,.F.);
#209 = EDGE_LOOP('',(#210,#211,#212,#213));
#210 = ORIENTED_EDGE('',*,*,#155,.T.);
#211 = ORIENTED_EDGE('',*,*,#196,.T.);
#212 = ORIENTED_EDGE('',*,*,#115,.F.);
#213 = ORIENTED_EDGE('',*,*,#179,.F.);
#214 = FACE_BOUND('',#215,.F.);
#215 = EDGE_LOOP('',(#216,#267));
#216 = ORIENTED_EDGE('',*,*,#217,.F.);
#217 = EDGE_CURVE('',#218,#220,#222,.T.);
#218 = VERTEX_POINT('',#219);
#219 = CARTESIAN_POINT('',(145.9271,191.,-0.65));
#220 = VERTEX_POINT('',#221);
#221 = CARTESIAN_POINT('',(145.9271000229,191.,0.65));
#222 = B_SPLINE_CURVE_WITH_KNOTS('',8,(#223,#224,#225,#226,#227,#228,
    #229,#230,#231,#232,#233,#234,#235,#236,#237,#238,#239,#240,#241,
    #242,#243,#244,#245,#246,#247,#248,#249,#250,#251,#252,#253,#254,
    #255,#256,#257,#258,#259,#260,#261,#262,#263,#264,#265,#266),
  .UNSPECIFIED.,.F.,.F.,(9,7,7,7,7,7,9),(0.,0.192101912914,0.31817144377
    ,0.384208166892,0.430233775109,0.494269388212,1.),.UNSPECIFIED.);
#223 = CARTESIAN_POINT('',(145.9271,191.,-0.65));
#224 = CARTESIAN_POINT('',(145.97610757216,191.,-0.65));
#225 = CARTESIAN_POINT('',(146.02511846562,191.,-0.645776901169));
#226 = CARTESIAN_POINT('',(146.07370326515,191.,-0.637330525651));
#227 = CARTESIAN_POINT('',(146.12143716447,191.,-0.624712766386));
#228 = CARTESIAN_POINT('',(146.1679052496,191.,-0.608025943538));
#229 = CARTESIAN_POINT('',(146.21270778232,191.,-0.587421160922));
#230 = CARTESIAN_POINT('',(146.25546548356,191.,-0.56309666243));
#231 = CARTESIAN_POINT('',(146.32231118604,191.,-0.51705174384));
#232 = CARTESIAN_POINT('',(146.34776618874,191.,-0.497309286401));
#233 = CARTESIAN_POINT('',(146.37209051073,191.,-0.476137210024));
#234 = CARTESIAN_POINT('',(146.39519072479,191.,-0.453611469889));
#235 = CARTESIAN_POINT('',(146.41697975457,191.,-0.429815103774));
#236 = CARTESIAN_POINT('',(146.43737733838,191.,-0.404837753372));
#237 = CARTESIAN_POINT('',(146.45631049314,191.,-0.378775185594));
#238 = CARTESIAN_POINT('',(146.48283013122,191.,-0.337561601963));
#239 = CARTESIAN_POINT('',(146.49152666148,191.,-0.32312432565));
#240 = CARTESIAN_POINT('',(146.4997942009,191.,-0.308431553263));
#241 = CARTESIAN_POINT('',(146.50762401938,191.,-0.29349817569));
#242 = CARTESIAN_POINT('',(146.51500802481,191.,-0.278339406387));
#243 = CARTESIAN_POINT('',(146.52193876314,191.,-0.262970781375));
#244 = CARTESIAN_POINT('',(146.52840941832,191.,-0.247408159248));
#245 = CARTESIAN_POINT('',(146.53859869422,191.,-0.220697109628));
#246 = CARTESIAN_POINT('',(146.54255709272,191.,-0.209640095593));
#247 = CARTESIAN_POINT('',(146.54628692307,191.,-0.198502145955));
#248 = CARTESIAN_POINT('',(146.54978626203,191.,-0.187288776206));
#249 = CARTESIAN_POINT('',(146.55305334798,191.,-0.17600555044));
#250 = CARTESIAN_POINT('',(146.55608658086,191.,-0.164658081343));
#251 = CARTESIAN_POINT('',(146.55888452216,191.,-0.153252030205));
#252 = CARTESIAN_POINT('',(146.56500954325,191.,-0.125850261016));
#253 = CARTESIAN_POINT('',(146.56811526857,191.,-0.109805019939));
#254 = CARTESIAN_POINT('',(146.57075963085,191.,-9.367279334042E-02));
#255 = CARTESIAN_POINT('',(146.57293981766,191.,-7.74690661708E-02));
#256 = CARTESIAN_POINT('',(146.5746536442,191.,-6.120939866725E-02));
#257 = CARTESIAN_POINT('',(146.5758995533,191.,-4.490942635286E-02));
#258 = CARTESIAN_POINT('',(146.57667661544,191.,-2.858486003687E-02));
#259 = CARTESIAN_POINT('',(146.5794163192,191.,0.116743723845));
#260 = CARTESIAN_POINT('',(146.55259391152,191.,0.246720541867));
#261 = CARTESIAN_POINT('',(146.49601967196,191.,0.369230678186));
#262 = CARTESIAN_POINT('',(146.41255106373,191.,0.476385691809));
#263 = CARTESIAN_POINT('',(146.30698836841,191.,0.561859160176));
#264 = CARTESIAN_POINT('',(146.1855662958,191.,0.620732532865));
#265 = CARTESIAN_POINT('',(146.05611805332,191.,0.65));
#266 = CARTESIAN_POINT('',(145.9271,191.,0.65));
#267 = ORIENTED_EDGE('',*,*,#268,.F.);
#268 = EDGE_CURVE('',#220,#218,#269,.T.);
#269 = LINE('',#270,#271);
#270 = CARTESIAN_POINT('',(145.92710088056,191.,-1.75));
#271 = VECTOR('',#272,1.);
#272 = DIRECTION('',(-0.,-0.,-1.));
#273 = FACE_BOUND('',#274,.F.);
#274 = EDGE_LOOP('',(#275));
#275 = ORIENTED_EDGE('',*,*,#276,.F.);
#276 = EDGE_CURVE('',#277,#277,#279,.T.);
#277 = VERTEX_POINT('',#278);
#278 = CARTESIAN_POINT('',(144.7271,191.,-0.65));
#279 = CIRCLE('',#280,0.65);
#280 = AXIS2_PLACEMENT_3D('',#281,#282,#283);
#281 = CARTESIAN_POINT('',(144.7271,191.,0.));
#282 = DIRECTION('',(0.,-1.,0.));
#283 = DIRECTION('',(0.,0.,-1.));
#284 = PLANE('',#285);
#285 = AXIS2_PLACEMENT_3D('',#286,#287,#288);
#286 = CARTESIAN_POINT('',(213.5,191.,-3.5));
#287 = DIRECTION('',(0.,-1.,0.));
#288 = DIRECTION('',(-1.,0.,0.));
#289 = ADVANCED_FACE('',(#290),#316,.F.);
#290 = FACE_BOUND('',#291,.F.);
#291 = EDGE_LOOP('',(#292,#301,#307,#308,#315));
#292 = ORIENTED_EDGE('',*,*,#293,.F.);
#293 = EDGE_CURVE('',#294,#294,#296,.T.);
#294 = VERTEX_POINT('',#295);
#295 = CARTESIAN_POINT('',(145.9271,187.,-0.65));
#296 = CIRCLE('',#297,0.65);
#297 = AXIS2_PLACEMENT_3D('',#298,#299,#300);
#298 = CARTESIAN_POINT('',(145.9271,187.,0.));
#299 = DIRECTION('',(1.747479159486E-06,-0.999999999998,-0.));
#300 = DIRECTION('',(-0.999999999998,-1.747479159486E-06,0.));
#301 = ORIENTED_EDGE('',*,*,#302,.T.);
#302 = EDGE_CURVE('',#294,#218,#303,.T.);
#303 = LINE('',#304,#305);
#304 = CARTESIAN_POINT('',(145.9271,187.,-0.65));
#305 = VECTOR('',#306,1.);
#306 = DIRECTION('',(0.,1.,0.));
#307 = ORIENTED_EDGE('',*,*,#217,.T.);
#308 = ORIENTED_EDGE('',*,*,#309,.F.);
#309 = EDGE_CURVE('',#218,#220,#310,.T.);
#310 = CIRCLE('',#311,0.65);
#311 = AXIS2_PLACEMENT_3D('',#312,#313,#314);
#312 = CARTESIAN_POINT('',(145.9271,191.,0.));
#313 = DIRECTION('',(-2.937173055465E-05,0.999999999569,0.));
#314 = DIRECTION('',(0.,0.,-1.));
#315 = ORIENTED_EDGE('',*,*,#302,.F.);
#316 = SURFACE_OF_LINEAR_EXTRUSION('',#317,#322);
#317 = CIRCLE('',#318,0.65);
#318 = AXIS2_PLACEMENT_3D('',#319,#320,#321);
#319 = CARTESIAN_POINT('',(145.9271,187.,0.));
#320 = DIRECTION('',(-2.937173055465E-05,0.999999999569,0.));
#321 = DIRECTION('',(0.,0.,-1.));
#322 = VECTOR('',#323,1.);
#323 = DIRECTION('',(0.,1.,0.));
#324 = ADVANCED_FACE('',(#325),#329,.F.);
#325 = FACE_BOUND('',#326,.F.);
#326 = EDGE_LOOP('',(#327,#328));
#327 = ORIENTED_EDGE('',*,*,#268,.T.);
#328 = ORIENTED_EDGE('',*,*,#309,.T.);
#329 = PLANE('',#330);
#330 = AXIS2_PLACEMENT_3D('',#331,#332,#333);
#331 = CARTESIAN_POINT('',(145.9271,191.,1.150490496127E-16));
#332 = DIRECTION('',(-2.937173057123E-05,0.999999999569,0.));
#333 = DIRECTION('',(0.999999999569,2.937173057123E-05,0.));
#334 = ADVANCED_FACE('',(#335),#354,.F.);
#335 = FACE_BOUND('',#336,.F.);
#336 = EDGE_LOOP('',(#337,#345,#352,#353));
#337 = ORIENTED_EDGE('',*,*,#338,.T.);
#338 = EDGE_CURVE('',#277,#339,#341,.T.);
#339 = VERTEX_POINT('',#340);
#340 = CARTESIAN_POINT('',(144.7271,187.,-0.65));
#341 = LINE('',#342,#343);
#342 = CARTESIAN_POINT('',(144.7271,191.,-0.65));
#343 = VECTOR('',#344,1.);
#344 = DIRECTION('',(0.,-1.,0.));
#345 = ORIENTED_EDGE('',*,*,#346,.F.);
#346 = EDGE_CURVE('',#339,#339,#347,.T.);
#347 = CIRCLE('',#348,0.65);
#348 = AXIS2_PLACEMENT_3D('',#349,#350,#351);
#349 = CARTESIAN_POINT('',(144.7271,187.,0.));
#350 = DIRECTION('',(0.,-1.,0.));
#351 = DIRECTION('',(0.,0.,-1.));
#352 = ORIENTED_EDGE('',*,*,#338,.F.);
#353 = ORIENTED_EDGE('',*,*,#276,.T.);
#354 = CYLINDRICAL_SURFACE('',#355,0.65);
#355 = AXIS2_PLACEMENT_3D('',#356,#357,#358);
#356 = CARTESIAN_POINT('',(144.7271,191.,0.));
#357 = DIRECTION('',(0.,-1.,0.));
#358 = DIRECTION('',(0.,0.,-1.));
#359 = ADVANCED_FACE('',(#360),#380,.F.);
#360 = FACE_BOUND('',#361,.F.);
#361 = EDGE_LOOP('',(#362,#371,#372,#373));
#362 = ORIENTED_EDGE('',*,*,#363,.T.);
#363 = EDGE_CURVE('',#364,#294,#366,.T.);
#364 = VERTEX_POINT('',#365);
#365 = CARTESIAN_POINT('',(155.9241,167.0022,-0.65));
#366 = CIRCLE('',#367,25.000188113476);
#367 = AXIS2_PLACEMENT_3D('',#368,#369,#370);
#368 = CARTESIAN_POINT('',(170.92728811343,187.0000436873,-0.65));
#369 = DIRECTION('',(-0.,0.,-1.));
#370 = DIRECTION('',(-0.600123008889,-0.799907728555,0.));
#371 = ORIENTED_EDGE('',*,*,#293,.T.);
#372 = ORIENTED_EDGE('',*,*,#363,.F.);
#373 = ORIENTED_EDGE('',*,*,#374,.F.);
#374 = EDGE_CURVE('',#364,#364,#375,.T.);
#375 = CIRCLE('',#376,0.65);
#376 = AXIS2_PLACEMENT_3D('',#377,#378,#379);
#377 = CARTESIAN_POINT('',(155.9241,167.0022,0.));
#378 = DIRECTION('',(0.799909232612,-0.600121004117,0.));
#379 = DIRECTION('',(0.600121004117,0.799909232612,0.));
#380 = TOROIDAL_SURFACE('',#381,25.000188113476,0.65);
#381 = AXIS2_PLACEMENT_3D('',#382,#383,#384);
#382 = CARTESIAN_POINT('',(170.92728811343,187.0000436873,0.));
#383 = DIRECTION('',(-0.,0.,-1.));
#384 = DIRECTION('',(-0.600123008889,-0.799907728555,0.));
#385 = ADVANCED_FACE('',(#386),#406,.F.);
#386 = FACE_BOUND('',#387,.F.);
#387 = EDGE_LOOP('',(#388,#397,#404,#405));
#388 = ORIENTED_EDGE('',*,*,#389,.T.);
#389 = EDGE_CURVE('',#339,#390,#392,.T.);
#390 = VERTEX_POINT('',#391);
#391 = CARTESIAN_POINT('',(116.0464,162.2724,-0.65));
#392 = CIRCLE('',#393,25.000162825915);
#393 = AXIS2_PLACEMENT_3D('',#394,#395,#396);
#394 = CARTESIAN_POINT('',(119.72693717455,187.00015338418,-0.65));
#395 = DIRECTION('',(0.,-0.,-1.));
#396 = DIRECTION('',(0.999999999981,-6.13532738402E-06,0.));
#397 = ORIENTED_EDGE('',*,*,#398,.T.);
#398 = EDGE_CURVE('',#390,#390,#399,.T.);
#399 = CIRCLE('',#400,0.65);
#400 = AXIS2_PLACEMENT_3D('',#401,#402,#403);
#401 = CARTESIAN_POINT('',(116.0464,162.2724,0.));
#402 = DIRECTION('',(0.989103693299,-0.14722052813,0.));
#403 = DIRECTION('',(-0.14722052813,-0.989103693299,0.));
#404 = ORIENTED_EDGE('',*,*,#389,.F.);
#405 = ORIENTED_EDGE('',*,*,#346,.T.);
#406 = TOROIDAL_SURFACE('',#407,25.000162825915,0.65);
#407 = AXIS2_PLACEMENT_3D('',#408,#409,#410);
#408 = CARTESIAN_POINT('',(119.72693717455,187.00015338418,0.));
#409 = DIRECTION('',(0.,-0.,-1.));
#410 = DIRECTION('',(0.999999999981,-6.13532738402E-06,0.));
#411 = ADVANCED_FACE('',(#412),#432,.F.);
#412 = FACE_BOUND('',#413,.F.);
#413 = EDGE_LOOP('',(#414,#423,#424,#425));
#414 = ORIENTED_EDGE('',*,*,#415,.T.);
#415 = EDGE_CURVE('',#416,#364,#418,.T.);
#416 = VERTEX_POINT('',#417);
#417 = CARTESIAN_POINT('',(162.5718,134.5045,-0.65));
#418 = CIRCLE('',#419,25.000071051774);
#419 = AXIS2_PLACEMENT_3D('',#420,#421,#422);
#420 = CARTESIAN_POINT('',(140.92103225742,147.00441234972,-0.65));
#421 = DIRECTION('',(-0.,0.,1.));
#422 = DIRECTION('',(0.866028248389,-0.499995072968,0.));
#423 = ORIENTED_EDGE('',*,*,#374,.T.);
#424 = ORIENTED_EDGE('',*,*,#415,.F.);
#425 = ORIENTED_EDGE('',*,*,#426,.T.);
#426 = EDGE_CURVE('',#416,#416,#427,.T.);
#427 = CIRCLE('',#428,0.65);
#428 = AXIS2_PLACEMENT_3D('',#429,#430,#431);
#429 = CARTESIAN_POINT('',(162.5718,134.5045,0.));
#430 = DIRECTION('',(0.499973319913,0.866040806992,0.));
#431 = DIRECTION('',(0.,0.,-1.));
#432 = TOROIDAL_SURFACE('',#433,25.000071051774,0.65);
#433 = AXIS2_PLACEMENT_3D('',#434,#435,#436);
#434 = CARTESIAN_POINT('',(140.92103225742,147.00441234972,0.));
#435 = DIRECTION('',(-0.,0.,1.));
#436 = DIRECTION('',(0.866028248389,-0.499995072968,0.));
#437 = ADVANCED_FACE('',(#438),#458,.F.);
#438 = FACE_BOUND('',#439,.F.);
#439 = EDGE_LOOP('',(#440,#449,#456,#457));
#440 = ORIENTED_EDGE('',*,*,#441,.T.);
#441 = EDGE_CURVE('',#390,#442,#444,.T.);
#442 = VERTEX_POINT('',#443);
#443 = CARTESIAN_POINT('',(90.715,150.0449,-0.65));
#444 = CIRCLE('',#445,24.999712566601);
#445 = AXIS2_PLACEMENT_3D('',#446,#447,#448);
#446 = CARTESIAN_POINT('',(112.36545479114,137.54516257278,-0.65));
#447 = DIRECTION('',(0.,-0.,1.));
#448 = DIRECTION('',(0.147239501216,0.989100869114,0.));
#449 = ORIENTED_EDGE('',*,*,#450,.T.);
#450 = EDGE_CURVE('',#442,#442,#451,.T.);
#451 = CIRCLE('',#452,0.65);
#452 = AXIS2_PLACEMENT_3D('',#453,#454,#455);
#453 = CARTESIAN_POINT('',(90.715,150.0449,0.));
#454 = DIRECTION('',(0.499995245702,0.866028148662,0.));
#455 = DIRECTION('',(-0.866028148662,0.499995245702,0.));
#456 = ORIENTED_EDGE('',*,*,#441,.F.);
#457 = ORIENTED_EDGE('',*,*,#398,.F.);
#458 = TOROIDAL_SURFACE('',#459,24.999712566601,0.65);
#459 = AXIS2_PLACEMENT_3D('',#460,#461,#462);
#460 = CARTESIAN_POINT('',(112.36545479114,137.54516257278,0.));
#461 = DIRECTION('',(0.,-0.,1.));
#462 = DIRECTION('',(0.147239501216,0.989100869114,0.));
#463 = ADVANCED_FACE('',(#464),#483,.F.);
#464 = FACE_BOUND('',#465,.F.);
#465 = EDGE_LOOP('',(#466,#474,#475,#476));
#466 = ORIENTED_EDGE('',*,*,#467,.T.);
#467 = EDGE_CURVE('',#468,#416,#470,.T.);
#468 = VERTEX_POINT('',#469);
#469 = CARTESIAN_POINT('',(99.638,25.5,-0.65));
#470 = LINE('',#471,#472);
#471 = CARTESIAN_POINT('',(99.638,25.5,-0.65));
#472 = VECTOR('',#473,1.);
#473 = DIRECTION('',(0.500000134559,0.866025326097,0.));
#474 = ORIENTED_EDGE('',*,*,#426,.F.);
#475 = ORIENTED_EDGE('',*,*,#467,.F.);
#476 = ORIENTED_EDGE('',*,*,#477,.F.);
#477 = EDGE_CURVE('',#468,#468,#478,.T.);
#478 = CIRCLE('',#479,0.65);
#479 = AXIS2_PLACEMENT_3D('',#480,#481,#482);
#480 = CARTESIAN_POINT('',(99.638,25.5,0.));
#481 = DIRECTION('',(-0.499999865549,-0.86602548141,0.));
#482 = DIRECTION('',(0.86602548141,-0.499999865549,0.));
#483 = SURFACE_OF_LINEAR_EXTRUSION('',#484,#489);
#484 = CIRCLE('',#485,0.65);
#485 = AXIS2_PLACEMENT_3D('',#486,#487,#488);
#486 = CARTESIAN_POINT('',(99.638,25.5,0.));
#487 = DIRECTION('',(0.499973319913,0.866040806992,0.));
#488 = DIRECTION('',(0.,0.,-1.));
#489 = VECTOR('',#490,1.);
#490 = DIRECTION('',(0.500000134559,0.866025326097,0.));
#491 = ADVANCED_FACE('',(#492),#511,.F.);
#492 = FACE_BOUND('',#493,.F.);
#493 = EDGE_LOOP('',(#494,#502,#509,#510));
#494 = ORIENTED_EDGE('',*,*,#495,.T.);
#495 = EDGE_CURVE('',#442,#496,#498,.T.);
#496 = VERTEX_POINT('',#497);
#497 = CARTESIAN_POINT('',(39.0162,60.5,-0.65));
#498 = LINE('',#499,#500);
#499 = CARTESIAN_POINT('',(90.715,150.0449,-0.65));
#500 = VECTOR('',#501,1.);
#501 = DIRECTION('',(-0.500000202232,-0.866025287026,0.));
#502 = ORIENTED_EDGE('',*,*,#503,.F.);
#503 = EDGE_CURVE('',#496,#496,#504,.T.);
#504 = CIRCLE('',#505,0.65);
#505 = AXIS2_PLACEMENT_3D('',#506,#507,#508);
#506 = CARTESIAN_POINT('',(39.016199999999,60.5,0.));
#507 = DIRECTION('',(-0.499973319913,-0.866040806992,-0.));
#508 = DIRECTION('',(0.,0.,-1.));
#509 = ORIENTED_EDGE('',*,*,#495,.F.);
#510 = ORIENTED_EDGE('',*,*,#450,.F.);
#511 = SURFACE_OF_LINEAR_EXTRUSION('',#512,#517);
#512 = CIRCLE('',#513,0.65);
#513 = AXIS2_PLACEMENT_3D('',#514,#515,#516);
#514 = CARTESIAN_POINT('',(90.715,150.0449,0.));
#515 = DIRECTION('',(-0.499973319913,-0.866040806992,-0.));
#516 = DIRECTION('',(0.,0.,-1.));
#517 = VECTOR('',#518,1.);
#518 = DIRECTION('',(-0.500000202232,-0.866025287026,0.));
#519 = ADVANCED_FACE('',(#520),#532,.F.);
#520 = FACE_BOUND('',#521,.F.);
#521 = EDGE_LOOP('',(#522,#529,#530,#531));
#522 = ORIENTED_EDGE('',*,*,#523,.T.);
#523 = EDGE_CURVE('',#496,#468,#524,.T.);
#524 = CIRCLE('',#525,35.00000941157);
#525 = AXIS2_PLACEMENT_3D('',#526,#527,#528);
#526 = CARTESIAN_POINT('',(69.3271,43.,-0.65));
#527 = DIRECTION('',(0.,0.,1.));
#528 = DIRECTION('',(-0.86602548141,0.499999865549,0.));
#529 = ORIENTED_EDGE('',*,*,#477,.T.);
#530 = ORIENTED_EDGE('',*,*,#523,.F.);
#531 = ORIENTED_EDGE('',*,*,#503,.T.);
#532 = TOROIDAL_SURFACE('',#533,35.00000941157,0.65);
#533 = AXIS2_PLACEMENT_3D('',#534,#535,#536);
#534 = CARTESIAN_POINT('',(69.3271,43.,0.));
#535 = DIRECTION('',(0.,0.,1.));
#536 = DIRECTION('',(-0.86602548141,0.499999865549,0.));
#537 = ( GEOMETRIC_REPRESENTATION_CONTEXT(3) 
GLOBAL_UNCERTAINTY_ASSIGNED_CONTEXT((#541)) GLOBAL_UNIT_ASSIGNED_CONTEXT
((#538,#539,#540)) REPRESENTATION_CONTEXT('Context #1',
  '3D Context with UNIT and UNCERTAINTY') );
#538 = ( LENGTH_UNIT() NAMED_UNIT(*) SI_UNIT(.MILLI.,.METRE.) );
#539 = ( NAMED_UNIT(*) PLANE_ANGLE_UNIT() SI_UNIT($,.RADIAN.) );
#540 = ( NAMED_UNIT(*) SI_UNIT($,.STERADIAN.) SOLID_ANGLE_UNIT() );
#541 = UNCERTAINTY_MEASURE_WITH_UNIT(LENGTH_MEASURE(5.E-06),#538,
  'distance_accuracy_value','confusion accuracy');
#542 = CONTEXT_DEPENDENT_SHAPE_REPRESENTATION(#543,#545);
#543 = ( REPRESENTATION_RELATIONSHIP('','',#68,#10) 
REPRESENTATION_RELATIONSHIP_WITH_TRANSFORMATION(#544) 
SHAPE_REPRESENTATION_RELATIONSHIP() );
#544 = ITEM_DEFINED_TRANSFORMATION('','',#11,#15);
#545 = PRODUCT_DEFINITION_SHAPE('Placement','Placement of an item',#546
  );
#546 = NEXT_ASSEMBLY_USAGE_OCCURRENCE('1','Tile0_Body','',#5,#63,$);
#547 = PRODUCT_RELATED_PRODUCT_CATEGORY('part',$,(#65));
#548 = SHAPE_DEFINITION_REPRESENTATION(#549,#555);
#549 = PRODUCT_DEFINITION_SHAPE('','',#550);
#550 = PRODUCT_DEFINITION('design','',#551,#554);
#551 = PRODUCT_DEFINITION_FORMATION('','',#552);
#552 = PRODUCT('Tile0_Fiber','Tile0_Fiber','',(#553));
#553 = PRODUCT_CONTEXT('',#2,'mechanical');
#554 = PRODUCT_DEFINITION_CONTEXT('part definition',#2,'design');
#555 = ADVANCED_BREP_SHAPE_REPRESENTATION('',(#11,#556),#823);
#556 = MANIFOLD_SOLID_BREP('',#557);
#557 = CLOSED_SHELL('',(#558,#591,#617,#643,#671,#697,#725,#751,#777,
    #805,#814));
#558 = ADVANCED_FACE('',(#559),#586,.T.);
#559 = FACE_BOUND('',#560,.T.);
#560 = EDGE_LOOP('',(#561,#571,#578,#579));
#561 = ORIENTED_EDGE('',*,*,#562,.T.);
#562 = EDGE_CURVE('',#563,#565,#567,.T.);
#563 = VERTEX_POINT('',#564);
#564 = CARTESIAN_POINT('',(144.7271,191.,-0.5));
#565 = VERTEX_POINT('',#566);
#566 = CARTESIAN_POINT('',(144.7271,187.,-0.5));
#567 = LINE('',#568,#569);
#568 = CARTESIAN_POINT('',(144.7271,191.,-0.5));
#569 = VECTOR('',#570,1.);
#570 = DIRECTION('',(0.,-1.,0.));
#571 = ORIENTED_EDGE('',*,*,#572,.F.);
#572 = EDGE_CURVE('',#565,#565,#573,.T.);
#573 = CIRCLE('',#574,0.5);
#574 = AXIS2_PLACEMENT_3D('',#575,#576,#577);
#575 = CARTESIAN_POINT('',(144.7271,187.,0.));
#576 = DIRECTION('',(0.,-1.,0.));
#577 = DIRECTION('',(0.,0.,-1.));
#578 = ORIENTED_EDGE('',*,*,#562,.F.);
#579 = ORIENTED_EDGE('',*,*,#580,.T.);
#580 = EDGE_CURVE('',#563,#563,#581,.T.);
#581 = CIRCLE('',#582,0.5);
#582 = AXIS2_PLACEMENT_3D('',#583,#584,#585);
#583 = CARTESIAN_POINT('',(144.7271,191.,0.));
#584 = DIRECTION('',(0.,-1.,0.));
#585 = DIRECTION('',(0.,0.,-1.));
#586 = CYLINDRICAL_SURFACE('',#587,0.5);
#587 = AXIS2_PLACEMENT_3D('',#588,#589,#590);
#588 = CARTESIAN_POINT('',(144.7271,191.,0.));
#589 = DIRECTION('',(0.,-1.,0.));
#590 = DIRECTION('',(0.,0.,-1.));
#591 = ADVANCED_FACE('',(#592),#612,.T.);
#592 = FACE_BOUND('',#593,.T.);
#593 = EDGE_LOOP('',(#594,#603,#610,#611));
#594 = ORIENTED_EDGE('',*,*,#595,.T.);
#595 = EDGE_CURVE('',#565,#596,#598,.T.);
#596 = VERTEX_POINT('',#597);
#597 = CARTESIAN_POINT('',(116.0464,162.2724,-0.5));
#598 = CIRCLE('',#599,25.000162825915);
#599 = AXIS2_PLACEMENT_3D('',#600,#601,#602);
#600 = CARTESIAN_POINT('',(119.72693717455,187.00015338418,-0.5));
#601 = DIRECTION('',(0.,-0.,-1.));
#602 = DIRECTION('',(0.999999999981,-6.13532738402E-06,0.));
#603 = ORIENTED_EDGE('',*,*,#604,.T.);
#604 = EDGE_CURVE('',#596,#596,#605,.T.);
#605 = CIRCLE('',#606,0.5);
#606 = AXIS2_PLACEMENT_3D('',#607,#608,#609);
#607 = CARTESIAN_POINT('',(116.0464,162.2724,0.));
#608 = DIRECTION('',(0.989103693299,-0.14722052813,0.));
#609 = DIRECTION('',(-0.14722052813,-0.989103693299,0.));
#610 = ORIENTED_EDGE('',*,*,#595,.F.);
#611 = ORIENTED_EDGE('',*,*,#572,.T.);
#612 = TOROIDAL_SURFACE('',#613,25.000162825915,0.5);
#613 = AXIS2_PLACEMENT_3D('',#614,#615,#616);
#614 = CARTESIAN_POINT('',(119.72693717455,187.00015338418,0.));
#615 = DIRECTION('',(0.,-0.,-1.));
#616 = DIRECTION('',(0.999999999981,-6.13532738402E-06,0.));
#617 = ADVANCED_FACE('',(#618),#638,.T.);
#618 = FACE_BOUND('',#619,.T.);
#619 = EDGE_LOOP('',(#620,#629,#636,#637));
#620 = ORIENTED_EDGE('',*,*,#621,.T.);
#621 = EDGE_CURVE('',#596,#622,#624,.T.);
#622 = VERTEX_POINT('',#623);
#623 = CARTESIAN_POINT('',(90.715,150.0449,-0.5));
#624 = CIRCLE('',#625,24.999712566601);
#625 = AXIS2_PLACEMENT_3D('',#626,#627,#628);
#626 = CARTESIAN_POINT('',(112.36545479114,137.54516257278,-0.5));
#627 = DIRECTION('',(0.,-0.,1.));
#628 = DIRECTION('',(0.147239501216,0.989100869114,0.));
#629 = ORIENTED_EDGE('',*,*,#630,.T.);
#630 = EDGE_CURVE('',#622,#622,#631,.T.);
#631 = CIRCLE('',#632,0.5);
#632 = AXIS2_PLACEMENT_3D('',#633,#634,#635);
#633 = CARTESIAN_POINT('',(90.715,150.0449,0.));
#634 = DIRECTION('',(0.499995245702,0.866028148662,0.));
#635 = DIRECTION('',(-0.866028148662,0.499995245702,0.));
#636 = ORIENTED_EDGE('',*,*,#621,.F.);
#637 = ORIENTED_EDGE('',*,*,#604,.F.);
#638 = TOROIDAL_SURFACE('',#639,24.999712566601,0.5);
#639 = AXIS2_PLACEMENT_3D('',#640,#641,#642);
#640 = CARTESIAN_POINT('',(112.36545479114,137.54516257278,0.));
#641 = DIRECTION('',(0.,-0.,1.));
#642 = DIRECTION('',(0.147239501216,0.989100869114,0.));
#643 = ADVANCED_FACE('',(#644),#663,.T.);
#644 = FACE_BOUND('',#645,.T.);
#645 = EDGE_LOOP('',(#646,#654,#661,#662));
#646 = ORIENTED_EDGE('',*,*,#647,.T.);
#647 = EDGE_CURVE('',#622,#648,#650,.T.);
#648 = VERTEX_POINT('',#649);
#649 = CARTESIAN_POINT('',(39.0162,60.5,-0.5));
#650 = LINE('',#651,#652);
#651 = CARTESIAN_POINT('',(90.715,150.0449,-0.5));
#652 = VECTOR('',#653,1.);
#653 = DIRECTION('',(-0.500000202232,-0.866025287026,0.));
#654 = ORIENTED_EDGE('',*,*,#655,.F.);
#655 = EDGE_CURVE('',#648,#648,#656,.T.);
#656 = CIRCLE('',#657,0.5);
#657 = AXIS2_PLACEMENT_3D('',#658,#659,#660);
#658 = CARTESIAN_POINT('',(39.016199999999,60.5,0.));
#659 = DIRECTION('',(-0.499973319913,-0.866040806992,-0.));
#660 = DIRECTION('',(0.,0.,-1.));
#661 = ORIENTED_EDGE('',*,*,#647,.F.);
#662 = ORIENTED_EDGE('',*,*,#630,.F.);
#663 = SURFACE_OF_LINEAR_EXTRUSION('',#664,#669);
#664 = CIRCLE('',#665,0.5);
#665 = AXIS2_PLACEMENT_3D('',#666,#667,#668);
#666 = CARTESIAN_POINT('',(90.715,150.0449,0.));
#667 = DIRECTION('',(-0.499973319913,-0.866040806992,-0.));
#668 = DIRECTION('',(0.,0.,-1.));
#669 = VECTOR('',#670,1.);
#670 = DIRECTION('',(-0.500000202232,-0.866025287026,0.));
#671 = ADVANCED_FACE('',(#672),#692,.T.);
#672 = FACE_BOUND('',#673,.T.);
#673 = EDGE_LOOP('',(#674,#683,#690,#691));
#674 = ORIENTED_EDGE('',*,*,#675,.T.);
#675 = EDGE_CURVE('',#648,#676,#678,.T.);
#676 = VERTEX_POINT('',#677);
#677 = CARTESIAN_POINT('',(99.638,25.5,-0.5));
#678 = CIRCLE('',#679,35.00000941157);
#679 = AXIS2_PLACEMENT_3D('',#680,#681,#682);
#680 = CARTESIAN_POINT('',(69.3271,43.,-0.5));
#681 = DIRECTION('',(0.,0.,1.));
#682 = DIRECTION('',(-0.86602548141,0.499999865549,0.));
#683 = ORIENTED_EDGE('',*,*,#684,.T.);
#684 = EDGE_CURVE('',#676,#676,#685,.T.);
#685 = CIRCLE('',#686,0.5);
#686 = AXIS2_PLACEMENT_3D('',#687,#688,#689);
#687 = CARTESIAN_POINT('',(99.638,25.5,0.));
#688 = DIRECTION('',(-0.499999865549,-0.86602548141,0.));
#689 = DIRECTION('',(0.86602548141,-0.499999865549,0.));
#690 = ORIENTED_EDGE('',*,*,#675,.F.);
#691 = ORIENTED_EDGE('',*,*,#655,.T.);
#692 = TOROIDAL_SURFACE('',#693,35.00000941157,0.5);
#693 = AXIS2_PLACEMENT_3D('',#694,#695,#696);
#694 = CARTESIAN_POINT('',(69.3271,43.,0.));
#695 = DIRECTION('',(0.,0.,1.));
#696 = DIRECTION('',(-0.86602548141,0.499999865549,0.));
#697 = ADVANCED_FACE('',(#698),#717,.T.);
#698 = FACE_BOUND('',#699,.T.);
#699 = EDGE_LOOP('',(#700,#708,#715,#716));
#700 = ORIENTED_EDGE('',*,*,#701,.T.);
#701 = EDGE_CURVE('',#676,#702,#704,.T.);
#702 = VERTEX_POINT('',#703);
#703 = CARTESIAN_POINT('',(162.5718,134.5045,-0.5));
#704 = LINE('',#705,#706);
#705 = CARTESIAN_POINT('',(99.638,25.5,-0.5));
#706 = VECTOR('',#707,1.);
#707 = DIRECTION('',(0.500000134559,0.866025326097,0.));
#708 = ORIENTED_EDGE('',*,*,#709,.F.);
#709 = EDGE_CURVE('',#702,#702,#710,.T.);
#710 = CIRCLE('',#711,0.5);
#711 = AXIS2_PLACEMENT_3D('',#712,#713,#714);
#712 = CARTESIAN_POINT('',(162.5718,134.5045,0.));
#713 = DIRECTION('',(0.499973319913,0.866040806992,0.));
#714 = DIRECTION('',(0.,0.,-1.));
#715 = ORIENTED_EDGE('',*,*,#701,.F.);
#716 = ORIENTED_EDGE('',*,*,#684,.F.);
#717 = SURFACE_OF_LINEAR_EXTRUSION('',#718,#723);
#718 = CIRCLE('',#719,0.5);
#719 = AXIS2_PLACEMENT_3D('',#720,#721,#722);
#720 = CARTESIAN_POINT('',(99.638,25.5,0.));
#721 = DIRECTION('',(0.499973319913,0.866040806992,0.));
#722 = DIRECTION('',(0.,0.,-1.));
#723 = VECTOR('',#724,1.);
#724 = DIRECTION('',(0.500000134559,0.866025326097,0.));
#725 = ADVANCED_FACE('',(#726),#746,.T.);
#726 = FACE_BOUND('',#727,.T.);
#727 = EDGE_LOOP('',(#728,#737,#744,#745));
#728 = ORIENTED_EDGE('',*,*,#729,.T.);
#729 = EDGE_CURVE('',#702,#730,#732,.T.);
#730 = VERTEX_POINT('',#731);
#731 = CARTESIAN_POINT('',(155.9241,167.0022,-0.5));
#732 = CIRCLE('',#733,25.000071051774);
#733 = AXIS2_PLACEMENT_3D('',#734,#735,#736);
#734 = CARTESIAN_POINT('',(140.92103225742,147.00441234972,-0.5));
#735 = DIRECTION('',(-0.,0.,1.));
#736 = DIRECTION('',(0.866028248389,-0.499995072968,0.));
#737 = ORIENTED_EDGE('',*,*,#738,.T.);
#738 = EDGE_CURVE('',#730,#730,#739,.T.);
#739 = CIRCLE('',#740,0.5);
#740 = AXIS2_PLACEMENT_3D('',#741,#742,#743);
#741 = CARTESIAN_POINT('',(155.9241,167.0022,0.));
#742 = DIRECTION('',(0.799909232612,-0.600121004117,0.));
#743 = DIRECTION('',(0.600121004117,0.799909232612,0.));
#744 = ORIENTED_EDGE('',*,*,#729,.F.);
#745 = ORIENTED_EDGE('',*,*,#709,.T.);
#746 = TOROIDAL_SURFACE('',#747,25.000071051774,0.5);
#747 = AXIS2_PLACEMENT_3D('',#748,#749,#750);
#748 = CARTESIAN_POINT('',(140.92103225742,147.00441234972,0.));
#749 = DIRECTION('',(-0.,0.,1.));
#750 = DIRECTION('',(0.866028248389,-0.499995072968,0.));
#751 = ADVANCED_FACE('',(#752),#772,.T.);
#752 = FACE_BOUND('',#753,.T.);
#753 = EDGE_LOOP('',(#754,#763,#770,#771));
#754 = ORIENTED_EDGE('',*,*,#755,.T.);
#755 = EDGE_CURVE('',#730,#756,#758,.T.);
#756 = VERTEX_POINT('',#757);
#757 = CARTESIAN_POINT('',(145.9271,187.,-0.5));
#758 = CIRCLE('',#759,25.000188113476);
#759 = AXIS2_PLACEMENT_3D('',#760,#761,#762);
#760 = CARTESIAN_POINT('',(170.92728811343,187.0000436873,-0.5));
#761 = DIRECTION('',(-0.,0.,-1.));
#762 = DIRECTION('',(-0.600123008889,-0.799907728555,0.));
#763 = ORIENTED_EDGE('',*,*,#764,.T.);
#764 = EDGE_CURVE('',#756,#756,#765,.T.);
#765 = CIRCLE('',#766,0.5);
#766 = AXIS2_PLACEMENT_3D('',#767,#768,#769);
#767 = CARTESIAN_POINT('',(145.9271,187.,0.));
#768 = DIRECTION('',(1.747479159486E-06,-0.999999999998,-0.));
#769 = DIRECTION('',(-0.999999999998,-1.747479159486E-06,0.));
#770 = ORIENTED_EDGE('',*,*,#755,.F.);
#771 = ORIENTED_EDGE('',*,*,#738,.F.);
#772 = TOROIDAL_SURFACE('',#773,25.000188113476,0.5);
#773 = AXIS2_PLACEMENT_3D('',#774,#775,#776);
#774 = CARTESIAN_POINT('',(170.92728811343,187.0000436873,0.));
#775 = DIRECTION('',(-0.,0.,-1.));
#776 = DIRECTION('',(-0.600123008889,-0.799907728555,0.));
#777 = ADVANCED_FACE('',(#778),#797,.T.);
#778 = FACE_BOUND('',#779,.T.);
#779 = EDGE_LOOP('',(#780,#788,#795,#796));
#780 = ORIENTED_EDGE('',*,*,#781,.T.);
#781 = EDGE_CURVE('',#756,#782,#784,.T.);
#782 = VERTEX_POINT('',#783);
#783 = CARTESIAN_POINT('',(145.9271,191.,-0.5));
#784 = LINE('',#785,#786);
#785 = CARTESIAN_POINT('',(145.9271,187.,-0.5));
#786 = VECTOR('',#787,1.);
#787 = DIRECTION('',(0.,1.,0.));
#788 = ORIENTED_EDGE('',*,*,#789,.F.);
#789 = EDGE_CURVE('',#782,#782,#790,.T.);
#790 = CIRCLE('',#791,0.5);
#791 = AXIS2_PLACEMENT_3D('',#792,#793,#794);
#792 = CARTESIAN_POINT('',(145.9271,191.,0.));
#793 = DIRECTION('',(-2.937173055465E-05,0.999999999569,0.));
#794 = DIRECTION('',(0.,0.,-1.));
#795 = ORIENTED_EDGE('',*,*,#781,.F.);
#796 = ORIENTED_EDGE('',*,*,#764,.F.);
#797 = SURFACE_OF_LINEAR_EXTRUSION('',#798,#803);
#798 = CIRCLE('',#799,0.5);
#799 = AXIS2_PLACEMENT_3D('',#800,#801,#802);
#800 = CARTESIAN_POINT('',(145.9271,187.,0.));
#801 = DIRECTION('',(-2.937173055465E-05,0.999999999569,0.));
#802 = DIRECTION('',(0.,0.,-1.));
#803 = VECTOR('',#804,1.);
#804 = DIRECTION('',(0.,1.,0.));
#805 = ADVANCED_FACE('',(#806),#809,.F.);
#806 = FACE_BOUND('',#807,.F.);
#807 = EDGE_LOOP('',(#808));
#808 = ORIENTED_EDGE('',*,*,#580,.T.);
#809 = PLANE('',#810);
#810 = AXIS2_PLACEMENT_3D('',#811,#812,#813);
#811 = CARTESIAN_POINT('',(144.7271,191.,-1.324707628398E-15));
#812 = DIRECTION('',(-0.,-1.,-0.));
#813 = DIRECTION('',(0.,0.,-1.));
#814 = ADVANCED_FACE('',(#815),#818,.T.);
#815 = FACE_BOUND('',#816,.T.);
#816 = EDGE_LOOP('',(#817));
#817 = ORIENTED_EDGE('',*,*,#789,.T.);
#818 = PLANE('',#819);
#819 = AXIS2_PLACEMENT_3D('',#820,#821,#822);
#820 = CARTESIAN_POINT('',(145.9271,191.,1.666567661532E-15));
#821 = DIRECTION('',(-2.937173057123E-05,0.999999999569,0.));
#822 = DIRECTION('',(0.999999999569,2.937173057123E-05,0.));
#823 = ( GEOMETRIC_REPRESENTATION_CONTEXT(3) 
GLOBAL_UNCERTAINTY_ASSIGNED_CONTEXT((#827)) GLOBAL_UNIT_ASSIGNED_CONTEXT
((#824,#825,#826)) REPRESENTATION_CONTEXT('Context #1',
  '3D Context with UNIT and UNCERTAINTY') );
#824 = ( LENGTH_UNIT() NAMED_UNIT(*) SI_UNIT(.MILLI.,.METRE.) );
#825 = ( NAMED_UNIT(*) PLANE_ANGLE_UNIT() SI_UNIT($,.RADIAN.) );
#826 = ( NAMED_UNIT(*) SI_UNIT($,.STERADIAN.) SOLID_ANGLE_UNIT() );
#827 = UNCERTAINTY_MEASURE_WITH_UNIT(LENGTH_MEASURE(5.E-06),#824,
  'distance_accuracy_value','confusion accuracy');
#828 = CONTEXT_DEPENDENT_SHAPE_REPRESENTATION(#829,#831);
#829 = ( REPRESENTATION_RELATIONSHIP('','',#555,#10) 
REPRESENTATION_RELATIONSHIP_WITH_TRANSFORMATION(#830) 
SHAPE_REPRESENTATION_RELATIONSHIP() );
#830 = ITEM_DEFINED_TRANSFORMATION('','',#11,#19);
#831 = PRODUCT_DEFINITION_SHAPE('Placement','Placement of an item',#832
  );
#832 = NEXT_ASSEMBLY_USAGE_OCCURRENCE('2','Tile0_Fiber','',#5,#550,$);
#833 = PRODUCT_RELATED_PRODUCT_CATEGORY('part',$,(#552));
#834 = SHAPE_DEFINITION_REPRESENTATION(#835,#841);
#835 = PRODUCT_DEFINITION_SHAPE('','',#836);
#836 = PRODUCT_DEFINITION('design','',#837,#840);
#837 = PRODUCT_DEFINITION_FORMATION('','',#838);
#838 = PRODUCT('Tile0_Coating','Tile0_Coating','',(#839));
#839 = PRODUCT_CONTEXT('',#2,'mechanical');
#840 = PRODUCT_DEFINITION_CONTEXT('part definition',#2,'design');
#841 = ADVANCED_BREP_SHAPE_REPRESENTATION('',(#11,#842),#1276);
#842 = MANIFOLD_SOLID_BREP('',#843);
#843 = CLOSED_SHELL('',(#844,#884,#915,#946,#963,#980,#1026,#1057,#1081,
    #1105,#1122,#1168,#1199,#1223,#1247,#1264));
#844 = ADVANCED_FACE('',(#845),#879,.F.);
#845 = FACE_BOUND('',#846,.F.);
#846 = EDGE_LOOP('',(#847,#857,#865,#873));
#847 = ORIENTED_EDGE('',*,*,#848,.T.);
#848 = EDGE_CURVE('',#849,#851,#853,.T.);
#849 = VERTEX_POINT('',#850);
#850 = CARTESIAN_POINT('',(-7.399533688783E-02,-5.E-02,-3.55));
#851 = VERTEX_POINT('',#852);
#852 = CARTESIAN_POINT('',(-7.399533688783E-02,-5.E-02,3.55));
#853 = LINE('',#854,#855);
#854 = CARTESIAN_POINT('',(-7.399533688783E-02,-5.E-02,-3.55));
#855 = VECTOR('',#856,1.);
#856 = DIRECTION('',(0.,0.,1.));
#857 = ORIENTED_EDGE('',*,*,#858,.T.);
#858 = EDGE_CURVE('',#851,#859,#861,.T.);
#859 = VERTEX_POINT('',#860);
#860 = CARTESIAN_POINT('',(119.93117842277,-5.E-02,3.55));
#861 = LINE('',#862,#863);
#862 = CARTESIAN_POINT('',(0.,-5.E-02,3.55));
#863 = VECTOR('',#864,1.);
#864 = DIRECTION('',(1.,0.,0.));
#865 = ORIENTED_EDGE('',*,*,#866,.F.);
#866 = EDGE_CURVE('',#867,#859,#869,.T.);
#867 = VERTEX_POINT('',#868);
#868 = CARTESIAN_POINT('',(119.93117842277,-5.E-02,-3.55));
#869 = LINE('',#870,#871);
#870 = CARTESIAN_POINT('',(119.93117842277,-5.E-02,-3.55));
#871 = VECTOR('',#872,1.);
#872 = DIRECTION('',(0.,0.,1.));
#873 = ORIENTED_EDGE('',*,*,#874,.F.);
#874 = EDGE_CURVE('',#849,#867,#875,.T.);
#875 = LINE('',#876,#877);
#876 = CARTESIAN_POINT('',(0.,-5.E-02,-3.55));
#877 = VECTOR('',#878,1.);
#878 = DIRECTION('',(1.,0.,0.));
#879 = PLANE('',#880);
#880 = AXIS2_PLACEMENT_3D('',#881,#882,#883);
#881 = CARTESIAN_POINT('',(-7.399533688783E-02,-5.E-02,-3.55));
#882 = DIRECTION('',(0.,1.,0.));
#883 = DIRECTION('',(1.,0.,0.));
#884 = ADVANCED_FACE('',(#885),#910,.F.);
#885 = FACE_BOUND('',#886,.F.);
#886 = EDGE_LOOP('',(#887,#897,#903,#904));
#887 = ORIENTED_EDGE('',*,*,#888,.T.);
#888 = EDGE_CURVE('',#889,#891,#893,.T.);
#889 = VERTEX_POINT('',#890);
#890 = CARTESIAN_POINT('',(76.766214087196,191.05,-3.55));
#891 = VERTEX_POINT('',#892);
#892 = CARTESIAN_POINT('',(76.766214087196,191.05,3.55));
#893 = LINE('',#894,#895);
#894 = CARTESIAN_POINT('',(76.766214087196,191.05,-3.55));
#895 = VECTOR('',#896,1.);
#896 = DIRECTION('',(0.,0.,1.));
#897 = ORIENTED_EDGE('',*,*,#898,.T.);
#898 = EDGE_CURVE('',#891,#851,#899,.T.);
#899 = LINE('',#900,#901);
#900 = CARTESIAN_POINT('',(76.753609741822,191.01865325564,3.55));
#901 = VECTOR('',#902,1.);
#902 = DIRECTION('',(-0.37306511289,-0.927805163568,0.));
#903 = ORIENTED_EDGE('',*,*,#848,.F.);
#904 = ORIENTED_EDGE('',*,*,#905,.F.);
#905 = EDGE_CURVE('',#889,#849,#906,.T.);
#906 = LINE('',#907,#908);
#907 = CARTESIAN_POINT('',(76.753609741822,191.01865325564,-3.55));
#908 = VECTOR('',#909,1.);
#909 = DIRECTION('',(-0.37306511289,-0.927805163568,0.));
#910 = PLANE('',#911);
#911 = AXIS2_PLACEMENT_3D('',#912,#913,#914);
#912 = CARTESIAN_POINT('',(76.766214087196,191.05,-3.55));
#913 = DIRECTION('',(0.927805163568,-0.37306511289,0.));
#914 = DIRECTION('',(-0.37306511289,-0.927805163568,0.));
#915 = ADVANCED_FACE('',(#916),#941,.F.);
#916 = FACE_BOUND('',#917,.F.);
#917 = EDGE_LOOP('',(#918,#919,#927,#935));
#918 = ORIENTED_EDGE('',*,*,#866,.T.);
#919 = ORIENTED_EDGE('',*,*,#920,.T.);
#920 = EDGE_CURVE('',#859,#921,#923,.T.);
#921 = VERTEX_POINT('',#922);
#922 = CARTESIAN_POINT('',(213.58018365837,191.05,3.55));
#923 = LINE('',#924,#925);
#924 = CARTESIAN_POINT('',(119.9448985862,-2.200265795111E-02,3.55));
#925 = VECTOR('',#926,1.);
#926 = DIRECTION('',(0.440053159022,0.897971724073,0.));
#927 = ORIENTED_EDGE('',*,*,#928,.F.);
#928 = EDGE_CURVE('',#929,#921,#931,.T.);
#929 = VERTEX_POINT('',#930);
#930 = CARTESIAN_POINT('',(213.58018365837,191.05,-3.55));
#931 = LINE('',#932,#933);
#932 = CARTESIAN_POINT('',(213.58018365837,191.05,-3.55));
#933 = VECTOR('',#934,1.);
#934 = DIRECTION('',(0.,0.,1.));
#935 = ORIENTED_EDGE('',*,*,#936,.F.);
#936 = EDGE_CURVE('',#867,#929,#937,.T.);
#937 = LINE('',#938,#939);
#938 = CARTESIAN_POINT('',(119.9448985862,-2.200265795111E-02,-3.55));
#939 = VECTOR('',#940,1.);
#940 = DIRECTION('',(0.440053159022,0.897971724073,0.));
#941 = PLANE('',#942);
#942 = AXIS2_PLACEMENT_3D('',#943,#944,#945);
#943 = CARTESIAN_POINT('',(119.93117842277,-5.E-02,-3.55));
#944 = DIRECTION('',(-0.897971724073,0.440053159022,0.));
#945 = DIRECTION('',(0.440053159022,0.897971724073,0.));
#946 = ADVANCED_FACE('',(#947),#958,.F.);
#947 = FACE_BOUND('',#948,.T.);
#948 = EDGE_LOOP('',(#949,#950,#951,#957));
#949 = ORIENTED_EDGE('',*,*,#874,.F.);
#950 = ORIENTED_EDGE('',*,*,#905,.F.);
#951 = ORIENTED_EDGE('',*,*,#952,.F.);
#952 = EDGE_CURVE('',#929,#889,#953,.T.);
#953 = LINE('',#954,#955);
#954 = CARTESIAN_POINT('',(213.5,191.05,-3.55));
#955 = VECTOR('',#956,1.);
#956 = DIRECTION('',(-1.,0.,0.));
#957 = ORIENTED_EDGE('',*,*,#936,.F.);
#958 = PLANE('',#959);
#959 = AXIS2_PLACEMENT_3D('',#960,#961,#962);
#960 = CARTESIAN_POINT('',(104.25984701772,97.876312371238,-3.55));
#961 = DIRECTION('',(0.,0.,1.));
#962 = DIRECTION('',(1.,0.,-0.));
#963 = ADVANCED_FACE('',(#964),#975,.T.);
#964 = FACE_BOUND('',#965,.F.);
#965 = EDGE_LOOP('',(#966,#967,#968,#974));
#966 = ORIENTED_EDGE('',*,*,#858,.F.);
#967 = ORIENTED_EDGE('',*,*,#898,.F.);
#968 = ORIENTED_EDGE('',*,*,#969,.F.);
#969 = EDGE_CURVE('',#921,#891,#970,.T.);
#970 = LINE('',#971,#972);
#971 = CARTESIAN_POINT('',(213.5,191.05,3.55));
#972 = VECTOR('',#973,1.);
#973 = DIRECTION('',(-1.,0.,0.));
#974 = ORIENTED_EDGE('',*,*,#920,.F.);
#975 = PLANE('',#976);
#976 = AXIS2_PLACEMENT_3D('',#977,#978,#979);
#977 = CARTESIAN_POINT('',(104.25984701772,97.876312371238,3.55));
#978 = DIRECTION('',(0.,0.,1.));
#979 = DIRECTION('',(1.,0.,-0.));
#980 = ADVANCED_FACE('',(#981,#987),#1021,.F.);
#981 = FACE_BOUND('',#982,.F.);
#982 = EDGE_LOOP('',(#983,#984,#985,#986));
#983 = ORIENTED_EDGE('',*,*,#928,.T.);
#984 = ORIENTED_EDGE('',*,*,#969,.T.);
#985 = ORIENTED_EDGE('',*,*,#888,.F.);
#986 = ORIENTED_EDGE('',*,*,#952,.F.);
#987 = FACE_BOUND('',#988,.F.);
#988 = EDGE_LOOP('',(#989,#999,#1007,#1015));
#989 = ORIENTED_EDGE('',*,*,#990,.T.);
#990 = EDGE_CURVE('',#991,#993,#995,.T.);
#991 = VERTEX_POINT('',#992);
#992 = CARTESIAN_POINT('',(154.3271,191.05,-3.));
#993 = VERTEX_POINT('',#994);
#994 = CARTESIAN_POINT('',(136.3271,191.05,-3.));
#995 = LINE('',#996,#997);
#996 = CARTESIAN_POINT('',(174.95364182918,191.05,-3.));
#997 = VECTOR('',#998,1.);
#998 = DIRECTION('',(-1.,0.,0.));
#999 = ORIENTED_EDGE('',*,*,#1000,.T.);
#1000 = EDGE_CURVE('',#993,#1001,#1003,.T.);
#1001 = VERTEX_POINT('',#1002);
#1002 = CARTESIAN_POINT('',(136.3271,191.05,3.));
#1003 = LINE('',#1004,#1005);
#1004 = CARTESIAN_POINT('',(136.3271,191.05,-3.275));
#1005 = VECTOR('',#1006,1.);
#1006 = DIRECTION('',(0.,0.,1.));
#1007 = ORIENTED_EDGE('',*,*,#1008,.F.);
#1008 = EDGE_CURVE('',#1009,#1001,#1011,.T.);
#1009 = VERTEX_POINT('',#1010);
#1010 = CARTESIAN_POINT('',(154.3271,191.05,3.));
#1011 = LINE('',#1012,#1013);
#1012 = CARTESIAN_POINT('',(174.95364182918,191.05,3.));
#1013 = VECTOR('',#1014,1.);
#1014 = DIRECTION('',(-1.,0.,0.));
#1015 = ORIENTED_EDGE('',*,*,#1016,.F.);
#1016 = EDGE_CURVE('',#991,#1009,#1017,.T.);
#1017 = LINE('',#1018,#1019);
#1018 = CARTESIAN_POINT('',(154.3271,191.05,-3.275));
#1019 = VECTOR('',#1020,1.);
#1020 = DIRECTION('',(0.,0.,1.));
#1021 = PLANE('',#1022);
#1022 = AXIS2_PLACEMENT_3D('',#1023,#1024,#1025);
#1023 = CARTESIAN_POINT('',(213.58018365837,191.05,-3.55));
#1024 = DIRECTION('',(0.,-1.,0.));
#1025 = DIRECTION('',(-1.,0.,0.));
#1026 = ADVANCED_FACE('',(#1027),#1052,.T.);
#1027 = FACE_BOUND('',#1028,.T.);
#1028 = EDGE_LOOP('',(#1029,#1037,#1045,#1051));
#1029 = ORIENTED_EDGE('',*,*,#1030,.F.);
#1030 = EDGE_CURVE('',#1031,#993,#1033,.T.);
#1031 = VERTEX_POINT('',#1032);
#1032 = CARTESIAN_POINT('',(136.3271,191.,-3.));
#1033 = LINE('',#1034,#1035);
#1034 = CARTESIAN_POINT('',(136.3271,190.5,-3.));
#1035 = VECTOR('',#1036,1.);
#1036 = DIRECTION('',(-0.,1.,0.));
#1037 = ORIENTED_EDGE('',*,*,#1038,.F.);
#1038 = EDGE_CURVE('',#1039,#1031,#1041,.T.);
#1039 = VERTEX_POINT('',#1040);
#1040 = CARTESIAN_POINT('',(154.3271,191.,-3.));
#1041 = LINE('',#1042,#1043);
#1042 = CARTESIAN_POINT('',(174.91355,191.,-3.));
#1043 = VECTOR('',#1044,1.);
#1044 = DIRECTION('',(-1.,0.,0.));
#1045 = ORIENTED_EDGE('',*,*,#1046,.T.);
#1046 = EDGE_CURVE('',#1039,#991,#1047,.T.);
#1047 = LINE('',#1048,#1049);
#1048 = CARTESIAN_POINT('',(154.3271,190.5,-3.));
#1049 = VECTOR('',#1050,1.);
#1050 = DIRECTION('',(-0.,1.,0.));
#1051 = ORIENTED_EDGE('',*,*,#990,.T.);
#1052 = PLANE('',#1053);
#1053 = AXIS2_PLACEMENT_3D('',#1054,#1055,#1056);
#1054 = CARTESIAN_POINT('',(136.3271,190.5,-3.));
#1055 = DIRECTION('',(0.,0.,1.));
#1056 = DIRECTION('',(1.,0.,-0.));
#1057 = ADVANCED_FACE('',(#1058),#1076,.F.);
#1058 = FACE_BOUND('',#1059,.F.);
#1059 = EDGE_LOOP('',(#1060,#1068,#1074,#1075));
#1060 = ORIENTED_EDGE('',*,*,#1061,.F.);
#1061 = EDGE_CURVE('',#1062,#1009,#1064,.T.);
#1062 = VERTEX_POINT('',#1063);
#1063 = CARTESIAN_POINT('',(154.3271,191.,3.));
#1064 = LINE('',#1065,#1066);
#1065 = CARTESIAN_POINT('',(154.3271,190.5,3.));
#1066 = VECTOR('',#1067,1.);
#1067 = DIRECTION('',(-0.,1.,0.));
#1068 = ORIENTED_EDGE('',*,*,#1069,.F.);
#1069 = EDGE_CURVE('',#1039,#1062,#1070,.T.);
#1070 = LINE('',#1071,#1072);
#1071 = CARTESIAN_POINT('',(154.3271,191.,-3.25));
#1072 = VECTOR('',#1073,1.);
#1073 = DIRECTION('',(0.,0.,1.));
#1074 = ORIENTED_EDGE('',*,*,#1046,.T.);
#1075 = ORIENTED_EDGE('',*,*,#1016,.T.);
#1076 = PLANE('',#1077);
#1077 = AXIS2_PLACEMENT_3D('',#1078,#1079,#1080);
#1078 = CARTESIAN_POINT('',(154.3271,190.5,-3.));
#1079 = DIRECTION('',(1.,0.,-0.));
#1080 = DIRECTION('',(0.,0.,1.));
#1081 = ADVANCED_FACE('',(#1082),#1100,.F.);
#1082 = FACE_BOUND('',#1083,.F.);
#1083 = EDGE_LOOP('',(#1084,#1092,#1098,#1099));
#1084 = ORIENTED_EDGE('',*,*,#1085,.F.);
#1085 = EDGE_CURVE('',#1086,#1001,#1088,.T.);
#1086 = VERTEX_POINT('',#1087);
#1087 = CARTESIAN_POINT('',(136.3271,191.,3.));
#1088 = LINE('',#1089,#1090);
#1089 = CARTESIAN_POINT('',(136.3271,190.5,3.));
#1090 = VECTOR('',#1091,1.);
#1091 = DIRECTION('',(-0.,1.,0.));
#1092 = ORIENTED_EDGE('',*,*,#1093,.F.);
#1093 = EDGE_CURVE('',#1062,#1086,#1094,.T.);
#1094 = LINE('',#1095,#1096);
#1095 = CARTESIAN_POINT('',(174.91355,191.,3.));
#1096 = VECTOR('',#1097,1.);
#1097 = DIRECTION('',(-1.,0.,0.));
#1098 = ORIENTED_EDGE('',*,*,#1061,.T.);
#1099 = ORIENTED_EDGE('',*,*,#1008,.T.);
#1100 = PLANE('',#1101);
#1101 = AXIS2_PLACEMENT_3D('',#1102,#1103,#1104);
#1102 = CARTESIAN_POINT('',(136.3271,190.5,3.));
#1103 = DIRECTION('',(0.,0.,1.));
#1104 = DIRECTION('',(1.,0.,-0.));
#1105 = ADVANCED_FACE('',(#1106),#1117,.T.);
#1106 = FACE_BOUND('',#1107,.T.);
#1107 = EDGE_LOOP('',(#1108,#1109,#1115,#1116));
#1108 = ORIENTED_EDGE('',*,*,#1085,.F.);
#1109 = ORIENTED_EDGE('',*,*,#1110,.F.);
#1110 = EDGE_CURVE('',#1031,#1086,#1111,.T.);
#1111 = LINE('',#1112,#1113);
#1112 = CARTESIAN_POINT('',(136.3271,191.,-3.25));
#1113 = VECTOR('',#1114,1.);
#1114 = DIRECTION('',(0.,0.,1.));
#1115 = ORIENTED_EDGE('',*,*,#1030,.T.);
#1116 = ORIENTED_EDGE('',*,*,#1000,.T.);
#1117 = PLANE('',#1118);
#1118 = AXIS2_PLACEMENT_3D('',#1119,#1120,#1121);
#1119 = CARTESIAN_POINT('',(136.3271,190.5,-3.));
#1120 = DIRECTION('',(1.,0.,-0.));
#1121 = DIRECTION('',(0.,0.,1.));
#1122 = ADVANCED_FACE('',(#1123,#1157),#1163,.T.);
#1123 = FACE_BOUND('',#1124,.T.);
#1124 = EDGE_LOOP('',(#1125,#1135,#1143,#1151));
#1125 = ORIENTED_EDGE('',*,*,#1126,.T.);
#1126 = EDGE_CURVE('',#1127,#1129,#1131,.T.);
#1127 = VERTEX_POINT('',#1128);
#1128 = CARTESIAN_POINT('',(213.5,191.,-3.5));
#1129 = VERTEX_POINT('',#1130);
#1130 = CARTESIAN_POINT('',(213.5,191.,3.5));
#1131 = LINE('',#1132,#1133);
#1132 = CARTESIAN_POINT('',(213.5,191.,-3.5));
#1133 = VECTOR('',#1134,1.);
#1134 = DIRECTION('',(0.,0.,1.));
#1135 = ORIENTED_EDGE('',*,*,#1136,.T.);
#1136 = EDGE_CURVE('',#1129,#1137,#1139,.T.);
#1137 = VERTEX_POINT('',#1138);
#1138 = CARTESIAN_POINT('',(76.8,191.,3.5));
#1139 = LINE('',#1140,#1141);
#1140 = CARTESIAN_POINT('',(213.5,191.,3.5));
#1141 = VECTOR('',#1142,1.);
#1142 = DIRECTION('',(-1.,0.,0.));
#1143 = ORIENTED_EDGE('',*,*,#1144,.F.);
#1144 = EDGE_CURVE('',#1145,#1137,#1147,.T.);
#1145 = VERTEX_POINT('',#1146);
#1146 = CARTESIAN_POINT('',(76.8,191.,-3.5));
#1147 = LINE('',#1148,#1149);
#1148 = CARTESIAN_POINT('',(76.8,191.,-3.5));
#1149 = VECTOR('',#1150,1.);
#1150 = DIRECTION('',(0.,0.,1.));
#1151 = ORIENTED_EDGE('',*,*,#1152,.F.);
#1152 = EDGE_CURVE('',#1127,#1145,#1153,.T.);
#1153 = LINE('',#1154,#1155);
#1154 = CARTESIAN_POINT('',(213.5,191.,-3.5));
#1155 = VECTOR('',#1156,1.);
#1156 = DIRECTION('',(-1.,0.,0.));
#1157 = FACE_BOUND('',#1158,.T.);
#1158 = EDGE_LOOP('',(#1159,#1160,#1161,#1162));
#1159 = ORIENTED_EDGE('',*,*,#1038,.T.);
#1160 = ORIENTED_EDGE('',*,*,#1110,.T.);
#1161 = ORIENTED_EDGE('',*,*,#1093,.F.);
#1162 = ORIENTED_EDGE('',*,*,#1069,.F.);
#1163 = PLANE('',#1164);
#1164 = AXIS2_PLACEMENT_3D('',#1165,#1166,#1167);
#1165 = CARTESIAN_POINT('',(213.5,191.,-3.5));
#1166 = DIRECTION('',(0.,-1.,0.));
#1167 = DIRECTION('',(-1.,0.,0.));
#1168 = ADVANCED_FACE('',(#1169),#1194,.T.);
#1169 = FACE_BOUND('',#1170,.T.);
#1170 = EDGE_LOOP('',(#1171,#1181,#1187,#1188));
#1171 = ORIENTED_EDGE('',*,*,#1172,.T.);
#1172 = EDGE_CURVE('',#1173,#1175,#1177,.T.);
#1173 = VERTEX_POINT('',#1174);
#1174 = CARTESIAN_POINT('',(119.9,0.,-3.5));
#1175 = VERTEX_POINT('',#1176);
#1176 = CARTESIAN_POINT('',(119.9,0.,3.5));
#1177 = LINE('',#1178,#1179);
#1178 = CARTESIAN_POINT('',(119.9,0.,-3.5));
#1179 = VECTOR('',#1180,1.);
#1180 = DIRECTION('',(0.,0.,1.));
#1181 = ORIENTED_EDGE('',*,*,#1182,.T.);
#1182 = EDGE_CURVE('',#1175,#1129,#1183,.T.);
#1183 = LINE('',#1184,#1185);
#1184 = CARTESIAN_POINT('',(119.9,0.,3.5));
#1185 = VECTOR('',#1186,1.);
#1186 = DIRECTION('',(0.440053159022,0.897971724073,0.));
#1187 = ORIENTED_EDGE('',*,*,#1126,.F.);
#1188 = ORIENTED_EDGE('',*,*,#1189,.F.);
#1189 = EDGE_CURVE('',#1173,#1127,#1190,.T.);
#1190 = LINE('',#1191,#1192);
#1191 = CARTESIAN_POINT('',(119.9,0.,-3.5));
#1192 = VECTOR('',#1193,1.);
#1193 = DIRECTION('',(0.440053159022,0.897971724073,0.));
#1194 = PLANE('',#1195);
#1195 = AXIS2_PLACEMENT_3D('',#1196,#1197,#1198);
#1196 = CARTESIAN_POINT('',(119.9,0.,-3.5));
#1197 = DIRECTION('',(-0.897971724073,0.440053159022,0.));
#1198 = DIRECTION('',(0.440053159022,0.897971724073,0.));
#1199 = ADVANCED_FACE('',(#1200),#1218,.T.);
#1200 = FACE_BOUND('',#1201,.T.);
#1201 = EDGE_LOOP('',(#1202,#1210,#1211,#1212));
#1202 = ORIENTED_EDGE('',*,*,#1203,.T.);
#1203 = EDGE_CURVE('',#1204,#1173,#1206,.T.);
#1204 = VERTEX_POINT('',#1205);
#1205 = CARTESIAN_POINT('',(0.,0.,-3.5));
#1206 = LINE('',#1207,#1208);
#1207 = CARTESIAN_POINT('',(0.,0.,-3.5));
#1208 = VECTOR('',#1209,1.);
#1209 = DIRECTION('',(1.,0.,0.));
#1210 = ORIENTED_EDGE('',*,*,#1189,.T.);
#1211 = ORIENTED_EDGE('',*,*,#1152,.T.);
#1212 = ORIENTED_EDGE('',*,*,#1213,.T.);
#1213 = EDGE_CURVE('',#1145,#1204,#1214,.T.);
#1214 = LINE('',#1215,#1216);
#1215 = CARTESIAN_POINT('',(76.8,191.,-3.5));
#1216 = VECTOR('',#1217,1.);
#1217 = DIRECTION('',(-0.37306511289,-0.927805163568,0.));
#1218 = PLANE('',#1219);
#1219 = AXIS2_PLACEMENT_3D('',#1220,#1221,#1222);
#1220 = CARTESIAN_POINT('',(104.25984701772,97.876312371238,-3.5));
#1221 = DIRECTION('',(0.,0.,1.));
#1222 = DIRECTION('',(1.,0.,-0.));
#1223 = ADVANCED_FACE('',(#1224),#1242,.F.);
#1224 = FACE_BOUND('',#1225,.F.);
#1225 = EDGE_LOOP('',(#1226,#1234,#1235,#1236));
#1226 = ORIENTED_EDGE('',*,*,#1227,.T.);
#1227 = EDGE_CURVE('',#1228,#1175,#1230,.T.);
#1228 = VERTEX_POINT('',#1229);
#1229 = CARTESIAN_POINT('',(0.,0.,3.5));
#1230 = LINE('',#1231,#1232);
#1231 = CARTESIAN_POINT('',(0.,0.,3.5));
#1232 = VECTOR('',#1233,1.);
#1233 = DIRECTION('',(1.,0.,0.));
#1234 = ORIENTED_EDGE('',*,*,#1182,.T.);
#1235 = ORIENTED_EDGE('',*,*,#1136,.T.);
#1236 = ORIENTED_EDGE('',*,*,#1237,.T.);
#1237 = EDGE_CURVE('',#1137,#1228,#1238,.T.);
#1238 = LINE('',#1239,#1240);
#1239 = CARTESIAN_POINT('',(76.8,191.,3.5));
#1240 = VECTOR('',#1241,1.);
#1241 = DIRECTION('',(-0.37306511289,-0.927805163568,0.));
#1242 = PLANE('',#1243);
#1243 = AXIS2_PLACEMENT_3D('',#1244,#1245,#1246);
#1244 = CARTESIAN_POINT('',(104.25984701772,97.876312371238,3.5));
#1245 = DIRECTION('',(0.,0.,1.));
#1246 = DIRECTION('',(1.,0.,-0.));
#1247 = ADVANCED_FACE('',(#1248),#1259,.T.);
#1248 = FACE_BOUND('',#1249,.T.);
#1249 = EDGE_LOOP('',(#1250,#1251,#1252,#1258));
#1250 = ORIENTED_EDGE('',*,*,#1144,.T.);
#1251 = ORIENTED_EDGE('',*,*,#1237,.T.);
#1252 = ORIENTED_EDGE('',*,*,#1253,.F.);
#1253 = EDGE_CURVE('',#1204,#1228,#1254,.T.);
#1254 = LINE('',#1255,#1256);
#1255 = CARTESIAN_POINT('',(0.,0.,-3.5));
#1256 = VECTOR('',#1257,1.);
#1257 = DIRECTION('',(0.,0.,1.));
#1258 = ORIENTED_EDGE('',*,*,#1213,.F.);
#1259 = PLANE('',#1260);
#1260 = AXIS2_PLACEMENT_3D('',#1261,#1262,#1263);
#1261 = CARTESIAN_POINT('',(76.8,191.,-3.5));
#1262 = DIRECTION('',(0.927805163568,-0.37306511289,0.));
#1263 = DIRECTION('',(-0.37306511289,-0.927805163568,0.));
#1264 = ADVANCED_FACE('',(#1265),#1271,.T.);
#1265 = FACE_BOUND('',#1266,.T.);
#1266 = EDGE_LOOP('',(#1267,#1268,#1269,#1270));
#1267 = ORIENTED_EDGE('',*,*,#1253,.T.);
#1268 = ORIENTED_EDGE('',*,*,#1227,.T.);
#1269 = ORIENTED_EDGE('',*,*,#1172,.F.);
#1270 = ORIENTED_EDGE('',*,*,#1203,.F.);
#1271 = PLANE('',#1272);
#1272 = AXIS2_PLACEMENT_3D('',#1273,#1274,#1275);
#1273 = CARTESIAN_POINT('',(0.,0.,-3.5));
#1274 = DIRECTION('',(0.,1.,0.));
#1275 = DIRECTION('',(1.,0.,0.));
#1276 = ( GEOMETRIC_REPRESENTATION_CONTEXT(3) 
GLOBAL_UNCERTAINTY_ASSIGNED_CONTEXT((#1280)) 
GLOBAL_UNIT_ASSIGNED_CONTEXT((#1277,#1278,#1279)) REPRESENTATION_CONTEXT
('Context #1','3D Context with UNIT and UNCERTAINTY') );
#1277 = ( LENGTH_UNIT() NAMED_UNIT(*) SI_UNIT(.MILLI.,.METRE.) );
#1278 = ( NAMED_UNIT(*) PLANE_ANGLE_UNIT() SI_UNIT($,.RADIAN.) );
#1279 = ( NAMED_UNIT(*) SI_UNIT($,.STERADIAN.) SOLID_ANGLE_UNIT() );
#1280 = UNCERTAINTY_MEASURE_WITH_UNIT(LENGTH_MEASURE(1.E-07),#1277,
  'distance_accuracy_value','confusion accuracy');
#1281 = CONTEXT_DEPENDENT_SHAPE_REPRESENTATION(#1282,#1284);
#1282 = ( REPRESENTATION_RELATIONSHIP('','',#841,#10) 
REPRESENTATION_RELATIONSHIP_WITH_TRANSFORMATION(#1283) 
SHAPE_REPRESENTATION_RELATIONSHIP() );
#1283 = ITEM_DEFINED_TRANSFORMATION('','',#11,#23);
#1284 = PRODUCT_DEFINITION_SHAPE('Placement','Placement of an item',
  #1285);
#1285 = NEXT_ASSEMBLY_USAGE_OCCURRENCE('3','Tile0_Coating','',#5,#836,$
  );
#1286 = PRODUCT_RELATED_PRODUCT_CATEGORY('part',$,(#838));
#1287 = SHAPE_DEFINITION_REPRESENTATION(#1288,#1294);
#1288 = PRODUCT_DEFINITION_SHAPE('','',#1289);
#1289 = PRODUCT_DEFINITION('design','',#1290,#1293);
#1290 = PRODUCT_DEFINITION_FORMATION('','',#1291);
#1291 = PRODUCT('Tile0_WrapAl','Tile0_WrapAl','',(#1292));
#1292 = PRODUCT_CONTEXT('',#2,'mechanical');
#1293 = PRODUCT_DEFINITION_CONTEXT('part definition',#2,'design');
#1294 = ADVANCED_BREP_SHAPE_REPRESENTATION('',(#11,#1295),#1729);
#1295 = MANIFOLD_SOLID_BREP('',#1296);
#1296 = CLOSED_SHELL('',(#1297,#1337,#1368,#1399,#1416,#1433,#1479,#1510
    ,#1534,#1558,#1575,#1621,#1652,#1676,#1700,#1717));
#1297 = ADVANCED_FACE('',(#1298),#1332,.F.);
#1298 = FACE_BOUND('',#1299,.F.);
#1299 = EDGE_LOOP('',(#1300,#1310,#1318,#1326));
#1300 = ORIENTED_EDGE('',*,*,#1301,.T.);
#1301 = EDGE_CURVE('',#1302,#1304,#1306,.T.);
#1302 = VERTEX_POINT('',#1303);
#1303 = CARTESIAN_POINT('',(-0.221986010664,-0.15,-3.65));
#1304 = VERTEX_POINT('',#1305);
#1305 = CARTESIAN_POINT('',(-0.221986010664,-0.15,3.65));
#1306 = LINE('',#1307,#1308);
#1307 = CARTESIAN_POINT('',(-0.221986010664,-0.15,-3.65));
#1308 = VECTOR('',#1309,1.);
#1309 = DIRECTION('',(0.,0.,1.));
#1310 = ORIENTED_EDGE('',*,*,#1311,.T.);
#1311 = EDGE_CURVE('',#1304,#1312,#1314,.T.);
#1312 = VERTEX_POINT('',#1313);
#1313 = CARTESIAN_POINT('',(119.99353526831,-0.15,3.65));
#1314 = LINE('',#1315,#1316);
#1315 = CARTESIAN_POINT('',(0.,-0.15,3.65));
#1316 = VECTOR('',#1317,1.);
#1317 = DIRECTION('',(1.,0.,0.));
#1318 = ORIENTED_EDGE('',*,*,#1319,.F.);
#1319 = EDGE_CURVE('',#1320,#1312,#1322,.T.);
#1320 = VERTEX_POINT('',#1321);
#1321 = CARTESIAN_POINT('',(119.99353526831,-0.15,-3.65));
#1322 = LINE('',#1323,#1324);
#1323 = CARTESIAN_POINT('',(119.99353526831,-0.15,-3.65));
#1324 = VECTOR('',#1325,1.);
#1325 = DIRECTION('',(0.,0.,1.));
#1326 = ORIENTED_EDGE('',*,*,#1327,.F.);
#1327 = EDGE_CURVE('',#1302,#1320,#1328,.T.);
#1328 = LINE('',#1329,#1330);
#1329 = CARTESIAN_POINT('',(0.,-0.15,-3.65));
#1330 = VECTOR('',#1331,1.);
#1331 = DIRECTION('',(1.,0.,0.));
#1332 = PLANE('',#1333);
#1333 = AXIS2_PLACEMENT_3D('',#1334,#1335,#1336);
#1334 = CARTESIAN_POINT('',(-0.221986010664,-0.15,-3.65));
#1335 = DIRECTION('',(0.,1.,0.));
#1336 = DIRECTION('',(1.,0.,0.));
#1337 = ADVANCED_FACE('',(#1338),#1363,.F.);
#1338 = FACE_BOUND('',#1339,.F.);
#1339 = EDGE_LOOP('',(#1340,#1350,#1356,#1357));
#1340 = ORIENTED_EDGE('',*,*,#1341,.T.);
#1341 = EDGE_CURVE('',#1342,#1344,#1346,.T.);
#1342 = VERTEX_POINT('',#1343);
#1343 = CARTESIAN_POINT('',(76.698642261588,191.15,-3.65));
#1344 = VERTEX_POINT('',#1345);
#1345 = CARTESIAN_POINT('',(76.698642261588,191.15,3.65));
#1346 = LINE('',#1347,#1348);
#1347 = CARTESIAN_POINT('',(76.698642261588,191.15,-3.65));
#1348 = VECTOR('',#1349,1.);
#1349 = DIRECTION('',(0.,0.,1.));
#1350 = ORIENTED_EDGE('',*,*,#1351,.T.);
#1351 = EDGE_CURVE('',#1344,#1304,#1352,.T.);
#1352 = LINE('',#1353,#1354);
#1353 = CARTESIAN_POINT('',(76.660829225465,191.05595976693,3.65));
#1354 = VECTOR('',#1355,1.);
#1355 = DIRECTION('',(-0.37306511289,-0.927805163568,0.));
#1356 = ORIENTED_EDGE('',*,*,#1301,.F.);
#1357 = ORIENTED_EDGE('',*,*,#1358,.F.);
#1358 = EDGE_CURVE('',#1342,#1302,#1359,.T.);
#1359 = LINE('',#1360,#1361);
#1360 = CARTESIAN_POINT('',(76.660829225465,191.05595976693,-3.65));
#1361 = VECTOR('',#1362,1.);
#1362 = DIRECTION('',(-0.37306511289,-0.927805163568,0.));
#1363 = PLANE('',#1364);
#1364 = AXIS2_PLACEMENT_3D('',#1365,#1366,#1367);
#1365 = CARTESIAN_POINT('',(76.698642261588,191.15,-3.65));
#1366 = DIRECTION('',(0.927805163568,-0.37306511289,0.));
#1367 = DIRECTION('',(-0.37306511289,-0.927805163568,0.));
#1368 = ADVANCED_FACE('',(#1369),#1394,.F.);
#1369 = FACE_BOUND('',#1370,.F.);
#1370 = EDGE_LOOP('',(#1371,#1372,#1380,#1388));
#1371 = ORIENTED_EDGE('',*,*,#1319,.T.);
#1372 = ORIENTED_EDGE('',*,*,#1373,.T.);
#1373 = EDGE_CURVE('',#1312,#1374,#1376,.T.);
#1374 = VERTEX_POINT('',#1375);
#1375 = CARTESIAN_POINT('',(213.74055097511,191.15,3.65));
#1376 = LINE('',#1377,#1378);
#1377 = CARTESIAN_POINT('',(120.03469575861,-6.600797385332E-02,3.65));
#1378 = VECTOR('',#1379,1.);
#1379 = DIRECTION('',(0.440053159022,0.897971724073,0.));
#1380 = ORIENTED_EDGE('',*,*,#1381,.F.);
#1381 = EDGE_CURVE('',#1382,#1374,#1384,.T.);
#1382 = VERTEX_POINT('',#1383);
#1383 = CARTESIAN_POINT('',(213.74055097511,191.15,-3.65));
#1384 = LINE('',#1385,#1386);
#1385 = CARTESIAN_POINT('',(213.74055097511,191.15,-3.65));
#1386 = VECTOR('',#1387,1.);
#1387 = DIRECTION('',(0.,0.,1.));
#1388 = ORIENTED_EDGE('',*,*,#1389,.F.);
#1389 = EDGE_CURVE('',#1320,#1382,#1390,.T.);
#1390 = LINE('',#1391,#1392);
#1391 = CARTESIAN_POINT('',(120.03469575861,-6.600797385332E-02,-3.65));
#1392 = VECTOR('',#1393,1.);
#1393 = DIRECTION('',(0.440053159022,0.897971724073,0.));
#1394 = PLANE('',#1395);
#1395 = AXIS2_PLACEMENT_3D('',#1396,#1397,#1398);
#1396 = CARTESIAN_POINT('',(119.99353526831,-0.15,-3.65));
#1397 = DIRECTION('',(-0.897971724073,0.440053159022,0.));
#1398 = DIRECTION('',(0.440053159022,0.897971724073,0.));
#1399 = ADVANCED_FACE('',(#1400),#1411,.F.);
#1400 = FACE_BOUND('',#1401,.T.);
#1401 = EDGE_LOOP('',(#1402,#1403,#1404,#1410));
#1402 = ORIENTED_EDGE('',*,*,#1327,.F.);
#1403 = ORIENTED_EDGE('',*,*,#1358,.F.);
#1404 = ORIENTED_EDGE('',*,*,#1405,.F.);
#1405 = EDGE_CURVE('',#1382,#1342,#1406,.T.);
#1406 = LINE('',#1407,#1408);
#1407 = CARTESIAN_POINT('',(213.5,191.15,-3.65));
#1408 = VECTOR('',#1409,1.);
#1409 = DIRECTION('',(-1.,0.,0.));
#1410 = ORIENTED_EDGE('',*,*,#1389,.F.);
#1411 = PLANE('',#1412);
#1412 = AXIS2_PLACEMENT_3D('',#1413,#1414,#1415);
#1413 = CARTESIAN_POINT('',(104.25984701772,97.876312371238,-3.65));
#1414 = DIRECTION('',(0.,0.,1.));
#1415 = DIRECTION('',(1.,0.,-0.));
#1416 = ADVANCED_FACE('',(#1417),#1428,.T.);
#1417 = FACE_BOUND('',#1418,.F.);
#1418 = EDGE_LOOP('',(#1419,#1420,#1421,#1427));
#1419 = ORIENTED_EDGE('',*,*,#1311,.F.);
#1420 = ORIENTED_EDGE('',*,*,#1351,.F.);
#1421 = ORIENTED_EDGE('',*,*,#1422,.F.);
#1422 = EDGE_CURVE('',#1374,#1344,#1423,.T.);
#1423 = LINE('',#1424,#1425);
#1424 = CARTESIAN_POINT('',(213.5,191.15,3.65));
#1425 = VECTOR('',#1426,1.);
#1426 = DIRECTION('',(-1.,0.,0.));
#1427 = ORIENTED_EDGE('',*,*,#1373,.F.);
#1428 = PLANE('',#1429);
#1429 = AXIS2_PLACEMENT_3D('',#1430,#1431,#1432);
#1430 = CARTESIAN_POINT('',(104.25984701772,97.876312371238,3.65));
#1431 = DIRECTION('',(0.,0.,1.));
#1432 = DIRECTION('',(1.,0.,-0.));
#1433 = ADVANCED_FACE('',(#1434,#1440),#1474,.F.);
#1434 = FACE_BOUND('',#1435,.F.);
#1435 = EDGE_LOOP('',(#1436,#1437,#1438,#1439));
#1436 = ORIENTED_EDGE('',*,*,#1381,.T.);
#1437 = ORIENTED_EDGE('',*,*,#1422,.T.);
#1438 = ORIENTED_EDGE('',*,*,#1341,.F.);
#1439 = ORIENTED_EDGE('',*,*,#1405,.F.);
#1440 = FACE_BOUND('',#1441,.F.);
#1441 = EDGE_LOOP('',(#1442,#1452,#1460,#1468));
#1442 = ORIENTED_EDGE('',*,*,#1443,.T.);
#1443 = EDGE_CURVE('',#1444,#1446,#1448,.T.);
#1444 = VERTEX_POINT('',#1445);
#1445 = CARTESIAN_POINT('',(154.3271,191.15,-3.));
#1446 = VERTEX_POINT('',#1447);
#1447 = CARTESIAN_POINT('',(136.3271,191.15,-3.));
#1448 = LINE('',#1449,#1450);
#1449 = CARTESIAN_POINT('',(175.03382548755,191.15,-3.));
#1450 = VECTOR('',#1451,1.);
#1451 = DIRECTION('',(-1.,0.,0.));
#1452 = ORIENTED_EDGE('',*,*,#1453,.T.);
#1453 = EDGE_CURVE('',#1446,#1454,#1456,.T.);
#1454 = VERTEX_POINT('',#1455);
#1455 = CARTESIAN_POINT('',(136.3271,191.15,3.));
#1456 = LINE('',#1457,#1458);
#1457 = CARTESIAN_POINT('',(136.3271,191.15,-3.325));
#1458 = VECTOR('',#1459,1.);
#1459 = DIRECTION('',(0.,0.,1.));
#1460 = ORIENTED_EDGE('',*,*,#1461,.F.);
#1461 = EDGE_CURVE('',#1462,#1454,#1464,.T.);
#1462 = VERTEX_POINT('',#1463);
#1463 = CARTESIAN_POINT('',(154.3271,191.15,3.));
#1464 = LINE('',#1465,#1466);
#1465 = CARTESIAN_POINT('',(175.03382548755,191.15,3.));
#1466 = VECTOR('',#1467,1.);
#1467 = DIRECTION('',(-1.,0.,0.));
#1468 = ORIENTED_EDGE('',*,*,#1469,.F.);
#1469 = EDGE_CURVE('',#1444,#1462,#1470,.T.);
#1470 = LINE('',#1471,#1472);
#1471 = CARTESIAN_POINT('',(154.3271,191.15,-3.325));
#1472 = VECTOR('',#1473,1.);
#1473 = DIRECTION('',(0.,0.,1.));
#1474 = PLANE('',#1475);
#1475 = AXIS2_PLACEMENT_3D('',#1476,#1477,#1478);
#1476 = CARTESIAN_POINT('',(213.74055097511,191.15,-3.65));
#1477 = DIRECTION('',(0.,-1.,0.));
#1478 = DIRECTION('',(-1.,0.,0.));
#1479 = ADVANCED_FACE('',(#1480),#1505,.T.);
#1480 = FACE_BOUND('',#1481,.T.);
#1481 = EDGE_LOOP('',(#1482,#1490,#1498,#1504));
#1482 = ORIENTED_EDGE('',*,*,#1483,.F.);
#1483 = EDGE_CURVE('',#1484,#1446,#1486,.T.);
#1484 = VERTEX_POINT('',#1485);
#1485 = CARTESIAN_POINT('',(136.3271,191.05,-3.));
#1486 = LINE('',#1487,#1488);
#1487 = CARTESIAN_POINT('',(136.3271,190.5,-3.));
#1488 = VECTOR('',#1489,1.);
#1489 = DIRECTION('',(-0.,1.,0.));
#1490 = ORIENTED_EDGE('',*,*,#1491,.F.);
#1491 = EDGE_CURVE('',#1492,#1484,#1494,.T.);
#1492 = VERTEX_POINT('',#1493);
#1493 = CARTESIAN_POINT('',(154.3271,191.05,-3.));
#1494 = LINE('',#1495,#1496);
#1495 = CARTESIAN_POINT('',(174.95364182918,191.05,-3.));
#1496 = VECTOR('',#1497,1.);
#1497 = DIRECTION('',(-1.,0.,0.));
#1498 = ORIENTED_EDGE('',*,*,#1499,.T.);
#1499 = EDGE_CURVE('',#1492,#1444,#1500,.T.);
#1500 = LINE('',#1501,#1502);
#1501 = CARTESIAN_POINT('',(154.3271,190.5,-3.));
#1502 = VECTOR('',#1503,1.);
#1503 = DIRECTION('',(-0.,1.,0.));
#1504 = ORIENTED_EDGE('',*,*,#1443,.T.);
#1505 = PLANE('',#1506);
#1506 = AXIS2_PLACEMENT_3D('',#1507,#1508,#1509);
#1507 = CARTESIAN_POINT('',(136.3271,190.5,-3.));
#1508 = DIRECTION('',(0.,0.,1.));
#1509 = DIRECTION('',(1.,0.,-0.));
#1510 = ADVANCED_FACE('',(#1511),#1529,.F.);
#1511 = FACE_BOUND('',#1512,.F.);
#1512 = EDGE_LOOP('',(#1513,#1521,#1527,#1528));
#1513 = ORIENTED_EDGE('',*,*,#1514,.F.);
#1514 = EDGE_CURVE('',#1515,#1462,#1517,.T.);
#1515 = VERTEX_POINT('',#1516);
#1516 = CARTESIAN_POINT('',(154.3271,191.05,3.));
#1517 = LINE('',#1518,#1519);
#1518 = CARTESIAN_POINT('',(154.3271,190.5,3.));
#1519 = VECTOR('',#1520,1.);
#1520 = DIRECTION('',(-0.,1.,0.));
#1521 = ORIENTED_EDGE('',*,*,#1522,.F.);
#1522 = EDGE_CURVE('',#1492,#1515,#1523,.T.);
#1523 = LINE('',#1524,#1525);
#1524 = CARTESIAN_POINT('',(154.3271,191.05,-3.275));
#1525 = VECTOR('',#1526,1.);
#1526 = DIRECTION('',(0.,0.,1.));
#1527 = ORIENTED_EDGE('',*,*,#1499,.T.);
#1528 = ORIENTED_EDGE('',*,*,#1469,.T.);
#1529 = PLANE('',#1530);
#1530 = AXIS2_PLACEMENT_3D('',#1531,#1532,#1533);
#1531 = CARTESIAN_POINT('',(154.3271,190.5,-3.));
#1532 = DIRECTION('',(1.,0.,-0.));
#1533 = DIRECTION('',(0.,0.,1.));
#1534 = ADVANCED_FACE('',(#1535),#1553,.F.);
#1535 = FACE_BOUND('',#1536,.F.);
#1536 = EDGE_LOOP('',(#1537,#1545,#1551,#1552));
#1537 = ORIENTED_EDGE('',*,*,#1538,.F.);
#1538 = EDGE_CURVE('',#1539,#1454,#1541,.T.);
#1539 = VERTEX_POINT('',#1540);
#1540 = CARTESIAN_POINT('',(136.3271,191.05,3.));
#1541 = LINE('',#1542,#1543);
#1542 = CARTESIAN_POINT('',(136.3271,190.5,3.));
#1543 = VECTOR('',#1544,1.);
#1544 = DIRECTION('',(-0.,1.,0.));
#1545 = ORIENTED_EDGE('',*,*,#1546,.F.);
#1546 = EDGE_CURVE('',#1515,#1539,#1547,.T.);
#1547 = LINE('',#1548,#1549);
#1548 = CARTESIAN_POINT('',(174.95364182918,191.05,3.));
#1549 = VECTOR('',#1550,1.);
#1550 = DIRECTION('',(-1.,0.,0.));
#1551 = ORIENTED_EDGE('',*,*,#1514,.T.);
#1552 = ORIENTED_EDGE('',*,*,#1461,.T.);
#1553 = PLANE('',#1554);
#1554 = AXIS2_PLACEMENT_3D('',#1555,#1556,#1557);
#1555 = CARTESIAN_POINT('',(136.3271,190.5,3.));
#1556 = DIRECTION('',(0.,0.,1.));
#1557 = DIRECTION('',(1.,0.,-0.));
#1558 = ADVANCED_FACE('',(#1559),#1570,.T.);
#1559 = FACE_BOUND('',#1560,.T.);
#1560 = EDGE_LOOP('',(#1561,#1562,#1568,#1569));
#1561 = ORIENTED_EDGE('',*,*,#1538,.F.);
#1562 = ORIENTED_EDGE('',*,*,#1563,.F.);
#1563 = EDGE_CURVE('',#1484,#1539,#1564,.T.);
#1564 = LINE('',#1565,#1566);
#1565 = CARTESIAN_POINT('',(136.3271,191.05,-3.275));
#1566 = VECTOR('',#1567,1.);
#1567 = DIRECTION('',(0.,0.,1.));
#1568 = ORIENTED_EDGE('',*,*,#1483,.T.);
#1569 = ORIENTED_EDGE('',*,*,#1453,.T.);
#1570 = PLANE('',#1571);
#1571 = AXIS2_PLACEMENT_3D('',#1572,#1573,#1574);
#1572 = CARTESIAN_POINT('',(136.3271,190.5,-3.));
#1573 = DIRECTION('',(1.,0.,-0.));
#1574 = DIRECTION('',(0.,0.,1.));
#1575 = ADVANCED_FACE('',(#1576,#1610),#1616,.T.);
#1576 = FACE_BOUND('',#1577,.T.);
#1577 = EDGE_LOOP('',(#1578,#1588,#1596,#1604));
#1578 = ORIENTED_EDGE('',*,*,#1579,.T.);
#1579 = EDGE_CURVE('',#1580,#1582,#1584,.T.);
#1580 = VERTEX_POINT('',#1581);
#1581 = CARTESIAN_POINT('',(213.58018365837,191.05,-3.55));
#1582 = VERTEX_POINT('',#1583);
#1583 = CARTESIAN_POINT('',(213.58018365837,191.05,3.55));
#1584 = LINE('',#1585,#1586);
#1585 = CARTESIAN_POINT('',(213.58018365837,191.05,-3.55));
#1586 = VECTOR('',#1587,1.);
#1587 = DIRECTION('',(0.,0.,1.));
#1588 = ORIENTED_EDGE('',*,*,#1589,.T.);
#1589 = EDGE_CURVE('',#1582,#1590,#1592,.T.);
#1590 = VERTEX_POINT('',#1591);
#1591 = CARTESIAN_POINT('',(76.766214087196,191.05,3.55));
#1592 = LINE('',#1593,#1594);
#1593 = CARTESIAN_POINT('',(213.5,191.05,3.55));
#1594 = VECTOR('',#1595,1.);
#1595 = DIRECTION('',(-1.,0.,0.));
#1596 = ORIENTED_EDGE('',*,*,#1597,.F.);
#1597 = EDGE_CURVE('',#1598,#1590,#1600,.T.);
#1598 = VERTEX_POINT('',#1599);
#1599 = CARTESIAN_POINT('',(76.766214087196,191.05,-3.55));
#1600 = LINE('',#1601,#1602);
#1601 = CARTESIAN_POINT('',(76.766214087196,191.05,-3.55));
#1602 = VECTOR('',#1603,1.);
#1603 = DIRECTION('',(0.,0.,1.));
#1604 = ORIENTED_EDGE('',*,*,#1605,.F.);
#1605 = EDGE_CURVE('',#1580,#1598,#1606,.T.);
#1606 = LINE('',#1607,#1608);
#1607 = CARTESIAN_POINT('',(213.5,191.05,-3.55));
#1608 = VECTOR('',#1609,1.);
#1609 = DIRECTION('',(-1.,0.,0.));
#1610 = FACE_BOUND('',#1611,.T.);
#1611 = EDGE_LOOP('',(#1612,#1613,#1614,#1615));
#1612 = ORIENTED_EDGE('',*,*,#1491,.T.);
#1613 = ORIENTED_EDGE('',*,*,#1563,.T.);
#1614 = ORIENTED_EDGE('',*,*,#1546,.F.);
#1615 = ORIENTED_EDGE('',*,*,#1522,.F.);
#1616 = PLANE('',#1617);
#1617 = AXIS2_PLACEMENT_3D('',#1618,#1619,#1620);
#1618 = CARTESIAN_POINT('',(213.58018365837,191.05,-3.55));
#1619 = DIRECTION('',(0.,-1.,0.));
#1620 = DIRECTION('',(-1.,0.,0.));
#1621 = ADVANCED_FACE('',(#1622),#1647,.T.);
#1622 = FACE_BOUND('',#1623,.T.);
#1623 = EDGE_LOOP('',(#1624,#1634,#1640,#1641));
#1624 = ORIENTED_EDGE('',*,*,#1625,.T.);
#1625 = EDGE_CURVE('',#1626,#1628,#1630,.T.);
#1626 = VERTEX_POINT('',#1627);
#1627 = CARTESIAN_POINT('',(119.93117842277,-5.E-02,-3.55));
#1628 = VERTEX_POINT('',#1629);
#1629 = CARTESIAN_POINT('',(119.93117842277,-5.E-02,3.55));
#1630 = LINE('',#1631,#1632);
#1631 = CARTESIAN_POINT('',(119.93117842277,-5.E-02,-3.55));
#1632 = VECTOR('',#1633,1.);
#1633 = DIRECTION('',(0.,0.,1.));
#1634 = ORIENTED_EDGE('',*,*,#1635,.T.);
#1635 = EDGE_CURVE('',#1628,#1582,#1636,.T.);
#1636 = LINE('',#1637,#1638);
#1637 = CARTESIAN_POINT('',(119.9448985862,-2.200265795111E-02,3.55));
#1638 = VECTOR('',#1639,1.);
#1639 = DIRECTION('',(0.440053159022,0.897971724073,0.));
#1640 = ORIENTED_EDGE('',*,*,#1579,.F.);
#1641 = ORIENTED_EDGE('',*,*,#1642,.F.);
#1642 = EDGE_CURVE('',#1626,#1580,#1643,.T.);
#1643 = LINE('',#1644,#1645);
#1644 = CARTESIAN_POINT('',(119.9448985862,-2.200265795111E-02,-3.55));
#1645 = VECTOR('',#1646,1.);
#1646 = DIRECTION('',(0.440053159022,0.897971724073,0.));
#1647 = PLANE('',#1648);
#1648 = AXIS2_PLACEMENT_3D('',#1649,#1650,#1651);
#1649 = CARTESIAN_POINT('',(119.93117842277,-5.E-02,-3.55));
#1650 = DIRECTION('',(-0.897971724073,0.440053159022,0.));
#1651 = DIRECTION('',(0.440053159022,0.897971724073,0.));
#1652 = ADVANCED_FACE('',(#1653),#1671,.T.);
#1653 = FACE_BOUND('',#1654,.F.);
#1654 = EDGE_LOOP('',(#1655,#1663,#1669,#1670));
#1655 = ORIENTED_EDGE('',*,*,#1656,.F.);
#1656 = EDGE_CURVE('',#1657,#1626,#1659,.T.);
#1657 = VERTEX_POINT('',#1658);
#1658 = CARTESIAN_POINT('',(-7.399533688783E-02,-5.E-02,-3.55));
#1659 = LINE('',#1660,#1661);
#1660 = CARTESIAN_POINT('',(0.,-5.E-02,-3.55));
#1661 = VECTOR('',#1662,1.);
#1662 = DIRECTION('',(1.,0.,0.));
#1663 = ORIENTED_EDGE('',*,*,#1664,.F.);
#1664 = EDGE_CURVE('',#1598,#1657,#1665,.T.);
#1665 = LINE('',#1666,#1667);
#1666 = CARTESIAN_POINT('',(76.753609741822,191.01865325564,-3.55));
#1667 = VECTOR('',#1668,1.);
#1668 = DIRECTION('',(-0.37306511289,-0.927805163568,0.));
#1669 = ORIENTED_EDGE('',*,*,#1605,.F.);
#1670 = ORIENTED_EDGE('',*,*,#1642,.F.);
#1671 = PLANE('',#1672);
#1672 = AXIS2_PLACEMENT_3D('',#1673,#1674,#1675);
#1673 = CARTESIAN_POINT('',(104.25984701772,97.876312371238,-3.55));
#1674 = DIRECTION('',(0.,0.,1.));
#1675 = DIRECTION('',(1.,0.,-0.));
#1676 = ADVANCED_FACE('',(#1677),#1695,.F.);
#1677 = FACE_BOUND('',#1678,.T.);
#1678 = EDGE_LOOP('',(#1679,#1687,#1693,#1694));
#1679 = ORIENTED_EDGE('',*,*,#1680,.F.);
#1680 = EDGE_CURVE('',#1681,#1628,#1683,.T.);
#1681 = VERTEX_POINT('',#1682);
#1682 = CARTESIAN_POINT('',(-7.399533688783E-02,-5.E-02,3.55));
#1683 = LINE('',#1684,#1685);
#1684 = CARTESIAN_POINT('',(0.,-5.E-02,3.55));
#1685 = VECTOR('',#1686,1.);
#1686 = DIRECTION('',(1.,0.,0.));
#1687 = ORIENTED_EDGE('',*,*,#1688,.F.);
#1688 = EDGE_CURVE('',#1590,#1681,#1689,.T.);
#1689 = LINE('',#1690,#1691);
#1690 = CARTESIAN_POINT('',(76.753609741822,191.01865325564,3.55));
#1691 = VECTOR('',#1692,1.);
#1692 = DIRECTION('',(-0.37306511289,-0.927805163568,0.));
#1693 = ORIENTED_EDGE('',*,*,#1589,.F.);
#1694 = ORIENTED_EDGE('',*,*,#1635,.F.);
#1695 = PLANE('',#1696);
#1696 = AXIS2_PLACEMENT_3D('',#1697,#1698,#1699);
#1697 = CARTESIAN_POINT('',(104.25984701772,97.876312371238,3.55));
#1698 = DIRECTION('',(0.,0.,1.));
#1699 = DIRECTION('',(1.,0.,-0.));
#1700 = ADVANCED_FACE('',(#1701),#1712,.T.);
#1701 = FACE_BOUND('',#1702,.T.);
#1702 = EDGE_LOOP('',(#1703,#1704,#1705,#1711));
#1703 = ORIENTED_EDGE('',*,*,#1597,.T.);
#1704 = ORIENTED_EDGE('',*,*,#1688,.T.);
#1705 = ORIENTED_EDGE('',*,*,#1706,.F.);
#1706 = EDGE_CURVE('',#1657,#1681,#1707,.T.);
#1707 = LINE('',#1708,#1709);
#1708 = CARTESIAN_POINT('',(-7.399533688783E-02,-5.E-02,-3.55));
#1709 = VECTOR('',#1710,1.);
#1710 = DIRECTION('',(0.,0.,1.));
#1711 = ORIENTED_EDGE('',*,*,#1664,.F.);
#1712 = PLANE('',#1713);
#1713 = AXIS2_PLACEMENT_3D('',#1714,#1715,#1716);
#1714 = CARTESIAN_POINT('',(76.766214087196,191.05,-3.55));
#1715 = DIRECTION('',(0.927805163568,-0.37306511289,0.));
#1716 = DIRECTION('',(-0.37306511289,-0.927805163568,0.));
#1717 = ADVANCED_FACE('',(#1718),#1724,.T.);
#1718 = FACE_BOUND('',#1719,.T.);
#1719 = EDGE_LOOP('',(#1720,#1721,#1722,#1723));
#1720 = ORIENTED_EDGE('',*,*,#1706,.T.);
#1721 = ORIENTED_EDGE('',*,*,#1680,.T.);
#1722 = ORIENTED_EDGE('',*,*,#1625,.F.);
#1723 = ORIENTED_EDGE('',*,*,#1656,.F.);
#1724 = PLANE('',#1725);
#1725 = AXIS2_PLACEMENT_3D('',#1726,#1727,#1728);
#1726 = CARTESIAN_POINT('',(-7.399533688783E-02,-5.E-02,-3.55));
#1727 = DIRECTION('',(0.,1.,0.));
#1728 = DIRECTION('',(1.,0.,0.));
#1729 = ( GEOMETRIC_REPRESENTATION_CONTEXT(3) 
GLOBAL_UNCERTAINTY_ASSIGNED_CONTEXT((#1733)) 
GLOBAL_UNIT_ASSIGNED_CONTEXT((#1730,#1731,#1732)) REPRESENTATION_CONTEXT
('Context #1','3D Context with UNIT and UNCERTAINTY') );
#1730 = ( LENGTH_UNIT() NAMED_UNIT(*) SI_UNIT(.MILLI.,.METRE.) );
#1731 = ( NAMED_UNIT(*) PLANE_ANGLE_UNIT() SI_UNIT($,.RADIAN.) );
#1732 = ( NAMED_UNIT(*) SI_UNIT($,.STERADIAN.) SOLID_ANGLE_UNIT() );
#1733 = UNCERTAINTY_MEASURE_WITH_UNIT(LENGTH_MEASURE(1.E-07),#1730,
  'distance_accuracy_value','confusion accuracy');
#1734 = CONTEXT_DEPENDENT_SHAPE_REPRESENTATION(#1735,#1737);
#1735 = ( REPRESENTATION_RELATIONSHIP('','',#1294,#10) 
REPRESENTATION_RELATIONSHIP_WITH_TRANSFORMATION(#1736) 
SHAPE_REPRESENTATION_RELATIONSHIP() );
#1736 = ITEM_DEFINED_TRANSFORMATION('','',#11,#27);
#1737 = PRODUCT_DEFINITION_SHAPE('Placement','Placement of an item',
  #1738);
#1738 = NEXT_ASSEMBLY_USAGE_OCCURRENCE('4','Tile0_WrapAl','',#5,#1289,$
  );
#1739 = PRODUCT_RELATED_PRODUCT_CATEGORY('part',$,(#1291));
#1740 = SHAPE_DEFINITION_REPRESENTATION(#1741,#1747);
#1741 = PRODUCT_DEFINITION_SHAPE('','',#1742);
#1742 = PRODUCT_DEFINITION('design','',#1743,#1746);
#1743 = PRODUCT_DEFINITION_FORMATION('','',#1744);
#1744 = PRODUCT('Tile0_WrapCling','Tile0_WrapCling','',(#1745));
#1745 = PRODUCT_CONTEXT('',#2,'mechanical');
#1746 = PRODUCT_DEFINITION_CONTEXT('part definition',#2,'design');
#1747 = ADVANCED_BREP_SHAPE_REPRESENTATION('',(#11,#1748),#2182);
#1748 = MANIFOLD_SOLID_BREP('',#1749);
#1749 = CLOSED_SHELL('',(#1750,#1790,#1821,#1852,#1869,#1886,#1932,#1963
    ,#1987,#2011,#2028,#2074,#2105,#2129,#2153,#2170));
#1750 = ADVANCED_FACE('',(#1751),#1785,.F.);
#1751 = FACE_BOUND('',#1752,.F.);
#1752 = EDGE_LOOP('',(#1753,#1763,#1771,#1779));
#1753 = ORIENTED_EDGE('',*,*,#1754,.T.);
#1754 = EDGE_CURVE('',#1755,#1757,#1759,.T.);
#1755 = VERTEX_POINT('',#1756);
#1756 = CARTESIAN_POINT('',(-0.266383212796,-0.18,-3.68));
#1757 = VERTEX_POINT('',#1758);
#1758 = CARTESIAN_POINT('',(-0.266383212796,-0.18,3.68));
#1759 = LINE('',#1760,#1761);
#1760 = CARTESIAN_POINT('',(-0.266383212796,-0.18,-3.68));
#1761 = VECTOR('',#1762,1.);
#1762 = DIRECTION('',(0.,0.,1.));
#1763 = ORIENTED_EDGE('',*,*,#1764,.T.);
#1764 = EDGE_CURVE('',#1757,#1765,#1767,.T.);
#1765 = VERTEX_POINT('',#1766);
#1766 = CARTESIAN_POINT('',(120.01224232197,-0.18,3.68));
#1767 = LINE('',#1768,#1769);
#1768 = CARTESIAN_POINT('',(0.,-0.18,3.68));
#1769 = VECTOR('',#1770,1.);
#1770 = DIRECTION('',(1.,0.,0.));
#1771 = ORIENTED_EDGE('',*,*,#1772,.F.);
#1772 = EDGE_CURVE('',#1773,#1765,#1775,.T.);
#1773 = VERTEX_POINT('',#1774);
#1774 = CARTESIAN_POINT('',(120.01224232197,-0.18,-3.68));
#1775 = LINE('',#1776,#1777);
#1776 = CARTESIAN_POINT('',(120.01224232197,-0.18,-3.68));
#1777 = VECTOR('',#1778,1.);
#1778 = DIRECTION('',(0.,0.,1.));
#1779 = ORIENTED_EDGE('',*,*,#1780,.F.);
#1780 = EDGE_CURVE('',#1755,#1773,#1781,.T.);
#1781 = LINE('',#1782,#1783);
#1782 = CARTESIAN_POINT('',(0.,-0.18,-3.68));
#1783 = VECTOR('',#1784,1.);
#1784 = DIRECTION('',(1.,0.,0.));
#1785 = PLANE('',#1786);
#1786 = AXIS2_PLACEMENT_3D('',#1787,#1788,#1789);
#1787 = CARTESIAN_POINT('',(-0.266383212796,-0.18,-3.68));
#1788 = DIRECTION('',(0.,1.,0.));
#1789 = DIRECTION('',(1.,0.,0.));
#1790 = ADVANCED_FACE('',(#1791),#1816,.F.);
#1791 = FACE_BOUND('',#1792,.F.);
#1792 = EDGE_LOOP('',(#1793,#1803,#1809,#1810));
#1793 = ORIENTED_EDGE('',*,*,#1794,.T.);
#1794 = EDGE_CURVE('',#1795,#1797,#1799,.T.);
#1795 = VERTEX_POINT('',#1796);
#1796 = CARTESIAN_POINT('',(76.678370713905,191.18,-3.68));
#1797 = VERTEX_POINT('',#1798);
#1798 = CARTESIAN_POINT('',(76.678370713905,191.18,3.68));
#1799 = LINE('',#1800,#1801);
#1800 = CARTESIAN_POINT('',(76.678370713905,191.18,-3.68));
#1801 = VECTOR('',#1802,1.);
#1802 = DIRECTION('',(0.,0.,1.));
#1803 = ORIENTED_EDGE('',*,*,#1804,.T.);
#1804 = EDGE_CURVE('',#1797,#1757,#1805,.T.);
#1805 = LINE('',#1806,#1807);
#1806 = CARTESIAN_POINT('',(76.632995070558,191.06715172032,3.68));
#1807 = VECTOR('',#1808,1.);
#1808 = DIRECTION('',(-0.37306511289,-0.927805163568,0.));
#1809 = ORIENTED_EDGE('',*,*,#1754,.F.);
#1810 = ORIENTED_EDGE('',*,*,#1811,.F.);
#1811 = EDGE_CURVE('',#1795,#1755,#1812,.T.);
#1812 = LINE('',#1813,#1814);
#1813 = CARTESIAN_POINT('',(76.632995070558,191.06715172032,-3.68));
#1814 = VECTOR('',#1815,1.);
#1815 = DIRECTION('',(-0.37306511289,-0.927805163568,0.));
#1816 = PLANE('',#1817);
#1817 = AXIS2_PLACEMENT_3D('',#1818,#1819,#1820);
#1818 = CARTESIAN_POINT('',(76.678370713905,191.18,-3.68));
#1819 = DIRECTION('',(0.927805163568,-0.37306511289,0.));
#1820 = DIRECTION('',(-0.37306511289,-0.927805163568,0.));
#1821 = ADVANCED_FACE('',(#1822),#1847,.F.);
#1822 = FACE_BOUND('',#1823,.F.);
#1823 = EDGE_LOOP('',(#1824,#1825,#1833,#1841));
#1824 = ORIENTED_EDGE('',*,*,#1772,.T.);
#1825 = ORIENTED_EDGE('',*,*,#1826,.T.);
#1826 = EDGE_CURVE('',#1765,#1827,#1829,.T.);
#1827 = VERTEX_POINT('',#1828);
#1828 = CARTESIAN_POINT('',(213.78866117014,191.18,3.68));
#1829 = LINE('',#1830,#1831);
#1830 = CARTESIAN_POINT('',(120.06163491033,-7.920956862399E-02,3.68));
#1831 = VECTOR('',#1832,1.);
#1832 = DIRECTION('',(0.440053159022,0.897971724073,0.));
#1833 = ORIENTED_EDGE('',*,*,#1834,.F.);
#1834 = EDGE_CURVE('',#1835,#1827,#1837,.T.);
#1835 = VERTEX_POINT('',#1836);
#1836 = CARTESIAN_POINT('',(213.78866117014,191.18,-3.68));
#1837 = LINE('',#1838,#1839);
#1838 = CARTESIAN_POINT('',(213.78866117014,191.18,-3.68));
#1839 = VECTOR('',#1840,1.);
#1840 = DIRECTION('',(0.,0.,1.));
#1841 = ORIENTED_EDGE('',*,*,#1842,.F.);
#1842 = EDGE_CURVE('',#1773,#1835,#1843,.T.);
#1843 = LINE('',#1844,#1845);
#1844 = CARTESIAN_POINT('',(120.06163491033,-7.920956862399E-02,-3.68));
#1845 = VECTOR('',#1846,1.);
#1846 = DIRECTION('',(0.440053159022,0.897971724073,0.));
#1847 = PLANE('',#1848);
#1848 = AXIS2_PLACEMENT_3D('',#1849,#1850,#1851);
#1849 = CARTESIAN_POINT('',(120.01224232197,-0.18,-3.68));
#1850 = DIRECTION('',(-0.897971724073,0.440053159022,0.));
#1851 = DIRECTION('',(0.440053159022,0.897971724073,0.));
#1852 = ADVANCED_FACE('',(#1853),#1864,.F.);
#1853 = FACE_BOUND('',#1854,.T.);
#1854 = EDGE_LOOP('',(#1855,#1856,#1857,#1863));
#1855 = ORIENTED_EDGE('',*,*,#1780,.F.);
#1856 = ORIENTED_EDGE('',*,*,#1811,.F.);
#1857 = ORIENTED_EDGE('',*,*,#1858,.F.);
#1858 = EDGE_CURVE('',#1835,#1795,#1859,.T.);
#1859 = LINE('',#1860,#1861);
#1860 = CARTESIAN_POINT('',(213.5,191.18,-3.68));
#1861 = VECTOR('',#1862,1.);
#1862 = DIRECTION('',(-1.,0.,0.));
#1863 = ORIENTED_EDGE('',*,*,#1842,.F.);
#1864 = PLANE('',#1865);
#1865 = AXIS2_PLACEMENT_3D('',#1866,#1867,#1868);
#1866 = CARTESIAN_POINT('',(104.25984701772,97.876312371238,-3.68));
#1867 = DIRECTION('',(0.,0.,1.));
#1868 = DIRECTION('',(1.,0.,-0.));
#1869 = ADVANCED_FACE('',(#1870),#1881,.T.);
#1870 = FACE_BOUND('',#1871,.F.);
#1871 = EDGE_LOOP('',(#1872,#1873,#1874,#1880));
#1872 = ORIENTED_EDGE('',*,*,#1764,.F.);
#1873 = ORIENTED_EDGE('',*,*,#1804,.F.);
#1874 = ORIENTED_EDGE('',*,*,#1875,.F.);
#1875 = EDGE_CURVE('',#1827,#1797,#1876,.T.);
#1876 = LINE('',#1877,#1878);
#1877 = CARTESIAN_POINT('',(213.5,191.18,3.68));
#1878 = VECTOR('',#1879,1.);
#1879 = DIRECTION('',(-1.,0.,0.));
#1880 = ORIENTED_EDGE('',*,*,#1826,.F.);
#1881 = PLANE('',#1882);
#1882 = AXIS2_PLACEMENT_3D('',#1883,#1884,#1885);
#1883 = CARTESIAN_POINT('',(104.25984701772,97.876312371238,3.68));
#1884 = DIRECTION('',(0.,0.,1.));
#1885 = DIRECTION('',(1.,0.,-0.));
#1886 = ADVANCED_FACE('',(#1887,#1893),#1927,.F.);
#1887 = FACE_BOUND('',#1888,.F.);
#1888 = EDGE_LOOP('',(#1889,#1890,#1891,#1892));
#1889 = ORIENTED_EDGE('',*,*,#1834,.T.);
#1890 = ORIENTED_EDGE('',*,*,#1875,.T.);
#1891 = ORIENTED_EDGE('',*,*,#1794,.F.);
#1892 = ORIENTED_EDGE('',*,*,#1858,.F.);
#1893 = FACE_BOUND('',#1894,.F.);
#1894 = EDGE_LOOP('',(#1895,#1905,#1913,#1921));
#1895 = ORIENTED_EDGE('',*,*,#1896,.T.);
#1896 = EDGE_CURVE('',#1897,#1899,#1901,.T.);
#1897 = VERTEX_POINT('',#1898);
#1898 = CARTESIAN_POINT('',(154.3271,191.18,-3.));
#1899 = VERTEX_POINT('',#1900);
#1900 = CARTESIAN_POINT('',(136.3271,191.18,-3.));
#1901 = LINE('',#1902,#1903);
#1902 = CARTESIAN_POINT('',(175.05788058507,191.18,-3.));
#1903 = VECTOR('',#1904,1.);
#1904 = DIRECTION('',(-1.,0.,0.));
#1905 = ORIENTED_EDGE('',*,*,#1906,.T.);
#1906 = EDGE_CURVE('',#1899,#1907,#1909,.T.);
#1907 = VERTEX_POINT('',#1908);
#1908 = CARTESIAN_POINT('',(136.3271,191.18,3.));
#1909 = LINE('',#1910,#1911);
#1910 = CARTESIAN_POINT('',(136.3271,191.18,-3.34));
#1911 = VECTOR('',#1912,1.);
#1912 = DIRECTION('',(0.,0.,1.));
#1913 = ORIENTED_EDGE('',*,*,#1914,.F.);
#1914 = EDGE_CURVE('',#1915,#1907,#1917,.T.);
#1915 = VERTEX_POINT('',#1916);
#1916 = CARTESIAN_POINT('',(154.3271,191.18,3.));
#1917 = LINE('',#1918,#1919);
#1918 = CARTESIAN_POINT('',(175.05788058507,191.18,3.));
#1919 = VECTOR('',#1920,1.);
#1920 = DIRECTION('',(-1.,0.,0.));
#1921 = ORIENTED_EDGE('',*,*,#1922,.F.);
#1922 = EDGE_CURVE('',#1897,#1915,#1923,.T.);
#1923 = LINE('',#1924,#1925);
#1924 = CARTESIAN_POINT('',(154.3271,191.18,-3.34));
#1925 = VECTOR('',#1926,1.);
#1926 = DIRECTION('',(0.,0.,1.));
#1927 = PLANE('',#1928);
#1928 = AXIS2_PLACEMENT_3D('',#1929,#1930,#1931);
#1929 = CARTESIAN_POINT('',(213.78866117014,191.18,-3.68));
#1930 = DIRECTION('',(0.,-1.,0.));
#1931 = DIRECTION('',(-1.,0.,0.));
#1932 = ADVANCED_FACE('',(#1933),#1958,.T.);
#1933 = FACE_BOUND('',#1934,.T.);
#1934 = EDGE_LOOP('',(#1935,#1943,#1951,#1957));
#1935 = ORIENTED_EDGE('',*,*,#1936,.F.);
#1936 = EDGE_CURVE('',#1937,#1899,#1939,.T.);
#1937 = VERTEX_POINT('',#1938);
#1938 = CARTESIAN_POINT('',(136.3271,191.15,-3.));
#1939 = LINE('',#1940,#1941);
#1940 = CARTESIAN_POINT('',(136.3271,190.5,-3.));
#1941 = VECTOR('',#1942,1.);
#1942 = DIRECTION('',(-0.,1.,0.));
#1943 = ORIENTED_EDGE('',*,*,#1944,.F.);
#1944 = EDGE_CURVE('',#1945,#1937,#1947,.T.);
#1945 = VERTEX_POINT('',#1946);
#1946 = CARTESIAN_POINT('',(154.3271,191.15,-3.));
#1947 = LINE('',#1948,#1949);
#1948 = CARTESIAN_POINT('',(175.03382548755,191.15,-3.));
#1949 = VECTOR('',#1950,1.);
#1950 = DIRECTION('',(-1.,0.,0.));
#1951 = ORIENTED_EDGE('',*,*,#1952,.T.);
#1952 = EDGE_CURVE('',#1945,#1897,#1953,.T.);
#1953 = LINE('',#1954,#1955);
#1954 = CARTESIAN_POINT('',(154.3271,190.5,-3.));
#1955 = VECTOR('',#1956,1.);
#1956 = DIRECTION('',(-0.,1.,0.));
#1957 = ORIENTED_EDGE('',*,*,#1896,.T.);
#1958 = PLANE('',#1959);
#1959 = AXIS2_PLACEMENT_3D('',#1960,#1961,#1962);
#1960 = CARTESIAN_POINT('',(136.3271,190.5,-3.));
#1961 = DIRECTION('',(0.,0.,1.));
#1962 = DIRECTION('',(1.,0.,-0.));
#1963 = ADVANCED_FACE('',(#1964),#1982,.F.);
#1964 = FACE_BOUND('',#1965,.F.);
#1965 = EDGE_LOOP('',(#1966,#1974,#1980,#1981));
#1966 = ORIENTED_EDGE('',*,*,#1967,.F.);
#1967 = EDGE_CURVE('',#1968,#1915,#1970,.T.);
#1968 = VERTEX_POINT('',#1969);
#1969 = CARTESIAN_POINT('',(154.3271,191.15,3.));
#1970 = LINE('',#1971,#1972);
#1971 = CARTESIAN_POINT('',(154.3271,190.5,3.));
#1972 = VECTOR('',#1973,1.);
#1973 = DIRECTION('',(-0.,1.,0.));
#1974 = ORIENTED_EDGE('',*,*,#1975,.F.);
#1975 = EDGE_CURVE('',#1945,#1968,#1976,.T.);
#1976 = LINE('',#1977,#1978);
#1977 = CARTESIAN_POINT('',(154.3271,191.15,-3.325));
#1978 = VECTOR('',#1979,1.);
#1979 = DIRECTION('',(0.,0.,1.));
#1980 = ORIENTED_EDGE('',*,*,#1952,.T.);
#1981 = ORIENTED_EDGE('',*,*,#1922,.T.);
#1982 = PLANE('',#1983);
#1983 = AXIS2_PLACEMENT_3D('',#1984,#1985,#1986);
#1984 = CARTESIAN_POINT('',(154.3271,190.5,-3.));
#1985 = DIRECTION('',(1.,0.,-0.));
#1986 = DIRECTION('',(0.,0.,1.));
#1987 = ADVANCED_FACE('',(#1988),#2006,.F.);
#1988 = FACE_BOUND('',#1989,.F.);
#1989 = EDGE_LOOP('',(#1990,#1998,#2004,#2005));
#1990 = ORIENTED_EDGE('',*,*,#1991,.F.);
#1991 = EDGE_CURVE('',#1992,#1907,#1994,.T.);
#1992 = VERTEX_POINT('',#1993);
#1993 = CARTESIAN_POINT('',(136.3271,191.15,3.));
#1994 = LINE('',#1995,#1996);
#1995 = CARTESIAN_POINT('',(136.3271,190.5,3.));
#1996 = VECTOR('',#1997,1.);
#1997 = DIRECTION('',(-0.,1.,0.));
#1998 = ORIENTED_EDGE('',*,*,#1999,.F.);
#1999 = EDGE_CURVE('',#1968,#1992,#2000,.T.);
#2000 = LINE('',#2001,#2002);
#2001 = CARTESIAN_POINT('',(175.03382548755,191.15,3.));
#2002 = VECTOR('',#2003,1.);
#2003 = DIRECTION('',(-1.,0.,0.));
#2004 = ORIENTED_EDGE('',*,*,#1967,.T.);
#2005 = ORIENTED_EDGE('',*,*,#1914,.T.);
#2006 = PLANE('',#2007);
#2007 = AXIS2_PLACEMENT_3D('',#2008,#2009,#2010);
#2008 = CARTESIAN_POINT('',(136.3271,190.5,3.));
#2009 = DIRECTION('',(0.,0.,1.));
#2010 = DIRECTION('',(1.,0.,-0.));
#2011 = ADVANCED_FACE('',(#2012),#2023,.T.);
#2012 = FACE_BOUND('',#2013,.T.);
#2013 = EDGE_LOOP('',(#2014,#2015,#2021,#2022));
#2014 = ORIENTED_EDGE('',*,*,#1991,.F.);
#2015 = ORIENTED_EDGE('',*,*,#2016,.F.);
#2016 = EDGE_CURVE('',#1937,#1992,#2017,.T.);
#2017 = LINE('',#2018,#2019);
#2018 = CARTESIAN_POINT('',(136.3271,191.15,-3.325));
#2019 = VECTOR('',#2020,1.);
#2020 = DIRECTION('',(0.,0.,1.));
#2021 = ORIENTED_EDGE('',*,*,#1936,.T.);
#2022 = ORIENTED_EDGE('',*,*,#1906,.T.);
#2023 = PLANE('',#2024);
#2024 = AXIS2_PLACEMENT_3D('',#2025,#2026,#2027);
#2025 = CARTESIAN_POINT('',(136.3271,190.5,-3.));
#2026 = DIRECTION('',(1.,0.,-0.));
#2027 = DIRECTION('',(0.,0.,1.));
#2028 = ADVANCED_FACE('',(#2029,#2063),#2069,.T.);
#2029 = FACE_BOUND('',#2030,.T.);
#2030 = EDGE_LOOP('',(#2031,#2041,#2049,#2057));
#2031 = ORIENTED_EDGE('',*,*,#2032,.T.);
#2032 = EDGE_CURVE('',#2033,#2035,#2037,.T.);
#2033 = VERTEX_POINT('',#2034);
#2034 = CARTESIAN_POINT('',(213.74055097511,191.15,-3.65));
#2035 = VERTEX_POINT('',#2036);
#2036 = CARTESIAN_POINT('',(213.74055097511,191.15,3.65));
#2037 = LINE('',#2038,#2039);
#2038 = CARTESIAN_POINT('',(213.74055097511,191.15,-3.65));
#2039 = VECTOR('',#2040,1.);
#2040 = DIRECTION('',(0.,0.,1.));
#2041 = ORIENTED_EDGE('',*,*,#2042,.T.);
#2042 = EDGE_CURVE('',#2035,#2043,#2045,.T.);
#2043 = VERTEX_POINT('',#2044);
#2044 = CARTESIAN_POINT('',(76.698642261588,191.15,3.65));
#2045 = LINE('',#2046,#2047);
#2046 = CARTESIAN_POINT('',(213.5,191.15,3.65));
#2047 = VECTOR('',#2048,1.);
#2048 = DIRECTION('',(-1.,0.,0.));
#2049 = ORIENTED_EDGE('',*,*,#2050,.F.);
#2050 = EDGE_CURVE('',#2051,#2043,#2053,.T.);
#2051 = VERTEX_POINT('',#2052);
#2052 = CARTESIAN_POINT('',(76.698642261588,191.15,-3.65));
#2053 = LINE('',#2054,#2055);
#2054 = CARTESIAN_POINT('',(76.698642261588,191.15,-3.65));
#2055 = VECTOR('',#2056,1.);
#2056 = DIRECTION('',(0.,0.,1.));
#2057 = ORIENTED_EDGE('',*,*,#2058,.F.);
#2058 = EDGE_CURVE('',#2033,#2051,#2059,.T.);
#2059 = LINE('',#2060,#2061);
#2060 = CARTESIAN_POINT('',(213.5,191.15,-3.65));
#2061 = VECTOR('',#2062,1.);
#2062 = DIRECTION('',(-1.,0.,0.));
#2063 = FACE_BOUND('',#2064,.T.);
#2064 = EDGE_LOOP('',(#2065,#2066,#2067,#2068));
#2065 = ORIENTED_EDGE('',*,*,#1944,.T.);
#2066 = ORIENTED_EDGE('',*,*,#2016,.T.);
#2067 = ORIENTED_EDGE('',*,*,#1999,.F.);
#2068 = ORIENTED_EDGE('',*,*,#1975,.F.);
#2069 = PLANE('',#2070);
#2070 = AXIS2_PLACEMENT_3D('',#2071,#2072,#2073);
#2071 = CARTESIAN_POINT('',(213.74055097511,191.15,-3.65));
#2072 = DIRECTION('',(0.,-1.,0.));
#2073 = DIRECTION('',(-1.,0.,0.));
#2074 = ADVANCED_FACE('',(#2075),#2100,.T.);
#2075 = FACE_BOUND('',#2076,.T.);
#2076 = EDGE_LOOP('',(#2077,#2087,#2093,#2094));
#2077 = ORIENTED_EDGE('',*,*,#2078,.T.);
#2078 = EDGE_CURVE('',#2079,#2081,#2083,.T.);
#2079 = VERTEX_POINT('',#2080);
#2080 = CARTESIAN_POINT('',(119.99353526831,-0.15,-3.65));
#2081 = VERTEX_POINT('',#2082);
#2082 = CARTESIAN_POINT('',(119.99353526831,-0.15,3.65));
#2083 = LINE('',#2084,#2085);
#2084 = CARTESIAN_POINT('',(119.99353526831,-0.15,-3.65));
#2085 = VECTOR('',#2086,1.);
#2086 = DIRECTION('',(0.,0.,1.));
#2087 = ORIENTED_EDGE('',*,*,#2088,.T.);
#2088 = EDGE_CURVE('',#2081,#2035,#2089,.T.);
#2089 = LINE('',#2090,#2091);
#2090 = CARTESIAN_POINT('',(120.03469575861,-6.600797385332E-02,3.65));
#2091 = VECTOR('',#2092,1.);
#2092 = DIRECTION('',(0.440053159022,0.897971724073,0.));
#2093 = ORIENTED_EDGE('',*,*,#2032,.F.);
#2094 = ORIENTED_EDGE('',*,*,#2095,.F.);
#2095 = EDGE_CURVE('',#2079,#2033,#2096,.T.);
#2096 = LINE('',#2097,#2098);
#2097 = CARTESIAN_POINT('',(120.03469575861,-6.600797385332E-02,-3.65));
#2098 = VECTOR('',#2099,1.);
#2099 = DIRECTION('',(0.440053159022,0.897971724073,0.));
#2100 = PLANE('',#2101);
#2101 = AXIS2_PLACEMENT_3D('',#2102,#2103,#2104);
#2102 = CARTESIAN_POINT('',(119.99353526831,-0.15,-3.65));
#2103 = DIRECTION('',(-0.897971724073,0.440053159022,0.));
#2104 = DIRECTION('',(0.440053159022,0.897971724073,0.));
#2105 = ADVANCED_FACE('',(#2106),#2124,.T.);
#2106 = FACE_BOUND('',#2107,.F.);
#2107 = EDGE_LOOP('',(#2108,#2116,#2122,#2123));
#2108 = ORIENTED_EDGE('',*,*,#2109,.F.);
#2109 = EDGE_CURVE('',#2110,#2079,#2112,.T.);
#2110 = VERTEX_POINT('',#2111);
#2111 = CARTESIAN_POINT('',(-0.221986010664,-0.15,-3.65));
#2112 = LINE('',#2113,#2114);
#2113 = CARTESIAN_POINT('',(0.,-0.15,-3.65));
#2114 = VECTOR('',#2115,1.);
#2115 = DIRECTION('',(1.,0.,0.));
#2116 = ORIENTED_EDGE('',*,*,#2117,.F.);
#2117 = EDGE_CURVE('',#2051,#2110,#2118,.T.);
#2118 = LINE('',#2119,#2120);
#2119 = CARTESIAN_POINT('',(76.660829225465,191.05595976693,-3.65));
#2120 = VECTOR('',#2121,1.);
#2121 = DIRECTION('',(-0.37306511289,-0.927805163568,0.));
#2122 = ORIENTED_EDGE('',*,*,#2058,.F.);
#2123 = ORIENTED_EDGE('',*,*,#2095,.F.);
#2124 = PLANE('',#2125);
#2125 = AXIS2_PLACEMENT_3D('',#2126,#2127,#2128);
#2126 = CARTESIAN_POINT('',(104.25984701772,97.876312371238,-3.65));
#2127 = DIRECTION('',(0.,0.,1.));
#2128 = DIRECTION('',(1.,0.,-0.));
#2129 = ADVANCED_FACE('',(#2130),#2148,.F.);
#2130 = FACE_BOUND('',#2131,.T.);
#2131 = EDGE_LOOP('',(#2132,#2140,#2146,#2147));
#2132 = ORIENTED_EDGE('',*,*,#2133,.F.);
#2133 = EDGE_CURVE('',#2134,#2081,#2136,.T.);
#2134 = VERTEX_POINT('',#2135);
#2135 = CARTESIAN_POINT('',(-0.221986010664,-0.15,3.65));
#2136 = LINE('',#2137,#2138);
#2137 = CARTESIAN_POINT('',(0.,-0.15,3.65));
#2138 = VECTOR('',#2139,1.);
#2139 = DIRECTION('',(1.,0.,0.));
#2140 = ORIENTED_EDGE('',*,*,#2141,.F.);
#2141 = EDGE_CURVE('',#2043,#2134,#2142,.T.);
#2142 = LINE('',#2143,#2144);
#2143 = CARTESIAN_POINT('',(76.660829225465,191.05595976693,3.65));
#2144 = VECTOR('',#2145,1.);
#2145 = DIRECTION('',(-0.37306511289,-0.927805163568,0.));
#2146 = ORIENTED_EDGE('',*,*,#2042,.F.);
#2147 = ORIENTED_EDGE('',*,*,#2088,.F.);
#2148 = PLANE('',#2149);
#2149 = AXIS2_PLACEMENT_3D('',#2150,#2151,#2152);
#2150 = CARTESIAN_POINT('',(104.25984701772,97.876312371238,3.65));
#2151 = DIRECTION('',(0.,0.,1.));
#2152 = DIRECTION('',(1.,0.,-0.));
#2153 = ADVANCED_FACE('',(#2154),#2165,.T.);
#2154 = FACE_BOUND('',#2155,.T.);
#2155 = EDGE_LOOP('',(#2156,#2157,#2158,#2164));
#2156 = ORIENTED_EDGE('',*,*,#2050,.T.);
#2157 = ORIENTED_EDGE('',*,*,#2141,.T.);
#2158 = ORIENTED_EDGE('',*,*,#2159,.F.);
#2159 = EDGE_CURVE('',#2110,#2134,#2160,.T.);
#2160 = LINE('',#2161,#2162);
#2161 = CARTESIAN_POINT('',(-0.221986010664,-0.15,-3.65));
#2162 = VECTOR('',#2163,1.);
#2163 = DIRECTION('',(0.,0.,1.));
#2164 = ORIENTED_EDGE('',*,*,#2117,.F.);
#2165 = PLANE('',#2166);
#2166 = AXIS2_PLACEMENT_3D('',#2167,#2168,#2169);
#2167 = CARTESIAN_POINT('',(76.698642261588,191.15,-3.65));
#2168 = DIRECTION('',(0.927805163568,-0.37306511289,0.));
#2169 = DIRECTION('',(-0.37306511289,-0.927805163568,0.));
#2170 = ADVANCED_FACE('',(#2171),#2177,.T.);
#2171 = FACE_BOUND('',#2172,.T.);
#2172 = EDGE_LOOP('',(#2173,#2174,#2175,#2176));
#2173 = ORIENTED_EDGE('',*,*,#2159,.T.);
#2174 = ORIENTED_EDGE('',*,*,#2133,.T.);
#2175 = ORIENTED_EDGE('',*,*,#2078,.F.);
#2176 = ORIENTED_EDGE('',*,*,#2109,.F.);
#2177 = PLANE('',#2178);
#2178 = AXIS2_PLACEMENT_3D('',#2179,#2180,#2181);
#2179 = CARTESIAN_POINT('',(-0.221986010664,-0.15,-3.65));
#2180 = DIRECTION('',(0.,1.,0.));
#2181 = DIRECTION('',(1.,0.,0.));
#2182 = ( GEOMETRIC_REPRESENTATION_CONTEXT(3) 
GLOBAL_UNCERTAINTY_ASSIGNED_CONTEXT((#2186)) 
GLOBAL_UNIT_ASSIGNED_CONTEXT((#2183,#2184,#2185)) REPRESENTATION_CONTEXT
('Context #1','3D Context with UNIT and UNCERTAINTY') );
#2183 = ( LENGTH_UNIT() NAMED_UNIT(*) SI_UNIT(.MILLI.,.METRE.) );
#2184 = ( NAMED_UNIT(*) PLANE_ANGLE_UNIT() SI_UNIT($,.RADIAN.) );
#2185 = ( NAMED_UNIT(*) SI_UNIT($,.STERADIAN.) SOLID_ANGLE_UNIT() );
#2186 = UNCERTAINTY_MEASURE_WITH_UNIT(LENGTH_MEASURE(1.E-07),#2183,
  'distance_accuracy_value','confusion accuracy');
#2187 = CONTEXT_DEPENDENT_SHAPE_REPRESENTATION(#2188,#2190);
#2188 = ( REPRESENTATION_RELATIONSHIP('','',#1747,#10) 
REPRESENTATION_RELATIONSHIP_WITH_TRANSFORMATION(#2189) 
SHAPE_REPRESENTATION_RELATIONSHIP() );
#2189 = ITEM_DEFINED_TRANSFORMATION('','',#11,#31);
#2190 = PRODUCT_DEFINITION_SHAPE('Placement','Placement of an item',
  #2191);
#2191 = NEXT_ASSEMBLY_USAGE_OCCURRENCE('5','Tile0_WrapCling','',#5,#1742
  ,$);
#2192 = PRODUCT_RELATED_PRODUCT_CATEGORY('part',$,(#1744));
#2193 = SHAPE_DEFINITION_REPRESENTATION(#2194,#2200);
#2194 = PRODUCT_DEFINITION_SHAPE('','',#2195);
#2195 = PRODUCT_DEFINITION('design','',#2196,#2199);
#2196 = PRODUCT_DEFINITION_FORMATION('','',#2197);
#2197 = PRODUCT('Tile0_WrapVinyl','Tile0_WrapVinyl','',(#2198));
#2198 = PRODUCT_CONTEXT('',#2,'mechanical');
#2199 = PRODUCT_DEFINITION_CONTEXT('part definition',#2,'design');
#2200 = ADVANCED_BREP_SHAPE_REPRESENTATION('',(#11,#2201),#2635);
#2201 = MANIFOLD_SOLID_BREP('',#2202);
#2202 = CLOSED_SHELL('',(#2203,#2243,#2274,#2305,#2322,#2339,#2385,#2416
    ,#2440,#2464,#2481,#2527,#2558,#2582,#2606,#2623));
#2203 = ADVANCED_FACE('',(#2204),#2238,.F.);
#2204 = FACE_BOUND('',#2205,.F.);
#2205 = EDGE_LOOP('',(#2206,#2216,#2224,#2232));
#2206 = ORIENTED_EDGE('',*,*,#2207,.T.);
#2207 = EDGE_CURVE('',#2208,#2210,#2212,.T.);
#2208 = VERTEX_POINT('',#2209);
#2209 = CARTESIAN_POINT('',(-0.414373886572,-0.28,-3.78));
#2210 = VERTEX_POINT('',#2211);
#2211 = CARTESIAN_POINT('',(-0.414373886572,-0.28,3.78));
#2212 = LINE('',#2213,#2214);
#2213 = CARTESIAN_POINT('',(-0.414373886572,-0.28,-3.78));
#2214 = VECTOR('',#2215,1.);
#2215 = DIRECTION('',(0.,0.,1.));
#2216 = ORIENTED_EDGE('',*,*,#2217,.T.);
#2217 = EDGE_CURVE('',#2210,#2218,#2220,.T.);
#2218 = VERTEX_POINT('',#2219);
#2219 = CARTESIAN_POINT('',(120.07459916751,-0.28,3.78));
#2220 = LINE('',#2221,#2222);
#2221 = CARTESIAN_POINT('',(0.,-0.28,3.78));
#2222 = VECTOR('',#2223,1.);
#2223 = DIRECTION('',(1.,0.,0.));
#2224 = ORIENTED_EDGE('',*,*,#2225,.F.);
#2225 = EDGE_CURVE('',#2226,#2218,#2228,.T.);
#2226 = VERTEX_POINT('',#2227);
#2227 = CARTESIAN_POINT('',(120.07459916751,-0.28,-3.78));
#2228 = LINE('',#2229,#2230);
#2229 = CARTESIAN_POINT('',(120.07459916751,-0.28,-3.78));
#2230 = VECTOR('',#2231,1.);
#2231 = DIRECTION('',(0.,0.,1.));
#2232 = ORIENTED_EDGE('',*,*,#2233,.F.);
#2233 = EDGE_CURVE('',#2208,#2226,#2234,.T.);
#2234 = LINE('',#2235,#2236);
#2235 = CARTESIAN_POINT('',(0.,-0.28,-3.78));
#2236 = VECTOR('',#2237,1.);
#2237 = DIRECTION('',(1.,0.,0.));
#2238 = PLANE('',#2239);
#2239 = AXIS2_PLACEMENT_3D('',#2240,#2241,#2242);
#2240 = CARTESIAN_POINT('',(-0.414373886572,-0.28,-3.78));
#2241 = DIRECTION('',(0.,1.,0.));
#2242 = DIRECTION('',(1.,0.,0.));
#2243 = ADVANCED_FACE('',(#2244),#2269,.F.);
#2244 = FACE_BOUND('',#2245,.F.);
#2245 = EDGE_LOOP('',(#2246,#2256,#2262,#2263));
#2246 = ORIENTED_EDGE('',*,*,#2247,.T.);
#2247 = EDGE_CURVE('',#2248,#2250,#2252,.T.);
#2248 = VERTEX_POINT('',#2249);
#2249 = CARTESIAN_POINT('',(76.610798888297,191.28,-3.78));
#2250 = VERTEX_POINT('',#2251);
#2251 = CARTESIAN_POINT('',(76.610798888297,191.28,3.78));
#2252 = LINE('',#2253,#2254);
#2253 = CARTESIAN_POINT('',(76.610798888297,191.28,-3.78));
#2254 = VECTOR('',#2255,1.);
#2255 = DIRECTION('',(0.,0.,1.));
#2256 = ORIENTED_EDGE('',*,*,#2257,.T.);
#2257 = EDGE_CURVE('',#2250,#2210,#2258,.T.);
#2258 = LINE('',#2259,#2260);
#2259 = CARTESIAN_POINT('',(76.540214554201,191.1044582316,3.78));
#2260 = VECTOR('',#2261,1.);
#2261 = DIRECTION('',(-0.37306511289,-0.927805163568,0.));
#2262 = ORIENTED_EDGE('',*,*,#2207,.F.);
#2263 = ORIENTED_EDGE('',*,*,#2264,.F.);
#2264 = EDGE_CURVE('',#2248,#2208,#2265,.T.);
#2265 = LINE('',#2266,#2267);
#2266 = CARTESIAN_POINT('',(76.540214554201,191.1044582316,-3.78));
#2267 = VECTOR('',#2268,1.);
#2268 = DIRECTION('',(-0.37306511289,-0.927805163568,0.));
#2269 = PLANE('',#2270);
#2270 = AXIS2_PLACEMENT_3D('',#2271,#2272,#2273);
#2271 = CARTESIAN_POINT('',(76.610798888297,191.28,-3.78));
#2272 = DIRECTION('',(0.927805163568,-0.37306511289,0.));
#2273 = DIRECTION('',(-0.37306511289,-0.927805163568,0.));
#2274 = ADVANCED_FACE('',(#2275),#2300,.F.);
#2275 = FACE_BOUND('',#2276,.F.);
#2276 = EDGE_LOOP('',(#2277,#2278,#2286,#2294));
#2277 = ORIENTED_EDGE('',*,*,#2225,.T.);
#2278 = ORIENTED_EDGE('',*,*,#2279,.T.);
#2279 = EDGE_CURVE('',#2218,#2280,#2282,.T.);
#2280 = VERTEX_POINT('',#2281);
#2281 = CARTESIAN_POINT('',(213.94902848688,191.28,3.78));
#2282 = LINE('',#2283,#2284);
#2283 = CARTESIAN_POINT('',(120.15143208274,-0.123214884526,3.78));
#2284 = VECTOR('',#2285,1.);
#2285 = DIRECTION('',(0.440053159022,0.897971724073,0.));
#2286 = ORIENTED_EDGE('',*,*,#2287,.F.);
#2287 = EDGE_CURVE('',#2288,#2280,#2290,.T.);
#2288 = VERTEX_POINT('',#2289);
#2289 = CARTESIAN_POINT('',(213.94902848688,191.28,-3.78));
#2290 = LINE('',#2291,#2292);
#2291 = CARTESIAN_POINT('',(213.94902848688,191.28,-3.78));
#2292 = VECTOR('',#2293,1.);
#2293 = DIRECTION('',(0.,0.,1.));
#2294 = ORIENTED_EDGE('',*,*,#2295,.F.);
#2295 = EDGE_CURVE('',#2226,#2288,#2296,.T.);
#2296 = LINE('',#2297,#2298);
#2297 = CARTESIAN_POINT('',(120.15143208274,-0.123214884526,-3.78));
#2298 = VECTOR('',#2299,1.);
#2299 = DIRECTION('',(0.440053159022,0.897971724073,0.));
#2300 = PLANE('',#2301);
#2301 = AXIS2_PLACEMENT_3D('',#2302,#2303,#2304);
#2302 = CARTESIAN_POINT('',(120.07459916751,-0.28,-3.78));
#2303 = DIRECTION('',(-0.897971724073,0.440053159022,0.));
#2304 = DIRECTION('',(0.440053159022,0.897971724073,0.));
#2305 = ADVANCED_FACE('',(#2306),#2317,.F.);
#2306 = FACE_BOUND('',#2307,.T.);
#2307 = EDGE_LOOP('',(#2308,#2309,#2310,#2316));
#2308 = ORIENTED_EDGE('',*,*,#2233,.F.);
#2309 = ORIENTED_EDGE('',*,*,#2264,.F.);
#2310 = ORIENTED_EDGE('',*,*,#2311,.F.);
#2311 = EDGE_CURVE('',#2288,#2248,#2312,.T.);
#2312 = LINE('',#2313,#2314);
#2313 = CARTESIAN_POINT('',(213.5,191.28,-3.78));
#2314 = VECTOR('',#2315,1.);
#2315 = DIRECTION('',(-1.,0.,0.));
#2316 = ORIENTED_EDGE('',*,*,#2295,.F.);
#2317 = PLANE('',#2318);
#2318 = AXIS2_PLACEMENT_3D('',#2319,#2320,#2321);
#2319 = CARTESIAN_POINT('',(104.25984701772,97.876312371238,-3.78));
#2320 = DIRECTION('',(0.,0.,1.));
#2321 = DIRECTION('',(1.,0.,-0.));
#2322 = ADVANCED_FACE('',(#2323),#2334,.T.);
#2323 = FACE_BOUND('',#2324,.F.);
#2324 = EDGE_LOOP('',(#2325,#2326,#2327,#2333));
#2325 = ORIENTED_EDGE('',*,*,#2217,.F.);
#2326 = ORIENTED_EDGE('',*,*,#2257,.F.);
#2327 = ORIENTED_EDGE('',*,*,#2328,.F.);
#2328 = EDGE_CURVE('',#2280,#2250,#2329,.T.);
#2329 = LINE('',#2330,#2331);
#2330 = CARTESIAN_POINT('',(213.5,191.28,3.78));
#2331 = VECTOR('',#2332,1.);
#2332 = DIRECTION('',(-1.,0.,0.));
#2333 = ORIENTED_EDGE('',*,*,#2279,.F.);
#2334 = PLANE('',#2335);
#2335 = AXIS2_PLACEMENT_3D('',#2336,#2337,#2338);
#2336 = CARTESIAN_POINT('',(104.25984701772,97.876312371238,3.78));
#2337 = DIRECTION('',(0.,0.,1.));
#2338 = DIRECTION('',(1.,0.,-0.));
#2339 = ADVANCED_FACE('',(#2340,#2346),#2380,.F.);
#2340 = FACE_BOUND('',#2341,.F.);
#2341 = EDGE_LOOP('',(#2342,#2343,#2344,#2345));
#2342 = ORIENTED_EDGE('',*,*,#2287,.T.);
#2343 = ORIENTED_EDGE('',*,*,#2328,.T.);
#2344 = ORIENTED_EDGE('',*,*,#2247,.F.);
#2345 = ORIENTED_EDGE('',*,*,#2311,.F.);
#2346 = FACE_BOUND('',#2347,.F.);
#2347 = EDGE_LOOP('',(#2348,#2358,#2366,#2374));
#2348 = ORIENTED_EDGE('',*,*,#2349,.T.);
#2349 = EDGE_CURVE('',#2350,#2352,#2354,.T.);
#2350 = VERTEX_POINT('',#2351);
#2351 = CARTESIAN_POINT('',(154.3271,191.28,-3.));
#2352 = VERTEX_POINT('',#2353);
#2353 = CARTESIAN_POINT('',(136.3271,191.28,-3.));
#2354 = LINE('',#2355,#2356);
#2355 = CARTESIAN_POINT('',(175.13806424344,191.28,-3.));
#2356 = VECTOR('',#2357,1.);
#2357 = DIRECTION('',(-1.,0.,0.));
#2358 = ORIENTED_EDGE('',*,*,#2359,.T.);
#2359 = EDGE_CURVE('',#2352,#2360,#2362,.T.);
#2360 = VERTEX_POINT('',#2361);
#2361 = CARTESIAN_POINT('',(136.3271,191.28,3.));
#2362 = LINE('',#2363,#2364);
#2363 = CARTESIAN_POINT('',(136.3271,191.28,-3.39));
#2364 = VECTOR('',#2365,1.);
#2365 = DIRECTION('',(0.,0.,1.));
#2366 = ORIENTED_EDGE('',*,*,#2367,.F.);
#2367 = EDGE_CURVE('',#2368,#2360,#2370,.T.);
#2368 = VERTEX_POINT('',#2369);
#2369 = CARTESIAN_POINT('',(154.3271,191.28,3.));
#2370 = LINE('',#2371,#2372);
#2371 = CARTESIAN_POINT('',(175.13806424344,191.28,3.));
#2372 = VECTOR('',#2373,1.);
#2373 = DIRECTION('',(-1.,0.,0.));
#2374 = ORIENTED_EDGE('',*,*,#2375,.F.);
#2375 = EDGE_CURVE('',#2350,#2368,#2376,.T.);
#2376 = LINE('',#2377,#2378);
#2377 = CARTESIAN_POINT('',(154.3271,191.28,-3.39));
#2378 = VECTOR('',#2379,1.);
#2379 = DIRECTION('',(0.,0.,1.));
#2380 = PLANE('',#2381);
#2381 = AXIS2_PLACEMENT_3D('',#2382,#2383,#2384);
#2382 = CARTESIAN_POINT('',(213.94902848688,191.28,-3.78));
#2383 = DIRECTION('',(0.,-1.,0.));
#2384 = DIRECTION('',(-1.,0.,0.));
#2385 = ADVANCED_FACE('',(#2386),#2411,.T.);
#2386 = FACE_BOUND('',#2387,.T.);
#2387 = EDGE_LOOP('',(#2388,#2396,#2404,#2410));
#2388 = ORIENTED_EDGE('',*,*,#2389,.F.);
#2389 = EDGE_CURVE('',#2390,#2352,#2392,.T.);
#2390 = VERTEX_POINT('',#2391);
#2391 = CARTESIAN_POINT('',(136.3271,191.18,-3.));
#2392 = LINE('',#2393,#2394);
#2393 = CARTESIAN_POINT('',(136.3271,190.5,-3.));
#2394 = VECTOR('',#2395,1.);
#2395 = DIRECTION('',(-0.,1.,0.));
#2396 = ORIENTED_EDGE('',*,*,#2397,.F.);
#2397 = EDGE_CURVE('',#2398,#2390,#2400,.T.);
#2398 = VERTEX_POINT('',#2399);
#2399 = CARTESIAN_POINT('',(154.3271,191.18,-3.));
#2400 = LINE('',#2401,#2402);
#2401 = CARTESIAN_POINT('',(175.05788058507,191.18,-3.));
#2402 = VECTOR('',#2403,1.);
#2403 = DIRECTION('',(-1.,0.,0.));
#2404 = ORIENTED_EDGE('',*,*,#2405,.T.);
#2405 = EDGE_CURVE('',#2398,#2350,#2406,.T.);
#2406 = LINE('',#2407,#2408);
#2407 = CARTESIAN_POINT('',(154.3271,190.5,-3.));
#2408 = VECTOR('',#2409,1.);
#2409 = DIRECTION('',(-0.,1.,0.));
#2410 = ORIENTED_EDGE('',*,*,#2349,.T.);
#2411 = PLANE('',#2412);
#2412 = AXIS2_PLACEMENT_3D('',#2413,#2414,#2415);
#2413 = CARTESIAN_POINT('',(136.3271,190.5,-3.));
#2414 = DIRECTION('',(0.,0.,1.));
#2415 = DIRECTION('',(1.,0.,-0.));
#2416 = ADVANCED_FACE('',(#2417),#2435,.F.);
#2417 = FACE_BOUND('',#2418,.F.);
#2418 = EDGE_LOOP('',(#2419,#2427,#2433,#2434));
#2419 = ORIENTED_EDGE('',*,*,#2420,.F.);
#2420 = EDGE_CURVE('',#2421,#2368,#2423,.T.);
#2421 = VERTEX_POINT('',#2422);
#2422 = CARTESIAN_POINT('',(154.3271,191.18,3.));
#2423 = LINE('',#2424,#2425);
#2424 = CARTESIAN_POINT('',(154.3271,190.5,3.));
#2425 = VECTOR('',#2426,1.);
#2426 = DIRECTION('',(-0.,1.,0.));
#2427 = ORIENTED_EDGE('',*,*,#2428,.F.);
#2428 = EDGE_CURVE('',#2398,#2421,#2429,.T.);
#2429 = LINE('',#2430,#2431);
#2430 = CARTESIAN_POINT('',(154.3271,191.18,-3.34));
#2431 = VECTOR('',#2432,1.);
#2432 = DIRECTION('',(0.,0.,1.));
#2433 = ORIENTED_EDGE('',*,*,#2405,.T.);
#2434 = ORIENTED_EDGE('',*,*,#2375,.T.);
#2435 = PLANE('',#2436);
#2436 = AXIS2_PLACEMENT_3D('',#2437,#2438,#2439);
#2437 = CARTESIAN_POINT('',(154.3271,190.5,-3.));
#2438 = DIRECTION('',(1.,0.,-0.));
#2439 = DIRECTION('',(0.,0.,1.));
#2440 = ADVANCED_FACE('',(#2441),#2459,.F.);
#2441 = FACE_BOUND('',#2442,.F.);
#2442 = EDGE_LOOP('',(#2443,#2451,#2457,#2458));
#2443 = ORIENTED_EDGE('',*,*,#2444,.F.);
#2444 = EDGE_CURVE('',#2445,#2360,#2447,.T.);
#2445 = VERTEX_POINT('',#2446);
#2446 = CARTESIAN_POINT('',(136.3271,191.18,3.));
#2447 = LINE('',#2448,#2449);
#2448 = CARTESIAN_POINT('',(136.3271,190.5,3.));
#2449 = VECTOR('',#2450,1.);
#2450 = DIRECTION('',(-0.,1.,0.));
#2451 = ORIENTED_EDGE('',*,*,#2452,.F.);
#2452 = EDGE_CURVE('',#2421,#2445,#2453,.T.);
#2453 = LINE('',#2454,#2455);
#2454 = CARTESIAN_POINT('',(175.05788058507,191.18,3.));
#2455 = VECTOR('',#2456,1.);
#2456 = DIRECTION('',(-1.,0.,0.));
#2457 = ORIENTED_EDGE('',*,*,#2420,.T.);
#2458 = ORIENTED_EDGE('',*,*,#2367,.T.);
#2459 = PLANE('',#2460);
#2460 = AXIS2_PLACEMENT_3D('',#2461,#2462,#2463);
#2461 = CARTESIAN_POINT('',(136.3271,190.5,3.));
#2462 = DIRECTION('',(0.,0.,1.));
#2463 = DIRECTION('',(1.,0.,-0.));
#2464 = ADVANCED_FACE('',(#2465),#2476,.T.);
#2465 = FACE_BOUND('',#2466,.T.);
#2466 = EDGE_LOOP('',(#2467,#2468,#2474,#2475));
#2467 = ORIENTED_EDGE('',*,*,#2444,.F.);
#2468 = ORIENTED_EDGE('',*,*,#2469,.F.);
#2469 = EDGE_CURVE('',#2390,#2445,#2470,.T.);
#2470 = LINE('',#2471,#2472);
#2471 = CARTESIAN_POINT('',(136.3271,191.18,-3.34));
#2472 = VECTOR('',#2473,1.);
#2473 = DIRECTION('',(0.,0.,1.));
#2474 = ORIENTED_EDGE('',*,*,#2389,.T.);
#2475 = ORIENTED_EDGE('',*,*,#2359,.T.);
#2476 = PLANE('',#2477);
#2477 = AXIS2_PLACEMENT_3D('',#2478,#2479,#2480);
#2478 = CARTESIAN_POINT('',(136.3271,190.5,-3.));
#2479 = DIRECTION('',(1.,0.,-0.));
#2480 = DIRECTION('',(0.,0.,1.));
#2481 = ADVANCED_FACE('',(#2482,#2516),#2522,.T.);
#2482 = FACE_BOUND('',#2483,.T.);
#2483 = EDGE_LOOP('',(#2484,#2494,#2502,#2510));
#2484 = ORIENTED_EDGE('',*,*,#2485,.T.);
#2485 = EDGE_CURVE('',#2486,#2488,#2490,.T.);
#2486 = VERTEX_POINT('',#2487);
#2487 = CARTESIAN_POINT('',(213.78866117014,191.18,-3.68));
#2488 = VERTEX_POINT('',#2489);
#2489 = CARTESIAN_POINT('',(213.78866117014,191.18,3.68));
#2490 = LINE('',#2491,#2492);
#2491 = CARTESIAN_POINT('',(213.78866117014,191.18,-3.68));
#2492 = VECTOR('',#2493,1.);
#2493 = DIRECTION('',(0.,0.,1.));
#2494 = ORIENTED_EDGE('',*,*,#2495,.T.);
#2495 = EDGE_CURVE('',#2488,#2496,#2498,.T.);
#2496 = VERTEX_POINT('',#2497);
#2497 = CARTESIAN_POINT('',(76.678370713905,191.18,3.68));
#2498 = LINE('',#2499,#2500);
#2499 = CARTESIAN_POINT('',(213.5,191.18,3.68));
#2500 = VECTOR('',#2501,1.);
#2501 = DIRECTION('',(-1.,0.,0.));
#2502 = ORIENTED_EDGE('',*,*,#2503,.F.);
#2503 = EDGE_CURVE('',#2504,#2496,#2506,.T.);
#2504 = VERTEX_POINT('',#2505);
#2505 = CARTESIAN_POINT('',(76.678370713905,191.18,-3.68));
#2506 = LINE('',#2507,#2508);
#2507 = CARTESIAN_POINT('',(76.678370713905,191.18,-3.68));
#2508 = VECTOR('',#2509,1.);
#2509 = DIRECTION('',(0.,0.,1.));
#2510 = ORIENTED_EDGE('',*,*,#2511,.F.);
#2511 = EDGE_CURVE('',#2486,#2504,#2512,.T.);
#2512 = LINE('',#2513,#2514);
#2513 = CARTESIAN_POINT('',(213.5,191.18,-3.68));
#2514 = VECTOR('',#2515,1.);
#2515 = DIRECTION('',(-1.,0.,0.));
#2516 = FACE_BOUND('',#2517,.T.);
#2517 = EDGE_LOOP('',(#2518,#2519,#2520,#2521));
#2518 = ORIENTED_EDGE('',*,*,#2397,.T.);
#2519 = ORIENTED_EDGE('',*,*,#2469,.T.);
#2520 = ORIENTED_EDGE('',*,*,#2452,.F.);
#2521 = ORIENTED_EDGE('',*,*,#2428,.F.);
#2522 = PLANE('',#2523);
#2523 = AXIS2_PLACEMENT_3D('',#2524,#2525,#2526);
#2524 = CARTESIAN_POINT('',(213.78866117014,191.18,-3.68));
#2525 = DIRECTION('',(0.,-1.,0.));
#2526 = DIRECTION('',(-1.,0.,0.));
#2527 = ADVANCED_FACE('',(#2528),#2553,.T.);
#2528 = FACE_BOUND('',#2529,.T.);
#2529 = EDGE_LOOP('',(#2530,#2540,#2546,#2547));
#2530 = ORIENTED_EDGE('',*,*,#2531,.T.);
#2531 = EDGE_CURVE('',#2532,#2534,#2536,.T.);
#2532 = VERTEX_POINT('',#2533);
#2533 = CARTESIAN_POINT('',(120.01224232197,-0.18,-3.68));
#2534 = VERTEX_POINT('',#2535);
#2535 = CARTESIAN_POINT('',(120.01224232197,-0.18,3.68));
#2536 = LINE('',#2537,#2538);
#2537 = CARTESIAN_POINT('',(120.01224232197,-0.18,-3.68));
#2538 = VECTOR('',#2539,1.);
#2539 = DIRECTION('',(0.,0.,1.));
#2540 = ORIENTED_EDGE('',*,*,#2541,.T.);
#2541 = EDGE_CURVE('',#2534,#2488,#2542,.T.);
#2542 = LINE('',#2543,#2544);
#2543 = CARTESIAN_POINT('',(120.06163491033,-7.920956862399E-02,3.68));
#2544 = VECTOR('',#2545,1.);
#2545 = DIRECTION('',(0.440053159022,0.897971724073,0.));
#2546 = ORIENTED_EDGE('',*,*,#2485,.F.);
#2547 = ORIENTED_EDGE('',*,*,#2548,.F.);
#2548 = EDGE_CURVE('',#2532,#2486,#2549,.T.);
#2549 = LINE('',#2550,#2551);
#2550 = CARTESIAN_POINT('',(120.06163491033,-7.920956862399E-02,-3.68));
#2551 = VECTOR('',#2552,1.);
#2552 = DIRECTION('',(0.440053159022,0.897971724073,0.));
#2553 = PLANE('',#2554);
#2554 = AXIS2_PLACEMENT_3D('',#2555,#2556,#2557);
#2555 = CARTESIAN_POINT('',(120.01224232197,-0.18,-3.68));
#2556 = DIRECTION('',(-0.897971724073,0.440053159022,0.));
#2557 = DIRECTION('',(0.440053159022,0.897971724073,0.));
#2558 = ADVANCED_FACE('',(#2559),#2577,.T.);
#2559 = FACE_BOUND('',#2560,.F.);
#2560 = EDGE_LOOP('',(#2561,#2569,#2575,#2576));
#2561 = ORIENTED_EDGE('',*,*,#2562,.F.);
#2562 = EDGE_CURVE('',#2563,#2532,#2565,.T.);
#2563 = VERTEX_POINT('',#2564);
#2564 = CARTESIAN_POINT('',(-0.266383212796,-0.18,-3.68));
#2565 = LINE('',#2566,#2567);
#2566 = CARTESIAN_POINT('',(0.,-0.18,-3.68));
#2567 = VECTOR('',#2568,1.);
#2568 = DIRECTION('',(1.,0.,0.));
#2569 = ORIENTED_EDGE('',*,*,#2570,.F.);
#2570 = EDGE_CURVE('',#2504,#2563,#2571,.T.);
#2571 = LINE('',#2572,#2573);
#2572 = CARTESIAN_POINT('',(76.632995070558,191.06715172032,-3.68));
#2573 = VECTOR('',#2574,1.);
#2574 = DIRECTION('',(-0.37306511289,-0.927805163568,0.));
#2575 = ORIENTED_EDGE('',*,*,#2511,.F.);
#2576 = ORIENTED_EDGE('',*,*,#2548,.F.);
#2577 = PLANE('',#2578);
#2578 = AXIS2_PLACEMENT_3D('',#2579,#2580,#2581);
#2579 = CARTESIAN_POINT('',(104.25984701772,97.876312371238,-3.68));
#2580 = DIRECTION('',(0.,0.,1.));
#2581 = DIRECTION('',(1.,0.,-0.));
#2582 = ADVANCED_FACE('',(#2583),#2601,.F.);
#2583 = FACE_BOUND('',#2584,.T.);
#2584 = EDGE_LOOP('',(#2585,#2593,#2599,#2600));
#2585 = ORIENTED_EDGE('',*,*,#2586,.F.);
#2586 = EDGE_CURVE('',#2587,#2534,#2589,.T.);
#2587 = VERTEX_POINT('',#2588);
#2588 = CARTESIAN_POINT('',(-0.266383212796,-0.18,3.68));
#2589 = LINE('',#2590,#2591);
#2590 = CARTESIAN_POINT('',(0.,-0.18,3.68));
#2591 = VECTOR('',#2592,1.);
#2592 = DIRECTION('',(1.,0.,0.));
#2593 = ORIENTED_EDGE('',*,*,#2594,.F.);
#2594 = EDGE_CURVE('',#2496,#2587,#2595,.T.);
#2595 = LINE('',#2596,#2597);
#2596 = CARTESIAN_POINT('',(76.632995070558,191.06715172032,3.68));
#2597 = VECTOR('',#2598,1.);
#2598 = DIRECTION('',(-0.37306511289,-0.927805163568,0.));
#2599 = ORIENTED_EDGE('',*,*,#2495,.F.);
#2600 = ORIENTED_EDGE('',*,*,#2541,.F.);
#2601 = PLANE('',#2602);
#2602 = AXIS2_PLACEMENT_3D('',#2603,#2604,#2605);
#2603 = CARTESIAN_POINT('',(104.25984701772,97.876312371238,3.68));
#2604 = DIRECTION('',(0.,0.,1.));
#2605 = DIRECTION('',(1.,0.,-0.));
#2606 = ADVANCED_FACE('',(#2607),#2618,.T.);
#2607 = FACE_BOUND('',#2608,.T.);
#2608 = EDGE_LOOP('',(#2609,#2610,#2611,#2617));
#2609 = ORIENTED_EDGE('',*,*,#2503,.T.);
#2610 = ORIENTED_EDGE('',*,*,#2594,.T.);
#2611 = ORIENTED_EDGE('',*,*,#2612,.F.);
#2612 = EDGE_CURVE('',#2563,#2587,#2613,.T.);
#2613 = LINE('',#2614,#2615);
#2614 = CARTESIAN_POINT('',(-0.266383212796,-0.18,-3.68));
#2615 = VECTOR('',#2616,1.);
#2616 = DIRECTION('',(0.,0.,1.));
#2617 = ORIENTED_EDGE('',*,*,#2570,.F.);
#2618 = PLANE('',#2619);
#2619 = AXIS2_PLACEMENT_3D('',#2620,#2621,#2622);
#2620 = CARTESIAN_POINT('',(76.678370713905,191.18,-3.68));
#2621 = DIRECTION('',(0.927805163568,-0.37306511289,0.));
#2622 = DIRECTION('',(-0.37306511289,-0.927805163568,0.));
#2623 = ADVANCED_FACE('',(#2624),#2630,.T.);
#2624 = FACE_BOUND('',#2625,.T.);
#2625 = EDGE_LOOP('',(#2626,#2627,#2628,#2629));
#2626 = ORIENTED_EDGE('',*,*,#2612,.T.);
#2627 = ORIENTED_EDGE('',*,*,#2586,.T.);
#2628 = ORIENTED_EDGE('',*,*,#2531,.F.);
#2629 = ORIENTED_EDGE('',*,*,#2562,.F.);
#2630 = PLANE('',#2631);
#2631 = AXIS2_PLACEMENT_3D('',#2632,#2633,#2634);
#2632 = CARTESIAN_POINT('',(-0.266383212796,-0.18,-3.68));
#2633 = DIRECTION('',(0.,1.,0.));
#2634 = DIRECTION('',(1.,0.,0.));
#2635 = ( GEOMETRIC_REPRESENTATION_CONTEXT(3) 
GLOBAL_UNCERTAINTY_ASSIGNED_CONTEXT((#2639)) 
GLOBAL_UNIT_ASSIGNED_CONTEXT((#2636,#2637,#2638)) REPRESENTATION_CONTEXT
('Context #1','3D Context with UNIT and UNCERTAINTY') );
#2636 = ( LENGTH_UNIT() NAMED_UNIT(*) SI_UNIT(.MILLI.,.METRE.) );
#2637 = ( NAMED_UNIT(*) PLANE_ANGLE_UNIT() SI_UNIT($,.RADIAN.) );
#2638 = ( NAMED_UNIT(*) SI_UNIT($,.STERADIAN.) SOLID_ANGLE_UNIT() );
#2639 = UNCERTAINTY_MEASURE_WITH_UNIT(LENGTH_MEASURE(1.E-07),#2636,
  'distance_accuracy_value','confusion accuracy');
#2640 = CONTEXT_DEPENDENT_SHAPE_REPRESENTATION(#2641,#2643);
#2641 = ( REPRESENTATION_RELATIONSHIP('','',#2200,#10) 
REPRESENTATION_RELATIONSHIP_WITH_TRANSFORMATION(#2642) 
SHAPE_REPRESENTATION_RELATIONSHIP() );
#2642 = ITEM_DEFINED_TRANSFORMATION('','',#11,#35);
#2643 = PRODUCT_DEFINITION_SHAPE('Placement','Placement of an item',
  #2644);
#2644 = NEXT_ASSEMBLY_USAGE_OCCURRENCE('6','Tile0_WrapVinyl','',#5,#2195
  ,$);
#2645 = PRODUCT_RELATED_PRODUCT_CATEGORY('part',$,(#2197));
#2646 = SHAPE_DEFINITION_REPRESENTATION(#2647,#2653);
#2647 = PRODUCT_DEFINITION_SHAPE('','',#2648);
#2648 = PRODUCT_DEFINITION('design','',#2649,#2652);
#2649 = PRODUCT_DEFINITION_FORMATION('','',#2650);
#2650 = PRODUCT('Tile0_Coupler','Tile0_Coupler','',(#2651));
#2651 = PRODUCT_CONTEXT('',#2,'mechanical');
#2652 = PRODUCT_DEFINITION_CONTEXT('part definition',#2,'design');
#2653 = ADVANCED_BREP_SHAPE_REPRESENTATION('',(#11,#2654),#3088);
#2654 = MANIFOLD_SOLID_BREP('',#2655);
#2655 = CLOSED_SHELL('',(#2656,#2696,#2761,#2785,#2809,#2826,#2838,#2869
    ,#2893,#2917,#2934,#2980,#3011,#3035,#3059,#3076));
#2656 = ADVANCED_FACE('',(#2657),#2691,.F.);
#2657 = FACE_BOUND('',#2658,.F.);
#2658 = EDGE_LOOP('',(#2659,#2669,#2677,#2685));
#2659 = ORIENTED_EDGE('',*,*,#2660,.F.);
#2660 = EDGE_CURVE('',#2661,#2663,#2665,.T.);
#2661 = VERTEX_POINT('',#2662);
#2662 = CARTESIAN_POINT('',(137.3271,191.,-4.));
#2663 = VERTEX_POINT('',#2664);
#2664 = CARTESIAN_POINT('',(137.3271,191.,4.));
#2665 = LINE('',#2666,#2667);
#2666 = CARTESIAN_POINT('',(137.3271,191.,-4.));
#2667 = VECTOR('',#2668,1.);
#2668 = DIRECTION('',(0.,0.,1.));
#2669 = ORIENTED_EDGE('',*,*,#2670,.T.);
#2670 = EDGE_CURVE('',#2661,#2671,#2673,.T.);
#2671 = VERTEX_POINT('',#2672);
#2672 = CARTESIAN_POINT('',(137.3271,197.,-4.));
#2673 = LINE('',#2674,#2675);
#2674 = CARTESIAN_POINT('',(137.3271,191.,-4.));
#2675 = VECTOR('',#2676,1.);
#2676 = DIRECTION('',(-0.,1.,0.));
#2677 = ORIENTED_EDGE('',*,*,#2678,.T.);
#2678 = EDGE_CURVE('',#2671,#2679,#2681,.T.);
#2679 = VERTEX_POINT('',#2680);
#2680 = CARTESIAN_POINT('',(137.3271,197.,4.));
#2681 = LINE('',#2682,#2683);
#2682 = CARTESIAN_POINT('',(137.3271,197.,-4.));
#2683 = VECTOR('',#2684,1.);
#2684 = DIRECTION('',(0.,0.,1.));
#2685 = ORIENTED_EDGE('',*,*,#2686,.F.);
#2686 = EDGE_CURVE('',#2663,#2679,#2687,.T.);
#2687 = LINE('',#2688,#2689);
#2688 = CARTESIAN_POINT('',(137.3271,191.,4.));
#2689 = VECTOR('',#2690,1.);
#2690 = DIRECTION('',(-0.,1.,0.));
#2691 = PLANE('',#2692);
#2692 = AXIS2_PLACEMENT_3D('',#2693,#2694,#2695);
#2693 = CARTESIAN_POINT('',(137.3271,191.,-4.));
#2694 = DIRECTION('',(1.,0.,-0.));
#2695 = DIRECTION('',(0.,0.,1.));
#2696 = ADVANCED_FACE('',(#2697,#2722),#2756,.F.);
#2697 = FACE_BOUND('',#2698,.F.);
#2698 = EDGE_LOOP('',(#2699,#2707,#2708,#2716));
#2699 = ORIENTED_EDGE('',*,*,#2700,.F.);
#2700 = EDGE_CURVE('',#2661,#2701,#2703,.T.);
#2701 = VERTEX_POINT('',#2702);
#2702 = CARTESIAN_POINT('',(153.3271,191.,-4.));
#2703 = LINE('',#2704,#2705);
#2704 = CARTESIAN_POINT('',(137.3271,191.,-4.));
#2705 = VECTOR('',#2706,1.);
#2706 = DIRECTION('',(1.,0.,-0.));
#2707 = ORIENTED_EDGE('',*,*,#2660,.T.);
#2708 = ORIENTED_EDGE('',*,*,#2709,.T.);
#2709 = EDGE_CURVE('',#2663,#2710,#2712,.T.);
#2710 = VERTEX_POINT('',#2711);
#2711 = CARTESIAN_POINT('',(153.3271,191.,4.));
#2712 = LINE('',#2713,#2714);
#2713 = CARTESIAN_POINT('',(137.3271,191.,4.));
#2714 = VECTOR('',#2715,1.);
#2715 = DIRECTION('',(1.,0.,-0.));
#2716 = ORIENTED_EDGE('',*,*,#2717,.F.);
#2717 = EDGE_CURVE('',#2701,#2710,#2718,.T.);
#2718 = LINE('',#2719,#2720);
#2719 = CARTESIAN_POINT('',(153.3271,191.,-4.));
#2720 = VECTOR('',#2721,1.);
#2721 = DIRECTION('',(0.,0.,1.));
#2722 = FACE_BOUND('',#2723,.F.);
#2723 = EDGE_LOOP('',(#2724,#2734,#2742,#2750));
#2724 = ORIENTED_EDGE('',*,*,#2725,.F.);
#2725 = EDGE_CURVE('',#2726,#2728,#2730,.T.);
#2726 = VERTEX_POINT('',#2727);
#2727 = CARTESIAN_POINT('',(142.8271,191.,2.5));
#2728 = VERTEX_POINT('',#2729);
#2729 = CARTESIAN_POINT('',(147.8271,191.,2.5));
#2730 = LINE('',#2731,#2732);
#2731 = CARTESIAN_POINT('',(140.0771,191.,2.5));
#2732 = VECTOR('',#2733,1.);
#2733 = DIRECTION('',(1.,0.,-0.));
#2734 = ORIENTED_EDGE('',*,*,#2735,.T.);
#2735 = EDGE_CURVE('',#2726,#2736,#2738,.T.);
#2736 = VERTEX_POINT('',#2737);
#2737 = CARTESIAN_POINT('',(142.8271,191.,-2.5));
#2738 = LINE('',#2739,#2740);
#2739 = CARTESIAN_POINT('',(142.8271,191.,-3.25));
#2740 = VECTOR('',#2741,1.);
#2741 = DIRECTION('',(-0.,0.,-1.));
#2742 = ORIENTED_EDGE('',*,*,#2743,.T.);
#2743 = EDGE_CURVE('',#2736,#2744,#2746,.T.);
#2744 = VERTEX_POINT('',#2745);
#2745 = CARTESIAN_POINT('',(147.8271,191.,-2.5));
#2746 = LINE('',#2747,#2748);
#2747 = CARTESIAN_POINT('',(140.0771,191.,-2.5));
#2748 = VECTOR('',#2749,1.);
#2749 = DIRECTION('',(1.,0.,-0.));
#2750 = ORIENTED_EDGE('',*,*,#2751,.F.);
#2751 = EDGE_CURVE('',#2728,#2744,#2752,.T.);
#2752 = LINE('',#2753,#2754);
#2753 = CARTESIAN_POINT('',(147.8271,191.,-3.25));
#2754 = VECTOR('',#2755,1.);
#2755 = DIRECTION('',(-0.,0.,-1.));
#2756 = PLANE('',#2757);
#2757 = AXIS2_PLACEMENT_3D('',#2758,#2759,#2760);
#2758 = CARTESIAN_POINT('',(137.3271,191.,-4.));
#2759 = DIRECTION('',(-0.,1.,0.));
#2760 = DIRECTION('',(0.,0.,1.));
#2761 = ADVANCED_FACE('',(#2762),#2780,.T.);
#2762 = FACE_BOUND('',#2763,.T.);
#2763 = EDGE_LOOP('',(#2764,#2765,#2766,#2774));
#2764 = ORIENTED_EDGE('',*,*,#2686,.F.);
#2765 = ORIENTED_EDGE('',*,*,#2709,.T.);
#2766 = ORIENTED_EDGE('',*,*,#2767,.T.);
#2767 = EDGE_CURVE('',#2710,#2768,#2770,.T.);
#2768 = VERTEX_POINT('',#2769);
#2769 = CARTESIAN_POINT('',(153.3271,197.,4.));
#2770 = LINE('',#2771,#2772);
#2771 = CARTESIAN_POINT('',(153.3271,191.,4.));
#2772 = VECTOR('',#2773,1.);
#2773 = DIRECTION('',(-0.,1.,0.));
#2774 = ORIENTED_EDGE('',*,*,#2775,.F.);
#2775 = EDGE_CURVE('',#2679,#2768,#2776,.T.);
#2776 = LINE('',#2777,#2778);
#2777 = CARTESIAN_POINT('',(137.3271,197.,4.));
#2778 = VECTOR('',#2779,1.);
#2779 = DIRECTION('',(1.,0.,-0.));
#2780 = PLANE('',#2781);
#2781 = AXIS2_PLACEMENT_3D('',#2782,#2783,#2784);
#2782 = CARTESIAN_POINT('',(137.3271,191.,4.));
#2783 = DIRECTION('',(0.,0.,1.));
#2784 = DIRECTION('',(1.,0.,-0.));
#2785 = ADVANCED_FACE('',(#2786),#2804,.T.);
#2786 = FACE_BOUND('',#2787,.T.);
#2787 = EDGE_LOOP('',(#2788,#2796,#2797,#2798));
#2788 = ORIENTED_EDGE('',*,*,#2789,.F.);
#2789 = EDGE_CURVE('',#2671,#2790,#2792,.T.);
#2790 = VERTEX_POINT('',#2791);
#2791 = CARTESIAN_POINT('',(153.3271,197.,-4.));
#2792 = LINE('',#2793,#2794);
#2793 = CARTESIAN_POINT('',(137.3271,197.,-4.));
#2794 = VECTOR('',#2795,1.);
#2795 = DIRECTION('',(1.,0.,-0.));
#2796 = ORIENTED_EDGE('',*,*,#2678,.T.);
#2797 = ORIENTED_EDGE('',*,*,#2775,.T.);
#2798 = ORIENTED_EDGE('',*,*,#2799,.F.);
#2799 = EDGE_CURVE('',#2790,#2768,#2800,.T.);
#2800 = LINE('',#2801,#2802);
#2801 = CARTESIAN_POINT('',(153.3271,197.,-4.));
#2802 = VECTOR('',#2803,1.);
#2803 = DIRECTION('',(0.,0.,1.));
#2804 = PLANE('',#2805);
#2805 = AXIS2_PLACEMENT_3D('',#2806,#2807,#2808);
#2806 = CARTESIAN_POINT('',(137.3271,197.,-4.));
#2807 = DIRECTION('',(-0.,1.,0.));
#2808 = DIRECTION('',(0.,0.,1.));
#2809 = ADVANCED_FACE('',(#2810),#2821,.F.);
#2810 = FACE_BOUND('',#2811,.F.);
#2811 = EDGE_LOOP('',(#2812,#2813,#2814,#2820));
#2812 = ORIENTED_EDGE('',*,*,#2670,.F.);
#2813 = ORIENTED_EDGE('',*,*,#2700,.T.);
#2814 = ORIENTED_EDGE('',*,*,#2815,.T.);
#2815 = EDGE_CURVE('',#2701,#2790,#2816,.T.);
#2816 = LINE('',#2817,#2818);
#2817 = CARTESIAN_POINT('',(153.3271,191.,-4.));
#2818 = VECTOR('',#2819,1.);
#2819 = DIRECTION('',(-0.,1.,0.));
#2820 = ORIENTED_EDGE('',*,*,#2789,.F.);
#2821 = PLANE('',#2822);
#2822 = AXIS2_PLACEMENT_3D('',#2823,#2824,#2825);
#2823 = CARTESIAN_POINT('',(137.3271,191.,-4.));
#2824 = DIRECTION('',(0.,0.,1.));
#2825 = DIRECTION('',(1.,0.,-0.));
#2826 = ADVANCED_FACE('',(#2827),#2833,.T.);
#2827 = FACE_BOUND('',#2828,.T.);
#2828 = EDGE_LOOP('',(#2829,#2830,#2831,#2832));
#2829 = ORIENTED_EDGE('',*,*,#2717,.F.);
#2830 = ORIENTED_EDGE('',*,*,#2815,.T.);
#2831 = ORIENTED_EDGE('',*,*,#2799,.T.);
#2832 = ORIENTED_EDGE('',*,*,#2767,.F.);
#2833 = PLANE('',#2834);
#2834 = AXIS2_PLACEMENT_3D('',#2835,#2836,#2837);
#2835 = CARTESIAN_POINT('',(153.3271,191.,-4.));
#2836 = DIRECTION('',(1.,0.,-0.));
#2837 = DIRECTION('',(0.,0.,1.));
#2838 = ADVANCED_FACE('',(#2839),#2864,.F.);
#2839 = FACE_BOUND('',#2840,.F.);
#2840 = EDGE_LOOP('',(#2841,#2849,#2850,#2858));
#2841 = ORIENTED_EDGE('',*,*,#2842,.F.);
#2842 = EDGE_CURVE('',#2726,#2843,#2845,.T.);
#2843 = VERTEX_POINT('',#2844);
#2844 = CARTESIAN_POINT('',(142.8271,191.75,2.5));
#2845 = LINE('',#2846,#2847);
#2846 = CARTESIAN_POINT('',(142.8271,190.9,2.5));
#2847 = VECTOR('',#2848,1.);
#2848 = DIRECTION('',(-0.,1.,0.));
#2849 = ORIENTED_EDGE('',*,*,#2725,.T.);
#2850 = ORIENTED_EDGE('',*,*,#2851,.T.);
#2851 = EDGE_CURVE('',#2728,#2852,#2854,.T.);
#2852 = VERTEX_POINT('',#2853);
#2853 = CARTESIAN_POINT('',(147.8271,191.75,2.5));
#2854 = LINE('',#2855,#2856);
#2855 = CARTESIAN_POINT('',(147.8271,190.9,2.5));
#2856 = VECTOR('',#2857,1.);
#2857 = DIRECTION('',(-0.,1.,0.));
#2858 = ORIENTED_EDGE('',*,*,#2859,.F.);
#2859 = EDGE_CURVE('',#2843,#2852,#2860,.T.);
#2860 = LINE('',#2861,#2862);
#2861 = CARTESIAN_POINT('',(142.8271,191.75,2.5));
#2862 = VECTOR('',#2863,1.);
#2863 = DIRECTION('',(1.,0.,-0.));
#2864 = PLANE('',#2865);
#2865 = AXIS2_PLACEMENT_3D('',#2866,#2867,#2868);
#2866 = CARTESIAN_POINT('',(142.8271,190.9,2.5));
#2867 = DIRECTION('',(0.,0.,1.));
#2868 = DIRECTION('',(1.,0.,-0.));
#2869 = ADVANCED_FACE('',(#2870),#2888,.F.);
#2870 = FACE_BOUND('',#2871,.F.);
#2871 = EDGE_LOOP('',(#2872,#2873,#2874,#2882));
#2872 = ORIENTED_EDGE('',*,*,#2851,.F.);
#2873 = ORIENTED_EDGE('',*,*,#2751,.T.);
#2874 = ORIENTED_EDGE('',*,*,#2875,.T.);
#2875 = EDGE_CURVE('',#2744,#2876,#2878,.T.);
#2876 = VERTEX_POINT('',#2877);
#2877 = CARTESIAN_POINT('',(147.8271,191.75,-2.5));
#2878 = LINE('',#2879,#2880);
#2879 = CARTESIAN_POINT('',(147.8271,190.9,-2.5));
#2880 = VECTOR('',#2881,1.);
#2881 = DIRECTION('',(-0.,1.,0.));
#2882 = ORIENTED_EDGE('',*,*,#2883,.T.);
#2883 = EDGE_CURVE('',#2876,#2852,#2884,.T.);
#2884 = LINE('',#2885,#2886);
#2885 = CARTESIAN_POINT('',(147.8271,191.75,-2.5));
#2886 = VECTOR('',#2887,1.);
#2887 = DIRECTION('',(0.,0.,1.));
#2888 = PLANE('',#2889);
#2889 = AXIS2_PLACEMENT_3D('',#2890,#2891,#2892);
#2890 = CARTESIAN_POINT('',(147.8271,190.9,-2.5));
#2891 = DIRECTION('',(1.,0.,-0.));
#2892 = DIRECTION('',(0.,0.,1.));
#2893 = ADVANCED_FACE('',(#2894),#2912,.T.);
#2894 = FACE_BOUND('',#2895,.T.);
#2895 = EDGE_LOOP('',(#2896,#2904,#2905,#2906));
#2896 = ORIENTED_EDGE('',*,*,#2897,.F.);
#2897 = EDGE_CURVE('',#2736,#2898,#2900,.T.);
#2898 = VERTEX_POINT('',#2899);
#2899 = CARTESIAN_POINT('',(142.8271,191.75,-2.5));
#2900 = LINE('',#2901,#2902);
#2901 = CARTESIAN_POINT('',(142.8271,190.9,-2.5));
#2902 = VECTOR('',#2903,1.);
#2903 = DIRECTION('',(-0.,1.,0.));
#2904 = ORIENTED_EDGE('',*,*,#2743,.T.);
#2905 = ORIENTED_EDGE('',*,*,#2875,.T.);
#2906 = ORIENTED_EDGE('',*,*,#2907,.F.);
#2907 = EDGE_CURVE('',#2898,#2876,#2908,.T.);
#2908 = LINE('',#2909,#2910);
#2909 = CARTESIAN_POINT('',(142.8271,191.75,-2.5));
#2910 = VECTOR('',#2911,1.);
#2911 = DIRECTION('',(1.,0.,-0.));
#2912 = PLANE('',#2913);
#2913 = AXIS2_PLACEMENT_3D('',#2914,#2915,#2916);
#2914 = CARTESIAN_POINT('',(142.8271,190.9,-2.5));
#2915 = DIRECTION('',(0.,0.,1.));
#2916 = DIRECTION('',(1.,0.,-0.));
#2917 = ADVANCED_FACE('',(#2918),#2929,.T.);
#2918 = FACE_BOUND('',#2919,.T.);
#2919 = EDGE_LOOP('',(#2920,#2921,#2922,#2923));
#2920 = ORIENTED_EDGE('',*,*,#2842,.F.);
#2921 = ORIENTED_EDGE('',*,*,#2735,.T.);
#2922 = ORIENTED_EDGE('',*,*,#2897,.T.);
#2923 = ORIENTED_EDGE('',*,*,#2924,.T.);
#2924 = EDGE_CURVE('',#2898,#2843,#2925,.T.);
#2925 = LINE('',#2926,#2927);
#2926 = CARTESIAN_POINT('',(142.8271,191.75,-2.5));
#2927 = VECTOR('',#2928,1.);
#2928 = DIRECTION('',(0.,0.,1.));
#2929 = PLANE('',#2930);
#2930 = AXIS2_PLACEMENT_3D('',#2931,#2932,#2933);
#2931 = CARTESIAN_POINT('',(142.8271,190.9,-2.5));
#2932 = DIRECTION('',(1.,0.,-0.));
#2933 = DIRECTION('',(0.,0.,1.));
#2934 = ADVANCED_FACE('',(#2935,#2941),#2975,.F.);
#2935 = FACE_BOUND('',#2936,.F.);
#2936 = EDGE_LOOP('',(#2937,#2938,#2939,#2940));
#2937 = ORIENTED_EDGE('',*,*,#2907,.F.);
#2938 = ORIENTED_EDGE('',*,*,#2924,.T.);
#2939 = ORIENTED_EDGE('',*,*,#2859,.T.);
#2940 = ORIENTED_EDGE('',*,*,#2883,.F.);
#2941 = FACE_BOUND('',#2942,.F.);
#2942 = EDGE_LOOP('',(#2943,#2953,#2961,#2969));
#2943 = ORIENTED_EDGE('',*,*,#2944,.F.);
#2944 = EDGE_CURVE('',#2945,#2947,#2949,.T.);
#2945 = VERTEX_POINT('',#2946);
#2946 = CARTESIAN_POINT('',(143.4271,191.75,1.9));
#2947 = VERTEX_POINT('',#2948);
#2948 = CARTESIAN_POINT('',(147.2271,191.75,1.9));
#2949 = LINE('',#2950,#2951);
#2950 = CARTESIAN_POINT('',(143.1271,191.75,1.9));
#2951 = VECTOR('',#2952,1.);
#2952 = DIRECTION('',(1.,0.,-0.));
#2953 = ORIENTED_EDGE('',*,*,#2954,.T.);
#2954 = EDGE_CURVE('',#2945,#2955,#2957,.T.);
#2955 = VERTEX_POINT('',#2956);
#2956 = CARTESIAN_POINT('',(143.4271,191.75,-1.9));
#2957 = LINE('',#2958,#2959);
#2958 = CARTESIAN_POINT('',(143.4271,191.75,-2.2));
#2959 = VECTOR('',#2960,1.);
#2960 = DIRECTION('',(-0.,0.,-1.));
#2961 = ORIENTED_EDGE('',*,*,#2962,.T.);
#2962 = EDGE_CURVE('',#2955,#2963,#2965,.T.);
#2963 = VERTEX_POINT('',#2964);
#2964 = CARTESIAN_POINT('',(147.2271,191.75,-1.9));
#2965 = LINE('',#2966,#2967);
#2966 = CARTESIAN_POINT('',(143.1271,191.75,-1.9));
#2967 = VECTOR('',#2968,1.);
#2968 = DIRECTION('',(1.,0.,-0.));
#2969 = ORIENTED_EDGE('',*,*,#2970,.F.);
#2970 = EDGE_CURVE('',#2947,#2963,#2971,.T.);
#2971 = LINE('',#2972,#2973);
#2972 = CARTESIAN_POINT('',(147.2271,191.75,-2.2));
#2973 = VECTOR('',#2974,1.);
#2974 = DIRECTION('',(-0.,0.,-1.));
#2975 = PLANE('',#2976);
#2976 = AXIS2_PLACEMENT_3D('',#2977,#2978,#2979);
#2977 = CARTESIAN_POINT('',(142.8271,191.75,-2.5));
#2978 = DIRECTION('',(-0.,1.,0.));
#2979 = DIRECTION('',(0.,0.,1.));
#2980 = ADVANCED_FACE('',(#2981),#3006,.F.);
#2981 = FACE_BOUND('',#2982,.F.);
#2982 = EDGE_LOOP('',(#2983,#2991,#2992,#3000));
#2983 = ORIENTED_EDGE('',*,*,#2984,.F.);
#2984 = EDGE_CURVE('',#2945,#2985,#2987,.T.);
#2985 = VERTEX_POINT('',#2986);
#2986 = CARTESIAN_POINT('',(143.4271,193.8,1.9));
#2987 = LINE('',#2988,#2989);
#2988 = CARTESIAN_POINT('',(143.4271,191.7,1.9));
#2989 = VECTOR('',#2990,1.);
#2990 = DIRECTION('',(-0.,1.,0.));
#2991 = ORIENTED_EDGE('',*,*,#2944,.T.);
#2992 = ORIENTED_EDGE('',*,*,#2993,.T.);
#2993 = EDGE_CURVE('',#2947,#2994,#2996,.T.);
#2994 = VERTEX_POINT('',#2995);
#2995 = CARTESIAN_POINT('',(147.2271,193.8,1.9));
#2996 = LINE('',#2997,#2998);
#2997 = CARTESIAN_POINT('',(147.2271,191.7,1.9));
#2998 = VECTOR('',#2999,1.);
#2999 = DIRECTION('',(-0.,1.,0.));
#3000 = ORIENTED_EDGE('',*,*,#3001,.F.);
#3001 = EDGE_CURVE('',#2985,#2994,#3002,.T.);
#3002 = LINE('',#3003,#3004);
#3003 = CARTESIAN_POINT('',(143.4271,193.8,1.9));
#3004 = VECTOR('',#3005,1.);
#3005 = DIRECTION('',(1.,0.,-0.));
#3006 = PLANE('',#3007);
#3007 = AXIS2_PLACEMENT_3D('',#3008,#3009,#3010);
#3008 = CARTESIAN_POINT('',(143.4271,191.7,1.9));
#3009 = DIRECTION('',(0.,0.,1.));
#3010 = DIRECTION('',(1.,0.,-0.));
#3011 = ADVANCED_FACE('',(#3012),#3030,.F.);
#3012 = FACE_BOUND('',#3013,.F.);
#3013 = EDGE_LOOP('',(#3014,#3015,#3016,#3024));
#3014 = ORIENTED_EDGE('',*,*,#2993,.F.);
#3015 = ORIENTED_EDGE('',*,*,#2970,.T.);
#3016 = ORIENTED_EDGE('',*,*,#3017,.T.);
#3017 = EDGE_CURVE('',#2963,#3018,#3020,.T.);
#3018 = VERTEX_POINT('',#3019);
#3019 = CARTESIAN_POINT('',(147.2271,193.8,-1.9));
#3020 = LINE('',#3021,#3022);
#3021 = CARTESIAN_POINT('',(147.2271,191.7,-1.9));
#3022 = VECTOR('',#3023,1.);
#3023 = DIRECTION('',(-0.,1.,0.));
#3024 = ORIENTED_EDGE('',*,*,#3025,.T.);
#3025 = EDGE_CURVE('',#3018,#2994,#3026,.T.);
#3026 = LINE('',#3027,#3028);
#3027 = CARTESIAN_POINT('',(147.2271,193.8,-1.9));
#3028 = VECTOR('',#3029,1.);
#3029 = DIRECTION('',(0.,0.,1.));
#3030 = PLANE('',#3031);
#3031 = AXIS2_PLACEMENT_3D('',#3032,#3033,#3034);
#3032 = CARTESIAN_POINT('',(147.2271,191.7,-1.9));
#3033 = DIRECTION('',(1.,0.,-0.));
#3034 = DIRECTION('',(0.,0.,1.));
#3035 = ADVANCED_FACE('',(#3036),#3054,.T.);
#3036 = FACE_BOUND('',#3037,.T.);
#3037 = EDGE_LOOP('',(#3038,#3046,#3047,#3048));
#3038 = ORIENTED_EDGE('',*,*,#3039,.F.);
#3039 = EDGE_CURVE('',#2955,#3040,#3042,.T.);
#3040 = VERTEX_POINT('',#3041);
#3041 = CARTESIAN_POINT('',(143.4271,193.8,-1.9));
#3042 = LINE('',#3043,#3044);
#3043 = CARTESIAN_POINT('',(143.4271,191.7,-1.9));
#3044 = VECTOR('',#3045,1.);
#3045 = DIRECTION('',(-0.,1.,0.));
#3046 = ORIENTED_EDGE('',*,*,#2962,.T.);
#3047 = ORIENTED_EDGE('',*,*,#3017,.T.);
#3048 = ORIENTED_EDGE('',*,*,#3049,.F.);
#3049 = EDGE_CURVE('',#3040,#3018,#3050,.T.);
#3050 = LINE('',#3051,#3052);
#3051 = CARTESIAN_POINT('',(143.4271,193.8,-1.9));
#3052 = VECTOR('',#3053,1.);
#3053 = DIRECTION('',(1.,0.,-0.));
#3054 = PLANE('',#3055);
#3055 = AXIS2_PLACEMENT_3D('',#3056,#3057,#3058);
#3056 = CARTESIAN_POINT('',(143.4271,191.7,-1.9));
#3057 = DIRECTION('',(0.,0.,1.));
#3058 = DIRECTION('',(1.,0.,-0.));
#3059 = ADVANCED_FACE('',(#3060),#3071,.T.);
#3060 = FACE_BOUND('',#3061,.T.);
#3061 = EDGE_LOOP('',(#3062,#3063,#3064,#3065));
#3062 = ORIENTED_EDGE('',*,*,#2984,.F.);
#3063 = ORIENTED_EDGE('',*,*,#2954,.T.);
#3064 = ORIENTED_EDGE('',*,*,#3039,.T.);
#3065 = ORIENTED_EDGE('',*,*,#3066,.T.);
#3066 = EDGE_CURVE('',#3040,#2985,#3067,.T.);
#3067 = LINE('',#3068,#3069);
#3068 = CARTESIAN_POINT('',(143.4271,193.8,-1.9));
#3069 = VECTOR('',#3070,1.);
#3070 = DIRECTION('',(0.,0.,1.));
#3071 = PLANE('',#3072);
#3072 = AXIS2_PLACEMENT_3D('',#3073,#3074,#3075);
#3073 = CARTESIAN_POINT('',(143.4271,191.7,-1.9));
#3074 = DIRECTION('',(1.,0.,-0.));
#3075 = DIRECTION('',(0.,0.,1.));
#3076 = ADVANCED_FACE('',(#3077),#3083,.F.);
#3077 = FACE_BOUND('',#3078,.F.);
#3078 = EDGE_LOOP('',(#3079,#3080,#3081,#3082));
#3079 = ORIENTED_EDGE('',*,*,#3049,.F.);
#3080 = ORIENTED_EDGE('',*,*,#3066,.T.);
#3081 = ORIENTED_EDGE('',*,*,#3001,.T.);
#3082 = ORIENTED_EDGE('',*,*,#3025,.F.);
#3083 = PLANE('',#3084);
#3084 = AXIS2_PLACEMENT_3D('',#3085,#3086,#3087);
#3085 = CARTESIAN_POINT('',(143.4271,193.8,-1.9));
#3086 = DIRECTION('',(-0.,1.,0.));
#3087 = DIRECTION('',(0.,0.,1.));
#3088 = ( GEOMETRIC_REPRESENTATION_CONTEXT(3) 
GLOBAL_UNCERTAINTY_ASSIGNED_CONTEXT((#3092)) 
GLOBAL_UNIT_ASSIGNED_CONTEXT((#3089,#3090,#3091)) REPRESENTATION_CONTEXT
('Context #1','3D Context with UNIT and UNCERTAINTY') );
#3089 = ( LENGTH_UNIT() NAMED_UNIT(*) SI_UNIT(.MILLI.,.METRE.) );
#3090 = ( NAMED_UNIT(*) PLANE_ANGLE_UNIT() SI_UNIT($,.RADIAN.) );
#3091 = ( NAMED_UNIT(*) SI_UNIT($,.STERADIAN.) SOLID_ANGLE_UNIT() );
#3092 = UNCERTAINTY_MEASURE_WITH_UNIT(LENGTH_MEASURE(1.E-07),#3089,
  'distance_accuracy_value','confusion accuracy');
#3093 = CONTEXT_DEPENDENT_SHAPE_REPRESENTATION(#3094,#3096);
#3094 = ( REPRESENTATION_RELATIONSHIP('','',#2653,#10) 
REPRESENTATION_RELATIONSHIP_WITH_TRANSFORMATION(#3095) 
SHAPE_REPRESENTATION_RELATIONSHIP() );
#3095 = ITEM_DEFINED_TRANSFORMATION('','',#11,#39);
#3096 = PRODUCT_DEFINITION_SHAPE('Placement','Placement of an item',
  #3097);
#3097 = NEXT_ASSEMBLY_USAGE_OCCURRENCE('7','Tile0_Coupler','',#5,#2648,$
  );
#3098 = PRODUCT_RELATED_PRODUCT_CATEGORY('part',$,(#2650));
#3099 = SHAPE_DEFINITION_REPRESENTATION(#3100,#3106);
#3100 = PRODUCT_DEFINITION_SHAPE('','',#3101);
#3101 = PRODUCT_DEFINITION('design','',#3102,#3105);
#3102 = PRODUCT_DEFINITION_FORMATION('','',#3103);
#3103 = PRODUCT('Tile0_SiPM','Tile0_SiPM','',(#3104));
#3104 = PRODUCT_CONTEXT('',#2,'mechanical');
#3105 = PRODUCT_DEFINITION_CONTEXT('part definition',#2,'design');
#3106 = ADVANCED_BREP_SHAPE_REPRESENTATION('',(#11,#3107),#3257);
#3107 = MANIFOLD_SOLID_BREP('',#3108);
#3108 = CLOSED_SHELL('',(#3109,#3149,#3189,#3211,#3233,#3245));
#3109 = ADVANCED_FACE('',(#3110),#3144,.F.);
#3110 = FACE_BOUND('',#3111,.F.);
#3111 = EDGE_LOOP('',(#3112,#3122,#3130,#3138));
#3112 = ORIENTED_EDGE('',*,*,#3113,.F.);
#3113 = EDGE_CURVE('',#3114,#3116,#3118,.T.);
#3114 = VERTEX_POINT('',#3115);
#3115 = CARTESIAN_POINT('',(143.8271,191.75,-1.5));
#3116 = VERTEX_POINT('',#3117);
#3117 = CARTESIAN_POINT('',(143.8271,191.75,1.5));
#3118 = LINE('',#3119,#3120);
#3119 = CARTESIAN_POINT('',(143.8271,191.75,-1.5));
#3120 = VECTOR('',#3121,1.);
#3121 = DIRECTION('',(0.,0.,1.));
#3122 = ORIENTED_EDGE('',*,*,#3123,.T.);
#3123 = EDGE_CURVE('',#3114,#3124,#3126,.T.);
#3124 = VERTEX_POINT('',#3125);
#3125 = CARTESIAN_POINT('',(143.8271,193.25,-1.5));
#3126 = LINE('',#3127,#3128);
#3127 = CARTESIAN_POINT('',(143.8271,191.75,-1.5));
#3128 = VECTOR('',#3129,1.);
#3129 = DIRECTION('',(-0.,1.,0.));
#3130 = ORIENTED_EDGE('',*,*,#3131,.T.);
#3131 = EDGE_CURVE('',#3124,#3132,#3134,.T.);
#3132 = VERTEX_POINT('',#3133);
#3133 = CARTESIAN_POINT('',(143.8271,193.25,1.5));
#3134 = LINE('',#3135,#3136);
#3135 = CARTESIAN_POINT('',(143.8271,193.25,-1.5));
#3136 = VECTOR('',#3137,1.);
#3137 = DIRECTION('',(0.,0.,1.));
#3138 = ORIENTED_EDGE('',*,*,#3139,.F.);
#3139 = EDGE_CURVE('',#3116,#3132,#3140,.T.);
#3140 = LINE('',#3141,#3142);
#3141 = CARTESIAN_POINT('',(143.8271,191.75,1.5));
#3142 = VECTOR('',#3143,1.);
#3143 = DIRECTION('',(-0.,1.,0.));
#3144 = PLANE('',#3145);
#3145 = AXIS2_PLACEMENT_3D('',#3146,#3147,#3148);
#3146 = CARTESIAN_POINT('',(143.8271,191.75,-1.5));
#3147 = DIRECTION('',(1.,0.,-0.));
#3148 = DIRECTION('',(0.,0.,1.));
#3149 = ADVANCED_FACE('',(#3150),#3184,.T.);
#3150 = FACE_BOUND('',#3151,.T.);
#3151 = EDGE_LOOP('',(#3152,#3162,#3170,#3178));
#3152 = ORIENTED_EDGE('',*,*,#3153,.F.);
#3153 = EDGE_CURVE('',#3154,#3156,#3158,.T.);
#3154 = VERTEX_POINT('',#3155);
#3155 = CARTESIAN_POINT('',(146.8271,191.75,-1.5));
#3156 = VERTEX_POINT('',#3157);
#3157 = CARTESIAN_POINT('',(146.8271,191.75,1.5));
#3158 = LINE('',#3159,#3160);
#3159 = CARTESIAN_POINT('',(146.8271,191.75,-1.5));
#3160 = VECTOR('',#3161,1.);
#3161 = DIRECTION('',(0.,0.,1.));
#3162 = ORIENTED_EDGE('',*,*,#3163,.T.);
#3163 = EDGE_CURVE('',#3154,#3164,#3166,.T.);
#3164 = VERTEX_POINT('',#3165);
#3165 = CARTESIAN_POINT('',(146.8271,193.25,-1.5));
#3166 = LINE('',#3167,#3168);
#3167 = CARTESIAN_POINT('',(146.8271,191.75,-1.5));
#3168 = VECTOR('',#3169,1.);
#3169 = DIRECTION('',(-0.,1.,0.));
#3170 = ORIENTED_EDGE('',*,*,#3171,.T.);
#3171 = EDGE_CURVE('',#3164,#3172,#3174,.T.);
#3172 = VERTEX_POINT('',#3173);
#3173 = CARTESIAN_POINT('',(146.8271,193.25,1.5));
#3174 = LINE('',#3175,#3176);
#3175 = CARTESIAN_POINT('',(146.8271,193.25,-1.5));
#3176 = VECTOR('',#3177,1.);
#3177 = DIRECTION('',(0.,0.,1.));
#3178 = ORIENTED_EDGE('',*,*,#3179,.F.);
#3179 = EDGE_CURVE('',#3156,#3172,#3180,.T.);
#3180 = LINE('',#3181,#3182);
#3181 = CARTESIAN_POINT('',(146.8271,191.75,1.5));
#3182 = VECTOR('',#3183,1.);
#3183 = DIRECTION('',(-0.,1.,0.));
#3184 = PLANE('',#3185);
#3185 = AXIS2_PLACEMENT_3D('',#3186,#3187,#3188);
#3186 = CARTESIAN_POINT('',(146.8271,191.75,-1.5));
#3187 = DIRECTION('',(1.,0.,-0.));
#3188 = DIRECTION('',(0.,0.,1.));
#3189 = ADVANCED_FACE('',(#3190),#3206,.F.);
#3190 = FACE_BOUND('',#3191,.F.);
#3191 = EDGE_LOOP('',(#3192,#3198,#3199,#3205));
#3192 = ORIENTED_EDGE('',*,*,#3193,.F.);
#3193 = EDGE_CURVE('',#3114,#3154,#3194,.T.);
#3194 = LINE('',#3195,#3196);
#3195 = CARTESIAN_POINT('',(143.8271,191.75,-1.5));
#3196 = VECTOR('',#3197,1.);
#3197 = DIRECTION('',(1.,0.,-0.));
#3198 = ORIENTED_EDGE('',*,*,#3113,.T.);
#3199 = ORIENTED_EDGE('',*,*,#3200,.T.);
#3200 = EDGE_CURVE('',#3116,#3156,#3201,.T.);
#3201 = LINE('',#3202,#3203);
#3202 = CARTESIAN_POINT('',(143.8271,191.75,1.5));
#3203 = VECTOR('',#3204,1.);
#3204 = DIRECTION('',(1.,0.,-0.));
#3205 = ORIENTED_EDGE('',*,*,#3153,.F.);
#3206 = PLANE('',#3207);
#3207 = AXIS2_PLACEMENT_3D('',#3208,#3209,#3210);
#3208 = CARTESIAN_POINT('',(143.8271,191.75,-1.5));
#3209 = DIRECTION('',(-0.,1.,0.));
#3210 = DIRECTION('',(0.,0.,1.));
#3211 = ADVANCED_FACE('',(#3212),#3228,.T.);
#3212 = FACE_BOUND('',#3213,.T.);
#3213 = EDGE_LOOP('',(#3214,#3220,#3221,#3227));
#3214 = ORIENTED_EDGE('',*,*,#3215,.F.);
#3215 = EDGE_CURVE('',#3124,#3164,#3216,.T.);
#3216 = LINE('',#3217,#3218);
#3217 = CARTESIAN_POINT('',(143.8271,193.25,-1.5));
#3218 = VECTOR('',#3219,1.);
#3219 = DIRECTION('',(1.,0.,-0.));
#3220 = ORIENTED_EDGE('',*,*,#3131,.T.);
#3221 = ORIENTED_EDGE('',*,*,#3222,.T.);
#3222 = EDGE_CURVE('',#3132,#3172,#3223,.T.);
#3223 = LINE('',#3224,#3225);
#3224 = CARTESIAN_POINT('',(143.8271,193.25,1.5));
#3225 = VECTOR('',#3226,1.);
#3226 = DIRECTION('',(1.,0.,-0.));
#3227 = ORIENTED_EDGE('',*,*,#3171,.F.);
#3228 = PLANE('',#3229);
#3229 = AXIS2_PLACEMENT_3D('',#3230,#3231,#3232);
#3230 = CARTESIAN_POINT('',(143.8271,193.25,-1.5));
#3231 = DIRECTION('',(-0.,1.,0.));
#3232 = DIRECTION('',(0.,0.,1.));
#3233 = ADVANCED_FACE('',(#3234),#3240,.F.);
#3234 = FACE_BOUND('',#3235,.F.);
#3235 = EDGE_LOOP('',(#3236,#3237,#3238,#3239));
#3236 = ORIENTED_EDGE('',*,*,#3123,.F.);
#3237 = ORIENTED_EDGE('',*,*,#3193,.T.);
#3238 = ORIENTED_EDGE('',*,*,#3163,.T.);
#3239 = ORIENTED_EDGE('',*,*,#3215,.F.);
#3240 = PLANE('',#3241);
#3241 = AXIS2_PLACEMENT_3D('',#3242,#3243,#3244);
#3242 = CARTESIAN_POINT('',(143.8271,191.75,-1.5));
#3243 = DIRECTION('',(0.,0.,1.));
#3244 = DIRECTION('',(1.,0.,-0.));
#3245 = ADVANCED_FACE('',(#3246),#3252,.T.);
#3246 = FACE_BOUND('',#3247,.T.);
#3247 = EDGE_LOOP('',(#3248,#3249,#3250,#3251));
#3248 = ORIENTED_EDGE('',*,*,#3139,.F.);
#3249 = ORIENTED_EDGE('',*,*,#3200,.T.);
#3250 = ORIENTED_EDGE('',*,*,#3179,.T.);
#3251 = ORIENTED_EDGE('',*,*,#3222,.F.);
#3252 = PLANE('',#3253);
#3253 = AXIS2_PLACEMENT_3D('',#3254,#3255,#3256);
#3254 = CARTESIAN_POINT('',(143.8271,191.75,1.5));
#3255 = DIRECTION('',(0.,0.,1.));
#3256 = DIRECTION('',(1.,0.,-0.));
#3257 = ( GEOMETRIC_REPRESENTATION_CONTEXT(3) 
GLOBAL_UNCERTAINTY_ASSIGNED_CONTEXT((#3261)) 
GLOBAL_UNIT_ASSIGNED_CONTEXT((#3258,#3259,#3260)) REPRESENTATION_CONTEXT
('Context #1','3D Context with UNIT and UNCERTAINTY') );
#3258 = ( LENGTH_UNIT() NAMED_UNIT(*) SI_UNIT(.MILLI.,.METRE.) );
#3259 = ( NAMED_UNIT(*) PLANE_ANGLE_UNIT() SI_UNIT($,.RADIAN.) );
#3260 = ( NAMED_UNIT(*) SI_UNIT($,.STERADIAN.) SOLID_ANGLE_UNIT() );
#3261 = UNCERTAINTY_MEASURE_WITH_UNIT(LENGTH_MEASURE(1.E-07),#3258,
  'distance_accuracy_value','confusion accuracy');
#3262 = CONTEXT_DEPENDENT_SHAPE_REPRESENTATION(#3263,#3265);
#3263 = ( REPRESENTATION_RELATIONSHIP('','',#3106,#10) 
REPRESENTATION_RELATIONSHIP_WITH_TRANSFORMATION(#3264) 
SHAPE_REPRESENTATION_RELATIONSHIP() );
#3264 = ITEM_DEFINED_TRANSFORMATION('','',#11,#43);
#3265 = PRODUCT_DEFINITION_SHAPE('Placement','Placement of an item',
  #3266);
#3266 = NEXT_ASSEMBLY_USAGE_OCCURRENCE('8','Tile0_SiPM','',#5,#3101,$);
#3267 = PRODUCT_RELATED_PRODUCT_CATEGORY('part',$,(#3103));
#3268 = SHAPE_DEFINITION_REPRESENTATION(#3269,#3275);
#3269 = PRODUCT_DEFINITION_SHAPE('','',#3270);
#3270 = PRODUCT_DEFINITION('design','',#3271,#3274);
#3271 = PRODUCT_DEFINITION_FORMATION('','',#3272);
#3272 = PRODUCT('Tile0_SiPM_PCB','Tile0_SiPM_PCB','',(#3273));
#3273 = PRODUCT_CONTEXT('',#2,'mechanical');
#3274 = PRODUCT_DEFINITION_CONTEXT('part definition',#2,'design');
#3275 = ADVANCED_BREP_SHAPE_REPRESENTATION('',(#11,#3276),#3426);
#3276 = MANIFOLD_SOLID_BREP('',#3277);
#3277 = CLOSED_SHELL('',(#3278,#3318,#3358,#3380,#3402,#3414));
#3278 = ADVANCED_FACE('',(#3279),#3313,.F.);
#3279 = FACE_BOUND('',#3280,.F.);
#3280 = EDGE_LOOP('',(#3281,#3291,#3299,#3307));
#3281 = ORIENTED_EDGE('',*,*,#3282,.F.);
#3282 = EDGE_CURVE('',#3283,#3285,#3287,.T.);
#3283 = VERTEX_POINT('',#3284);
#3284 = CARTESIAN_POINT('',(133.3271,197.,-6.));
#3285 = VERTEX_POINT('',#3286);
#3286 = CARTESIAN_POINT('',(133.3271,197.,6.));
#3287 = LINE('',#3288,#3289);
#3288 = CARTESIAN_POINT('',(133.3271,197.,-6.));
#3289 = VECTOR('',#3290,1.);
#3290 = DIRECTION('',(0.,0.,1.));
#3291 = ORIENTED_EDGE('',*,*,#3292,.T.);
#3292 = EDGE_CURVE('',#3283,#3293,#3295,.T.);
#3293 = VERTEX_POINT('',#3294);
#3294 = CARTESIAN_POINT('',(133.3271,198.6,-6.));
#3295 = LINE('',#3296,#3297);
#3296 = CARTESIAN_POINT('',(133.3271,197.,-6.));
#3297 = VECTOR('',#3298,1.);
#3298 = DIRECTION('',(-0.,1.,0.));
#3299 = ORIENTED_EDGE('',*,*,#3300,.T.);
#3300 = EDGE_CURVE('',#3293,#3301,#3303,.T.);
#3301 = VERTEX_POINT('',#3302);
#3302 = CARTESIAN_POINT('',(133.3271,198.6,6.));
#3303 = LINE('',#3304,#3305);
#3304 = CARTESIAN_POINT('',(133.3271,198.6,-6.));
#3305 = VECTOR('',#3306,1.);
#3306 = DIRECTION('',(0.,0.,1.));
#3307 = ORIENTED_EDGE('',*,*,#3308,.F.);
#3308 = EDGE_CURVE('',#3285,#3301,#3309,.T.);
#3309 = LINE('',#3310,#3311);
#3310 = CARTESIAN_POINT('',(133.3271,197.,6.));
#3311 = VECTOR('',#3312,1.);
#3312 = DIRECTION('',(-0.,1.,0.));
#3313 = PLANE('',#3314);
#3314 = AXIS2_PLACEMENT_3D('',#3315,#3316,#3317);
#3315 = CARTESIAN_POINT('',(133.3271,197.,-6.));
#3316 = DIRECTION('',(1.,0.,-0.));
#3317 = DIRECTION('',(0.,0.,1.));
#3318 = ADVANCED_FACE('',(#3319),#3353,.T.);
#3319 = FACE_BOUND('',#3320,.T.);
#3320 = EDGE_LOOP('',(#3321,#3331,#3339,#3347));
#3321 = ORIENTED_EDGE('',*,*,#3322,.F.);
#3322 = EDGE_CURVE('',#3323,#3325,#3327,.T.);
#3323 = VERTEX_POINT('',#3324);
#3324 = CARTESIAN_POINT('',(157.3271,197.,-6.));
#3325 = VERTEX_POINT('',#3326);
#3326 = CARTESIAN_POINT('',(157.3271,197.,6.));
#3327 = LINE('',#3328,#3329);
#3328 = CARTESIAN_POINT('',(157.3271,197.,-6.));
#3329 = VECTOR('',#3330,1.);
#3330 = DIRECTION('',(0.,0.,1.));
#3331 = ORIENTED_EDGE('',*,*,#3332,.T.);
#3332 = EDGE_CURVE('',#3323,#3333,#3335,.T.);
#3333 = VERTEX_POINT('',#3334);
#3334 = CARTESIAN_POINT('',(157.3271,198.6,-6.));
#3335 = LINE('',#3336,#3337);
#3336 = CARTESIAN_POINT('',(157.3271,197.,-6.));
#3337 = VECTOR('',#3338,1.);
#3338 = DIRECTION('',(-0.,1.,0.));
#3339 = ORIENTED_EDGE('',*,*,#3340,.T.);
#3340 = EDGE_CURVE('',#3333,#3341,#3343,.T.);
#3341 = VERTEX_POINT('',#3342);
#3342 = CARTESIAN_POINT('',(157.3271,198.6,6.));
#3343 = LINE('',#3344,#3345);
#3344 = CARTESIAN_POINT('',(157.3271,198.6,-6.));
#3345 = VECTOR('',#3346,1.);
#3346 = DIRECTION('',(0.,0.,1.));
#3347 = ORIENTED_EDGE('',*,*,#3348,.F.);
#3348 = EDGE_CURVE('',#3325,#3341,#3349,.T.);
#3349 = LINE('',#3350,#3351);
#3350 = CARTESIAN_POINT('',(157.3271,197.,6.));
#3351 = VECTOR('',#3352,1.);
#3352 = DIRECTION('',(-0.,1.,0.));
#3353 = PLANE('',#3354);
#3354 = AXIS2_PLACEMENT_3D('',#3355,#3356,#3357);
#3355 = CARTESIAN_POINT('',(157.3271,197.,-6.));
#3356 = DIRECTION('',(1.,0.,-0.));
#3357 = DIRECTION('',(0.,0.,1.));
#3358 = ADVANCED_FACE('',(#3359),#3375,.F.);
#3359 = FACE_BOUND('',#3360,.F.);
#3360 = EDGE_LOOP('',(#3361,#3367,#3368,#3374));
#3361 = ORIENTED_EDGE('',*,*,#3362,.F.);
#3362 = EDGE_CURVE('',#3283,#3323,#3363,.T.);
#3363 = LINE('',#3364,#3365);
#3364 = CARTESIAN_POINT('',(133.3271,197.,-6.));
#3365 = VECTOR('',#3366,1.);
#3366 = DIRECTION('',(1.,0.,-0.));
#3367 = ORIENTED_EDGE('',*,*,#3282,.T.);
#3368 = ORIENTED_EDGE('',*,*,#3369,.T.);
#3369 = EDGE_CURVE('',#3285,#3325,#3370,.T.);
#3370 = LINE('',#3371,#3372);
#3371 = CARTESIAN_POINT('',(133.3271,197.,6.));
#3372 = VECTOR('',#3373,1.);
#3373 = DIRECTION('',(1.,0.,-0.));
#3374 = ORIENTED_EDGE('',*,*,#3322,.F.);
#3375 = PLANE('',#3376);
#3376 = AXIS2_PLACEMENT_3D('',#3377,#3378,#3379);
#3377 = CARTESIAN_POINT('',(133.3271,197.,-6.));
#3378 = DIRECTION('',(-0.,1.,0.));
#3379 = DIRECTION('',(0.,0.,1.));
#3380 = ADVANCED_FACE('',(#3381),#3397,.T.);
#3381 = FACE_BOUND('',#3382,.T.);
#3382 = EDGE_LOOP('',(#3383,#3389,#3390,#3396));
#3383 = ORIENTED_EDGE('',*,*,#3384,.F.);
#3384 = EDGE_CURVE('',#3293,#3333,#3385,.T.);
#3385 = LINE('',#3386,#3387);
#3386 = CARTESIAN_POINT('',(133.3271,198.6,-6.));
#3387 = VECTOR('',#3388,1.);
#3388 = DIRECTION('',(1.,0.,-0.));
#3389 = ORIENTED_EDGE('',*,*,#3300,.T.);
#3390 = ORIENTED_EDGE('',*,*,#3391,.T.);
#3391 = EDGE_CURVE('',#3301,#3341,#3392,.T.);
#3392 = LINE('',#3393,#3394);
#3393 = CARTESIAN_POINT('',(133.3271,198.6,6.));
#3394 = VECTOR('',#3395,1.);
#3395 = DIRECTION('',(1.,0.,-0.));
#3396 = ORIENTED_EDGE('',*,*,#3340,.F.);
#3397 = PLANE('',#3398);
#3398 = AXIS2_PLACEMENT_3D('',#3399,#3400,#3401);
#3399 = CARTESIAN_POINT('',(133.3271,198.6,-6.));
#3400 = DIRECTION('',(-0.,1.,0.));
#3401 = DIRECTION('',(0.,0.,1.));
#3402 = ADVANCED_FACE('',(#3403),#3409,.F.);
#3403 = FACE_BOUND('',#3404,.F.);
#3404 = EDGE_LOOP('',(#3405,#3406,#3407,#3408));
#3405 = ORIENTED_EDGE('',*,*,#3292,.F.);
#3406 = ORIENTED_EDGE('',*,*,#3362,.T.);
#3407 = ORIENTED_EDGE('',*,*,#3332,.T.);
#3408 = ORIENTED_EDGE('',*,*,#3384,.F.);
#3409 = PLANE('',#3410);
#3410 = AXIS2_PLACEMENT_3D('',#3411,#3412,#3413);
#3411 = CARTESIAN_POINT('',(133.3271,197.,-6.));
#3412 = DIRECTION('',(0.,0.,1.));
#3413 = DIRECTION('',(1.,0.,-0.));
#3414 = ADVANCED_FACE('',(#3415),#3421,.T.);
#3415 = FACE_BOUND('',#3416,.T.);
#3416 = EDGE_LOOP('',(#3417,#3418,#3419,#3420));
#3417 = ORIENTED_EDGE('',*,*,#3308,.F.);
#3418 = ORIENTED_EDGE('',*,*,#3369,.T.);
#3419 = ORIENTED_EDGE('',*,*,#3348,.T.);
#3420 = ORIENTED_EDGE('',*,*,#3391,.F.);
#3421 = PLANE('',#3422);
#3422 = AXIS2_PLACEMENT_3D('',#3423,#3424,#3425);
#3423 = CARTESIAN_POINT('',(133.3271,197.,6.));
#3424 = DIRECTION('',(0.,0.,1.));
#3425 = DIRECTION('',(1.,0.,-0.));
#3426 = ( GEOMETRIC_REPRESENTATION_CONTEXT(3) 
GLOBAL_UNCERTAINTY_ASSIGNED_CONTEXT((#3430)) 
GLOBAL_UNIT_ASSIGNED_CONTEXT((#3427,#3428,#3429)) REPRESENTATION_CONTEXT
('Context #1','3D Context with UNIT and UNCERTAINTY') );
#3427 = ( LENGTH_UNIT() NAMED_UNIT(*) SI_UNIT(.MILLI.,.METRE.) );
#3428 = ( NAMED_UNIT(*) PLANE_ANGLE_UNIT() SI_UNIT($,.RADIAN.) );
#3429 = ( NAMED_UNIT(*) SI_UNIT($,.STERADIAN.) SOLID_ANGLE_UNIT() );
#3430 = UNCERTAINTY_MEASURE_WITH_UNIT(LENGTH_MEASURE(1.E-07),#3427,
  'distance_accuracy_value','confusion accuracy');
#3431 = CONTEXT_DEPENDENT_SHAPE_REPRESENTATION(#3432,#3434);
#3432 = ( REPRESENTATION_RELATIONSHIP('','',#3275,#10) 
REPRESENTATION_RELATIONSHIP_WITH_TRANSFORMATION(#3433) 
SHAPE_REPRESENTATION_RELATIONSHIP() );
#3433 = ITEM_DEFINED_TRANSFORMATION('','',#11,#47);
#3434 = PRODUCT_DEFINITION_SHAPE('Placement','Placement of an item',
  #3435);
#3435 = NEXT_ASSEMBLY_USAGE_OCCURRENCE('9','Tile0_SiPM_PCB','',#5,#3270,
  $);
#3436 = PRODUCT_RELATED_PRODUCT_CATEGORY('part',$,(#3272));
#3437 = SHAPE_DEFINITION_REPRESENTATION(#3438,#3444);
#3438 = PRODUCT_DEFINITION_SHAPE('','',#3439);
#3439 = PRODUCT_DEFINITION('design','',#3440,#3443);
#3440 = PRODUCT_DEFINITION_FORMATION('','',#3441);
#3441 = PRODUCT('Tile0_UFL','Tile0_UFL','',(#3442));
#3442 = PRODUCT_CONTEXT('',#2,'mechanical');
#3443 = PRODUCT_DEFINITION_CONTEXT('part definition',#2,'design');
#3444 = ADVANCED_BREP_SHAPE_REPRESENTATION('',(#11,#3445),#3595);
#3445 = MANIFOLD_SOLID_BREP('',#3446);
#3446 = CLOSED_SHELL('',(#3447,#3487,#3527,#3549,#3571,#3583));
#3447 = ADVANCED_FACE('',(#3448),#3482,.F.);
#3448 = FACE_BOUND('',#3449,.F.);
#3449 = EDGE_LOOP('',(#3450,#3460,#3468,#3476));
#3450 = ORIENTED_EDGE('',*,*,#3451,.F.);
#3451 = EDGE_CURVE('',#3452,#3454,#3456,.T.);
#3452 = VERTEX_POINT('',#3453);
#3453 = CARTESIAN_POINT('',(143.8271,198.6,-1.3));
#3454 = VERTEX_POINT('',#3455);
#3455 = CARTESIAN_POINT('',(143.8271,198.6,1.3));
#3456 = LINE('',#3457,#3458);
#3457 = CARTESIAN_POINT('',(143.8271,198.6,-1.3));
#3458 = VECTOR('',#3459,1.);
#3459 = DIRECTION('',(0.,0.,1.));
#3460 = ORIENTED_EDGE('',*,*,#3461,.T.);
#3461 = EDGE_CURVE('',#3452,#3462,#3464,.T.);
#3462 = VERTEX_POINT('',#3463);
#3463 = CARTESIAN_POINT('',(143.8271,199.85,-1.3));
#3464 = LINE('',#3465,#3466);
#3465 = CARTESIAN_POINT('',(143.8271,198.6,-1.3));
#3466 = VECTOR('',#3467,1.);
#3467 = DIRECTION('',(-0.,1.,0.));
#3468 = ORIENTED_EDGE('',*,*,#3469,.T.);
#3469 = EDGE_CURVE('',#3462,#3470,#3472,.T.);
#3470 = VERTEX_POINT('',#3471);
#3471 = CARTESIAN_POINT('',(143.8271,199.85,1.3));
#3472 = LINE('',#3473,#3474);
#3473 = CARTESIAN_POINT('',(143.8271,199.85,-1.3));
#3474 = VECTOR('',#3475,1.);
#3475 = DIRECTION('',(0.,0.,1.));
#3476 = ORIENTED_EDGE('',*,*,#3477,.F.);
#3477 = EDGE_CURVE('',#3454,#3470,#3478,.T.);
#3478 = LINE('',#3479,#3480);
#3479 = CARTESIAN_POINT('',(143.8271,198.6,1.3));
#3480 = VECTOR('',#3481,1.);
#3481 = DIRECTION('',(-0.,1.,0.));
#3482 = PLANE('',#3483);
#3483 = AXIS2_PLACEMENT_3D('',#3484,#3485,#3486);
#3484 = CARTESIAN_POINT('',(143.8271,198.6,-1.3));
#3485 = DIRECTION('',(1.,0.,-0.));
#3486 = DIRECTION('',(0.,0.,1.));
#3487 = ADVANCED_FACE('',(#3488),#3522,.T.);
#3488 = FACE_BOUND('',#3489,.T.);
#3489 = EDGE_LOOP('',(#3490,#3500,#3508,#3516));
#3490 = ORIENTED_EDGE('',*,*,#3491,.F.);
#3491 = EDGE_CURVE('',#3492,#3494,#3496,.T.);
#3492 = VERTEX_POINT('',#3493);
#3493 = CARTESIAN_POINT('',(146.8271,198.6,-1.3));
#3494 = VERTEX_POINT('',#3495);
#3495 = CARTESIAN_POINT('',(146.8271,198.6,1.3));
#3496 = LINE('',#3497,#3498);
#3497 = CARTESIAN_POINT('',(146.8271,198.6,-1.3));
#3498 = VECTOR('',#3499,1.);
#3499 = DIRECTION('',(0.,0.,1.));
#3500 = ORIENTED_EDGE('',*,*,#3501,.T.);
#3501 = EDGE_CURVE('',#3492,#3502,#3504,.T.);
#3502 = VERTEX_POINT('',#3503);
#3503 = CARTESIAN_POINT('',(146.8271,199.85,-1.3));
#3504 = LINE('',#3505,#3506);
#3505 = CARTESIAN_POINT('',(146.8271,198.6,-1.3));
#3506 = VECTOR('',#3507,1.);
#3507 = DIRECTION('',(-0.,1.,0.));
#3508 = ORIENTED_EDGE('',*,*,#3509,.T.);
#3509 = EDGE_CURVE('',#3502,#3510,#3512,.T.);
#3510 = VERTEX_POINT('',#3511);
#3511 = CARTESIAN_POINT('',(146.8271,199.85,1.3));
#3512 = LINE('',#3513,#3514);
#3513 = CARTESIAN_POINT('',(146.8271,199.85,-1.3));
#3514 = VECTOR('',#3515,1.);
#3515 = DIRECTION('',(0.,0.,1.));
#3516 = ORIENTED_EDGE('',*,*,#3517,.F.);
#3517 = EDGE_CURVE('',#3494,#3510,#3518,.T.);
#3518 = LINE('',#3519,#3520);
#3519 = CARTESIAN_POINT('',(146.8271,198.6,1.3));
#3520 = VECTOR('',#3521,1.);
#3521 = DIRECTION('',(-0.,1.,0.));
#3522 = PLANE('',#3523);
#3523 = AXIS2_PLACEMENT_3D('',#3524,#3525,#3526);
#3524 = CARTESIAN_POINT('',(146.8271,198.6,-1.3));
#3525 = DIRECTION('',(1.,0.,-0.));
#3526 = DIRECTION('',(0.,0.,1.));
#3527 = ADVANCED_FACE('',(#3528),#3544,.F.);
#3528 = FACE_BOUND('',#3529,.F.);
#3529 = EDGE_LOOP('',(#3530,#3536,#3537,#3543));
#3530 = ORIENTED_EDGE('',*,*,#3531,.F.);
#3531 = EDGE_CURVE('',#3452,#3492,#3532,.T.);
#3532 = LINE('',#3533,#3534);
#3533 = CARTESIAN_POINT('',(143.8271,198.6,-1.3));
#3534 = VECTOR('',#3535,1.);
#3535 = DIRECTION('',(1.,0.,-0.));
#3536 = ORIENTED_EDGE('',*,*,#3451,.T.);
#3537 = ORIENTED_EDGE('',*,*,#3538,.T.);
#3538 = EDGE_CURVE('',#3454,#3494,#3539,.T.);
#3539 = LINE('',#3540,#3541);
#3540 = CARTESIAN_POINT('',(143.8271,198.6,1.3));
#3541 = VECTOR('',#3542,1.);
#3542 = DIRECTION('',(1.,0.,-0.));
#3543 = ORIENTED_EDGE('',*,*,#3491,.F.);
#3544 = PLANE('',#3545);
#3545 = AXIS2_PLACEMENT_3D('',#3546,#3547,#3548);
#3546 = CARTESIAN_POINT('',(143.8271,198.6,-1.3));
#3547 = DIRECTION('',(-0.,1.,0.));
#3548 = DIRECTION('',(0.,0.,1.));
#3549 = ADVANCED_FACE('',(#3550),#3566,.T.);
#3550 = FACE_BOUND('',#3551,.T.);
#3551 = EDGE_LOOP('',(#3552,#3558,#3559,#3565));
#3552 = ORIENTED_EDGE('',*,*,#3553,.F.);
#3553 = EDGE_CURVE('',#3462,#3502,#3554,.T.);
#3554 = LINE('',#3555,#3556);
#3555 = CARTESIAN_POINT('',(143.8271,199.85,-1.3));
#3556 = VECTOR('',#3557,1.);
#3557 = DIRECTION('',(1.,0.,-0.));
#3558 = ORIENTED_EDGE('',*,*,#3469,.T.);
#3559 = ORIENTED_EDGE('',*,*,#3560,.T.);
#3560 = EDGE_CURVE('',#3470,#3510,#3561,.T.);
#3561 = LINE('',#3562,#3563);
#3562 = CARTESIAN_POINT('',(143.8271,199.85,1.3));
#3563 = VECTOR('',#3564,1.);
#3564 = DIRECTION('',(1.,0.,-0.));
#3565 = ORIENTED_EDGE('',*,*,#3509,.F.);
#3566 = PLANE('',#3567);
#3567 = AXIS2_PLACEMENT_3D('',#3568,#3569,#3570);
#3568 = CARTESIAN_POINT('',(143.8271,199.85,-1.3));
#3569 = DIRECTION('',(-0.,1.,0.));
#3570 = DIRECTION('',(0.,0.,1.));
#3571 = ADVANCED_FACE('',(#3572),#3578,.F.);
#3572 = FACE_BOUND('',#3573,.F.);
#3573 = EDGE_LOOP('',(#3574,#3575,#3576,#3577));
#3574 = ORIENTED_EDGE('',*,*,#3461,.F.);
#3575 = ORIENTED_EDGE('',*,*,#3531,.T.);
#3576 = ORIENTED_EDGE('',*,*,#3501,.T.);
#3577 = ORIENTED_EDGE('',*,*,#3553,.F.);
#3578 = PLANE('',#3579);
#3579 = AXIS2_PLACEMENT_3D('',#3580,#3581,#3582);
#3580 = CARTESIAN_POINT('',(143.8271,198.6,-1.3));
#3581 = DIRECTION('',(0.,0.,1.));
#3582 = DIRECTION('',(1.,0.,-0.));
#3583 = ADVANCED_FACE('',(#3584),#3590,.T.);
#3584 = FACE_BOUND('',#3585,.T.);
#3585 = EDGE_LOOP('',(#3586,#3587,#3588,#3589));
#3586 = ORIENTED_EDGE('',*,*,#3477,.F.);
#3587 = ORIENTED_EDGE('',*,*,#3538,.T.);
#3588 = ORIENTED_EDGE('',*,*,#3517,.T.);
#3589 = ORIENTED_EDGE('',*,*,#3560,.F.);
#3590 = PLANE('',#3591);
#3591 = AXIS2_PLACEMENT_3D('',#3592,#3593,#3594);
#3592 = CARTESIAN_POINT('',(143.8271,198.6,1.3));
#3593 = DIRECTION('',(0.,0.,1.));
#3594 = DIRECTION('',(1.,0.,-0.));
#3595 = ( GEOMETRIC_REPRESENTATION_CONTEXT(3) 
GLOBAL_UNCERTAINTY_ASSIGNED_CONTEXT((#3599)) 
GLOBAL_UNIT_ASSIGNED_CONTEXT((#3596,#3597,#3598)) REPRESENTATION_CONTEXT
('Context #1','3D Context with UNIT and UNCERTAINTY') );
#3596 = ( LENGTH_UNIT() NAMED_UNIT(*) SI_UNIT(.MILLI.,.METRE.) );
#3597 = ( NAMED_UNIT(*) PLANE_ANGLE_UNIT() SI_UNIT($,.RADIAN.) );
#3598 = ( NAMED_UNIT(*) SI_UNIT($,.STERADIAN.) SOLID_ANGLE_UNIT() );
#3599 = UNCERTAINTY_MEASURE_WITH_UNIT(LENGTH_MEASURE(1.E-07),#3596,
  'distance_accuracy_value','confusion accuracy');
#3600 = CONTEXT_DEPENDENT_SHAPE_REPRESENTATION(#3601,#3603);
#3601 = ( REPRESENTATION_RELATIONSHIP('','',#3444,#10) 
REPRESENTATION_RELATIONSHIP_WITH_TRANSFORMATION(#3602) 
SHAPE_REPRESENTATION_RELATIONSHIP() );
#3602 = ITEM_DEFINED_TRANSFORMATION('','',#11,#51);
#3603 = PRODUCT_DEFINITION_SHAPE('Placement','Placement of an item',
  #3604);
#3604 = NEXT_ASSEMBLY_USAGE_OCCURRENCE('10','Tile0_UFL','',#5,#3439,$);
#3605 = PRODUCT_RELATED_PRODUCT_CATEGORY('part',$,(#3441));
ENDSEC;
END-ISO-10303-21;
