ISO-10303-21;
HEADER;
FILE_DESCRIPTION(('FreeCAD Model'),'2;1');
FILE_NAME('Open CASCADE Shape Model','2026-09-30T17:55:14',('Author'),(
    ''),'Open CASCADE STEP processor 7.8','FreeCAD','Unknown');
FILE_SCHEMA(('AUTOMOTIVE_DESIGN { 1 0 10303 214 1 1 1 1 }'));
ENDSEC;
DATA;
#1 = APPLICATION_PROTOCOL_DEFINITION('international standard',
  'automotive_design',2000,#2);
#2 = APPLICATION_CONTEXT(
  'core data for automotive mechanical design processes');
#3 = SHAPE_DEFINITION_REPRESENTATION(#4,#10);
#4 = PRODUCT_DEFINITION_SHAPE('','',#5);
#5 = PRODUCT_DEFINITION('design','',#6,#9);
#6 = PRODUCT_DEFINITION_FORMATION('','',#7);
#7 = PRODUCT('Tile_0','Tile_0','',(#8));
#8 = PRODUCT_CONTEXT('',#2,'mechanical');
#9 = PRODUCT_DEFINITION_CONTEXT('part definition',#2,'design');
#10 = SHAPE_REPRESENTATION('',(#11,#15,#19,#23,#27,#31,#35,#39,#43,#47,
    #51),#55);
#11 = AXIS2_PLACEMENT_3D('',#12,#13,#14);
#12 = CARTESIAN_POINT('',(0.,0.,0.));
#13 = DIRECTION('',(0.,0.,1.));
#14 = DIRECTION('',(1.,0.,-0.));
#15 = AXIS2_PLACEMENT_3D('',#16,#17,#18);
#16 = CARTESIAN_POINT('',(0.,0.,0.));
#17 = DIRECTION('',(0.,0.,1.));
#18 = DIRECTION('',(1.,0.,0.));
#19 = AXIS2_PLACEMENT_3D('',#20,#21,#22);
#20 = CARTESIAN_POINT('',(0.,0.,0.));
#21 = DIRECTION('',(0.,0.,1.));
#22 = DIRECTION('',(1.,0.,0.));
#23 = AXIS2_PLACEMENT_3D('',#24,#25,#26);
#24 = CARTESIAN_POINT('',(0.,0.,0.));
#25 = DIRECTION('',(0.,0.,1.));
#26 = DIRECTION('',(1.,0.,0.));
#27 = AXIS2_PLACEMENT_3D('',#28,#29,#30);
#28 = CARTESIAN_POINT('',(0.,0.,0.));
#29 = DIRECTION('',(0.,0.,1.));
#30 = DIRECTION('',(1.,0.,0.));
#31 = AXIS2_PLACEMENT_3D('',#32,#33,#34);
#32 = CARTESIAN_POINT('',(0.,0.,0.));
#33 = DIRECTION('',(0.,0.,1.));
#34 = DIRECTION('',(1.,0.,0.));
#35 = AXIS2_PLACEMENT_3D('',#36,#37,#38);
#36 = CARTESIAN_POINT('',(0.,0.,0.));
#37 = DIRECTION('',(0.,0.,1.));
#38 = DIRECTION('',(1.,0.,0.));
#39 = AXIS2_PLACEMENT_3D('',#40,#41,#42);
#40 = CARTESIAN_POINT('',(0.,0.,0.));
#41 = DIRECTION('',(0.,0.,1.));
#42 = DIRECTION('',(1.,0.,0.));
#43 = AXIS2_PLACEMENT_3D('',#44,#45,#46);
#44 = CARTESIAN_POINT('',(0.,0.,0.));
#45 = DIRECTION('',(0.,0.,1.));
#46 = DIRECTION('',(1.,0.,0.));
#47 = AXIS2_PLACEMENT_3D('',#48,#49,#50);
#48 = CARTESIAN_POINT('',(0.,0.,0.));
#49 = DIRECTION('',(0.,0.,1.));
#50 = DIRECTION('',(1.,0.,0.));
#51 = AXIS2_PLACEMENT_3D('',#52,#53,#54);
#52 = CARTESIAN_POINT('',(0.,0.,0.));
#53 = DIRECTION('',(0.,0.,1.));
#54 = DIRECTION('',(1.,0.,0.));
#55 = ( GEOMETRIC_REPRESENTATION_CONTEXT(3) 
GLOBAL_UNCERTAINTY_ASSIGNED_CONTEXT((#59)) GLOBAL_UNIT_ASSIGNED_CONTEXT(
(#56,#57,#58)) REPRESENTATION_CONTEXT('Context #1',
  '3D Context with UNIT and UNCERTAINTY') );
#56 = ( LENGTH_UNIT() NAMED_UNIT(*) SI_UNIT(.MILLI.,.METRE.) );
#57 = ( NAMED_UNIT(*) PLANE_ANGLE_UNIT() SI_UNIT($,.RADIAN.) );
#58 = ( NAMED_UNIT(*) SI_UNIT($,.STERADIAN.) SOLID_ANGLE_UNIT() );
#59 = UNCERTAINTY_MEASURE_WITH_UNIT(LENGTH_MEASURE(2.E-03),#56,
  'distance_accuracy_value','confusion accuracy');
#60 = PRODUCT_RELATED_PRODUCT_CATEGORY('part',$,(#7));
#61 = SHAPE_DEFINITION_REPRESENTATION(#62,#68);
#62 = PRODUCT_DEFINITION_SHAPE('','',#63);
#63 = PRODUCT_DEFINITION('design','',#64,#67);
#64 = PRODUCT_DEFINITION_FORMATION('','',#65);
#65 = PRODUCT('Tile0_Body','Tile0_Body','',(#66));
#66 = PRODUCT_CONTEXT('',#2,'mechanical');
#67 = PRODUCT_DEFINITION_CONTEXT('part definition',#2,'design');
#68 = ADVANCED_BREP_SHAPE_REPRESENTATION('',(#11,#69),#239);
#69 = MANIFOLD_SOLID_BREP('',#70);
#70 = CLOSED_SHELL('',(#71,#111,#142,#173,#190,#207,#230));
#71 = ADVANCED_FACE('',(#72),#106,.F.);
#72 = FACE_BOUND('',#73,.F.);
#73 = EDGE_LOOP('',(#74,#84,#92,#100));
#74 = ORIENTED_EDGE('',*,*,#75,.T.);
#75 = EDGE_CURVE('',#76,#78,#80,.T.);
#76 = VERTEX_POINT('',#77);
#77 = CARTESIAN_POINT('',(0.,5.E-06,-3.5));
#78 = VERTEX_POINT('',#79);
#79 = CARTESIAN_POINT('',(0.,5.E-06,3.5));
#80 = LINE('',#81,#82);
#81 = CARTESIAN_POINT('',(0.,5.E-06,-3.5));
#82 = VECTOR('',#83,1.);
#83 = DIRECTION('',(0.,0.,1.));
#84 = ORIENTED_EDGE('',*,*,#85,.T.);
#85 = EDGE_CURVE('',#78,#86,#88,.T.);
#86 = VERTEX_POINT('',#87);
#87 = CARTESIAN_POINT('',(110.5746,5.E-06,3.5));
#88 = LINE('',#89,#90);
#89 = CARTESIAN_POINT('',(0.,5.E-06,3.5));
#90 = VECTOR('',#91,1.);
#91 = DIRECTION('',(1.,0.,0.));
#92 = ORIENTED_EDGE('',*,*,#93,.F.);
#93 = EDGE_CURVE('',#94,#86,#96,.T.);
#94 = VERTEX_POINT('',#95);
#95 = CARTESIAN_POINT('',(110.5746,5.E-06,-3.5));
#96 = LINE('',#97,#98);
#97 = CARTESIAN_POINT('',(110.5746,5.E-06,-3.5));
#98 = VECTOR('',#99,1.);
#99 = DIRECTION('',(0.,0.,1.));
#100 = ORIENTED_EDGE('',*,*,#101,.F.);
#101 = EDGE_CURVE('',#76,#94,#102,.T.);
#102 = LINE('',#103,#104);
#103 = CARTESIAN_POINT('',(0.,5.E-06,-3.5));
#104 = VECTOR('',#105,1.);
#105 = DIRECTION('',(1.,0.,0.));
#106 = PLANE('',#107);
#107 = AXIS2_PLACEMENT_3D('',#108,#109,#110);
#108 = CARTESIAN_POINT('',(0.,5.E-06,-3.5));
#109 = DIRECTION('',(0.,1.,0.));
#110 = DIRECTION('',(1.,0.,0.));
#111 = ADVANCED_FACE('',(#112),#137,.F.);
#112 = FACE_BOUND('',#113,.F.);
#113 = EDGE_LOOP('',(#114,#124,#130,#131));
#114 = ORIENTED_EDGE('',*,*,#115,.T.);
#115 = EDGE_CURVE('',#116,#118,#120,.T.);
#116 = VERTEX_POINT('',#117);
#117 = CARTESIAN_POINT('',(14.8643,191.,-3.5));
#118 = VERTEX_POINT('',#119);
#119 = CARTESIAN_POINT('',(14.8643,191.,3.5));
#120 = LINE('',#121,#122);
#121 = CARTESIAN_POINT('',(14.8643,191.,-3.5));
#122 = VECTOR('',#123,1.);
#123 = DIRECTION('',(0.,0.,1.));
#124 = ORIENTED_EDGE('',*,*,#125,.T.);
#125 = EDGE_CURVE('',#118,#78,#126,.T.);
#126 = LINE('',#127,#128);
#127 = CARTESIAN_POINT('',(14.8643,191.,3.5));
#128 = VECTOR('',#129,1.);
#129 = DIRECTION('',(-7.758895790401E-02,-0.996985432999,0.));
#130 = ORIENTED_EDGE('',*,*,#75,.F.);
#131 = ORIENTED_EDGE('',*,*,#132,.F.);
#132 = EDGE_CURVE('',#116,#76,#133,.T.);
#133 = LINE('',#134,#135);
#134 = CARTESIAN_POINT('',(14.8643,191.,-3.5));
#135 = VECTOR('',#136,1.);
#136 = DIRECTION('',(-7.758895790401E-02,-0.996985432999,0.));
#137 = PLANE('',#138);
#138 = AXIS2_PLACEMENT_3D('',#139,#140,#141);
#139 = CARTESIAN_POINT('',(14.8643,191.,-3.5));
#140 = DIRECTION('',(0.996985432999,-7.758895790401E-02,0.));
#141 = DIRECTION('',(-7.758895790401E-02,-0.996985432999,0.));
#142 = ADVANCED_FACE('',(#143),#168,.F.);
#143 = FACE_BOUND('',#144,.F.);
#144 = EDGE_LOOP('',(#145,#146,#154,#162));
#145 = ORIENTED_EDGE('',*,*,#93,.T.);
#146 = ORIENTED_EDGE('',*,*,#147,.T.);
#147 = EDGE_CURVE('',#86,#148,#150,.T.);
#148 = VERTEX_POINT('',#149);
#149 = CARTESIAN_POINT('',(140.4161,191.,3.5));
#150 = LINE('',#151,#152);
#151 = CARTESIAN_POINT('',(110.5746,5.E-06,3.5));
#152 = VECTOR('',#153,1.);
#153 = DIRECTION('',(0.154365522683,0.988013808308,0.));
#154 = ORIENTED_EDGE('',*,*,#155,.F.);
#155 = EDGE_CURVE('',#156,#148,#158,.T.);
#156 = VERTEX_POINT('',#157);
#157 = CARTESIAN_POINT('',(140.4161,191.,-3.5));
#158 = LINE('',#159,#160);
#159 = CARTESIAN_POINT('',(140.4161,191.,-3.5));
#160 = VECTOR('',#161,1.);
#161 = DIRECTION('',(0.,0.,1.));
#162 = ORIENTED_EDGE('',*,*,#163,.F.);
#163 = EDGE_CURVE('',#94,#156,#164,.T.);
#164 = LINE('',#165,#166);
#165 = CARTESIAN_POINT('',(110.5746,5.E-06,-3.5));
#166 = VECTOR('',#167,1.);
#167 = DIRECTION('',(0.154365522683,0.988013808308,0.));
#168 = PLANE('',#169);
#169 = AXIS2_PLACEMENT_3D('',#170,#171,#172);
#170 = CARTESIAN_POINT('',(110.5746,5.E-06,-3.5));
#171 = DIRECTION('',(-0.988013808308,0.154365522683,0.));
#172 = DIRECTION('',(0.154365522683,0.988013808308,0.));
#173 = ADVANCED_FACE('',(#174),#185,.F.);
#174 = FACE_BOUND('',#175,.F.);
#175 = EDGE_LOOP('',(#176,#177,#178,#184));
#176 = ORIENTED_EDGE('',*,*,#101,.T.);
#177 = ORIENTED_EDGE('',*,*,#163,.T.);
#178 = ORIENTED_EDGE('',*,*,#179,.T.);
#179 = EDGE_CURVE('',#156,#116,#180,.T.);
#180 = LINE('',#181,#182);
#181 = CARTESIAN_POINT('',(140.4161,191.,-3.5));
#182 = VECTOR('',#183,1.);
#183 = DIRECTION('',(-1.,0.,0.));
#184 = ORIENTED_EDGE('',*,*,#132,.T.);
#185 = PLANE('',#186);
#186 = AXIS2_PLACEMENT_3D('',#187,#188,#189);
#187 = CARTESIAN_POINT('',(66.898653231771,97.803181375834,-3.5));
#188 = DIRECTION('',(0.,0.,1.));
#189 = DIRECTION('',(1.,0.,-0.));
#190 = ADVANCED_FACE('',(#191),#202,.T.);
#191 = FACE_BOUND('',#192,.T.);
#192 = EDGE_LOOP('',(#193,#194,#195,#201));
#193 = ORIENTED_EDGE('',*,*,#85,.T.);
#194 = ORIENTED_EDGE('',*,*,#147,.T.);
#195 = ORIENTED_EDGE('',*,*,#196,.T.);
#196 = EDGE_CURVE('',#148,#118,#197,.T.);
#197 = LINE('',#198,#199);
#198 = CARTESIAN_POINT('',(140.4161,191.,3.5));
#199 = VECTOR('',#200,1.);
#200 = DIRECTION('',(-1.,0.,0.));
#201 = ORIENTED_EDGE('',*,*,#125,.T.);
#202 = PLANE('',#203);
#203 = AXIS2_PLACEMENT_3D('',#204,#205,#206);
#204 = CARTESIAN_POINT('',(66.898653231771,97.803181375834,3.5));
#205 = DIRECTION('',(0.,0.,1.));
#206 = DIRECTION('',(1.,0.,-0.));
#207 = ADVANCED_FACE('',(#208,#214),#225,.F.);
#208 = FACE_BOUND('',#209,.F.);
#209 = EDGE_LOOP('',(#210,#211,#212,#213));
#210 = ORIENTED_EDGE('',*,*,#155,.T.);
#211 = ORIENTED_EDGE('',*,*,#196,.T.);
#212 = ORIENTED_EDGE('',*,*,#115,.F.);
#213 = ORIENTED_EDGE('',*,*,#179,.F.);
#214 = FACE_BOUND('',#215,.F.);
#215 = EDGE_LOOP('',(#216));
#216 = ORIENTED_EDGE('',*,*,#217,.F.);
#217 = EDGE_CURVE('',#218,#218,#220,.T.);
#218 = VERTEX_POINT('',#219);
#219 = CARTESIAN_POINT('',(81.1773,191.,-0.65));
#220 = CIRCLE('',#221,0.65);
#221 = AXIS2_PLACEMENT_3D('',#222,#223,#224);
#222 = CARTESIAN_POINT('',(81.1773,191.,0.));
#223 = DIRECTION('',(0.,-1.,0.));
#224 = DIRECTION('',(0.,0.,-1.));
#225 = PLANE('',#226);
#226 = AXIS2_PLACEMENT_3D('',#227,#228,#229);
#227 = CARTESIAN_POINT('',(140.4161,191.,-3.5));
#228 = DIRECTION('',(0.,-1.,0.));
#229 = DIRECTION('',(-1.,0.,0.));
#230 = ADVANCED_FACE('',(#231),#234,.F.);
#231 = FACE_BOUND('',#232,.F.);
#232 = EDGE_LOOP('',(#233));
#233 = ORIENTED_EDGE('',*,*,#217,.T.);
#234 = PLANE('',#235);
#235 = AXIS2_PLACEMENT_3D('',#236,#237,#238);
#236 = CARTESIAN_POINT('',(140.4161,191.,-3.5));
#237 = DIRECTION('',(0.,-1.,0.));
#238 = DIRECTION('',(-1.,0.,0.));
#239 = ( GEOMETRIC_REPRESENTATION_CONTEXT(3) 
GLOBAL_UNCERTAINTY_ASSIGNED_CONTEXT((#243)) GLOBAL_UNIT_ASSIGNED_CONTEXT
((#240,#241,#242)) REPRESENTATION_CONTEXT('Context #1',
  '3D Context with UNIT and UNCERTAINTY') );
#240 = ( LENGTH_UNIT() NAMED_UNIT(*) SI_UNIT(.MILLI.,.METRE.) );
#241 = ( NAMED_UNIT(*) PLANE_ANGLE_UNIT() SI_UNIT($,.RADIAN.) );
#242 = ( NAMED_UNIT(*) SI_UNIT($,.STERADIAN.) SOLID_ANGLE_UNIT() );
#243 = UNCERTAINTY_MEASURE_WITH_UNIT(LENGTH_MEASURE(2.E-02),#240,
  'distance_accuracy_value','confusion accuracy');
#244 = CONTEXT_DEPENDENT_SHAPE_REPRESENTATION(#245,#247);
#245 = ( REPRESENTATION_RELATIONSHIP('','',#68,#10) 
REPRESENTATION_RELATIONSHIP_WITH_TRANSFORMATION(#246) 
SHAPE_REPRESENTATION_RELATIONSHIP() );
#246 = ITEM_DEFINED_TRANSFORMATION('','',#11,#15);
#247 = PRODUCT_DEFINITION_SHAPE('Placement','Placement of an item',#248
  );
#248 = NEXT_ASSEMBLY_USAGE_OCCURRENCE('1','Tile0_Body','',#5,#63,$);
#249 = PRODUCT_RELATED_PRODUCT_CATEGORY('part',$,(#65));
#250 = SHAPE_DEFINITION_REPRESENTATION(#251,#257);
#251 = PRODUCT_DEFINITION_SHAPE('','',#252);
#252 = PRODUCT_DEFINITION('design','',#253,#256);
#253 = PRODUCT_DEFINITION_FORMATION('','',#254);
#254 = PRODUCT('Tile0_Fiber','Tile0_Fiber','',(#255));
#255 = PRODUCT_CONTEXT('',#2,'mechanical');
#256 = PRODUCT_DEFINITION_CONTEXT('part definition',#2,'design');
#257 = ADVANCED_BREP_SHAPE_REPRESENTATION('',(#11,#258),#525);
#258 = MANIFOLD_SOLID_BREP('',#259);
#259 = CLOSED_SHELL('',(#260,#293,#319,#345,#373,#399,#427,#453,#479,
    #507,#516));
#260 = ADVANCED_FACE('',(#261),#288,.T.);
#261 = FACE_BOUND('',#262,.T.);
#262 = EDGE_LOOP('',(#263,#273,#280,#281));
#263 = ORIENTED_EDGE('',*,*,#264,.T.);
#264 = EDGE_CURVE('',#265,#267,#269,.T.);
#265 = VERTEX_POINT('',#266);
#266 = CARTESIAN_POINT('',(81.1773,191.,-0.5));
#267 = VERTEX_POINT('',#268);
#268 = CARTESIAN_POINT('',(81.1773,187.,-0.5));
#269 = LINE('',#270,#271);
#270 = CARTESIAN_POINT('',(81.1773,191.,-0.5));
#271 = VECTOR('',#272,1.);
#272 = DIRECTION('',(0.,-1.,0.));
#273 = ORIENTED_EDGE('',*,*,#274,.F.);
#274 = EDGE_CURVE('',#267,#267,#275,.T.);
#275 = CIRCLE('',#276,0.5);
#276 = AXIS2_PLACEMENT_3D('',#277,#278,#279);
#277 = CARTESIAN_POINT('',(81.1773,187.,0.));
#278 = DIRECTION('',(0.,-1.,0.));
#279 = DIRECTION('',(0.,0.,-1.));
#280 = ORIENTED_EDGE('',*,*,#264,.F.);
#281 = ORIENTED_EDGE('',*,*,#282,.T.);
#282 = EDGE_CURVE('',#265,#265,#283,.T.);
#283 = CIRCLE('',#284,0.5);
#284 = AXIS2_PLACEMENT_3D('',#285,#286,#287);
#285 = CARTESIAN_POINT('',(81.1773,191.,0.));
#286 = DIRECTION('',(0.,-1.,0.));
#287 = DIRECTION('',(0.,0.,-1.));
#288 = CYLINDRICAL_SURFACE('',#289,0.5);
#289 = AXIS2_PLACEMENT_3D('',#290,#291,#292);
#290 = CARTESIAN_POINT('',(81.1773,191.,0.));
#291 = DIRECTION('',(0.,-1.,0.));
#292 = DIRECTION('',(0.,0.,-1.));
#293 = ADVANCED_FACE('',(#294),#314,.T.);
#294 = FACE_BOUND('',#295,.T.);
#295 = EDGE_LOOP('',(#296,#305,#312,#313));
#296 = ORIENTED_EDGE('',*,*,#297,.T.);
#297 = EDGE_CURVE('',#267,#298,#300,.T.);
#298 = VERTEX_POINT('',#299);
#299 = CARTESIAN_POINT('',(58.132,162.0765,-0.5));
#300 = CIRCLE('',#301,25.000000593327);
#301 = AXIS2_PLACEMENT_3D('',#302,#303,#304);
#302 = CARTESIAN_POINT('',(56.177299406696,186.99996635716,-0.5));
#303 = DIRECTION('',(0.,0.,-1.));
#304 = DIRECTION('',(0.999999999999,1.345713252371E-06,0.));
#305 = ORIENTED_EDGE('',*,*,#306,.T.);
#306 = EDGE_CURVE('',#298,#298,#307,.T.);
#307 = CIRCLE('',#308,0.5);
#308 = AXIS2_PLACEMENT_3D('',#309,#310,#311);
#309 = CARTESIAN_POINT('',(58.132,162.0765,0.));
#310 = DIRECTION('',(0.996938630626,7.818802187653E-02,0.));
#311 = DIRECTION('',(7.818802187653E-02,-0.996938630626,0.));
#312 = ORIENTED_EDGE('',*,*,#297,.F.);
#313 = ORIENTED_EDGE('',*,*,#274,.T.);
#314 = TOROIDAL_SURFACE('',#315,25.000000593327,0.5);
#315 = AXIS2_PLACEMENT_3D('',#316,#317,#318);
#316 = CARTESIAN_POINT('',(56.177299406696,186.99996635716,0.));
#317 = DIRECTION('',(0.,-0.,-1.));
#318 = DIRECTION('',(0.999999999999,1.345713252371E-06,0.));
#319 = ADVANCED_FACE('',(#320),#340,.T.);
#320 = FACE_BOUND('',#321,.T.);
#321 = EDGE_LOOP('',(#322,#331,#338,#339));
#322 = ORIENTED_EDGE('',*,*,#323,.T.);
#323 = EDGE_CURVE('',#298,#324,#326,.T.);
#324 = VERTEX_POINT('',#325);
#325 = CARTESIAN_POINT('',(35.3005,140.4162,-0.5));
#326 = CIRCLE('',#327,25.000005164863);
#327 = AXIS2_PLACEMENT_3D('',#328,#329,#330);
#328 = CARTESIAN_POINT('',(60.086623826639,137.15302303671,-0.5));
#329 = DIRECTION('',(0.,0.,1.));
#330 = DIRECTION('',(-7.818493691296E-02,0.996938872569,0.));
#331 = ORIENTED_EDGE('',*,*,#332,.T.);
#332 = EDGE_CURVE('',#324,#324,#333,.T.);
#333 = CIRCLE('',#334,0.5);
#334 = AXIS2_PLACEMENT_3D('',#335,#336,#337);
#335 = CARTESIAN_POINT('',(35.3005,140.4162,0.));
#336 = DIRECTION('',(0.130527051565,0.991444748238,-0.));
#337 = DIRECTION('',(-0.991444748238,0.130527051565,0.));
#338 = ORIENTED_EDGE('',*,*,#323,.F.);
#339 = ORIENTED_EDGE('',*,*,#306,.F.);
#340 = TOROIDAL_SURFACE('',#341,25.000005164863,0.5);
#341 = AXIS2_PLACEMENT_3D('',#342,#343,#344);
#342 = CARTESIAN_POINT('',(60.086623826639,137.15302303671,0.));
#343 = DIRECTION('',(0.,0.,1.));
#344 = DIRECTION('',(-7.818493691296E-02,0.996938872569,0.));
#345 = ADVANCED_FACE('',(#346),#365,.T.);
#346 = FACE_BOUND('',#347,.T.);
#347 = EDGE_LOOP('',(#348,#356,#363,#364));
#348 = ORIENTED_EDGE('',*,*,#349,.T.);
#349 = EDGE_CURVE('',#324,#350,#352,.T.);
#350 = VERTEX_POINT('',#351);
#351 = CARTESIAN_POINT('',(23.0767,47.5671,-0.5));
#352 = LINE('',#353,#354);
#353 = CARTESIAN_POINT('',(35.3005,140.4162,-0.5));
#354 = VECTOR('',#355,1.);
#355 = DIRECTION('',(-0.130526025188,-0.991444883364,0.));
#356 = ORIENTED_EDGE('',*,*,#357,.F.);
#357 = EDGE_CURVE('',#350,#350,#358,.T.);
#358 = CIRCLE('',#359,0.5);
#359 = AXIS2_PLACEMENT_3D('',#360,#361,#362);
#360 = CARTESIAN_POINT('',(23.0767,47.5671,0.));
#361 = DIRECTION('',(-0.130525317803,-0.991444976493,-0.));
#362 = DIRECTION('',(0.,0.,-1.));
#363 = ORIENTED_EDGE('',*,*,#349,.F.);
#364 = ORIENTED_EDGE('',*,*,#332,.F.);
#365 = SURFACE_OF_LINEAR_EXTRUSION('',#366,#371);
#366 = CIRCLE('',#367,0.5);
#367 = AXIS2_PLACEMENT_3D('',#368,#369,#370);
#368 = CARTESIAN_POINT('',(35.3005,140.4162,0.));
#369 = DIRECTION('',(-0.130525317803,-0.991444976493,-0.));
#370 = DIRECTION('',(0.,0.,-1.));
#371 = VECTOR('',#372,1.);
#372 = DIRECTION('',(-0.130526025188,-0.991444883364,0.));
#373 = ADVANCED_FACE('',(#374),#394,.T.);
#374 = FACE_BOUND('',#375,.T.);
#375 = EDGE_LOOP('',(#376,#385,#392,#393));
#376 = ORIENTED_EDGE('',*,*,#377,.T.);
#377 = EDGE_CURVE('',#350,#378,#380,.T.);
#378 = VERTEX_POINT('',#379);
#379 = CARTESIAN_POINT('',(92.4779,38.4303,-0.5));
#380 = CIRCLE('',#381,35.000027413132);
#381 = AXIS2_PLACEMENT_3D('',#382,#383,#384);
#382 = CARTESIAN_POINT('',(57.7773,42.9987,-0.5));
#383 = DIRECTION('',(0.,0.,1.));
#384 = DIRECTION('',(-0.991444937754,0.130525612054,0.));
#385 = ORIENTED_EDGE('',*,*,#386,.T.);
#386 = EDGE_CURVE('',#378,#378,#387,.T.);
#387 = CIRCLE('',#388,0.5);
#388 = AXIS2_PLACEMENT_3D('',#389,#390,#391);
#389 = CARTESIAN_POINT('',(92.4779,38.4303,0.));
#390 = DIRECTION('',(-0.130525612054,-0.991444937754,0.));
#391 = DIRECTION('',(0.991444937754,-0.130525612054,0.));
#392 = ORIENTED_EDGE('',*,*,#377,.F.);
#393 = ORIENTED_EDGE('',*,*,#357,.T.);
#394 = TOROIDAL_SURFACE('',#395,35.000027413132,0.5);
#395 = AXIS2_PLACEMENT_3D('',#396,#397,#398);
#396 = CARTESIAN_POINT('',(57.7773,42.9987,0.));
#397 = DIRECTION('',(0.,0.,1.));
#398 = DIRECTION('',(-0.991444937754,0.130525612054,0.));
#399 = ADVANCED_FACE('',(#400),#419,.T.);
#400 = FACE_BOUND('',#401,.T.);
#401 = EDGE_LOOP('',(#402,#410,#417,#418));
#402 = ORIENTED_EDGE('',*,*,#403,.T.);
#403 = EDGE_CURVE('',#378,#404,#406,.T.);
#404 = VERTEX_POINT('',#405);
#405 = CARTESIAN_POINT('',(105.9985,141.1294,-0.5));
#406 = LINE('',#407,#408);
#407 = CARTESIAN_POINT('',(92.4779,38.4303,-0.5));
#408 = VECTOR('',#409,1.);
#409 = DIRECTION('',(0.130526258504,0.991444852647,0.));
#410 = ORIENTED_EDGE('',*,*,#411,.F.);
#411 = EDGE_CURVE('',#404,#404,#412,.T.);
#412 = CIRCLE('',#413,0.5);
#413 = AXIS2_PLACEMENT_3D('',#414,#415,#416);
#414 = CARTESIAN_POINT('',(105.9985,141.1294,0.));
#415 = DIRECTION('',(0.130525317803,0.991444976493,0.));
#416 = DIRECTION('',(0.,0.,-1.));
#417 = ORIENTED_EDGE('',*,*,#403,.F.);
#418 = ORIENTED_EDGE('',*,*,#386,.F.);
#419 = SURFACE_OF_LINEAR_EXTRUSION('',#420,#425);
#420 = CIRCLE('',#421,0.5);
#421 = AXIS2_PLACEMENT_3D('',#422,#423,#424);
#422 = CARTESIAN_POINT('',(92.4779,38.4303,0.));
#423 = DIRECTION('',(0.130525317803,0.991444976493,0.));
#424 = DIRECTION('',(0.,0.,-1.));
#425 = VECTOR('',#426,1.);
#426 = DIRECTION('',(0.130526258504,0.991444852647,0.));
#427 = ADVANCED_FACE('',(#428),#448,.T.);
#428 = FACE_BOUND('',#429,.T.);
#429 = EDGE_LOOP('',(#430,#439,#446,#447));
#430 = ORIENTED_EDGE('',*,*,#431,.T.);
#431 = EDGE_CURVE('',#404,#432,#434,.T.);
#432 = VERTEX_POINT('',#433);
#433 = CARTESIAN_POINT('',(94.2948,165.6963,-0.5));
#434 = CIRCLE('',#435,25.000327897903);
#435 = AXIS2_PLACEMENT_3D('',#436,#437,#438);
#436 = CARTESIAN_POINT('',(81.21202364302,144.39237177547,-0.5));
#437 = DIRECTION('',(-0.,0.,1.));
#438 = DIRECTION('',(0.991446050556,-0.130517159167,0.));
#439 = ORIENTED_EDGE('',*,*,#440,.T.);
#440 = EDGE_CURVE('',#432,#432,#441,.T.);
#441 = CIRCLE('',#442,0.5);
#442 = AXIS2_PLACEMENT_3D('',#443,#444,#445);
#443 = CARTESIAN_POINT('',(94.2948,165.6963,0.));
#444 = DIRECTION('',(0.852145952306,-0.523304190665,0.));
#445 = DIRECTION('',(0.523304190665,0.852145952306,0.));
#446 = ORIENTED_EDGE('',*,*,#431,.F.);
#447 = ORIENTED_EDGE('',*,*,#411,.T.);
#448 = TOROIDAL_SURFACE('',#449,25.000327897903,0.5);
#449 = AXIS2_PLACEMENT_3D('',#450,#451,#452);
#450 = CARTESIAN_POINT('',(81.21202364302,144.39237177547,0.));
#451 = DIRECTION('',(-0.,0.,1.));
#452 = DIRECTION('',(0.991446050556,-0.130517159167,0.));
#453 = ADVANCED_FACE('',(#454),#474,.T.);
#454 = FACE_BOUND('',#455,.T.);
#455 = EDGE_LOOP('',(#456,#465,#472,#473));
#456 = ORIENTED_EDGE('',*,*,#457,.T.);
#457 = EDGE_CURVE('',#432,#458,#460,.T.);
#458 = VERTEX_POINT('',#459);
#459 = CARTESIAN_POINT('',(82.3773,187.,-0.5));
#460 = CIRCLE('',#461,25.000115669624);
#461 = AXIS2_PLACEMENT_3D('',#462,#463,#464);
#462 = CARTESIAN_POINT('',(107.3774156695,187.00007785132,-0.5));
#463 = DIRECTION('',(-0.,0.,-1.));
#464 = DIRECTION('',(-0.523302205573,-0.852147171351,0.));
#465 = ORIENTED_EDGE('',*,*,#466,.T.);
#466 = EDGE_CURVE('',#458,#458,#467,.T.);
#467 = CIRCLE('',#468,0.5);
#468 = AXIS2_PLACEMENT_3D('',#469,#470,#471);
#469 = CARTESIAN_POINT('',(82.3773,187.,0.));
#470 = DIRECTION('',(3.114038633734E-06,-0.999999999995,-0.));
#471 = DIRECTION('',(-0.999999999995,-3.114038633734E-06,0.));
#472 = ORIENTED_EDGE('',*,*,#457,.F.);
#473 = ORIENTED_EDGE('',*,*,#440,.F.);
#474 = TOROIDAL_SURFACE('',#475,25.000115669624,0.5);
#475 = AXIS2_PLACEMENT_3D('',#476,#477,#478);
#476 = CARTESIAN_POINT('',(107.3774156695,187.00007785132,0.));
#477 = DIRECTION('',(-0.,0.,-1.));
#478 = DIRECTION('',(-0.523302205573,-0.852147171351,0.));
#479 = ADVANCED_FACE('',(#480),#499,.T.);
#480 = FACE_BOUND('',#481,.T.);
#481 = EDGE_LOOP('',(#482,#490,#497,#498));
#482 = ORIENTED_EDGE('',*,*,#483,.T.);
#483 = EDGE_CURVE('',#458,#484,#486,.T.);
#484 = VERTEX_POINT('',#485);
#485 = CARTESIAN_POINT('',(82.3773,191.,-0.5));
#486 = LINE('',#487,#488);
#487 = CARTESIAN_POINT('',(82.3773,187.,-0.5));
#488 = VECTOR('',#489,1.);
#489 = DIRECTION('',(0.,1.,0.));
#490 = ORIENTED_EDGE('',*,*,#491,.F.);
#491 = EDGE_CURVE('',#484,#484,#492,.T.);
#492 = CIRCLE('',#493,0.5);
#493 = AXIS2_PLACEMENT_3D('',#494,#495,#496);
#494 = CARTESIAN_POINT('',(82.3773,191.,0.));
#495 = DIRECTION('',(7.444512024151E-06,0.999999999972,0.));
#496 = DIRECTION('',(0.,0.,-1.));
#497 = ORIENTED_EDGE('',*,*,#483,.F.);
#498 = ORIENTED_EDGE('',*,*,#466,.F.);
#499 = SURFACE_OF_LINEAR_EXTRUSION('',#500,#505);
#500 = CIRCLE('',#501,0.5);
#501 = AXIS2_PLACEMENT_3D('',#502,#503,#504);
#502 = CARTESIAN_POINT('',(82.3773,187.,0.));
#503 = DIRECTION('',(7.444512024151E-06,0.999999999972,0.));
#504 = DIRECTION('',(0.,0.,-1.));
#505 = VECTOR('',#506,1.);
#506 = DIRECTION('',(0.,1.,0.));
#507 = ADVANCED_FACE('',(#508),#511,.F.);
#508 = FACE_BOUND('',#509,.F.);
#509 = EDGE_LOOP('',(#510));
#510 = ORIENTED_EDGE('',*,*,#282,.T.);
#511 = PLANE('',#512);
#512 = AXIS2_PLACEMENT_3D('',#513,#514,#515);
#513 = CARTESIAN_POINT('',(81.1773,191.,7.264525704116E-16));
#514 = DIRECTION('',(-0.,-1.,-0.));
#515 = DIRECTION('',(0.,0.,-1.));
#516 = ADVANCED_FACE('',(#517),#520,.T.);
#517 = FACE_BOUND('',#518,.T.);
#518 = EDGE_LOOP('',(#519));
#519 = ORIENTED_EDGE('',*,*,#491,.T.);
#520 = PLANE('',#521);
#521 = AXIS2_PLACEMENT_3D('',#522,#523,#524);
#522 = CARTESIAN_POINT('',(82.3773,191.,-5.98255057986E-16));
#523 = DIRECTION('',(7.444512003193E-06,0.999999999972,0.));
#524 = DIRECTION('',(0.999999999972,-7.444512003193E-06,0.));
#525 = ( GEOMETRIC_REPRESENTATION_CONTEXT(3) 
GLOBAL_UNCERTAINTY_ASSIGNED_CONTEXT((#529)) GLOBAL_UNIT_ASSIGNED_CONTEXT
((#526,#527,#528)) REPRESENTATION_CONTEXT('Context #1',
  '3D Context with UNIT and UNCERTAINTY') );
#526 = ( LENGTH_UNIT() NAMED_UNIT(*) SI_UNIT(.MILLI.,.METRE.) );
#527 = ( NAMED_UNIT(*) PLANE_ANGLE_UNIT() SI_UNIT($,.RADIAN.) );
#528 = ( NAMED_UNIT(*) SI_UNIT($,.STERADIAN.) SOLID_ANGLE_UNIT() );
#529 = UNCERTAINTY_MEASURE_WITH_UNIT(LENGTH_MEASURE(1.E-06),#526,
  'distance_accuracy_value','confusion accuracy');
#530 = CONTEXT_DEPENDENT_SHAPE_REPRESENTATION(#531,#533);
#531 = ( REPRESENTATION_RELATIONSHIP('','',#257,#10) 
REPRESENTATION_RELATIONSHIP_WITH_TRANSFORMATION(#532) 
SHAPE_REPRESENTATION_RELATIONSHIP() );
#532 = ITEM_DEFINED_TRANSFORMATION('','',#11,#19);
#533 = PRODUCT_DEFINITION_SHAPE('Placement','Placement of an item',#534
  );
#534 = NEXT_ASSEMBLY_USAGE_OCCURRENCE('2','Tile0_Fiber','',#5,#252,$);
#535 = PRODUCT_RELATED_PRODUCT_CATEGORY('part',$,(#254));
#536 = SHAPE_DEFINITION_REPRESENTATION(#537,#543);
#537 = PRODUCT_DEFINITION_SHAPE('','',#538);
#538 = PRODUCT_DEFINITION('design','',#539,#542);
#539 = PRODUCT_DEFINITION_FORMATION('','',#540);
#540 = PRODUCT('Tile0_Coating','Tile0_Coating','',(#541));
#541 = PRODUCT_CONTEXT('',#2,'mechanical');
#542 = PRODUCT_DEFINITION_CONTEXT('part definition',#2,'design');
#543 = ADVANCED_BREP_SHAPE_REPRESENTATION('',(#11,#544),#978);
#544 = MANIFOLD_SOLID_BREP('',#545);
#545 = CLOSED_SHELL('',(#546,#586,#617,#648,#665,#682,#728,#759,#783,
    #807,#824,#870,#901,#925,#949,#966));
#546 = ADVANCED_FACE('',(#547),#581,.F.);
#547 = FACE_BOUND('',#548,.F.);
#548 = EDGE_LOOP('',(#549,#559,#567,#575));
#549 = ORIENTED_EDGE('',*,*,#550,.T.);
#550 = EDGE_CURVE('',#551,#553,#555,.T.);
#551 = VERTEX_POINT('',#552);
#552 = CARTESIAN_POINT('',(-5.404236221698E-02,-4.9995E-02,-3.55));
#553 = VERTEX_POINT('',#554);
#554 = CARTESIAN_POINT('',(-5.404236221698E-02,-4.9995E-02,3.55));
#555 = LINE('',#556,#557);
#556 = CARTESIAN_POINT('',(-5.404236221698E-02,-4.9995E-02,-3.55));
#557 = VECTOR('',#558,1.);
#558 = DIRECTION('',(0.,0.,1.));
#559 = ORIENTED_EDGE('',*,*,#560,.T.);
#560 = EDGE_CURVE('',#553,#561,#563,.T.);
#561 = VERTEX_POINT('',#562);
#562 = CARTESIAN_POINT('',(110.61739466897,-4.9995E-02,3.55));
#563 = LINE('',#564,#565);
#564 = CARTESIAN_POINT('',(0.,-4.9995E-02,3.55));
#565 = VECTOR('',#566,1.);
#566 = DIRECTION('',(1.,0.,0.));
#567 = ORIENTED_EDGE('',*,*,#568,.F.);
#568 = EDGE_CURVE('',#569,#561,#571,.T.);
#569 = VERTEX_POINT('',#570);
#570 = CARTESIAN_POINT('',(110.61739466897,-4.9995E-02,-3.55));
#571 = LINE('',#572,#573);
#572 = CARTESIAN_POINT('',(110.61739466897,-4.9995E-02,-3.55));
#573 = VECTOR('',#574,1.);
#574 = DIRECTION('',(0.,0.,1.));
#575 = ORIENTED_EDGE('',*,*,#576,.F.);
#576 = EDGE_CURVE('',#551,#569,#577,.T.);
#577 = LINE('',#578,#579);
#578 = CARTESIAN_POINT('',(0.,-4.9995E-02,-3.55));
#579 = VECTOR('',#580,1.);
#580 = DIRECTION('',(1.,0.,0.));
#581 = PLANE('',#582);
#582 = AXIS2_PLACEMENT_3D('',#583,#584,#585);
#583 = CARTESIAN_POINT('',(-5.404236221698E-02,-4.9995E-02,-3.55));
#584 = DIRECTION('',(0.,1.,0.));
#585 = DIRECTION('',(1.,0.,0.));
#586 = ADVANCED_FACE('',(#587),#612,.F.);
#587 = FACE_BOUND('',#588,.F.);
#588 = EDGE_LOOP('',(#589,#599,#605,#606));
#589 = ORIENTED_EDGE('',*,*,#590,.T.);
#590 = EDGE_CURVE('',#591,#593,#595,.T.);
#591 = VERTEX_POINT('',#592);
#592 = CARTESIAN_POINT('',(14.818039994008,191.05,-3.55));
#593 = VERTEX_POINT('',#594);
#594 = CARTESIAN_POINT('',(14.818039994008,191.05,3.55));
#595 = LINE('',#596,#597);
#596 = CARTESIAN_POINT('',(14.818039994008,191.05,-3.55));
#597 = VECTOR('',#598,1.);
#598 = DIRECTION('',(0.,0.,1.));
#599 = ORIENTED_EDGE('',*,*,#600,.T.);
#600 = EDGE_CURVE('',#593,#553,#601,.T.);
#601 = LINE('',#602,#603);
#602 = CARTESIAN_POINT('',(14.81445072835,191.00387944789,3.55));
#603 = VECTOR('',#604,1.);
#604 = DIRECTION('',(-7.758895790401E-02,-0.996985432999,0.));
#605 = ORIENTED_EDGE('',*,*,#550,.F.);
#606 = ORIENTED_EDGE('',*,*,#607,.F.);
#607 = EDGE_CURVE('',#591,#551,#608,.T.);
#608 = LINE('',#609,#610);
#609 = CARTESIAN_POINT('',(14.81445072835,191.00387944789,-3.55));
#610 = VECTOR('',#611,1.);
#611 = DIRECTION('',(-7.758895790401E-02,-0.996985432999,0.));
#612 = PLANE('',#613);
#613 = AXIS2_PLACEMENT_3D('',#614,#615,#616);
#614 = CARTESIAN_POINT('',(14.818039994008,191.05,-3.55));
#615 = DIRECTION('',(0.996985432999,-7.758895790401E-02,0.));
#616 = DIRECTION('',(-7.758895790401E-02,-0.996985432999,0.));
#617 = ADVANCED_FACE('',(#618),#643,.F.);
#618 = FACE_BOUND('',#619,.F.);
#619 = EDGE_LOOP('',(#620,#621,#629,#637));
#620 = ORIENTED_EDGE('',*,*,#568,.T.);
#621 = ORIENTED_EDGE('',*,*,#622,.T.);
#622 = EDGE_CURVE('',#561,#623,#625,.T.);
#623 = VERTEX_POINT('',#624);
#624 = CARTESIAN_POINT('',(140.47451849137,191.05,3.55));
#625 = LINE('',#626,#627);
#626 = CARTESIAN_POINT('',(110.62400069041,-7.71327613414E-03,3.55));
#627 = VECTOR('',#628,1.);
#628 = DIRECTION('',(0.154365522683,0.988013808308,0.));
#629 = ORIENTED_EDGE('',*,*,#630,.F.);
#630 = EDGE_CURVE('',#631,#623,#633,.T.);
#631 = VERTEX_POINT('',#632);
#632 = CARTESIAN_POINT('',(140.47451849137,191.05,-3.55));
#633 = LINE('',#634,#635);
#634 = CARTESIAN_POINT('',(140.47451849137,191.05,-3.55));
#635 = VECTOR('',#636,1.);
#636 = DIRECTION('',(0.,0.,1.));
#637 = ORIENTED_EDGE('',*,*,#638,.F.);
#638 = EDGE_CURVE('',#569,#631,#639,.T.);
#639 = LINE('',#640,#641);
#640 = CARTESIAN_POINT('',(110.62400069041,-7.71327613414E-03,-3.55));
#641 = VECTOR('',#642,1.);
#642 = DIRECTION('',(0.154365522683,0.988013808308,0.));
#643 = PLANE('',#644);
#644 = AXIS2_PLACEMENT_3D('',#645,#646,#647);
#645 = CARTESIAN_POINT('',(110.61739466897,-4.9995E-02,-3.55));
#646 = DIRECTION('',(-0.988013808308,0.154365522683,0.));
#647 = DIRECTION('',(0.154365522683,0.988013808308,0.));
#648 = ADVANCED_FACE('',(#649),#660,.F.);
#649 = FACE_BOUND('',#650,.T.);
#650 = EDGE_LOOP('',(#651,#652,#653,#659));
#651 = ORIENTED_EDGE('',*,*,#576,.F.);
#652 = ORIENTED_EDGE('',*,*,#607,.F.);
#653 = ORIENTED_EDGE('',*,*,#654,.F.);
#654 = EDGE_CURVE('',#631,#591,#655,.T.);
#655 = LINE('',#656,#657);
#656 = CARTESIAN_POINT('',(140.4161,191.05,-3.55));
#657 = VECTOR('',#658,1.);
#658 = DIRECTION('',(-1.,0.,0.));
#659 = ORIENTED_EDGE('',*,*,#638,.F.);
#660 = PLANE('',#661);
#661 = AXIS2_PLACEMENT_3D('',#662,#663,#664);
#662 = CARTESIAN_POINT('',(66.898653231771,97.803181375834,-3.55));
#663 = DIRECTION('',(0.,0.,1.));
#664 = DIRECTION('',(1.,0.,-0.));
#665 = ADVANCED_FACE('',(#666),#677,.T.);
#666 = FACE_BOUND('',#667,.F.);
#667 = EDGE_LOOP('',(#668,#669,#670,#676));
#668 = ORIENTED_EDGE('',*,*,#560,.F.);
#669 = ORIENTED_EDGE('',*,*,#600,.F.);
#670 = ORIENTED_EDGE('',*,*,#671,.F.);
#671 = EDGE_CURVE('',#623,#593,#672,.T.);
#672 = LINE('',#673,#674);
#673 = CARTESIAN_POINT('',(140.4161,191.05,3.55));
#674 = VECTOR('',#675,1.);
#675 = DIRECTION('',(-1.,0.,0.));
#676 = ORIENTED_EDGE('',*,*,#622,.F.);
#677 = PLANE('',#678);
#678 = AXIS2_PLACEMENT_3D('',#679,#680,#681);
#679 = CARTESIAN_POINT('',(66.898653231771,97.803181375834,3.55));
#680 = DIRECTION('',(0.,0.,1.));
#681 = DIRECTION('',(1.,0.,-0.));
#682 = ADVANCED_FACE('',(#683,#689),#723,.F.);
#683 = FACE_BOUND('',#684,.F.);
#684 = EDGE_LOOP('',(#685,#686,#687,#688));
#685 = ORIENTED_EDGE('',*,*,#630,.T.);
#686 = ORIENTED_EDGE('',*,*,#671,.T.);
#687 = ORIENTED_EDGE('',*,*,#590,.F.);
#688 = ORIENTED_EDGE('',*,*,#654,.F.);
#689 = FACE_BOUND('',#690,.F.);
#690 = EDGE_LOOP('',(#691,#701,#709,#717));
#691 = ORIENTED_EDGE('',*,*,#692,.T.);
#692 = EDGE_CURVE('',#693,#695,#697,.T.);
#693 = VERTEX_POINT('',#694);
#694 = CARTESIAN_POINT('',(90.7773,191.05,-3.));
#695 = VERTEX_POINT('',#696);
#696 = CARTESIAN_POINT('',(72.7773,191.05,-3.));
#697 = LINE('',#698,#699);
#698 = CARTESIAN_POINT('',(106.62590924568,191.05,-3.));
#699 = VECTOR('',#700,1.);
#700 = DIRECTION('',(-1.,0.,0.));
#701 = ORIENTED_EDGE('',*,*,#702,.T.);
#702 = EDGE_CURVE('',#695,#703,#705,.T.);
#703 = VERTEX_POINT('',#704);
#704 = CARTESIAN_POINT('',(72.7773,191.05,3.));
#705 = LINE('',#706,#707);
#706 = CARTESIAN_POINT('',(72.7773,191.05,-3.275));
#707 = VECTOR('',#708,1.);
#708 = DIRECTION('',(0.,0.,1.));
#709 = ORIENTED_EDGE('',*,*,#710,.F.);
#710 = EDGE_CURVE('',#711,#703,#713,.T.);
#711 = VERTEX_POINT('',#712);
#712 = CARTESIAN_POINT('',(90.7773,191.05,3.));
#713 = LINE('',#714,#715);
#714 = CARTESIAN_POINT('',(106.62590924568,191.05,3.));
#715 = VECTOR('',#716,1.);
#716 = DIRECTION('',(-1.,0.,0.));
#717 = ORIENTED_EDGE('',*,*,#718,.F.);
#718 = EDGE_CURVE('',#693,#711,#719,.T.);
#719 = LINE('',#720,#721);
#720 = CARTESIAN_POINT('',(90.7773,191.05,-3.275));
#721 = VECTOR('',#722,1.);
#722 = DIRECTION('',(0.,0.,1.));
#723 = PLANE('',#724);
#724 = AXIS2_PLACEMENT_3D('',#725,#726,#727);
#725 = CARTESIAN_POINT('',(140.47451849137,191.05,-3.55));
#726 = DIRECTION('',(0.,-1.,0.));
#727 = DIRECTION('',(-1.,0.,0.));
#728 = ADVANCED_FACE('',(#729),#754,.T.);
#729 = FACE_BOUND('',#730,.T.);
#730 = EDGE_LOOP('',(#731,#739,#747,#753));
#731 = ORIENTED_EDGE('',*,*,#732,.F.);
#732 = EDGE_CURVE('',#733,#695,#735,.T.);
#733 = VERTEX_POINT('',#734);
#734 = CARTESIAN_POINT('',(72.7773,191.,-3.));
#735 = LINE('',#736,#737);
#736 = CARTESIAN_POINT('',(72.7773,190.5,-3.));
#737 = VECTOR('',#738,1.);
#738 = DIRECTION('',(-0.,1.,0.));
#739 = ORIENTED_EDGE('',*,*,#740,.F.);
#740 = EDGE_CURVE('',#741,#733,#743,.T.);
#741 = VERTEX_POINT('',#742);
#742 = CARTESIAN_POINT('',(90.7773,191.,-3.));
#743 = LINE('',#744,#745);
#744 = CARTESIAN_POINT('',(106.5967,191.,-3.));
#745 = VECTOR('',#746,1.);
#746 = DIRECTION('',(-1.,0.,0.));
#747 = ORIENTED_EDGE('',*,*,#748,.T.);
#748 = EDGE_CURVE('',#741,#693,#749,.T.);
#749 = LINE('',#750,#751);
#750 = CARTESIAN_POINT('',(90.7773,190.5,-3.));
#751 = VECTOR('',#752,1.);
#752 = DIRECTION('',(-0.,1.,0.));
#753 = ORIENTED_EDGE('',*,*,#692,.T.);
#754 = PLANE('',#755);
#755 = AXIS2_PLACEMENT_3D('',#756,#757,#758);
#756 = CARTESIAN_POINT('',(72.7773,190.5,-3.));
#757 = DIRECTION('',(0.,0.,1.));
#758 = DIRECTION('',(1.,0.,-0.));
#759 = ADVANCED_FACE('',(#760),#778,.F.);
#760 = FACE_BOUND('',#761,.F.);
#761 = EDGE_LOOP('',(#762,#770,#776,#777));
#762 = ORIENTED_EDGE('',*,*,#763,.F.);
#763 = EDGE_CURVE('',#764,#711,#766,.T.);
#764 = VERTEX_POINT('',#765);
#765 = CARTESIAN_POINT('',(90.7773,191.,3.));
#766 = LINE('',#767,#768);
#767 = CARTESIAN_POINT('',(90.7773,190.5,3.));
#768 = VECTOR('',#769,1.);
#769 = DIRECTION('',(-0.,1.,0.));
#770 = ORIENTED_EDGE('',*,*,#771,.F.);
#771 = EDGE_CURVE('',#741,#764,#772,.T.);
#772 = LINE('',#773,#774);
#773 = CARTESIAN_POINT('',(90.7773,191.,-3.25));
#774 = VECTOR('',#775,1.);
#775 = DIRECTION('',(0.,0.,1.));
#776 = ORIENTED_EDGE('',*,*,#748,.T.);
#777 = ORIENTED_EDGE('',*,*,#718,.T.);
#778 = PLANE('',#779);
#779 = AXIS2_PLACEMENT_3D('',#780,#781,#782);
#780 = CARTESIAN_POINT('',(90.7773,190.5,-3.));
#781 = DIRECTION('',(1.,0.,-0.));
#782 = DIRECTION('',(0.,0.,1.));
#783 = ADVANCED_FACE('',(#784),#802,.F.);
#784 = FACE_BOUND('',#785,.F.);
#785 = EDGE_LOOP('',(#786,#794,#800,#801));
#786 = ORIENTED_EDGE('',*,*,#787,.F.);
#787 = EDGE_CURVE('',#788,#703,#790,.T.);
#788 = VERTEX_POINT('',#789);
#789 = CARTESIAN_POINT('',(72.7773,191.,3.));
#790 = LINE('',#791,#792);
#791 = CARTESIAN_POINT('',(72.7773,190.5,3.));
#792 = VECTOR('',#793,1.);
#793 = DIRECTION('',(-0.,1.,0.));
#794 = ORIENTED_EDGE('',*,*,#795,.F.);
#795 = EDGE_CURVE('',#764,#788,#796,.T.);
#796 = LINE('',#797,#798);
#797 = CARTESIAN_POINT('',(106.5967,191.,3.));
#798 = VECTOR('',#799,1.);
#799 = DIRECTION('',(-1.,0.,0.));
#800 = ORIENTED_EDGE('',*,*,#763,.T.);
#801 = ORIENTED_EDGE('',*,*,#710,.T.);
#802 = PLANE('',#803);
#803 = AXIS2_PLACEMENT_3D('',#804,#805,#806);
#804 = CARTESIAN_POINT('',(72.7773,190.5,3.));
#805 = DIRECTION('',(0.,0.,1.));
#806 = DIRECTION('',(1.,0.,-0.));
#807 = ADVANCED_FACE('',(#808),#819,.T.);
#808 = FACE_BOUND('',#809,.T.);
#809 = EDGE_LOOP('',(#810,#811,#817,#818));
#810 = ORIENTED_EDGE('',*,*,#787,.F.);
#811 = ORIENTED_EDGE('',*,*,#812,.F.);
#812 = EDGE_CURVE('',#733,#788,#813,.T.);
#813 = LINE('',#814,#815);
#814 = CARTESIAN_POINT('',(72.7773,191.,-3.25));
#815 = VECTOR('',#816,1.);
#816 = DIRECTION('',(0.,0.,1.));
#817 = ORIENTED_EDGE('',*,*,#732,.T.);
#818 = ORIENTED_EDGE('',*,*,#702,.T.);
#819 = PLANE('',#820);
#820 = AXIS2_PLACEMENT_3D('',#821,#822,#823);
#821 = CARTESIAN_POINT('',(72.7773,190.5,-3.));
#822 = DIRECTION('',(1.,0.,-0.));
#823 = DIRECTION('',(0.,0.,1.));
#824 = ADVANCED_FACE('',(#825,#859),#865,.T.);
#825 = FACE_BOUND('',#826,.T.);
#826 = EDGE_LOOP('',(#827,#837,#845,#853));
#827 = ORIENTED_EDGE('',*,*,#828,.T.);
#828 = EDGE_CURVE('',#829,#831,#833,.T.);
#829 = VERTEX_POINT('',#830);
#830 = CARTESIAN_POINT('',(140.4161,191.,-3.5));
#831 = VERTEX_POINT('',#832);
#832 = CARTESIAN_POINT('',(140.4161,191.,3.5));
#833 = LINE('',#834,#835);
#834 = CARTESIAN_POINT('',(140.4161,191.,-3.5));
#835 = VECTOR('',#836,1.);
#836 = DIRECTION('',(0.,0.,1.));
#837 = ORIENTED_EDGE('',*,*,#838,.T.);
#838 = EDGE_CURVE('',#831,#839,#841,.T.);
#839 = VERTEX_POINT('',#840);
#840 = CARTESIAN_POINT('',(14.8643,191.,3.5));
#841 = LINE('',#842,#843);
#842 = CARTESIAN_POINT('',(140.4161,191.,3.5));
#843 = VECTOR('',#844,1.);
#844 = DIRECTION('',(-1.,0.,0.));
#845 = ORIENTED_EDGE('',*,*,#846,.F.);
#846 = EDGE_CURVE('',#847,#839,#849,.T.);
#847 = VERTEX_POINT('',#848);
#848 = CARTESIAN_POINT('',(14.8643,191.,-3.5));
#849 = LINE('',#850,#851);
#850 = CARTESIAN_POINT('',(14.8643,191.,-3.5));
#851 = VECTOR('',#852,1.);
#852 = DIRECTION('',(0.,0.,1.));
#853 = ORIENTED_EDGE('',*,*,#854,.F.);
#854 = EDGE_CURVE('',#829,#847,#855,.T.);
#855 = LINE('',#856,#857);
#856 = CARTESIAN_POINT('',(140.4161,191.,-3.5));
#857 = VECTOR('',#858,1.);
#858 = DIRECTION('',(-1.,0.,0.));
#859 = FACE_BOUND('',#860,.T.);
#860 = EDGE_LOOP('',(#861,#862,#863,#864));
#861 = ORIENTED_EDGE('',*,*,#740,.T.);
#862 = ORIENTED_EDGE('',*,*,#812,.T.);
#863 = ORIENTED_EDGE('',*,*,#795,.F.);
#864 = ORIENTED_EDGE('',*,*,#771,.F.);
#865 = PLANE('',#866);
#866 = AXIS2_PLACEMENT_3D('',#867,#868,#869);
#867 = CARTESIAN_POINT('',(140.4161,191.,-3.5));
#868 = DIRECTION('',(0.,-1.,0.));
#869 = DIRECTION('',(-1.,0.,0.));
#870 = ADVANCED_FACE('',(#871),#896,.T.);
#871 = FACE_BOUND('',#872,.T.);
#872 = EDGE_LOOP('',(#873,#883,#889,#890));
#873 = ORIENTED_EDGE('',*,*,#874,.T.);
#874 = EDGE_CURVE('',#875,#877,#879,.T.);
#875 = VERTEX_POINT('',#876);
#876 = CARTESIAN_POINT('',(110.5746,5.E-06,-3.5));
#877 = VERTEX_POINT('',#878);
#878 = CARTESIAN_POINT('',(110.5746,5.E-06,3.5));
#879 = LINE('',#880,#881);
#880 = CARTESIAN_POINT('',(110.5746,5.E-06,-3.5));
#881 = VECTOR('',#882,1.);
#882 = DIRECTION('',(0.,0.,1.));
#883 = ORIENTED_EDGE('',*,*,#884,.T.);
#884 = EDGE_CURVE('',#877,#831,#885,.T.);
#885 = LINE('',#886,#887);
#886 = CARTESIAN_POINT('',(110.5746,5.E-06,3.5));
#887 = VECTOR('',#888,1.);
#888 = DIRECTION('',(0.154365522683,0.988013808308,0.));
#889 = ORIENTED_EDGE('',*,*,#828,.F.);
#890 = ORIENTED_EDGE('',*,*,#891,.F.);
#891 = EDGE_CURVE('',#875,#829,#892,.T.);
#892 = LINE('',#893,#894);
#893 = CARTESIAN_POINT('',(110.5746,5.E-06,-3.5));
#894 = VECTOR('',#895,1.);
#895 = DIRECTION('',(0.154365522683,0.988013808308,0.));
#896 = PLANE('',#897);
#897 = AXIS2_PLACEMENT_3D('',#898,#899,#900);
#898 = CARTESIAN_POINT('',(110.5746,5.E-06,-3.5));
#899 = DIRECTION('',(-0.988013808308,0.154365522683,0.));
#900 = DIRECTION('',(0.154365522683,0.988013808308,0.));
#901 = ADVANCED_FACE('',(#902),#920,.T.);
#902 = FACE_BOUND('',#903,.T.);
#903 = EDGE_LOOP('',(#904,#912,#913,#914));
#904 = ORIENTED_EDGE('',*,*,#905,.T.);
#905 = EDGE_CURVE('',#906,#875,#908,.T.);
#906 = VERTEX_POINT('',#907);
#907 = CARTESIAN_POINT('',(0.,5.E-06,-3.5));
#908 = LINE('',#909,#910);
#909 = CARTESIAN_POINT('',(0.,5.E-06,-3.5));
#910 = VECTOR('',#911,1.);
#911 = DIRECTION('',(1.,0.,0.));
#912 = ORIENTED_EDGE('',*,*,#891,.T.);
#913 = ORIENTED_EDGE('',*,*,#854,.T.);
#914 = ORIENTED_EDGE('',*,*,#915,.T.);
#915 = EDGE_CURVE('',#847,#906,#916,.T.);
#916 = LINE('',#917,#918);
#917 = CARTESIAN_POINT('',(14.8643,191.,-3.5));
#918 = VECTOR('',#919,1.);
#919 = DIRECTION('',(-7.758895790401E-02,-0.996985432999,0.));
#920 = PLANE('',#921);
#921 = AXIS2_PLACEMENT_3D('',#922,#923,#924);
#922 = CARTESIAN_POINT('',(66.898653231771,97.803181375834,-3.5));
#923 = DIRECTION('',(0.,0.,1.));
#924 = DIRECTION('',(1.,0.,-0.));
#925 = ADVANCED_FACE('',(#926),#944,.F.);
#926 = FACE_BOUND('',#927,.F.);
#927 = EDGE_LOOP('',(#928,#936,#937,#938));
#928 = ORIENTED_EDGE('',*,*,#929,.T.);
#929 = EDGE_CURVE('',#930,#877,#932,.T.);
#930 = VERTEX_POINT('',#931);
#931 = CARTESIAN_POINT('',(0.,5.E-06,3.5));
#932 = LINE('',#933,#934);
#933 = CARTESIAN_POINT('',(0.,5.E-06,3.5));
#934 = VECTOR('',#935,1.);
#935 = DIRECTION('',(1.,0.,0.));
#936 = ORIENTED_EDGE('',*,*,#884,.T.);
#937 = ORIENTED_EDGE('',*,*,#838,.T.);
#938 = ORIENTED_EDGE('',*,*,#939,.T.);
#939 = EDGE_CURVE('',#839,#930,#940,.T.);
#940 = LINE('',#941,#942);
#941 = CARTESIAN_POINT('',(14.8643,191.,3.5));
#942 = VECTOR('',#943,1.);
#943 = DIRECTION('',(-7.758895790401E-02,-0.996985432999,0.));
#944 = PLANE('',#945);
#945 = AXIS2_PLACEMENT_3D('',#946,#947,#948);
#946 = CARTESIAN_POINT('',(66.898653231771,97.803181375834,3.5));
#947 = DIRECTION('',(0.,0.,1.));
#948 = DIRECTION('',(1.,0.,-0.));
#949 = ADVANCED_FACE('',(#950),#961,.T.);
#950 = FACE_BOUND('',#951,.T.);
#951 = EDGE_LOOP('',(#952,#953,#954,#960));
#952 = ORIENTED_EDGE('',*,*,#846,.T.);
#953 = ORIENTED_EDGE('',*,*,#939,.T.);
#954 = ORIENTED_EDGE('',*,*,#955,.F.);
#955 = EDGE_CURVE('',#906,#930,#956,.T.);
#956 = LINE('',#957,#958);
#957 = CARTESIAN_POINT('',(0.,5.E-06,-3.5));
#958 = VECTOR('',#959,1.);
#959 = DIRECTION('',(0.,0.,1.));
#960 = ORIENTED_EDGE('',*,*,#915,.F.);
#961 = PLANE('',#962);
#962 = AXIS2_PLACEMENT_3D('',#963,#964,#965);
#963 = CARTESIAN_POINT('',(14.8643,191.,-3.5));
#964 = DIRECTION('',(0.996985432999,-7.758895790401E-02,0.));
#965 = DIRECTION('',(-7.758895790401E-02,-0.996985432999,0.));
#966 = ADVANCED_FACE('',(#967),#973,.T.);
#967 = FACE_BOUND('',#968,.T.);
#968 = EDGE_LOOP('',(#969,#970,#971,#972));
#969 = ORIENTED_EDGE('',*,*,#955,.T.);
#970 = ORIENTED_EDGE('',*,*,#929,.T.);
#971 = ORIENTED_EDGE('',*,*,#874,.F.);
#972 = ORIENTED_EDGE('',*,*,#905,.F.);
#973 = PLANE('',#974);
#974 = AXIS2_PLACEMENT_3D('',#975,#976,#977);
#975 = CARTESIAN_POINT('',(0.,5.E-06,-3.5));
#976 = DIRECTION('',(0.,1.,0.));
#977 = DIRECTION('',(1.,0.,0.));
#978 = ( GEOMETRIC_REPRESENTATION_CONTEXT(3) 
GLOBAL_UNCERTAINTY_ASSIGNED_CONTEXT((#982)) GLOBAL_UNIT_ASSIGNED_CONTEXT
((#979,#980,#981)) REPRESENTATION_CONTEXT('Context #1',
  '3D Context with UNIT and UNCERTAINTY') );
#979 = ( LENGTH_UNIT() NAMED_UNIT(*) SI_UNIT(.MILLI.,.METRE.) );
#980 = ( NAMED_UNIT(*) PLANE_ANGLE_UNIT() SI_UNIT($,.RADIAN.) );
#981 = ( NAMED_UNIT(*) SI_UNIT($,.STERADIAN.) SOLID_ANGLE_UNIT() );
#982 = UNCERTAINTY_MEASURE_WITH_UNIT(LENGTH_MEASURE(1.E-07),#979,
  'distance_accuracy_value','confusion accuracy');
#983 = CONTEXT_DEPENDENT_SHAPE_REPRESENTATION(#984,#986);
#984 = ( REPRESENTATION_RELATIONSHIP('','',#543,#10) 
REPRESENTATION_RELATIONSHIP_WITH_TRANSFORMATION(#985) 
SHAPE_REPRESENTATION_RELATIONSHIP() );
#985 = ITEM_DEFINED_TRANSFORMATION('','',#11,#23);
#986 = PRODUCT_DEFINITION_SHAPE('Placement','Placement of an item',#987
  );
#987 = NEXT_ASSEMBLY_USAGE_OCCURRENCE('3','Tile0_Coating','',#5,#538,$);
#988 = PRODUCT_RELATED_PRODUCT_CATEGORY('part',$,(#540));
#989 = SHAPE_DEFINITION_REPRESENTATION(#990,#996);
#990 = PRODUCT_DEFINITION_SHAPE('','',#991);
#991 = PRODUCT_DEFINITION('design','',#992,#995);
#992 = PRODUCT_DEFINITION_FORMATION('','',#993);
#993 = PRODUCT('Tile0_WrapAl','Tile0_WrapAl','',(#994));
#994 = PRODUCT_CONTEXT('',#2,'mechanical');
#995 = PRODUCT_DEFINITION_CONTEXT('part definition',#2,'design');
#996 = ADVANCED_BREP_SHAPE_REPRESENTATION('',(#11,#997),#1431);
#997 = MANIFOLD_SOLID_BREP('',#998);
#998 = CLOSED_SHELL('',(#999,#1039,#1070,#1101,#1118,#1135,#1181,#1212,
    #1236,#1260,#1277,#1323,#1354,#1378,#1402,#1419));
#999 = ADVANCED_FACE('',(#1000),#1034,.F.);
#1000 = FACE_BOUND('',#1001,.F.);
#1001 = EDGE_LOOP('',(#1002,#1012,#1020,#1028));
#1002 = ORIENTED_EDGE('',*,*,#1003,.T.);
#1003 = EDGE_CURVE('',#1004,#1006,#1008,.T.);
#1004 = VERTEX_POINT('',#1005);
#1005 = CARTESIAN_POINT('',(-0.162127086651,-0.149995,-3.65));
#1006 = VERTEX_POINT('',#1007);
#1007 = CARTESIAN_POINT('',(-0.162127086651,-0.149995,3.65));
#1008 = LINE('',#1009,#1010);
#1009 = CARTESIAN_POINT('',(-0.162127086651,-0.149995,-3.65));
#1010 = VECTOR('',#1011,1.);
#1011 = DIRECTION('',(0.,0.,1.));
#1012 = ORIENTED_EDGE('',*,*,#1013,.T.);
#1013 = EDGE_CURVE('',#1006,#1014,#1016,.T.);
#1014 = VERTEX_POINT('',#1015);
#1015 = CARTESIAN_POINT('',(110.70298400691,-0.149995,3.65));
#1016 = LINE('',#1017,#1018);
#1017 = CARTESIAN_POINT('',(0.,-0.149995,3.65));
#1018 = VECTOR('',#1019,1.);
#1019 = DIRECTION('',(1.,0.,0.));
#1020 = ORIENTED_EDGE('',*,*,#1021,.F.);
#1021 = EDGE_CURVE('',#1022,#1014,#1024,.T.);
#1022 = VERTEX_POINT('',#1023);
#1023 = CARTESIAN_POINT('',(110.70298400691,-0.149995,-3.65));
#1024 = LINE('',#1025,#1026);
#1025 = CARTESIAN_POINT('',(110.70298400691,-0.149995,-3.65));
#1026 = VECTOR('',#1027,1.);
#1027 = DIRECTION('',(0.,0.,1.));
#1028 = ORIENTED_EDGE('',*,*,#1029,.F.);
#1029 = EDGE_CURVE('',#1004,#1022,#1030,.T.);
#1030 = LINE('',#1031,#1032);
#1031 = CARTESIAN_POINT('',(0.,-0.149995,-3.65));
#1032 = VECTOR('',#1033,1.);
#1033 = DIRECTION('',(1.,0.,0.));
#1034 = PLANE('',#1035);
#1035 = AXIS2_PLACEMENT_3D('',#1036,#1037,#1038);
#1036 = CARTESIAN_POINT('',(-0.162127086651,-0.149995,-3.65));
#1037 = DIRECTION('',(0.,1.,0.));
#1038 = DIRECTION('',(1.,0.,0.));
#1039 = ADVANCED_FACE('',(#1040),#1065,.F.);
#1040 = FACE_BOUND('',#1041,.F.);
#1041 = EDGE_LOOP('',(#1042,#1052,#1058,#1059));
#1042 = ORIENTED_EDGE('',*,*,#1043,.T.);
#1043 = EDGE_CURVE('',#1044,#1046,#1048,.T.);
#1044 = VERTEX_POINT('',#1045);
#1045 = CARTESIAN_POINT('',(14.725519982023,191.15,-3.65));
#1046 = VERTEX_POINT('',#1047);
#1047 = CARTESIAN_POINT('',(14.725519982023,191.15,3.65));
#1048 = LINE('',#1049,#1050);
#1049 = CARTESIAN_POINT('',(14.725519982023,191.15,-3.65));
#1050 = VECTOR('',#1051,1.);
#1051 = DIRECTION('',(0.,0.,1.));
#1052 = ORIENTED_EDGE('',*,*,#1053,.T.);
#1053 = EDGE_CURVE('',#1046,#1006,#1054,.T.);
#1054 = LINE('',#1055,#1056);
#1055 = CARTESIAN_POINT('',(14.71475218505,191.01163834368,3.65));
#1056 = VECTOR('',#1057,1.);
#1057 = DIRECTION('',(-7.758895790401E-02,-0.996985432999,0.));
#1058 = ORIENTED_EDGE('',*,*,#1003,.F.);
#1059 = ORIENTED_EDGE('',*,*,#1060,.F.);
#1060 = EDGE_CURVE('',#1044,#1004,#1061,.T.);
#1061 = LINE('',#1062,#1063);
#1062 = CARTESIAN_POINT('',(14.71475218505,191.01163834368,-3.65));
#1063 = VECTOR('',#1064,1.);
#1064 = DIRECTION('',(-7.758895790401E-02,-0.996985432999,0.));
#1065 = PLANE('',#1066);
#1066 = AXIS2_PLACEMENT_3D('',#1067,#1068,#1069);
#1067 = CARTESIAN_POINT('',(14.725519982023,191.15,-3.65));
#1068 = DIRECTION('',(0.996985432999,-7.758895790401E-02,0.));
#1069 = DIRECTION('',(-7.758895790401E-02,-0.996985432999,0.));
#1070 = ADVANCED_FACE('',(#1071),#1096,.F.);
#1071 = FACE_BOUND('',#1072,.F.);
#1072 = EDGE_LOOP('',(#1073,#1074,#1082,#1090));
#1073 = ORIENTED_EDGE('',*,*,#1021,.T.);
#1074 = ORIENTED_EDGE('',*,*,#1075,.T.);
#1075 = EDGE_CURVE('',#1014,#1076,#1078,.T.);
#1076 = VERTEX_POINT('',#1077);
#1077 = CARTESIAN_POINT('',(140.59135547411,191.15,3.65));
#1078 = LINE('',#1079,#1080);
#1079 = CARTESIAN_POINT('',(110.72280207124,-2.314982840244E-02,3.65));
#1080 = VECTOR('',#1081,1.);
#1081 = DIRECTION('',(0.154365522683,0.988013808308,0.));
#1082 = ORIENTED_EDGE('',*,*,#1083,.F.);
#1083 = EDGE_CURVE('',#1084,#1076,#1086,.T.);
#1084 = VERTEX_POINT('',#1085);
#1085 = CARTESIAN_POINT('',(140.59135547411,191.15,-3.65));
#1086 = LINE('',#1087,#1088);
#1087 = CARTESIAN_POINT('',(140.59135547411,191.15,-3.65));
#1088 = VECTOR('',#1089,1.);
#1089 = DIRECTION('',(0.,0.,1.));
#1090 = ORIENTED_EDGE('',*,*,#1091,.F.);
#1091 = EDGE_CURVE('',#1022,#1084,#1092,.T.);
#1092 = LINE('',#1093,#1094);
#1093 = CARTESIAN_POINT('',(110.72280207124,-2.314982840244E-02,-3.65));
#1094 = VECTOR('',#1095,1.);
#1095 = DIRECTION('',(0.154365522683,0.988013808308,0.));
#1096 = PLANE('',#1097);
#1097 = AXIS2_PLACEMENT_3D('',#1098,#1099,#1100);
#1098 = CARTESIAN_POINT('',(110.70298400691,-0.149995,-3.65));
#1099 = DIRECTION('',(-0.988013808308,0.154365522683,0.));
#1100 = DIRECTION('',(0.154365522683,0.988013808308,0.));
#1101 = ADVANCED_FACE('',(#1102),#1113,.F.);
#1102 = FACE_BOUND('',#1103,.T.);
#1103 = EDGE_LOOP('',(#1104,#1105,#1106,#1112));
#1104 = ORIENTED_EDGE('',*,*,#1029,.F.);
#1105 = ORIENTED_EDGE('',*,*,#1060,.F.);
#1106 = ORIENTED_EDGE('',*,*,#1107,.F.);
#1107 = EDGE_CURVE('',#1084,#1044,#1108,.T.);
#1108 = LINE('',#1109,#1110);
#1109 = CARTESIAN_POINT('',(140.4161,191.15,-3.65));
#1110 = VECTOR('',#1111,1.);
#1111 = DIRECTION('',(-1.,0.,0.));
#1112 = ORIENTED_EDGE('',*,*,#1091,.F.);
#1113 = PLANE('',#1114);
#1114 = AXIS2_PLACEMENT_3D('',#1115,#1116,#1117);
#1115 = CARTESIAN_POINT('',(66.898653231771,97.803181375834,-3.65));
#1116 = DIRECTION('',(0.,0.,1.));
#1117 = DIRECTION('',(1.,0.,-0.));
#1118 = ADVANCED_FACE('',(#1119),#1130,.T.);
#1119 = FACE_BOUND('',#1120,.F.);
#1120 = EDGE_LOOP('',(#1121,#1122,#1123,#1129));
#1121 = ORIENTED_EDGE('',*,*,#1013,.F.);
#1122 = ORIENTED_EDGE('',*,*,#1053,.F.);
#1123 = ORIENTED_EDGE('',*,*,#1124,.F.);
#1124 = EDGE_CURVE('',#1076,#1046,#1125,.T.);
#1125 = LINE('',#1126,#1127);
#1126 = CARTESIAN_POINT('',(140.4161,191.15,3.65));
#1127 = VECTOR('',#1128,1.);
#1128 = DIRECTION('',(-1.,0.,0.));
#1129 = ORIENTED_EDGE('',*,*,#1075,.F.);
#1130 = PLANE('',#1131);
#1131 = AXIS2_PLACEMENT_3D('',#1132,#1133,#1134);
#1132 = CARTESIAN_POINT('',(66.898653231771,97.803181375834,3.65));
#1133 = DIRECTION('',(0.,0.,1.));
#1134 = DIRECTION('',(1.,0.,-0.));
#1135 = ADVANCED_FACE('',(#1136,#1142),#1176,.F.);
#1136 = FACE_BOUND('',#1137,.F.);
#1137 = EDGE_LOOP('',(#1138,#1139,#1140,#1141));
#1138 = ORIENTED_EDGE('',*,*,#1083,.T.);
#1139 = ORIENTED_EDGE('',*,*,#1124,.T.);
#1140 = ORIENTED_EDGE('',*,*,#1043,.F.);
#1141 = ORIENTED_EDGE('',*,*,#1107,.F.);
#1142 = FACE_BOUND('',#1143,.F.);
#1143 = EDGE_LOOP('',(#1144,#1154,#1162,#1170));
#1144 = ORIENTED_EDGE('',*,*,#1145,.T.);
#1145 = EDGE_CURVE('',#1146,#1148,#1150,.T.);
#1146 = VERTEX_POINT('',#1147);
#1147 = CARTESIAN_POINT('',(90.7773,191.15,-3.));
#1148 = VERTEX_POINT('',#1149);
#1149 = CARTESIAN_POINT('',(72.7773,191.15,-3.));
#1150 = LINE('',#1151,#1152);
#1151 = CARTESIAN_POINT('',(106.68432773705,191.15,-3.));
#1152 = VECTOR('',#1153,1.);
#1153 = DIRECTION('',(-1.,0.,0.));
#1154 = ORIENTED_EDGE('',*,*,#1155,.T.);
#1155 = EDGE_CURVE('',#1148,#1156,#1158,.T.);
#1156 = VERTEX_POINT('',#1157);
#1157 = CARTESIAN_POINT('',(72.7773,191.15,3.));
#1158 = LINE('',#1159,#1160);
#1159 = CARTESIAN_POINT('',(72.7773,191.15,-3.325));
#1160 = VECTOR('',#1161,1.);
#1161 = DIRECTION('',(0.,0.,1.));
#1162 = ORIENTED_EDGE('',*,*,#1163,.F.);
#1163 = EDGE_CURVE('',#1164,#1156,#1166,.T.);
#1164 = VERTEX_POINT('',#1165);
#1165 = CARTESIAN_POINT('',(90.7773,191.15,3.));
#1166 = LINE('',#1167,#1168);
#1167 = CARTESIAN_POINT('',(106.68432773705,191.15,3.));
#1168 = VECTOR('',#1169,1.);
#1169 = DIRECTION('',(-1.,0.,0.));
#1170 = ORIENTED_EDGE('',*,*,#1171,.F.);
#1171 = EDGE_CURVE('',#1146,#1164,#1172,.T.);
#1172 = LINE('',#1173,#1174);
#1173 = CARTESIAN_POINT('',(90.7773,191.15,-3.325));
#1174 = VECTOR('',#1175,1.);
#1175 = DIRECTION('',(0.,0.,1.));
#1176 = PLANE('',#1177);
#1177 = AXIS2_PLACEMENT_3D('',#1178,#1179,#1180);
#1178 = CARTESIAN_POINT('',(140.59135547411,191.15,-3.65));
#1179 = DIRECTION('',(0.,-1.,0.));
#1180 = DIRECTION('',(-1.,0.,0.));
#1181 = ADVANCED_FACE('',(#1182),#1207,.T.);
#1182 = FACE_BOUND('',#1183,.T.);
#1183 = EDGE_LOOP('',(#1184,#1192,#1200,#1206));
#1184 = ORIENTED_EDGE('',*,*,#1185,.F.);
#1185 = EDGE_CURVE('',#1186,#1148,#1188,.T.);
#1186 = VERTEX_POINT('',#1187);
#1187 = CARTESIAN_POINT('',(72.7773,191.05,-3.));
#1188 = LINE('',#1189,#1190);
#1189 = CARTESIAN_POINT('',(72.7773,190.5,-3.));
#1190 = VECTOR('',#1191,1.);
#1191 = DIRECTION('',(-0.,1.,0.));
#1192 = ORIENTED_EDGE('',*,*,#1193,.F.);
#1193 = EDGE_CURVE('',#1194,#1186,#1196,.T.);
#1194 = VERTEX_POINT('',#1195);
#1195 = CARTESIAN_POINT('',(90.7773,191.05,-3.));
#1196 = LINE('',#1197,#1198);
#1197 = CARTESIAN_POINT('',(106.62590924568,191.05,-3.));
#1198 = VECTOR('',#1199,1.);
#1199 = DIRECTION('',(-1.,0.,0.));
#1200 = ORIENTED_EDGE('',*,*,#1201,.T.);
#1201 = EDGE_CURVE('',#1194,#1146,#1202,.T.);
#1202 = LINE('',#1203,#1204);
#1203 = CARTESIAN_POINT('',(90.7773,190.5,-3.));
#1204 = VECTOR('',#1205,1.);
#1205 = DIRECTION('',(-0.,1.,0.));
#1206 = ORIENTED_EDGE('',*,*,#1145,.T.);
#1207 = PLANE('',#1208);
#1208 = AXIS2_PLACEMENT_3D('',#1209,#1210,#1211);
#1209 = CARTESIAN_POINT('',(72.7773,190.5,-3.));
#1210 = DIRECTION('',(0.,0.,1.));
#1211 = DIRECTION('',(1.,0.,-0.));
#1212 = ADVANCED_FACE('',(#1213),#1231,.F.);
#1213 = FACE_BOUND('',#1214,.F.);
#1214 = EDGE_LOOP('',(#1215,#1223,#1229,#1230));
#1215 = ORIENTED_EDGE('',*,*,#1216,.F.);
#1216 = EDGE_CURVE('',#1217,#1164,#1219,.T.);
#1217 = VERTEX_POINT('',#1218);
#1218 = CARTESIAN_POINT('',(90.7773,191.05,3.));
#1219 = LINE('',#1220,#1221);
#1220 = CARTESIAN_POINT('',(90.7773,190.5,3.));
#1221 = VECTOR('',#1222,1.);
#1222 = DIRECTION('',(-0.,1.,0.));
#1223 = ORIENTED_EDGE('',*,*,#1224,.F.);
#1224 = EDGE_CURVE('',#1194,#1217,#1225,.T.);
#1225 = LINE('',#1226,#1227);
#1226 = CARTESIAN_POINT('',(90.7773,191.05,-3.275));
#1227 = VECTOR('',#1228,1.);
#1228 = DIRECTION('',(0.,0.,1.));
#1229 = ORIENTED_EDGE('',*,*,#1201,.T.);
#1230 = ORIENTED_EDGE('',*,*,#1171,.T.);
#1231 = PLANE('',#1232);
#1232 = AXIS2_PLACEMENT_3D('',#1233,#1234,#1235);
#1233 = CARTESIAN_POINT('',(90.7773,190.5,-3.));
#1234 = DIRECTION('',(1.,0.,-0.));
#1235 = DIRECTION('',(0.,0.,1.));
#1236 = ADVANCED_FACE('',(#1237),#1255,.F.);
#1237 = FACE_BOUND('',#1238,.F.);
#1238 = EDGE_LOOP('',(#1239,#1247,#1253,#1254));
#1239 = ORIENTED_EDGE('',*,*,#1240,.F.);
#1240 = EDGE_CURVE('',#1241,#1156,#1243,.T.);
#1241 = VERTEX_POINT('',#1242);
#1242 = CARTESIAN_POINT('',(72.7773,191.05,3.));
#1243 = LINE('',#1244,#1245);
#1244 = CARTESIAN_POINT('',(72.7773,190.5,3.));
#1245 = VECTOR('',#1246,1.);
#1246 = DIRECTION('',(-0.,1.,0.));
#1247 = ORIENTED_EDGE('',*,*,#1248,.F.);
#1248 = EDGE_CURVE('',#1217,#1241,#1249,.T.);
#1249 = LINE('',#1250,#1251);
#1250 = CARTESIAN_POINT('',(106.62590924568,191.05,3.));
#1251 = VECTOR('',#1252,1.);
#1252 = DIRECTION('',(-1.,0.,0.));
#1253 = ORIENTED_EDGE('',*,*,#1216,.T.);
#1254 = ORIENTED_EDGE('',*,*,#1163,.T.);
#1255 = PLANE('',#1256);
#1256 = AXIS2_PLACEMENT_3D('',#1257,#1258,#1259);
#1257 = CARTESIAN_POINT('',(72.7773,190.5,3.));
#1258 = DIRECTION('',(0.,0.,1.));
#1259 = DIRECTION('',(1.,0.,-0.));
#1260 = ADVANCED_FACE('',(#1261),#1272,.T.);
#1261 = FACE_BOUND('',#1262,.T.);
#1262 = EDGE_LOOP('',(#1263,#1264,#1270,#1271));
#1263 = ORIENTED_EDGE('',*,*,#1240,.F.);
#1264 = ORIENTED_EDGE('',*,*,#1265,.F.);
#1265 = EDGE_CURVE('',#1186,#1241,#1266,.T.);
#1266 = LINE('',#1267,#1268);
#1267 = CARTESIAN_POINT('',(72.7773,191.05,-3.275));
#1268 = VECTOR('',#1269,1.);
#1269 = DIRECTION('',(0.,0.,1.));
#1270 = ORIENTED_EDGE('',*,*,#1185,.T.);
#1271 = ORIENTED_EDGE('',*,*,#1155,.T.);
#1272 = PLANE('',#1273);
#1273 = AXIS2_PLACEMENT_3D('',#1274,#1275,#1276);
#1274 = CARTESIAN_POINT('',(72.7773,190.5,-3.));
#1275 = DIRECTION('',(1.,0.,-0.));
#1276 = DIRECTION('',(0.,0.,1.));
#1277 = ADVANCED_FACE('',(#1278,#1312),#1318,.T.);
#1278 = FACE_BOUND('',#1279,.T.);
#1279 = EDGE_LOOP('',(#1280,#1290,#1298,#1306));
#1280 = ORIENTED_EDGE('',*,*,#1281,.T.);
#1281 = EDGE_CURVE('',#1282,#1284,#1286,.T.);
#1282 = VERTEX_POINT('',#1283);
#1283 = CARTESIAN_POINT('',(140.47451849137,191.05,-3.55));
#1284 = VERTEX_POINT('',#1285);
#1285 = CARTESIAN_POINT('',(140.47451849137,191.05,3.55));
#1286 = LINE('',#1287,#1288);
#1287 = CARTESIAN_POINT('',(140.47451849137,191.05,-3.55));
#1288 = VECTOR('',#1289,1.);
#1289 = DIRECTION('',(0.,0.,1.));
#1290 = ORIENTED_EDGE('',*,*,#1291,.T.);
#1291 = EDGE_CURVE('',#1284,#1292,#1294,.T.);
#1292 = VERTEX_POINT('',#1293);
#1293 = CARTESIAN_POINT('',(14.818039994008,191.05,3.55));
#1294 = LINE('',#1295,#1296);
#1295 = CARTESIAN_POINT('',(140.4161,191.05,3.55));
#1296 = VECTOR('',#1297,1.);
#1297 = DIRECTION('',(-1.,0.,0.));
#1298 = ORIENTED_EDGE('',*,*,#1299,.F.);
#1299 = EDGE_CURVE('',#1300,#1292,#1302,.T.);
#1300 = VERTEX_POINT('',#1301);
#1301 = CARTESIAN_POINT('',(14.818039994008,191.05,-3.55));
#1302 = LINE('',#1303,#1304);
#1303 = CARTESIAN_POINT('',(14.818039994008,191.05,-3.55));
#1304 = VECTOR('',#1305,1.);
#1305 = DIRECTION('',(0.,0.,1.));
#1306 = ORIENTED_EDGE('',*,*,#1307,.F.);
#1307 = EDGE_CURVE('',#1282,#1300,#1308,.T.);
#1308 = LINE('',#1309,#1310);
#1309 = CARTESIAN_POINT('',(140.4161,191.05,-3.55));
#1310 = VECTOR('',#1311,1.);
#1311 = DIRECTION('',(-1.,0.,0.));
#1312 = FACE_BOUND('',#1313,.T.);
#1313 = EDGE_LOOP('',(#1314,#1315,#1316,#1317));
#1314 = ORIENTED_EDGE('',*,*,#1193,.T.);
#1315 = ORIENTED_EDGE('',*,*,#1265,.T.);
#1316 = ORIENTED_EDGE('',*,*,#1248,.F.);
#1317 = ORIENTED_EDGE('',*,*,#1224,.F.);
#1318 = PLANE('',#1319);
#1319 = AXIS2_PLACEMENT_3D('',#1320,#1321,#1322);
#1320 = CARTESIAN_POINT('',(140.47451849137,191.05,-3.55));
#1321 = DIRECTION('',(0.,-1.,0.));
#1322 = DIRECTION('',(-1.,0.,0.));
#1323 = ADVANCED_FACE('',(#1324),#1349,.T.);
#1324 = FACE_BOUND('',#1325,.T.);
#1325 = EDGE_LOOP('',(#1326,#1336,#1342,#1343));
#1326 = ORIENTED_EDGE('',*,*,#1327,.T.);
#1327 = EDGE_CURVE('',#1328,#1330,#1332,.T.);
#1328 = VERTEX_POINT('',#1329);
#1329 = CARTESIAN_POINT('',(110.61739466897,-4.9995E-02,-3.55));
#1330 = VERTEX_POINT('',#1331);
#1331 = CARTESIAN_POINT('',(110.61739466897,-4.9995E-02,3.55));
#1332 = LINE('',#1333,#1334);
#1333 = CARTESIAN_POINT('',(110.61739466897,-4.9995E-02,-3.55));
#1334 = VECTOR('',#1335,1.);
#1335 = DIRECTION('',(0.,0.,1.));
#1336 = ORIENTED_EDGE('',*,*,#1337,.T.);
#1337 = EDGE_CURVE('',#1330,#1284,#1338,.T.);
#1338 = LINE('',#1339,#1340);
#1339 = CARTESIAN_POINT('',(110.62400069041,-7.71327613414E-03,3.55));
#1340 = VECTOR('',#1341,1.);
#1341 = DIRECTION('',(0.154365522683,0.988013808308,0.));
#1342 = ORIENTED_EDGE('',*,*,#1281,.F.);
#1343 = ORIENTED_EDGE('',*,*,#1344,.F.);
#1344 = EDGE_CURVE('',#1328,#1282,#1345,.T.);
#1345 = LINE('',#1346,#1347);
#1346 = CARTESIAN_POINT('',(110.62400069041,-7.71327613414E-03,-3.55));
#1347 = VECTOR('',#1348,1.);
#1348 = DIRECTION('',(0.154365522683,0.988013808308,0.));
#1349 = PLANE('',#1350);
#1350 = AXIS2_PLACEMENT_3D('',#1351,#1352,#1353);
#1351 = CARTESIAN_POINT('',(110.61739466897,-4.9995E-02,-3.55));
#1352 = DIRECTION('',(-0.988013808308,0.154365522683,0.));
#1353 = DIRECTION('',(0.154365522683,0.988013808308,0.));
#1354 = ADVANCED_FACE('',(#1355),#1373,.T.);
#1355 = FACE_BOUND('',#1356,.F.);
#1356 = EDGE_LOOP('',(#1357,#1365,#1371,#1372));
#1357 = ORIENTED_EDGE('',*,*,#1358,.F.);
#1358 = EDGE_CURVE('',#1359,#1328,#1361,.T.);
#1359 = VERTEX_POINT('',#1360);
#1360 = CARTESIAN_POINT('',(-5.404236221698E-02,-4.9995E-02,-3.55));
#1361 = LINE('',#1362,#1363);
#1362 = CARTESIAN_POINT('',(0.,-4.9995E-02,-3.55));
#1363 = VECTOR('',#1364,1.);
#1364 = DIRECTION('',(1.,0.,0.));
#1365 = ORIENTED_EDGE('',*,*,#1366,.F.);
#1366 = EDGE_CURVE('',#1300,#1359,#1367,.T.);
#1367 = LINE('',#1368,#1369);
#1368 = CARTESIAN_POINT('',(14.81445072835,191.00387944789,-3.55));
#1369 = VECTOR('',#1370,1.);
#1370 = DIRECTION('',(-7.758895790401E-02,-0.996985432999,0.));
#1371 = ORIENTED_EDGE('',*,*,#1307,.F.);
#1372 = ORIENTED_EDGE('',*,*,#1344,.F.);
#1373 = PLANE('',#1374);
#1374 = AXIS2_PLACEMENT_3D('',#1375,#1376,#1377);
#1375 = CARTESIAN_POINT('',(66.898653231771,97.803181375834,-3.55));
#1376 = DIRECTION('',(0.,0.,1.));
#1377 = DIRECTION('',(1.,0.,-0.));
#1378 = ADVANCED_FACE('',(#1379),#1397,.F.);
#1379 = FACE_BOUND('',#1380,.T.);
#1380 = EDGE_LOOP('',(#1381,#1389,#1395,#1396));
#1381 = ORIENTED_EDGE('',*,*,#1382,.F.);
#1382 = EDGE_CURVE('',#1383,#1330,#1385,.T.);
#1383 = VERTEX_POINT('',#1384);
#1384 = CARTESIAN_POINT('',(-5.404236221698E-02,-4.9995E-02,3.55));
#1385 = LINE('',#1386,#1387);
#1386 = CARTESIAN_POINT('',(0.,-4.9995E-02,3.55));
#1387 = VECTOR('',#1388,1.);
#1388 = DIRECTION('',(1.,0.,0.));
#1389 = ORIENTED_EDGE('',*,*,#1390,.F.);
#1390 = EDGE_CURVE('',#1292,#1383,#1391,.T.);
#1391 = LINE('',#1392,#1393);
#1392 = CARTESIAN_POINT('',(14.81445072835,191.00387944789,3.55));
#1393 = VECTOR('',#1394,1.);
#1394 = DIRECTION('',(-7.758895790401E-02,-0.996985432999,0.));
#1395 = ORIENTED_EDGE('',*,*,#1291,.F.);
#1396 = ORIENTED_EDGE('',*,*,#1337,.F.);
#1397 = PLANE('',#1398);
#1398 = AXIS2_PLACEMENT_3D('',#1399,#1400,#1401);
#1399 = CARTESIAN_POINT('',(66.898653231771,97.803181375834,3.55));
#1400 = DIRECTION('',(0.,0.,1.));
#1401 = DIRECTION('',(1.,0.,-0.));
#1402 = ADVANCED_FACE('',(#1403),#1414,.T.);
#1403 = FACE_BOUND('',#1404,.T.);
#1404 = EDGE_LOOP('',(#1405,#1406,#1407,#1413));
#1405 = ORIENTED_EDGE('',*,*,#1299,.T.);
#1406 = ORIENTED_EDGE('',*,*,#1390,.T.);
#1407 = ORIENTED_EDGE('',*,*,#1408,.F.);
#1408 = EDGE_CURVE('',#1359,#1383,#1409,.T.);
#1409 = LINE('',#1410,#1411);
#1410 = CARTESIAN_POINT('',(-5.404236221698E-02,-4.9995E-02,-3.55));
#1411 = VECTOR('',#1412,1.);
#1412 = DIRECTION('',(0.,0.,1.));
#1413 = ORIENTED_EDGE('',*,*,#1366,.F.);
#1414 = PLANE('',#1415);
#1415 = AXIS2_PLACEMENT_3D('',#1416,#1417,#1418);
#1416 = CARTESIAN_POINT('',(14.818039994008,191.05,-3.55));
#1417 = DIRECTION('',(0.996985432999,-7.758895790401E-02,0.));
#1418 = DIRECTION('',(-7.758895790401E-02,-0.996985432999,0.));
#1419 = ADVANCED_FACE('',(#1420),#1426,.T.);
#1420 = FACE_BOUND('',#1421,.T.);
#1421 = EDGE_LOOP('',(#1422,#1423,#1424,#1425));
#1422 = ORIENTED_EDGE('',*,*,#1408,.T.);
#1423 = ORIENTED_EDGE('',*,*,#1382,.T.);
#1424 = ORIENTED_EDGE('',*,*,#1327,.F.);
#1425 = ORIENTED_EDGE('',*,*,#1358,.F.);
#1426 = PLANE('',#1427);
#1427 = AXIS2_PLACEMENT_3D('',#1428,#1429,#1430);
#1428 = CARTESIAN_POINT('',(-5.404236221698E-02,-4.9995E-02,-3.55));
#1429 = DIRECTION('',(0.,1.,0.));
#1430 = DIRECTION('',(1.,0.,0.));
#1431 = ( GEOMETRIC_REPRESENTATION_CONTEXT(3) 
GLOBAL_UNCERTAINTY_ASSIGNED_CONTEXT((#1435)) 
GLOBAL_UNIT_ASSIGNED_CONTEXT((#1432,#1433,#1434)) REPRESENTATION_CONTEXT
('Context #1','3D Context with UNIT and UNCERTAINTY') );
#1432 = ( LENGTH_UNIT() NAMED_UNIT(*) SI_UNIT(.MILLI.,.METRE.) );
#1433 = ( NAMED_UNIT(*) PLANE_ANGLE_UNIT() SI_UNIT($,.RADIAN.) );
#1434 = ( NAMED_UNIT(*) SI_UNIT($,.STERADIAN.) SOLID_ANGLE_UNIT() );
#1435 = UNCERTAINTY_MEASURE_WITH_UNIT(LENGTH_MEASURE(1.E-07),#1432,
  'distance_accuracy_value','confusion accuracy');
#1436 = CONTEXT_DEPENDENT_SHAPE_REPRESENTATION(#1437,#1439);
#1437 = ( REPRESENTATION_RELATIONSHIP('','',#996,#10) 
REPRESENTATION_RELATIONSHIP_WITH_TRANSFORMATION(#1438) 
SHAPE_REPRESENTATION_RELATIONSHIP() );
#1438 = ITEM_DEFINED_TRANSFORMATION('','',#11,#27);
#1439 = PRODUCT_DEFINITION_SHAPE('Placement','Placement of an item',
  #1440);
#1440 = NEXT_ASSEMBLY_USAGE_OCCURRENCE('4','Tile0_WrapAl','',#5,#991,$);
#1441 = PRODUCT_RELATED_PRODUCT_CATEGORY('part',$,(#993));
#1442 = SHAPE_DEFINITION_REPRESENTATION(#1443,#1449);
#1443 = PRODUCT_DEFINITION_SHAPE('','',#1444);
#1444 = PRODUCT_DEFINITION('design','',#1445,#1448);
#1445 = PRODUCT_DEFINITION_FORMATION('','',#1446);
#1446 = PRODUCT('Tile0_WrapCling','Tile0_WrapCling','',(#1447));
#1447 = PRODUCT_CONTEXT('',#2,'mechanical');
#1448 = PRODUCT_DEFINITION_CONTEXT('part definition',#2,'design');
#1449 = ADVANCED_BREP_SHAPE_REPRESENTATION('',(#11,#1450),#1884);
#1450 = MANIFOLD_SOLID_BREP('',#1451);
#1451 = CLOSED_SHELL('',(#1452,#1492,#1523,#1554,#1571,#1588,#1634,#1665
    ,#1689,#1713,#1730,#1776,#1807,#1831,#1855,#1872));
#1452 = ADVANCED_FACE('',(#1453),#1487,.F.);
#1453 = FACE_BOUND('',#1454,.F.);
#1454 = EDGE_LOOP('',(#1455,#1465,#1473,#1481));
#1455 = ORIENTED_EDGE('',*,*,#1456,.T.);
#1456 = EDGE_CURVE('',#1457,#1459,#1461,.T.);
#1457 = VERTEX_POINT('',#1458);
#1458 = CARTESIAN_POINT('',(-0.194552503981,-0.179995,-3.68));
#1459 = VERTEX_POINT('',#1460);
#1460 = CARTESIAN_POINT('',(-0.194552503981,-0.179995,3.68));
#1461 = LINE('',#1462,#1463);
#1462 = CARTESIAN_POINT('',(-0.194552503981,-0.179995,-3.68));
#1463 = VECTOR('',#1464,1.);
#1464 = DIRECTION('',(0.,0.,1.));
#1465 = ORIENTED_EDGE('',*,*,#1466,.T.);
#1466 = EDGE_CURVE('',#1459,#1467,#1469,.T.);
#1467 = VERTEX_POINT('',#1468);
#1468 = CARTESIAN_POINT('',(110.72866080829,-0.179995,3.68));
#1469 = LINE('',#1470,#1471);
#1470 = CARTESIAN_POINT('',(0.,-0.179995,3.68));
#1471 = VECTOR('',#1472,1.);
#1472 = DIRECTION('',(1.,0.,0.));
#1473 = ORIENTED_EDGE('',*,*,#1474,.F.);
#1474 = EDGE_CURVE('',#1475,#1467,#1477,.T.);
#1475 = VERTEX_POINT('',#1476);
#1476 = CARTESIAN_POINT('',(110.72866080829,-0.179995,-3.68));
#1477 = LINE('',#1478,#1479);
#1478 = CARTESIAN_POINT('',(110.72866080829,-0.179995,-3.68));
#1479 = VECTOR('',#1480,1.);
#1480 = DIRECTION('',(0.,0.,1.));
#1481 = ORIENTED_EDGE('',*,*,#1482,.F.);
#1482 = EDGE_CURVE('',#1457,#1475,#1483,.T.);
#1483 = LINE('',#1484,#1485);
#1484 = CARTESIAN_POINT('',(0.,-0.179995,-3.68));
#1485 = VECTOR('',#1486,1.);
#1486 = DIRECTION('',(1.,0.,0.));
#1487 = PLANE('',#1488);
#1488 = AXIS2_PLACEMENT_3D('',#1489,#1490,#1491);
#1489 = CARTESIAN_POINT('',(-0.194552503981,-0.179995,-3.68));
#1490 = DIRECTION('',(0.,1.,0.));
#1491 = DIRECTION('',(1.,0.,0.));
#1492 = ADVANCED_FACE('',(#1493),#1518,.F.);
#1493 = FACE_BOUND('',#1494,.F.);
#1494 = EDGE_LOOP('',(#1495,#1505,#1511,#1512));
#1495 = ORIENTED_EDGE('',*,*,#1496,.T.);
#1496 = EDGE_CURVE('',#1497,#1499,#1501,.T.);
#1497 = VERTEX_POINT('',#1498);
#1498 = CARTESIAN_POINT('',(14.697763978428,191.18,-3.68));
#1499 = VERTEX_POINT('',#1500);
#1500 = CARTESIAN_POINT('',(14.697763978428,191.18,3.68));
#1501 = LINE('',#1502,#1503);
#1502 = CARTESIAN_POINT('',(14.697763978428,191.18,-3.68));
#1503 = VECTOR('',#1504,1.);
#1504 = DIRECTION('',(0.,0.,1.));
#1505 = ORIENTED_EDGE('',*,*,#1506,.T.);
#1506 = EDGE_CURVE('',#1499,#1459,#1507,.T.);
#1507 = LINE('',#1508,#1509);
#1508 = CARTESIAN_POINT('',(14.68484262206,191.01396601242,3.68));
#1509 = VECTOR('',#1510,1.);
#1510 = DIRECTION('',(-7.758895790401E-02,-0.996985432999,0.));
#1511 = ORIENTED_EDGE('',*,*,#1456,.F.);
#1512 = ORIENTED_EDGE('',*,*,#1513,.F.);
#1513 = EDGE_CURVE('',#1497,#1457,#1514,.T.);
#1514 = LINE('',#1515,#1516);
#1515 = CARTESIAN_POINT('',(14.68484262206,191.01396601242,-3.68));
#1516 = VECTOR('',#1517,1.);
#1517 = DIRECTION('',(-7.758895790401E-02,-0.996985432999,0.));
#1518 = PLANE('',#1519);
#1519 = AXIS2_PLACEMENT_3D('',#1520,#1521,#1522);
#1520 = CARTESIAN_POINT('',(14.697763978428,191.18,-3.68));
#1521 = DIRECTION('',(0.996985432999,-7.758895790401E-02,0.));
#1522 = DIRECTION('',(-7.758895790401E-02,-0.996985432999,0.));
#1523 = ADVANCED_FACE('',(#1524),#1549,.F.);
#1524 = FACE_BOUND('',#1525,.F.);
#1525 = EDGE_LOOP('',(#1526,#1527,#1535,#1543));
#1526 = ORIENTED_EDGE('',*,*,#1474,.T.);
#1527 = ORIENTED_EDGE('',*,*,#1528,.T.);
#1528 = EDGE_CURVE('',#1467,#1529,#1531,.T.);
#1529 = VERTEX_POINT('',#1530);
#1530 = CARTESIAN_POINT('',(140.62640656893,191.18,3.68));
#1531 = LINE('',#1532,#1533);
#1532 = CARTESIAN_POINT('',(110.75244248549,-2.778079408293E-02,3.68));
#1533 = VECTOR('',#1534,1.);
#1534 = DIRECTION('',(0.154365522683,0.988013808308,0.));
#1535 = ORIENTED_EDGE('',*,*,#1536,.F.);
#1536 = EDGE_CURVE('',#1537,#1529,#1539,.T.);
#1537 = VERTEX_POINT('',#1538);
#1538 = CARTESIAN_POINT('',(140.62640656893,191.18,-3.68));
#1539 = LINE('',#1540,#1541);
#1540 = CARTESIAN_POINT('',(140.62640656893,191.18,-3.68));
#1541 = VECTOR('',#1542,1.);
#1542 = DIRECTION('',(0.,0.,1.));
#1543 = ORIENTED_EDGE('',*,*,#1544,.F.);
#1544 = EDGE_CURVE('',#1475,#1537,#1545,.T.);
#1545 = LINE('',#1546,#1547);
#1546 = CARTESIAN_POINT('',(110.75244248549,-2.778079408293E-02,-3.68));
#1547 = VECTOR('',#1548,1.);
#1548 = DIRECTION('',(0.154365522683,0.988013808308,0.));
#1549 = PLANE('',#1550);
#1550 = AXIS2_PLACEMENT_3D('',#1551,#1552,#1553);
#1551 = CARTESIAN_POINT('',(110.72866080829,-0.179995,-3.68));
#1552 = DIRECTION('',(-0.988013808308,0.154365522683,0.));
#1553 = DIRECTION('',(0.154365522683,0.988013808308,0.));
#1554 = ADVANCED_FACE('',(#1555),#1566,.F.);
#1555 = FACE_BOUND('',#1556,.T.);
#1556 = EDGE_LOOP('',(#1557,#1558,#1559,#1565));
#1557 = ORIENTED_EDGE('',*,*,#1482,.F.);
#1558 = ORIENTED_EDGE('',*,*,#1513,.F.);
#1559 = ORIENTED_EDGE('',*,*,#1560,.F.);
#1560 = EDGE_CURVE('',#1537,#1497,#1561,.T.);
#1561 = LINE('',#1562,#1563);
#1562 = CARTESIAN_POINT('',(140.4161,191.18,-3.68));
#1563 = VECTOR('',#1564,1.);
#1564 = DIRECTION('',(-1.,0.,0.));
#1565 = ORIENTED_EDGE('',*,*,#1544,.F.);
#1566 = PLANE('',#1567);
#1567 = AXIS2_PLACEMENT_3D('',#1568,#1569,#1570);
#1568 = CARTESIAN_POINT('',(66.898653231771,97.803181375834,-3.68));
#1569 = DIRECTION('',(0.,0.,1.));
#1570 = DIRECTION('',(1.,0.,-0.));
#1571 = ADVANCED_FACE('',(#1572),#1583,.T.);
#1572 = FACE_BOUND('',#1573,.F.);
#1573 = EDGE_LOOP('',(#1574,#1575,#1576,#1582));
#1574 = ORIENTED_EDGE('',*,*,#1466,.F.);
#1575 = ORIENTED_EDGE('',*,*,#1506,.F.);
#1576 = ORIENTED_EDGE('',*,*,#1577,.F.);
#1577 = EDGE_CURVE('',#1529,#1499,#1578,.T.);
#1578 = LINE('',#1579,#1580);
#1579 = CARTESIAN_POINT('',(140.4161,191.18,3.68));
#1580 = VECTOR('',#1581,1.);
#1581 = DIRECTION('',(-1.,0.,0.));
#1582 = ORIENTED_EDGE('',*,*,#1528,.F.);
#1583 = PLANE('',#1584);
#1584 = AXIS2_PLACEMENT_3D('',#1585,#1586,#1587);
#1585 = CARTESIAN_POINT('',(66.898653231771,97.803181375834,3.68));
#1586 = DIRECTION('',(0.,0.,1.));
#1587 = DIRECTION('',(1.,0.,-0.));
#1588 = ADVANCED_FACE('',(#1589,#1595),#1629,.F.);
#1589 = FACE_BOUND('',#1590,.F.);
#1590 = EDGE_LOOP('',(#1591,#1592,#1593,#1594));
#1591 = ORIENTED_EDGE('',*,*,#1536,.T.);
#1592 = ORIENTED_EDGE('',*,*,#1577,.T.);
#1593 = ORIENTED_EDGE('',*,*,#1496,.F.);
#1594 = ORIENTED_EDGE('',*,*,#1560,.F.);
#1595 = FACE_BOUND('',#1596,.F.);
#1596 = EDGE_LOOP('',(#1597,#1607,#1615,#1623));
#1597 = ORIENTED_EDGE('',*,*,#1598,.T.);
#1598 = EDGE_CURVE('',#1599,#1601,#1603,.T.);
#1599 = VERTEX_POINT('',#1600);
#1600 = CARTESIAN_POINT('',(90.7773,191.18,-3.));
#1601 = VERTEX_POINT('',#1602);
#1602 = CARTESIAN_POINT('',(72.7773,191.18,-3.));
#1603 = LINE('',#1604,#1605);
#1604 = CARTESIAN_POINT('',(106.70185328446,191.18,-3.));
#1605 = VECTOR('',#1606,1.);
#1606 = DIRECTION('',(-1.,0.,0.));
#1607 = ORIENTED_EDGE('',*,*,#1608,.T.);
#1608 = EDGE_CURVE('',#1601,#1609,#1611,.T.);
#1609 = VERTEX_POINT('',#1610);
#1610 = CARTESIAN_POINT('',(72.7773,191.18,3.));
#1611 = LINE('',#1612,#1613);
#1612 = CARTESIAN_POINT('',(72.7773,191.18,-3.34));
#1613 = VECTOR('',#1614,1.);
#1614 = DIRECTION('',(0.,0.,1.));
#1615 = ORIENTED_EDGE('',*,*,#1616,.F.);
#1616 = EDGE_CURVE('',#1617,#1609,#1619,.T.);
#1617 = VERTEX_POINT('',#1618);
#1618 = CARTESIAN_POINT('',(90.7773,191.18,3.));
#1619 = LINE('',#1620,#1621);
#1620 = CARTESIAN_POINT('',(106.70185328446,191.18,3.));
#1621 = VECTOR('',#1622,1.);
#1622 = DIRECTION('',(-1.,0.,0.));
#1623 = ORIENTED_EDGE('',*,*,#1624,.F.);
#1624 = EDGE_CURVE('',#1599,#1617,#1625,.T.);
#1625 = LINE('',#1626,#1627);
#1626 = CARTESIAN_POINT('',(90.7773,191.18,-3.34));
#1627 = VECTOR('',#1628,1.);
#1628 = DIRECTION('',(0.,0.,1.));
#1629 = PLANE('',#1630);
#1630 = AXIS2_PLACEMENT_3D('',#1631,#1632,#1633);
#1631 = CARTESIAN_POINT('',(140.62640656893,191.18,-3.68));
#1632 = DIRECTION('',(0.,-1.,0.));
#1633 = DIRECTION('',(-1.,0.,0.));
#1634 = ADVANCED_FACE('',(#1635),#1660,.T.);
#1635 = FACE_BOUND('',#1636,.T.);
#1636 = EDGE_LOOP('',(#1637,#1645,#1653,#1659));
#1637 = ORIENTED_EDGE('',*,*,#1638,.F.);
#1638 = EDGE_CURVE('',#1639,#1601,#1641,.T.);
#1639 = VERTEX_POINT('',#1640);
#1640 = CARTESIAN_POINT('',(72.7773,191.15,-3.));
#1641 = LINE('',#1642,#1643);
#1642 = CARTESIAN_POINT('',(72.7773,190.5,-3.));
#1643 = VECTOR('',#1644,1.);
#1644 = DIRECTION('',(-0.,1.,0.));
#1645 = ORIENTED_EDGE('',*,*,#1646,.F.);
#1646 = EDGE_CURVE('',#1647,#1639,#1649,.T.);
#1647 = VERTEX_POINT('',#1648);
#1648 = CARTESIAN_POINT('',(90.7773,191.15,-3.));
#1649 = LINE('',#1650,#1651);
#1650 = CARTESIAN_POINT('',(106.68432773705,191.15,-3.));
#1651 = VECTOR('',#1652,1.);
#1652 = DIRECTION('',(-1.,0.,0.));
#1653 = ORIENTED_EDGE('',*,*,#1654,.T.);
#1654 = EDGE_CURVE('',#1647,#1599,#1655,.T.);
#1655 = LINE('',#1656,#1657);
#1656 = CARTESIAN_POINT('',(90.7773,190.5,-3.));
#1657 = VECTOR('',#1658,1.);
#1658 = DIRECTION('',(-0.,1.,0.));
#1659 = ORIENTED_EDGE('',*,*,#1598,.T.);
#1660 = PLANE('',#1661);
#1661 = AXIS2_PLACEMENT_3D('',#1662,#1663,#1664);
#1662 = CARTESIAN_POINT('',(72.7773,190.5,-3.));
#1663 = DIRECTION('',(0.,0.,1.));
#1664 = DIRECTION('',(1.,0.,-0.));
#1665 = ADVANCED_FACE('',(#1666),#1684,.F.);
#1666 = FACE_BOUND('',#1667,.F.);
#1667 = EDGE_LOOP('',(#1668,#1676,#1682,#1683));
#1668 = ORIENTED_EDGE('',*,*,#1669,.F.);
#1669 = EDGE_CURVE('',#1670,#1617,#1672,.T.);
#1670 = VERTEX_POINT('',#1671);
#1671 = CARTESIAN_POINT('',(90.7773,191.15,3.));
#1672 = LINE('',#1673,#1674);
#1673 = CARTESIAN_POINT('',(90.7773,190.5,3.));
#1674 = VECTOR('',#1675,1.);
#1675 = DIRECTION('',(-0.,1.,0.));
#1676 = ORIENTED_EDGE('',*,*,#1677,.F.);
#1677 = EDGE_CURVE('',#1647,#1670,#1678,.T.);
#1678 = LINE('',#1679,#1680);
#1679 = CARTESIAN_POINT('',(90.7773,191.15,-3.325));
#1680 = VECTOR('',#1681,1.);
#1681 = DIRECTION('',(0.,0.,1.));
#1682 = ORIENTED_EDGE('',*,*,#1654,.T.);
#1683 = ORIENTED_EDGE('',*,*,#1624,.T.);
#1684 = PLANE('',#1685);
#1685 = AXIS2_PLACEMENT_3D('',#1686,#1687,#1688);
#1686 = CARTESIAN_POINT('',(90.7773,190.5,-3.));
#1687 = DIRECTION('',(1.,0.,-0.));
#1688 = DIRECTION('',(0.,0.,1.));
#1689 = ADVANCED_FACE('',(#1690),#1708,.F.);
#1690 = FACE_BOUND('',#1691,.F.);
#1691 = EDGE_LOOP('',(#1692,#1700,#1706,#1707));
#1692 = ORIENTED_EDGE('',*,*,#1693,.F.);
#1693 = EDGE_CURVE('',#1694,#1609,#1696,.T.);
#1694 = VERTEX_POINT('',#1695);
#1695 = CARTESIAN_POINT('',(72.7773,191.15,3.));
#1696 = LINE('',#1697,#1698);
#1697 = CARTESIAN_POINT('',(72.7773,190.5,3.));
#1698 = VECTOR('',#1699,1.);
#1699 = DIRECTION('',(-0.,1.,0.));
#1700 = ORIENTED_EDGE('',*,*,#1701,.F.);
#1701 = EDGE_CURVE('',#1670,#1694,#1702,.T.);
#1702 = LINE('',#1703,#1704);
#1703 = CARTESIAN_POINT('',(106.68432773705,191.15,3.));
#1704 = VECTOR('',#1705,1.);
#1705 = DIRECTION('',(-1.,0.,0.));
#1706 = ORIENTED_EDGE('',*,*,#1669,.T.);
#1707 = ORIENTED_EDGE('',*,*,#1616,.T.);
#1708 = PLANE('',#1709);
#1709 = AXIS2_PLACEMENT_3D('',#1710,#1711,#1712);
#1710 = CARTESIAN_POINT('',(72.7773,190.5,3.));
#1711 = DIRECTION('',(0.,0.,1.));
#1712 = DIRECTION('',(1.,0.,-0.));
#1713 = ADVANCED_FACE('',(#1714),#1725,.T.);
#1714 = FACE_BOUND('',#1715,.T.);
#1715 = EDGE_LOOP('',(#1716,#1717,#1723,#1724));
#1716 = ORIENTED_EDGE('',*,*,#1693,.F.);
#1717 = ORIENTED_EDGE('',*,*,#1718,.F.);
#1718 = EDGE_CURVE('',#1639,#1694,#1719,.T.);
#1719 = LINE('',#1720,#1721);
#1720 = CARTESIAN_POINT('',(72.7773,191.15,-3.325));
#1721 = VECTOR('',#1722,1.);
#1722 = DIRECTION('',(0.,0.,1.));
#1723 = ORIENTED_EDGE('',*,*,#1638,.T.);
#1724 = ORIENTED_EDGE('',*,*,#1608,.T.);
#1725 = PLANE('',#1726);
#1726 = AXIS2_PLACEMENT_3D('',#1727,#1728,#1729);
#1727 = CARTESIAN_POINT('',(72.7773,190.5,-3.));
#1728 = DIRECTION('',(1.,0.,-0.));
#1729 = DIRECTION('',(0.,0.,1.));
#1730 = ADVANCED_FACE('',(#1731,#1765),#1771,.T.);
#1731 = FACE_BOUND('',#1732,.T.);
#1732 = EDGE_LOOP('',(#1733,#1743,#1751,#1759));
#1733 = ORIENTED_EDGE('',*,*,#1734,.T.);
#1734 = EDGE_CURVE('',#1735,#1737,#1739,.T.);
#1735 = VERTEX_POINT('',#1736);
#1736 = CARTESIAN_POINT('',(140.59135547411,191.15,-3.65));
#1737 = VERTEX_POINT('',#1738);
#1738 = CARTESIAN_POINT('',(140.59135547411,191.15,3.65));
#1739 = LINE('',#1740,#1741);
#1740 = CARTESIAN_POINT('',(140.59135547411,191.15,-3.65));
#1741 = VECTOR('',#1742,1.);
#1742 = DIRECTION('',(0.,0.,1.));
#1743 = ORIENTED_EDGE('',*,*,#1744,.T.);
#1744 = EDGE_CURVE('',#1737,#1745,#1747,.T.);
#1745 = VERTEX_POINT('',#1746);
#1746 = CARTESIAN_POINT('',(14.725519982023,191.15,3.65));
#1747 = LINE('',#1748,#1749);
#1748 = CARTESIAN_POINT('',(140.4161,191.15,3.65));
#1749 = VECTOR('',#1750,1.);
#1750 = DIRECTION('',(-1.,0.,0.));
#1751 = ORIENTED_EDGE('',*,*,#1752,.F.);
#1752 = EDGE_CURVE('',#1753,#1745,#1755,.T.);
#1753 = VERTEX_POINT('',#1754);
#1754 = CARTESIAN_POINT('',(14.725519982023,191.15,-3.65));
#1755 = LINE('',#1756,#1757);
#1756 = CARTESIAN_POINT('',(14.725519982023,191.15,-3.65));
#1757 = VECTOR('',#1758,1.);
#1758 = DIRECTION('',(0.,0.,1.));
#1759 = ORIENTED_EDGE('',*,*,#1760,.F.);
#1760 = EDGE_CURVE('',#1735,#1753,#1761,.T.);
#1761 = LINE('',#1762,#1763);
#1762 = CARTESIAN_POINT('',(140.4161,191.15,-3.65));
#1763 = VECTOR('',#1764,1.);
#1764 = DIRECTION('',(-1.,0.,0.));
#1765 = FACE_BOUND('',#1766,.T.);
#1766 = EDGE_LOOP('',(#1767,#1768,#1769,#1770));
#1767 = ORIENTED_EDGE('',*,*,#1646,.T.);
#1768 = ORIENTED_EDGE('',*,*,#1718,.T.);
#1769 = ORIENTED_EDGE('',*,*,#1701,.F.);
#1770 = ORIENTED_EDGE('',*,*,#1677,.F.);
#1771 = PLANE('',#1772);
#1772 = AXIS2_PLACEMENT_3D('',#1773,#1774,#1775);
#1773 = CARTESIAN_POINT('',(140.59135547411,191.15,-3.65));
#1774 = DIRECTION('',(0.,-1.,0.));
#1775 = DIRECTION('',(-1.,0.,0.));
#1776 = ADVANCED_FACE('',(#1777),#1802,.T.);
#1777 = FACE_BOUND('',#1778,.T.);
#1778 = EDGE_LOOP('',(#1779,#1789,#1795,#1796));
#1779 = ORIENTED_EDGE('',*,*,#1780,.T.);
#1780 = EDGE_CURVE('',#1781,#1783,#1785,.T.);
#1781 = VERTEX_POINT('',#1782);
#1782 = CARTESIAN_POINT('',(110.70298400691,-0.149995,-3.65));
#1783 = VERTEX_POINT('',#1784);
#1784 = CARTESIAN_POINT('',(110.70298400691,-0.149995,3.65));
#1785 = LINE('',#1786,#1787);
#1786 = CARTESIAN_POINT('',(110.70298400691,-0.149995,-3.65));
#1787 = VECTOR('',#1788,1.);
#1788 = DIRECTION('',(0.,0.,1.));
#1789 = ORIENTED_EDGE('',*,*,#1790,.T.);
#1790 = EDGE_CURVE('',#1783,#1737,#1791,.T.);
#1791 = LINE('',#1792,#1793);
#1792 = CARTESIAN_POINT('',(110.72280207124,-2.314982840244E-02,3.65));
#1793 = VECTOR('',#1794,1.);
#1794 = DIRECTION('',(0.154365522683,0.988013808308,0.));
#1795 = ORIENTED_EDGE('',*,*,#1734,.F.);
#1796 = ORIENTED_EDGE('',*,*,#1797,.F.);
#1797 = EDGE_CURVE('',#1781,#1735,#1798,.T.);
#1798 = LINE('',#1799,#1800);
#1799 = CARTESIAN_POINT('',(110.72280207124,-2.314982840244E-02,-3.65));
#1800 = VECTOR('',#1801,1.);
#1801 = DIRECTION('',(0.154365522683,0.988013808308,0.));
#1802 = PLANE('',#1803);
#1803 = AXIS2_PLACEMENT_3D('',#1804,#1805,#1806);
#1804 = CARTESIAN_POINT('',(110.70298400691,-0.149995,-3.65));
#1805 = DIRECTION('',(-0.988013808308,0.154365522683,0.));
#1806 = DIRECTION('',(0.154365522683,0.988013808308,0.));
#1807 = ADVANCED_FACE('',(#1808),#1826,.T.);
#1808 = FACE_BOUND('',#1809,.F.);
#1809 = EDGE_LOOP('',(#1810,#1818,#1824,#1825));
#1810 = ORIENTED_EDGE('',*,*,#1811,.F.);
#1811 = EDGE_CURVE('',#1812,#1781,#1814,.T.);
#1812 = VERTEX_POINT('',#1813);
#1813 = CARTESIAN_POINT('',(-0.162127086651,-0.149995,-3.65));
#1814 = LINE('',#1815,#1816);
#1815 = CARTESIAN_POINT('',(0.,-0.149995,-3.65));
#1816 = VECTOR('',#1817,1.);
#1817 = DIRECTION('',(1.,0.,0.));
#1818 = ORIENTED_EDGE('',*,*,#1819,.F.);
#1819 = EDGE_CURVE('',#1753,#1812,#1820,.T.);
#1820 = LINE('',#1821,#1822);
#1821 = CARTESIAN_POINT('',(14.71475218505,191.01163834368,-3.65));
#1822 = VECTOR('',#1823,1.);
#1823 = DIRECTION('',(-7.758895790401E-02,-0.996985432999,0.));
#1824 = ORIENTED_EDGE('',*,*,#1760,.F.);
#1825 = ORIENTED_EDGE('',*,*,#1797,.F.);
#1826 = PLANE('',#1827);
#1827 = AXIS2_PLACEMENT_3D('',#1828,#1829,#1830);
#1828 = CARTESIAN_POINT('',(66.898653231771,97.803181375834,-3.65));
#1829 = DIRECTION('',(0.,0.,1.));
#1830 = DIRECTION('',(1.,0.,-0.));
#1831 = ADVANCED_FACE('',(#1832),#1850,.F.);
#1832 = FACE_BOUND('',#1833,.T.);
#1833 = EDGE_LOOP('',(#1834,#1842,#1848,#1849));
#1834 = ORIENTED_EDGE('',*,*,#1835,.F.);
#1835 = EDGE_CURVE('',#1836,#1783,#1838,.T.);
#1836 = VERTEX_POINT('',#1837);
#1837 = CARTESIAN_POINT('',(-0.162127086651,-0.149995,3.65));
#1838 = LINE('',#1839,#1840);
#1839 = CARTESIAN_POINT('',(0.,-0.149995,3.65));
#1840 = VECTOR('',#1841,1.);
#1841 = DIRECTION('',(1.,0.,0.));
#1842 = ORIENTED_EDGE('',*,*,#1843,.F.);
#1843 = EDGE_CURVE('',#1745,#1836,#1844,.T.);
#1844 = LINE('',#1845,#1846);
#1845 = CARTESIAN_POINT('',(14.71475218505,191.01163834368,3.65));
#1846 = VECTOR('',#1847,1.);
#1847 = DIRECTION('',(-7.758895790401E-02,-0.996985432999,0.));
#1848 = ORIENTED_EDGE('',*,*,#1744,.F.);
#1849 = ORIENTED_EDGE('',*,*,#1790,.F.);
#1850 = PLANE('',#1851);
#1851 = AXIS2_PLACEMENT_3D('',#1852,#1853,#1854);
#1852 = CARTESIAN_POINT('',(66.898653231771,97.803181375834,3.65));
#1853 = DIRECTION('',(0.,0.,1.));
#1854 = DIRECTION('',(1.,0.,-0.));
#1855 = ADVANCED_FACE('',(#1856),#1867,.T.);
#1856 = FACE_BOUND('',#1857,.T.);
#1857 = EDGE_LOOP('',(#1858,#1859,#1860,#1866));
#1858 = ORIENTED_EDGE('',*,*,#1752,.T.);
#1859 = ORIENTED_EDGE('',*,*,#1843,.T.);
#1860 = ORIENTED_EDGE('',*,*,#1861,.F.);
#1861 = EDGE_CURVE('',#1812,#1836,#1862,.T.);
#1862 = LINE('',#1863,#1864);
#1863 = CARTESIAN_POINT('',(-0.162127086651,-0.149995,-3.65));
#1864 = VECTOR('',#1865,1.);
#1865 = DIRECTION('',(0.,0.,1.));
#1866 = ORIENTED_EDGE('',*,*,#1819,.F.);
#1867 = PLANE('',#1868);
#1868 = AXIS2_PLACEMENT_3D('',#1869,#1870,#1871);
#1869 = CARTESIAN_POINT('',(14.725519982023,191.15,-3.65));
#1870 = DIRECTION('',(0.996985432999,-7.758895790401E-02,0.));
#1871 = DIRECTION('',(-7.758895790401E-02,-0.996985432999,0.));
#1872 = ADVANCED_FACE('',(#1873),#1879,.T.);
#1873 = FACE_BOUND('',#1874,.T.);
#1874 = EDGE_LOOP('',(#1875,#1876,#1877,#1878));
#1875 = ORIENTED_EDGE('',*,*,#1861,.T.);
#1876 = ORIENTED_EDGE('',*,*,#1835,.T.);
#1877 = ORIENTED_EDGE('',*,*,#1780,.F.);
#1878 = ORIENTED_EDGE('',*,*,#1811,.F.);
#1879 = PLANE('',#1880);
#1880 = AXIS2_PLACEMENT_3D('',#1881,#1882,#1883);
#1881 = CARTESIAN_POINT('',(-0.162127086651,-0.149995,-3.65));
#1882 = DIRECTION('',(0.,1.,0.));
#1883 = DIRECTION('',(1.,0.,0.));
#1884 = ( GEOMETRIC_REPRESENTATION_CONTEXT(3) 
GLOBAL_UNCERTAINTY_ASSIGNED_CONTEXT((#1888)) 
GLOBAL_UNIT_ASSIGNED_CONTEXT((#1885,#1886,#1887)) REPRESENTATION_CONTEXT
('Context #1','3D Context with UNIT and UNCERTAINTY') );
#1885 = ( LENGTH_UNIT() NAMED_UNIT(*) SI_UNIT(.MILLI.,.METRE.) );
#1886 = ( NAMED_UNIT(*) PLANE_ANGLE_UNIT() SI_UNIT($,.RADIAN.) );
#1887 = ( NAMED_UNIT(*) SI_UNIT($,.STERADIAN.) SOLID_ANGLE_UNIT() );
#1888 = UNCERTAINTY_MEASURE_WITH_UNIT(LENGTH_MEASURE(1.E-07),#1885,
  'distance_accuracy_value','confusion accuracy');
#1889 = CONTEXT_DEPENDENT_SHAPE_REPRESENTATION(#1890,#1892);
#1890 = ( REPRESENTATION_RELATIONSHIP('','',#1449,#10) 
REPRESENTATION_RELATIONSHIP_WITH_TRANSFORMATION(#1891) 
SHAPE_REPRESENTATION_RELATIONSHIP() );
#1891 = ITEM_DEFINED_TRANSFORMATION('','',#11,#31);
#1892 = PRODUCT_DEFINITION_SHAPE('Placement','Placement of an item',
  #1893);
#1893 = NEXT_ASSEMBLY_USAGE_OCCURRENCE('5','Tile0_WrapCling','',#5,#1444
  ,$);
#1894 = PRODUCT_RELATED_PRODUCT_CATEGORY('part',$,(#1446));
#1895 = SHAPE_DEFINITION_REPRESENTATION(#1896,#1902);
#1896 = PRODUCT_DEFINITION_SHAPE('','',#1897);
#1897 = PRODUCT_DEFINITION('design','',#1898,#1901);
#1898 = PRODUCT_DEFINITION_FORMATION('','',#1899);
#1899 = PRODUCT('Tile0_WrapVinyl','Tile0_WrapVinyl','',(#1900));
#1900 = PRODUCT_CONTEXT('',#2,'mechanical');
#1901 = PRODUCT_DEFINITION_CONTEXT('part definition',#2,'design');
#1902 = ADVANCED_BREP_SHAPE_REPRESENTATION('',(#11,#1903),#2337);
#1903 = MANIFOLD_SOLID_BREP('',#1904);
#1904 = CLOSED_SHELL('',(#1905,#1945,#1976,#2007,#2024,#2041,#2087,#2118
    ,#2142,#2166,#2183,#2229,#2260,#2284,#2308,#2325));
#1905 = ADVANCED_FACE('',(#1906),#1940,.F.);
#1906 = FACE_BOUND('',#1907,.F.);
#1907 = EDGE_LOOP('',(#1908,#1918,#1926,#1934));
#1908 = ORIENTED_EDGE('',*,*,#1909,.T.);
#1909 = EDGE_CURVE('',#1910,#1912,#1914,.T.);
#1910 = VERTEX_POINT('',#1911);
#1911 = CARTESIAN_POINT('',(-0.302637228415,-0.279995,-3.78));
#1912 = VERTEX_POINT('',#1913);
#1913 = CARTESIAN_POINT('',(-0.302637228415,-0.279995,3.78));
#1914 = LINE('',#1915,#1916);
#1915 = CARTESIAN_POINT('',(-0.302637228415,-0.279995,-3.78));
#1916 = VECTOR('',#1917,1.);
#1917 = DIRECTION('',(0.,0.,1.));
#1918 = ORIENTED_EDGE('',*,*,#1919,.T.);
#1919 = EDGE_CURVE('',#1912,#1920,#1922,.T.);
#1920 = VERTEX_POINT('',#1921);
#1921 = CARTESIAN_POINT('',(110.81425014624,-0.279995,3.78));
#1922 = LINE('',#1923,#1924);
#1923 = CARTESIAN_POINT('',(0.,-0.279995,3.78));
#1924 = VECTOR('',#1925,1.);
#1925 = DIRECTION('',(1.,0.,0.));
#1926 = ORIENTED_EDGE('',*,*,#1927,.F.);
#1927 = EDGE_CURVE('',#1928,#1920,#1930,.T.);
#1928 = VERTEX_POINT('',#1929);
#1929 = CARTESIAN_POINT('',(110.81425014624,-0.279995,-3.78));
#1930 = LINE('',#1931,#1932);
#1931 = CARTESIAN_POINT('',(110.81425014624,-0.279995,-3.78));
#1932 = VECTOR('',#1933,1.);
#1933 = DIRECTION('',(0.,0.,1.));
#1934 = ORIENTED_EDGE('',*,*,#1935,.F.);
#1935 = EDGE_CURVE('',#1910,#1928,#1936,.T.);
#1936 = LINE('',#1937,#1938);
#1937 = CARTESIAN_POINT('',(0.,-0.279995,-3.78));
#1938 = VECTOR('',#1939,1.);
#1939 = DIRECTION('',(1.,0.,0.));
#1940 = PLANE('',#1941);
#1941 = AXIS2_PLACEMENT_3D('',#1942,#1943,#1944);
#1942 = CARTESIAN_POINT('',(-0.302637228415,-0.279995,-3.78));
#1943 = DIRECTION('',(0.,1.,0.));
#1944 = DIRECTION('',(1.,0.,0.));
#1945 = ADVANCED_FACE('',(#1946),#1971,.F.);
#1946 = FACE_BOUND('',#1947,.F.);
#1947 = EDGE_LOOP('',(#1948,#1958,#1964,#1965));
#1948 = ORIENTED_EDGE('',*,*,#1949,.T.);
#1949 = EDGE_CURVE('',#1950,#1952,#1954,.T.);
#1950 = VERTEX_POINT('',#1951);
#1951 = CARTESIAN_POINT('',(14.605243966443,191.28,-3.78));
#1952 = VERTEX_POINT('',#1953);
#1953 = CARTESIAN_POINT('',(14.605243966443,191.28,3.78));
#1954 = LINE('',#1955,#1956);
#1955 = CARTESIAN_POINT('',(14.605243966443,191.28,-3.78));
#1956 = VECTOR('',#1957,1.);
#1957 = DIRECTION('',(0.,0.,1.));
#1958 = ORIENTED_EDGE('',*,*,#1959,.T.);
#1959 = EDGE_CURVE('',#1952,#1912,#1960,.T.);
#1960 = LINE('',#1961,#1962);
#1961 = CARTESIAN_POINT('',(14.58514407876,191.02172490821,3.78));
#1962 = VECTOR('',#1963,1.);
#1963 = DIRECTION('',(-7.758895790401E-02,-0.996985432999,0.));
#1964 = ORIENTED_EDGE('',*,*,#1909,.F.);
#1965 = ORIENTED_EDGE('',*,*,#1966,.F.);
#1966 = EDGE_CURVE('',#1950,#1910,#1967,.T.);
#1967 = LINE('',#1968,#1969);
#1968 = CARTESIAN_POINT('',(14.58514407876,191.02172490821,-3.78));
#1969 = VECTOR('',#1970,1.);
#1970 = DIRECTION('',(-7.758895790401E-02,-0.996985432999,0.));
#1971 = PLANE('',#1972);
#1972 = AXIS2_PLACEMENT_3D('',#1973,#1974,#1975);
#1973 = CARTESIAN_POINT('',(14.605243966443,191.28,-3.78));
#1974 = DIRECTION('',(0.996985432999,-7.758895790401E-02,0.));
#1975 = DIRECTION('',(-7.758895790401E-02,-0.996985432999,0.));
#1976 = ADVANCED_FACE('',(#1977),#2002,.F.);
#1977 = FACE_BOUND('',#1978,.F.);
#1978 = EDGE_LOOP('',(#1979,#1980,#1988,#1996));
#1979 = ORIENTED_EDGE('',*,*,#1927,.T.);
#1980 = ORIENTED_EDGE('',*,*,#1981,.T.);
#1981 = EDGE_CURVE('',#1920,#1982,#1984,.T.);
#1982 = VERTEX_POINT('',#1983);
#1983 = CARTESIAN_POINT('',(140.74324355167,191.28,3.78));
#1984 = LINE('',#1985,#1986);
#1985 = CARTESIAN_POINT('',(110.85124386632,-4.321734635123E-02,3.78));
#1986 = VECTOR('',#1987,1.);
#1987 = DIRECTION('',(0.154365522683,0.988013808308,0.));
#1988 = ORIENTED_EDGE('',*,*,#1989,.F.);
#1989 = EDGE_CURVE('',#1990,#1982,#1992,.T.);
#1990 = VERTEX_POINT('',#1991);
#1991 = CARTESIAN_POINT('',(140.74324355167,191.28,-3.78));
#1992 = LINE('',#1993,#1994);
#1993 = CARTESIAN_POINT('',(140.74324355167,191.28,-3.78));
#1994 = VECTOR('',#1995,1.);
#1995 = DIRECTION('',(0.,0.,1.));
#1996 = ORIENTED_EDGE('',*,*,#1997,.F.);
#1997 = EDGE_CURVE('',#1928,#1990,#1998,.T.);
#1998 = LINE('',#1999,#2000);
#1999 = CARTESIAN_POINT('',(110.85124386632,-4.321734635123E-02,-3.78));
#2000 = VECTOR('',#2001,1.);
#2001 = DIRECTION('',(0.154365522683,0.988013808308,0.));
#2002 = PLANE('',#2003);
#2003 = AXIS2_PLACEMENT_3D('',#2004,#2005,#2006);
#2004 = CARTESIAN_POINT('',(110.81425014624,-0.279995,-3.78));
#2005 = DIRECTION('',(-0.988013808308,0.154365522683,0.));
#2006 = DIRECTION('',(0.154365522683,0.988013808308,0.));
#2007 = ADVANCED_FACE('',(#2008),#2019,.F.);
#2008 = FACE_BOUND('',#2009,.T.);
#2009 = EDGE_LOOP('',(#2010,#2011,#2012,#2018));
#2010 = ORIENTED_EDGE('',*,*,#1935,.F.);
#2011 = ORIENTED_EDGE('',*,*,#1966,.F.);
#2012 = ORIENTED_EDGE('',*,*,#2013,.F.);
#2013 = EDGE_CURVE('',#1990,#1950,#2014,.T.);
#2014 = LINE('',#2015,#2016);
#2015 = CARTESIAN_POINT('',(140.4161,191.28,-3.78));
#2016 = VECTOR('',#2017,1.);
#2017 = DIRECTION('',(-1.,0.,0.));
#2018 = ORIENTED_EDGE('',*,*,#1997,.F.);
#2019 = PLANE('',#2020);
#2020 = AXIS2_PLACEMENT_3D('',#2021,#2022,#2023);
#2021 = CARTESIAN_POINT('',(66.898653231771,97.803181375834,-3.78));
#2022 = DIRECTION('',(0.,0.,1.));
#2023 = DIRECTION('',(1.,0.,-0.));
#2024 = ADVANCED_FACE('',(#2025),#2036,.T.);
#2025 = FACE_BOUND('',#2026,.F.);
#2026 = EDGE_LOOP('',(#2027,#2028,#2029,#2035));
#2027 = ORIENTED_EDGE('',*,*,#1919,.F.);
#2028 = ORIENTED_EDGE('',*,*,#1959,.F.);
#2029 = ORIENTED_EDGE('',*,*,#2030,.F.);
#2030 = EDGE_CURVE('',#1982,#1952,#2031,.T.);
#2031 = LINE('',#2032,#2033);
#2032 = CARTESIAN_POINT('',(140.4161,191.28,3.78));
#2033 = VECTOR('',#2034,1.);
#2034 = DIRECTION('',(-1.,0.,0.));
#2035 = ORIENTED_EDGE('',*,*,#1981,.F.);
#2036 = PLANE('',#2037);
#2037 = AXIS2_PLACEMENT_3D('',#2038,#2039,#2040);
#2038 = CARTESIAN_POINT('',(66.898653231771,97.803181375834,3.78));
#2039 = DIRECTION('',(0.,0.,1.));
#2040 = DIRECTION('',(1.,0.,-0.));
#2041 = ADVANCED_FACE('',(#2042,#2048),#2082,.F.);
#2042 = FACE_BOUND('',#2043,.F.);
#2043 = EDGE_LOOP('',(#2044,#2045,#2046,#2047));
#2044 = ORIENTED_EDGE('',*,*,#1989,.T.);
#2045 = ORIENTED_EDGE('',*,*,#2030,.T.);
#2046 = ORIENTED_EDGE('',*,*,#1949,.F.);
#2047 = ORIENTED_EDGE('',*,*,#2013,.F.);
#2048 = FACE_BOUND('',#2049,.F.);
#2049 = EDGE_LOOP('',(#2050,#2060,#2068,#2076));
#2050 = ORIENTED_EDGE('',*,*,#2051,.T.);
#2051 = EDGE_CURVE('',#2052,#2054,#2056,.T.);
#2052 = VERTEX_POINT('',#2053);
#2053 = CARTESIAN_POINT('',(90.7773,191.28,-3.));
#2054 = VERTEX_POINT('',#2055);
#2055 = CARTESIAN_POINT('',(72.7773,191.28,-3.));
#2056 = LINE('',#2057,#2058);
#2057 = CARTESIAN_POINT('',(106.76027177583,191.28,-3.));
#2058 = VECTOR('',#2059,1.);
#2059 = DIRECTION('',(-1.,0.,0.));
#2060 = ORIENTED_EDGE('',*,*,#2061,.T.);
#2061 = EDGE_CURVE('',#2054,#2062,#2064,.T.);
#2062 = VERTEX_POINT('',#2063);
#2063 = CARTESIAN_POINT('',(72.7773,191.28,3.));
#2064 = LINE('',#2065,#2066);
#2065 = CARTESIAN_POINT('',(72.7773,191.28,-3.39));
#2066 = VECTOR('',#2067,1.);
#2067 = DIRECTION('',(0.,0.,1.));
#2068 = ORIENTED_EDGE('',*,*,#2069,.F.);
#2069 = EDGE_CURVE('',#2070,#2062,#2072,.T.);
#2070 = VERTEX_POINT('',#2071);
#2071 = CARTESIAN_POINT('',(90.7773,191.28,3.));
#2072 = LINE('',#2073,#2074);
#2073 = CARTESIAN_POINT('',(106.76027177583,191.28,3.));
#2074 = VECTOR('',#2075,1.);
#2075 = DIRECTION('',(-1.,0.,0.));
#2076 = ORIENTED_EDGE('',*,*,#2077,.F.);
#2077 = EDGE_CURVE('',#2052,#2070,#2078,.T.);
#2078 = LINE('',#2079,#2080);
#2079 = CARTESIAN_POINT('',(90.7773,191.28,-3.39));
#2080 = VECTOR('',#2081,1.);
#2081 = DIRECTION('',(0.,0.,1.));
#2082 = PLANE('',#2083);
#2083 = AXIS2_PLACEMENT_3D('',#2084,#2085,#2086);
#2084 = CARTESIAN_POINT('',(140.74324355167,191.28,-3.78));
#2085 = DIRECTION('',(0.,-1.,0.));
#2086 = DIRECTION('',(-1.,0.,0.));
#2087 = ADVANCED_FACE('',(#2088),#2113,.T.);
#2088 = FACE_BOUND('',#2089,.T.);
#2089 = EDGE_LOOP('',(#2090,#2098,#2106,#2112));
#2090 = ORIENTED_EDGE('',*,*,#2091,.F.);
#2091 = EDGE_CURVE('',#2092,#2054,#2094,.T.);
#2092 = VERTEX_POINT('',#2093);
#2093 = CARTESIAN_POINT('',(72.7773,191.18,-3.));
#2094 = LINE('',#2095,#2096);
#2095 = CARTESIAN_POINT('',(72.7773,190.5,-3.));
#2096 = VECTOR('',#2097,1.);
#2097 = DIRECTION('',(-0.,1.,0.));
#2098 = ORIENTED_EDGE('',*,*,#2099,.F.);
#2099 = EDGE_CURVE('',#2100,#2092,#2102,.T.);
#2100 = VERTEX_POINT('',#2101);
#2101 = CARTESIAN_POINT('',(90.7773,191.18,-3.));
#2102 = LINE('',#2103,#2104);
#2103 = CARTESIAN_POINT('',(106.70185328446,191.18,-3.));
#2104 = VECTOR('',#2105,1.);
#2105 = DIRECTION('',(-1.,0.,0.));
#2106 = ORIENTED_EDGE('',*,*,#2107,.T.);
#2107 = EDGE_CURVE('',#2100,#2052,#2108,.T.);
#2108 = LINE('',#2109,#2110);
#2109 = CARTESIAN_POINT('',(90.7773,190.5,-3.));
#2110 = VECTOR('',#2111,1.);
#2111 = DIRECTION('',(-0.,1.,0.));
#2112 = ORIENTED_EDGE('',*,*,#2051,.T.);
#2113 = PLANE('',#2114);
#2114 = AXIS2_PLACEMENT_3D('',#2115,#2116,#2117);
#2115 = CARTESIAN_POINT('',(72.7773,190.5,-3.));
#2116 = DIRECTION('',(0.,0.,1.));
#2117 = DIRECTION('',(1.,0.,-0.));
#2118 = ADVANCED_FACE('',(#2119),#2137,.F.);
#2119 = FACE_BOUND('',#2120,.F.);
#2120 = EDGE_LOOP('',(#2121,#2129,#2135,#2136));
#2121 = ORIENTED_EDGE('',*,*,#2122,.F.);
#2122 = EDGE_CURVE('',#2123,#2070,#2125,.T.);
#2123 = VERTEX_POINT('',#2124);
#2124 = CARTESIAN_POINT('',(90.7773,191.18,3.));
#2125 = LINE('',#2126,#2127);
#2126 = CARTESIAN_POINT('',(90.7773,190.5,3.));
#2127 = VECTOR('',#2128,1.);
#2128 = DIRECTION('',(-0.,1.,0.));
#2129 = ORIENTED_EDGE('',*,*,#2130,.F.);
#2130 = EDGE_CURVE('',#2100,#2123,#2131,.T.);
#2131 = LINE('',#2132,#2133);
#2132 = CARTESIAN_POINT('',(90.7773,191.18,-3.34));
#2133 = VECTOR('',#2134,1.);
#2134 = DIRECTION('',(0.,0.,1.));
#2135 = ORIENTED_EDGE('',*,*,#2107,.T.);
#2136 = ORIENTED_EDGE('',*,*,#2077,.T.);
#2137 = PLANE('',#2138);
#2138 = AXIS2_PLACEMENT_3D('',#2139,#2140,#2141);
#2139 = CARTESIAN_POINT('',(90.7773,190.5,-3.));
#2140 = DIRECTION('',(1.,0.,-0.));
#2141 = DIRECTION('',(0.,0.,1.));
#2142 = ADVANCED_FACE('',(#2143),#2161,.F.);
#2143 = FACE_BOUND('',#2144,.F.);
#2144 = EDGE_LOOP('',(#2145,#2153,#2159,#2160));
#2145 = ORIENTED_EDGE('',*,*,#2146,.F.);
#2146 = EDGE_CURVE('',#2147,#2062,#2149,.T.);
#2147 = VERTEX_POINT('',#2148);
#2148 = CARTESIAN_POINT('',(72.7773,191.18,3.));
#2149 = LINE('',#2150,#2151);
#2150 = CARTESIAN_POINT('',(72.7773,190.5,3.));
#2151 = VECTOR('',#2152,1.);
#2152 = DIRECTION('',(-0.,1.,0.));
#2153 = ORIENTED_EDGE('',*,*,#2154,.F.);
#2154 = EDGE_CURVE('',#2123,#2147,#2155,.T.);
#2155 = LINE('',#2156,#2157);
#2156 = CARTESIAN_POINT('',(106.70185328446,191.18,3.));
#2157 = VECTOR('',#2158,1.);
#2158 = DIRECTION('',(-1.,0.,0.));
#2159 = ORIENTED_EDGE('',*,*,#2122,.T.);
#2160 = ORIENTED_EDGE('',*,*,#2069,.T.);
#2161 = PLANE('',#2162);
#2162 = AXIS2_PLACEMENT_3D('',#2163,#2164,#2165);
#2163 = CARTESIAN_POINT('',(72.7773,190.5,3.));
#2164 = DIRECTION('',(0.,0.,1.));
#2165 = DIRECTION('',(1.,0.,-0.));
#2166 = ADVANCED_FACE('',(#2167),#2178,.T.);
#2167 = FACE_BOUND('',#2168,.T.);
#2168 = EDGE_LOOP('',(#2169,#2170,#2176,#2177));
#2169 = ORIENTED_EDGE('',*,*,#2146,.F.);
#2170 = ORIENTED_EDGE('',*,*,#2171,.F.);
#2171 = EDGE_CURVE('',#2092,#2147,#2172,.T.);
#2172 = LINE('',#2173,#2174);
#2173 = CARTESIAN_POINT('',(72.7773,191.18,-3.34));
#2174 = VECTOR('',#2175,1.);
#2175 = DIRECTION('',(0.,0.,1.));
#2176 = ORIENTED_EDGE('',*,*,#2091,.T.);
#2177 = ORIENTED_EDGE('',*,*,#2061,.T.);
#2178 = PLANE('',#2179);
#2179 = AXIS2_PLACEMENT_3D('',#2180,#2181,#2182);
#2180 = CARTESIAN_POINT('',(72.7773,190.5,-3.));
#2181 = DIRECTION('',(1.,0.,-0.));
#2182 = DIRECTION('',(0.,0.,1.));
#2183 = ADVANCED_FACE('',(#2184,#2218),#2224,.T.);
#2184 = FACE_BOUND('',#2185,.T.);
#2185 = EDGE_LOOP('',(#2186,#2196,#2204,#2212));
#2186 = ORIENTED_EDGE('',*,*,#2187,.T.);
#2187 = EDGE_CURVE('',#2188,#2190,#2192,.T.);
#2188 = VERTEX_POINT('',#2189);
#2189 = CARTESIAN_POINT('',(140.62640656893,191.18,-3.68));
#2190 = VERTEX_POINT('',#2191);
#2191 = CARTESIAN_POINT('',(140.62640656893,191.18,3.68));
#2192 = LINE('',#2193,#2194);
#2193 = CARTESIAN_POINT('',(140.62640656893,191.18,-3.68));
#2194 = VECTOR('',#2195,1.);
#2195 = DIRECTION('',(0.,0.,1.));
#2196 = ORIENTED_EDGE('',*,*,#2197,.T.);
#2197 = EDGE_CURVE('',#2190,#2198,#2200,.T.);
#2198 = VERTEX_POINT('',#2199);
#2199 = CARTESIAN_POINT('',(14.697763978428,191.18,3.68));
#2200 = LINE('',#2201,#2202);
#2201 = CARTESIAN_POINT('',(140.4161,191.18,3.68));
#2202 = VECTOR('',#2203,1.);
#2203 = DIRECTION('',(-1.,0.,0.));
#2204 = ORIENTED_EDGE('',*,*,#2205,.F.);
#2205 = EDGE_CURVE('',#2206,#2198,#2208,.T.);
#2206 = VERTEX_POINT('',#2207);
#2207 = CARTESIAN_POINT('',(14.697763978428,191.18,-3.68));
#2208 = LINE('',#2209,#2210);
#2209 = CARTESIAN_POINT('',(14.697763978428,191.18,-3.68));
#2210 = VECTOR('',#2211,1.);
#2211 = DIRECTION('',(0.,0.,1.));
#2212 = ORIENTED_EDGE('',*,*,#2213,.F.);
#2213 = EDGE_CURVE('',#2188,#2206,#2214,.T.);
#2214 = LINE('',#2215,#2216);
#2215 = CARTESIAN_POINT('',(140.4161,191.18,-3.68));
#2216 = VECTOR('',#2217,1.);
#2217 = DIRECTION('',(-1.,0.,0.));
#2218 = FACE_BOUND('',#2219,.T.);
#2219 = EDGE_LOOP('',(#2220,#2221,#2222,#2223));
#2220 = ORIENTED_EDGE('',*,*,#2099,.T.);
#2221 = ORIENTED_EDGE('',*,*,#2171,.T.);
#2222 = ORIENTED_EDGE('',*,*,#2154,.F.);
#2223 = ORIENTED_EDGE('',*,*,#2130,.F.);
#2224 = PLANE('',#2225);
#2225 = AXIS2_PLACEMENT_3D('',#2226,#2227,#2228);
#2226 = CARTESIAN_POINT('',(140.62640656893,191.18,-3.68));
#2227 = DIRECTION('',(0.,-1.,0.));
#2228 = DIRECTION('',(-1.,0.,0.));
#2229 = ADVANCED_FACE('',(#2230),#2255,.T.);
#2230 = FACE_BOUND('',#2231,.T.);
#2231 = EDGE_LOOP('',(#2232,#2242,#2248,#2249));
#2232 = ORIENTED_EDGE('',*,*,#2233,.T.);
#2233 = EDGE_CURVE('',#2234,#2236,#2238,.T.);
#2234 = VERTEX_POINT('',#2235);
#2235 = CARTESIAN_POINT('',(110.72866080829,-0.179995,-3.68));
#2236 = VERTEX_POINT('',#2237);
#2237 = CARTESIAN_POINT('',(110.72866080829,-0.179995,3.68));
#2238 = LINE('',#2239,#2240);
#2239 = CARTESIAN_POINT('',(110.72866080829,-0.179995,-3.68));
#2240 = VECTOR('',#2241,1.);
#2241 = DIRECTION('',(0.,0.,1.));
#2242 = ORIENTED_EDGE('',*,*,#2243,.T.);
#2243 = EDGE_CURVE('',#2236,#2190,#2244,.T.);
#2244 = LINE('',#2245,#2246);
#2245 = CARTESIAN_POINT('',(110.75244248549,-2.778079408293E-02,3.68));
#2246 = VECTOR('',#2247,1.);
#2247 = DIRECTION('',(0.154365522683,0.988013808308,0.));
#2248 = ORIENTED_EDGE('',*,*,#2187,.F.);
#2249 = ORIENTED_EDGE('',*,*,#2250,.F.);
#2250 = EDGE_CURVE('',#2234,#2188,#2251,.T.);
#2251 = LINE('',#2252,#2253);
#2252 = CARTESIAN_POINT('',(110.75244248549,-2.778079408293E-02,-3.68));
#2253 = VECTOR('',#2254,1.);
#2254 = DIRECTION('',(0.154365522683,0.988013808308,0.));
#2255 = PLANE('',#2256);
#2256 = AXIS2_PLACEMENT_3D('',#2257,#2258,#2259);
#2257 = CARTESIAN_POINT('',(110.72866080829,-0.179995,-3.68));
#2258 = DIRECTION('',(-0.988013808308,0.154365522683,0.));
#2259 = DIRECTION('',(0.154365522683,0.988013808308,0.));
#2260 = ADVANCED_FACE('',(#2261),#2279,.T.);
#2261 = FACE_BOUND('',#2262,.F.);
#2262 = EDGE_LOOP('',(#2263,#2271,#2277,#2278));
#2263 = ORIENTED_EDGE('',*,*,#2264,.F.);
#2264 = EDGE_CURVE('',#2265,#2234,#2267,.T.);
#2265 = VERTEX_POINT('',#2266);
#2266 = CARTESIAN_POINT('',(-0.194552503981,-0.179995,-3.68));
#2267 = LINE('',#2268,#2269);
#2268 = CARTESIAN_POINT('',(0.,-0.179995,-3.68));
#2269 = VECTOR('',#2270,1.);
#2270 = DIRECTION('',(1.,0.,0.));
#2271 = ORIENTED_EDGE('',*,*,#2272,.F.);
#2272 = EDGE_CURVE('',#2206,#2265,#2273,.T.);
#2273 = LINE('',#2274,#2275);
#2274 = CARTESIAN_POINT('',(14.68484262206,191.01396601242,-3.68));
#2275 = VECTOR('',#2276,1.);
#2276 = DIRECTION('',(-7.758895790401E-02,-0.996985432999,0.));
#2277 = ORIENTED_EDGE('',*,*,#2213,.F.);
#2278 = ORIENTED_EDGE('',*,*,#2250,.F.);
#2279 = PLANE('',#2280);
#2280 = AXIS2_PLACEMENT_3D('',#2281,#2282,#2283);
#2281 = CARTESIAN_POINT('',(66.898653231771,97.803181375834,-3.68));
#2282 = DIRECTION('',(0.,0.,1.));
#2283 = DIRECTION('',(1.,0.,-0.));
#2284 = ADVANCED_FACE('',(#2285),#2303,.F.);
#2285 = FACE_BOUND('',#2286,.T.);
#2286 = EDGE_LOOP('',(#2287,#2295,#2301,#2302));
#2287 = ORIENTED_EDGE('',*,*,#2288,.F.);
#2288 = EDGE_CURVE('',#2289,#2236,#2291,.T.);
#2289 = VERTEX_POINT('',#2290);
#2290 = CARTESIAN_POINT('',(-0.194552503981,-0.179995,3.68));
#2291 = LINE('',#2292,#2293);
#2292 = CARTESIAN_POINT('',(0.,-0.179995,3.68));
#2293 = VECTOR('',#2294,1.);
#2294 = DIRECTION('',(1.,0.,0.));
#2295 = ORIENTED_EDGE('',*,*,#2296,.F.);
#2296 = EDGE_CURVE('',#2198,#2289,#2297,.T.);
#2297 = LINE('',#2298,#2299);
#2298 = CARTESIAN_POINT('',(14.68484262206,191.01396601242,3.68));
#2299 = VECTOR('',#2300,1.);
#2300 = DIRECTION('',(-7.758895790401E-02,-0.996985432999,0.));
#2301 = ORIENTED_EDGE('',*,*,#2197,.F.);
#2302 = ORIENTED_EDGE('',*,*,#2243,.F.);
#2303 = PLANE('',#2304);
#2304 = AXIS2_PLACEMENT_3D('',#2305,#2306,#2307);
#2305 = CARTESIAN_POINT('',(66.898653231771,97.803181375834,3.68));
#2306 = DIRECTION('',(0.,0.,1.));
#2307 = DIRECTION('',(1.,0.,-0.));
#2308 = ADVANCED_FACE('',(#2309),#2320,.T.);
#2309 = FACE_BOUND('',#2310,.T.);
#2310 = EDGE_LOOP('',(#2311,#2312,#2313,#2319));
#2311 = ORIENTED_EDGE('',*,*,#2205,.T.);
#2312 = ORIENTED_EDGE('',*,*,#2296,.T.);
#2313 = ORIENTED_EDGE('',*,*,#2314,.F.);
#2314 = EDGE_CURVE('',#2265,#2289,#2315,.T.);
#2315 = LINE('',#2316,#2317);
#2316 = CARTESIAN_POINT('',(-0.194552503981,-0.179995,-3.68));
#2317 = VECTOR('',#2318,1.);
#2318 = DIRECTION('',(0.,0.,1.));
#2319 = ORIENTED_EDGE('',*,*,#2272,.F.);
#2320 = PLANE('',#2321);
#2321 = AXIS2_PLACEMENT_3D('',#2322,#2323,#2324);
#2322 = CARTESIAN_POINT('',(14.697763978428,191.18,-3.68));
#2323 = DIRECTION('',(0.996985432999,-7.758895790401E-02,0.));
#2324 = DIRECTION('',(-7.758895790401E-02,-0.996985432999,0.));
#2325 = ADVANCED_FACE('',(#2326),#2332,.T.);
#2326 = FACE_BOUND('',#2327,.T.);
#2327 = EDGE_LOOP('',(#2328,#2329,#2330,#2331));
#2328 = ORIENTED_EDGE('',*,*,#2314,.T.);
#2329 = ORIENTED_EDGE('',*,*,#2288,.T.);
#2330 = ORIENTED_EDGE('',*,*,#2233,.F.);
#2331 = ORIENTED_EDGE('',*,*,#2264,.F.);
#2332 = PLANE('',#2333);
#2333 = AXIS2_PLACEMENT_3D('',#2334,#2335,#2336);
#2334 = CARTESIAN_POINT('',(-0.194552503981,-0.179995,-3.68));
#2335 = DIRECTION('',(0.,1.,0.));
#2336 = DIRECTION('',(1.,0.,0.));
#2337 = ( GEOMETRIC_REPRESENTATION_CONTEXT(3) 
GLOBAL_UNCERTAINTY_ASSIGNED_CONTEXT((#2341)) 
GLOBAL_UNIT_ASSIGNED_CONTEXT((#2338,#2339,#2340)) REPRESENTATION_CONTEXT
('Context #1','3D Context with UNIT and UNCERTAINTY') );
#2338 = ( LENGTH_UNIT() NAMED_UNIT(*) SI_UNIT(.MILLI.,.METRE.) );
#2339 = ( NAMED_UNIT(*) PLANE_ANGLE_UNIT() SI_UNIT($,.RADIAN.) );
#2340 = ( NAMED_UNIT(*) SI_UNIT($,.STERADIAN.) SOLID_ANGLE_UNIT() );
#2341 = UNCERTAINTY_MEASURE_WITH_UNIT(LENGTH_MEASURE(1.E-07),#2338,
  'distance_accuracy_value','confusion accuracy');
#2342 = CONTEXT_DEPENDENT_SHAPE_REPRESENTATION(#2343,#2345);
#2343 = ( REPRESENTATION_RELATIONSHIP('','',#1902,#10) 
REPRESENTATION_RELATIONSHIP_WITH_TRANSFORMATION(#2344) 
SHAPE_REPRESENTATION_RELATIONSHIP() );
#2344 = ITEM_DEFINED_TRANSFORMATION('','',#11,#35);
#2345 = PRODUCT_DEFINITION_SHAPE('Placement','Placement of an item',
  #2346);
#2346 = NEXT_ASSEMBLY_USAGE_OCCURRENCE('6','Tile0_WrapVinyl','',#5,#1897
  ,$);
#2347 = PRODUCT_RELATED_PRODUCT_CATEGORY('part',$,(#1899));
#2348 = SHAPE_DEFINITION_REPRESENTATION(#2349,#2355);
#2349 = PRODUCT_DEFINITION_SHAPE('','',#2350);
#2350 = PRODUCT_DEFINITION('design','',#2351,#2354);
#2351 = PRODUCT_DEFINITION_FORMATION('','',#2352);
#2352 = PRODUCT('Tile0_Coupler','Tile0_Coupler','',(#2353));
#2353 = PRODUCT_CONTEXT('',#2,'mechanical');
#2354 = PRODUCT_DEFINITION_CONTEXT('part definition',#2,'design');
#2355 = ADVANCED_BREP_SHAPE_REPRESENTATION('',(#11,#2356),#2790);
#2356 = MANIFOLD_SOLID_BREP('',#2357);
#2357 = CLOSED_SHELL('',(#2358,#2398,#2463,#2487,#2511,#2528,#2540,#2571
    ,#2595,#2619,#2636,#2682,#2713,#2737,#2761,#2778));
#2358 = ADVANCED_FACE('',(#2359),#2393,.F.);
#2359 = FACE_BOUND('',#2360,.F.);
#2360 = EDGE_LOOP('',(#2361,#2371,#2379,#2387));
#2361 = ORIENTED_EDGE('',*,*,#2362,.F.);
#2362 = EDGE_CURVE('',#2363,#2365,#2367,.T.);
#2363 = VERTEX_POINT('',#2364);
#2364 = CARTESIAN_POINT('',(73.7773,191.,-4.));
#2365 = VERTEX_POINT('',#2366);
#2366 = CARTESIAN_POINT('',(73.7773,191.,4.));
#2367 = LINE('',#2368,#2369);
#2368 = CARTESIAN_POINT('',(73.7773,191.,-4.));
#2369 = VECTOR('',#2370,1.);
#2370 = DIRECTION('',(0.,0.,1.));
#2371 = ORIENTED_EDGE('',*,*,#2372,.T.);
#2372 = EDGE_CURVE('',#2363,#2373,#2375,.T.);
#2373 = VERTEX_POINT('',#2374);
#2374 = CARTESIAN_POINT('',(73.7773,197.,-4.));
#2375 = LINE('',#2376,#2377);
#2376 = CARTESIAN_POINT('',(73.7773,191.,-4.));
#2377 = VECTOR('',#2378,1.);
#2378 = DIRECTION('',(-0.,1.,0.));
#2379 = ORIENTED_EDGE('',*,*,#2380,.T.);
#2380 = EDGE_CURVE('',#2373,#2381,#2383,.T.);
#2381 = VERTEX_POINT('',#2382);
#2382 = CARTESIAN_POINT('',(73.7773,197.,4.));
#2383 = LINE('',#2384,#2385);
#2384 = CARTESIAN_POINT('',(73.7773,197.,-4.));
#2385 = VECTOR('',#2386,1.);
#2386 = DIRECTION('',(0.,0.,1.));
#2387 = ORIENTED_EDGE('',*,*,#2388,.F.);
#2388 = EDGE_CURVE('',#2365,#2381,#2389,.T.);
#2389 = LINE('',#2390,#2391);
#2390 = CARTESIAN_POINT('',(73.7773,191.,4.));
#2391 = VECTOR('',#2392,1.);
#2392 = DIRECTION('',(-0.,1.,0.));
#2393 = PLANE('',#2394);
#2394 = AXIS2_PLACEMENT_3D('',#2395,#2396,#2397);
#2395 = CARTESIAN_POINT('',(73.7773,191.,-4.));
#2396 = DIRECTION('',(1.,0.,-0.));
#2397 = DIRECTION('',(0.,0.,1.));
#2398 = ADVANCED_FACE('',(#2399,#2424),#2458,.F.);
#2399 = FACE_BOUND('',#2400,.F.);
#2400 = EDGE_LOOP('',(#2401,#2409,#2410,#2418));
#2401 = ORIENTED_EDGE('',*,*,#2402,.F.);
#2402 = EDGE_CURVE('',#2363,#2403,#2405,.T.);
#2403 = VERTEX_POINT('',#2404);
#2404 = CARTESIAN_POINT('',(89.7773,191.,-4.));
#2405 = LINE('',#2406,#2407);
#2406 = CARTESIAN_POINT('',(73.7773,191.,-4.));
#2407 = VECTOR('',#2408,1.);
#2408 = DIRECTION('',(1.,0.,-0.));
#2409 = ORIENTED_EDGE('',*,*,#2362,.T.);
#2410 = ORIENTED_EDGE('',*,*,#2411,.T.);
#2411 = EDGE_CURVE('',#2365,#2412,#2414,.T.);
#2412 = VERTEX_POINT('',#2413);
#2413 = CARTESIAN_POINT('',(89.7773,191.,4.));
#2414 = LINE('',#2415,#2416);
#2415 = CARTESIAN_POINT('',(73.7773,191.,4.));
#2416 = VECTOR('',#2417,1.);
#2417 = DIRECTION('',(1.,0.,-0.));
#2418 = ORIENTED_EDGE('',*,*,#2419,.F.);
#2419 = EDGE_CURVE('',#2403,#2412,#2420,.T.);
#2420 = LINE('',#2421,#2422);
#2421 = CARTESIAN_POINT('',(89.7773,191.,-4.));
#2422 = VECTOR('',#2423,1.);
#2423 = DIRECTION('',(0.,0.,1.));
#2424 = FACE_BOUND('',#2425,.F.);
#2425 = EDGE_LOOP('',(#2426,#2436,#2444,#2452));
#2426 = ORIENTED_EDGE('',*,*,#2427,.F.);
#2427 = EDGE_CURVE('',#2428,#2430,#2432,.T.);
#2428 = VERTEX_POINT('',#2429);
#2429 = CARTESIAN_POINT('',(79.2773,191.,2.5));
#2430 = VERTEX_POINT('',#2431);
#2431 = CARTESIAN_POINT('',(84.2773,191.,2.5));
#2432 = LINE('',#2433,#2434);
#2433 = CARTESIAN_POINT('',(76.5273,191.,2.5));
#2434 = VECTOR('',#2435,1.);
#2435 = DIRECTION('',(1.,0.,-0.));
#2436 = ORIENTED_EDGE('',*,*,#2437,.T.);
#2437 = EDGE_CURVE('',#2428,#2438,#2440,.T.);
#2438 = VERTEX_POINT('',#2439);
#2439 = CARTESIAN_POINT('',(79.2773,191.,-2.5));
#2440 = LINE('',#2441,#2442);
#2441 = CARTESIAN_POINT('',(79.2773,191.,-3.25));
#2442 = VECTOR('',#2443,1.);
#2443 = DIRECTION('',(-0.,0.,-1.));
#2444 = ORIENTED_EDGE('',*,*,#2445,.T.);
#2445 = EDGE_CURVE('',#2438,#2446,#2448,.T.);
#2446 = VERTEX_POINT('',#2447);
#2447 = CARTESIAN_POINT('',(84.2773,191.,-2.5));
#2448 = LINE('',#2449,#2450);
#2449 = CARTESIAN_POINT('',(76.5273,191.,-2.5));
#2450 = VECTOR('',#2451,1.);
#2451 = DIRECTION('',(1.,0.,-0.));
#2452 = ORIENTED_EDGE('',*,*,#2453,.F.);
#2453 = EDGE_CURVE('',#2430,#2446,#2454,.T.);
#2454 = LINE('',#2455,#2456);
#2455 = CARTESIAN_POINT('',(84.2773,191.,-3.25));
#2456 = VECTOR('',#2457,1.);
#2457 = DIRECTION('',(-0.,0.,-1.));
#2458 = PLANE('',#2459);
#2459 = AXIS2_PLACEMENT_3D('',#2460,#2461,#2462);
#2460 = CARTESIAN_POINT('',(73.7773,191.,-4.));
#2461 = DIRECTION('',(-0.,1.,0.));
#2462 = DIRECTION('',(0.,0.,1.));
#2463 = ADVANCED_FACE('',(#2464),#2482,.T.);
#2464 = FACE_BOUND('',#2465,.T.);
#2465 = EDGE_LOOP('',(#2466,#2467,#2468,#2476));
#2466 = ORIENTED_EDGE('',*,*,#2388,.F.);
#2467 = ORIENTED_EDGE('',*,*,#2411,.T.);
#2468 = ORIENTED_EDGE('',*,*,#2469,.T.);
#2469 = EDGE_CURVE('',#2412,#2470,#2472,.T.);
#2470 = VERTEX_POINT('',#2471);
#2471 = CARTESIAN_POINT('',(89.7773,197.,4.));
#2472 = LINE('',#2473,#2474);
#2473 = CARTESIAN_POINT('',(89.7773,191.,4.));
#2474 = VECTOR('',#2475,1.);
#2475 = DIRECTION('',(-0.,1.,0.));
#2476 = ORIENTED_EDGE('',*,*,#2477,.F.);
#2477 = EDGE_CURVE('',#2381,#2470,#2478,.T.);
#2478 = LINE('',#2479,#2480);
#2479 = CARTESIAN_POINT('',(73.7773,197.,4.));
#2480 = VECTOR('',#2481,1.);
#2481 = DIRECTION('',(1.,0.,-0.));
#2482 = PLANE('',#2483);
#2483 = AXIS2_PLACEMENT_3D('',#2484,#2485,#2486);
#2484 = CARTESIAN_POINT('',(73.7773,191.,4.));
#2485 = DIRECTION('',(0.,0.,1.));
#2486 = DIRECTION('',(1.,0.,-0.));
#2487 = ADVANCED_FACE('',(#2488),#2506,.T.);
#2488 = FACE_BOUND('',#2489,.T.);
#2489 = EDGE_LOOP('',(#2490,#2498,#2499,#2500));
#2490 = ORIENTED_EDGE('',*,*,#2491,.F.);
#2491 = EDGE_CURVE('',#2373,#2492,#2494,.T.);
#2492 = VERTEX_POINT('',#2493);
#2493 = CARTESIAN_POINT('',(89.7773,197.,-4.));
#2494 = LINE('',#2495,#2496);
#2495 = CARTESIAN_POINT('',(73.7773,197.,-4.));
#2496 = VECTOR('',#2497,1.);
#2497 = DIRECTION('',(1.,0.,-0.));
#2498 = ORIENTED_EDGE('',*,*,#2380,.T.);
#2499 = ORIENTED_EDGE('',*,*,#2477,.T.);
#2500 = ORIENTED_EDGE('',*,*,#2501,.F.);
#2501 = EDGE_CURVE('',#2492,#2470,#2502,.T.);
#2502 = LINE('',#2503,#2504);
#2503 = CARTESIAN_POINT('',(89.7773,197.,-4.));
#2504 = VECTOR('',#2505,1.);
#2505 = DIRECTION('',(0.,0.,1.));
#2506 = PLANE('',#2507);
#2507 = AXIS2_PLACEMENT_3D('',#2508,#2509,#2510);
#2508 = CARTESIAN_POINT('',(73.7773,197.,-4.));
#2509 = DIRECTION('',(-0.,1.,0.));
#2510 = DIRECTION('',(0.,0.,1.));
#2511 = ADVANCED_FACE('',(#2512),#2523,.F.);
#2512 = FACE_BOUND('',#2513,.F.);
#2513 = EDGE_LOOP('',(#2514,#2515,#2516,#2522));
#2514 = ORIENTED_EDGE('',*,*,#2372,.F.);
#2515 = ORIENTED_EDGE('',*,*,#2402,.T.);
#2516 = ORIENTED_EDGE('',*,*,#2517,.T.);
#2517 = EDGE_CURVE('',#2403,#2492,#2518,.T.);
#2518 = LINE('',#2519,#2520);
#2519 = CARTESIAN_POINT('',(89.7773,191.,-4.));
#2520 = VECTOR('',#2521,1.);
#2521 = DIRECTION('',(-0.,1.,0.));
#2522 = ORIENTED_EDGE('',*,*,#2491,.F.);
#2523 = PLANE('',#2524);
#2524 = AXIS2_PLACEMENT_3D('',#2525,#2526,#2527);
#2525 = CARTESIAN_POINT('',(73.7773,191.,-4.));
#2526 = DIRECTION('',(0.,0.,1.));
#2527 = DIRECTION('',(1.,0.,-0.));
#2528 = ADVANCED_FACE('',(#2529),#2535,.T.);
#2529 = FACE_BOUND('',#2530,.T.);
#2530 = EDGE_LOOP('',(#2531,#2532,#2533,#2534));
#2531 = ORIENTED_EDGE('',*,*,#2419,.F.);
#2532 = ORIENTED_EDGE('',*,*,#2517,.T.);
#2533 = ORIENTED_EDGE('',*,*,#2501,.T.);
#2534 = ORIENTED_EDGE('',*,*,#2469,.F.);
#2535 = PLANE('',#2536);
#2536 = AXIS2_PLACEMENT_3D('',#2537,#2538,#2539);
#2537 = CARTESIAN_POINT('',(89.7773,191.,-4.));
#2538 = DIRECTION('',(1.,0.,-0.));
#2539 = DIRECTION('',(0.,0.,1.));
#2540 = ADVANCED_FACE('',(#2541),#2566,.F.);
#2541 = FACE_BOUND('',#2542,.F.);
#2542 = EDGE_LOOP('',(#2543,#2551,#2552,#2560));
#2543 = ORIENTED_EDGE('',*,*,#2544,.F.);
#2544 = EDGE_CURVE('',#2428,#2545,#2547,.T.);
#2545 = VERTEX_POINT('',#2546);
#2546 = CARTESIAN_POINT('',(79.2773,191.75,2.5));
#2547 = LINE('',#2548,#2549);
#2548 = CARTESIAN_POINT('',(79.2773,190.9,2.5));
#2549 = VECTOR('',#2550,1.);
#2550 = DIRECTION('',(-0.,1.,0.));
#2551 = ORIENTED_EDGE('',*,*,#2427,.T.);
#2552 = ORIENTED_EDGE('',*,*,#2553,.T.);
#2553 = EDGE_CURVE('',#2430,#2554,#2556,.T.);
#2554 = VERTEX_POINT('',#2555);
#2555 = CARTESIAN_POINT('',(84.2773,191.75,2.5));
#2556 = LINE('',#2557,#2558);
#2557 = CARTESIAN_POINT('',(84.2773,190.9,2.5));
#2558 = VECTOR('',#2559,1.);
#2559 = DIRECTION('',(-0.,1.,0.));
#2560 = ORIENTED_EDGE('',*,*,#2561,.F.);
#2561 = EDGE_CURVE('',#2545,#2554,#2562,.T.);
#2562 = LINE('',#2563,#2564);
#2563 = CARTESIAN_POINT('',(79.2773,191.75,2.5));
#2564 = VECTOR('',#2565,1.);
#2565 = DIRECTION('',(1.,0.,-0.));
#2566 = PLANE('',#2567);
#2567 = AXIS2_PLACEMENT_3D('',#2568,#2569,#2570);
#2568 = CARTESIAN_POINT('',(79.2773,190.9,2.5));
#2569 = DIRECTION('',(0.,0.,1.));
#2570 = DIRECTION('',(1.,0.,-0.));
#2571 = ADVANCED_FACE('',(#2572),#2590,.F.);
#2572 = FACE_BOUND('',#2573,.F.);
#2573 = EDGE_LOOP('',(#2574,#2575,#2576,#2584));
#2574 = ORIENTED_EDGE('',*,*,#2553,.F.);
#2575 = ORIENTED_EDGE('',*,*,#2453,.T.);
#2576 = ORIENTED_EDGE('',*,*,#2577,.T.);
#2577 = EDGE_CURVE('',#2446,#2578,#2580,.T.);
#2578 = VERTEX_POINT('',#2579);
#2579 = CARTESIAN_POINT('',(84.2773,191.75,-2.5));
#2580 = LINE('',#2581,#2582);
#2581 = CARTESIAN_POINT('',(84.2773,190.9,-2.5));
#2582 = VECTOR('',#2583,1.);
#2583 = DIRECTION('',(-0.,1.,0.));
#2584 = ORIENTED_EDGE('',*,*,#2585,.T.);
#2585 = EDGE_CURVE('',#2578,#2554,#2586,.T.);
#2586 = LINE('',#2587,#2588);
#2587 = CARTESIAN_POINT('',(84.2773,191.75,-2.5));
#2588 = VECTOR('',#2589,1.);
#2589 = DIRECTION('',(0.,0.,1.));
#2590 = PLANE('',#2591);
#2591 = AXIS2_PLACEMENT_3D('',#2592,#2593,#2594);
#2592 = CARTESIAN_POINT('',(84.2773,190.9,-2.5));
#2593 = DIRECTION('',(1.,0.,-0.));
#2594 = DIRECTION('',(0.,0.,1.));
#2595 = ADVANCED_FACE('',(#2596),#2614,.T.);
#2596 = FACE_BOUND('',#2597,.T.);
#2597 = EDGE_LOOP('',(#2598,#2606,#2607,#2608));
#2598 = ORIENTED_EDGE('',*,*,#2599,.F.);
#2599 = EDGE_CURVE('',#2438,#2600,#2602,.T.);
#2600 = VERTEX_POINT('',#2601);
#2601 = CARTESIAN_POINT('',(79.2773,191.75,-2.5));
#2602 = LINE('',#2603,#2604);
#2603 = CARTESIAN_POINT('',(79.2773,190.9,-2.5));
#2604 = VECTOR('',#2605,1.);
#2605 = DIRECTION('',(-0.,1.,0.));
#2606 = ORIENTED_EDGE('',*,*,#2445,.T.);
#2607 = ORIENTED_EDGE('',*,*,#2577,.T.);
#2608 = ORIENTED_EDGE('',*,*,#2609,.F.);
#2609 = EDGE_CURVE('',#2600,#2578,#2610,.T.);
#2610 = LINE('',#2611,#2612);
#2611 = CARTESIAN_POINT('',(79.2773,191.75,-2.5));
#2612 = VECTOR('',#2613,1.);
#2613 = DIRECTION('',(1.,0.,-0.));
#2614 = PLANE('',#2615);
#2615 = AXIS2_PLACEMENT_3D('',#2616,#2617,#2618);
#2616 = CARTESIAN_POINT('',(79.2773,190.9,-2.5));
#2617 = DIRECTION('',(0.,0.,1.));
#2618 = DIRECTION('',(1.,0.,-0.));
#2619 = ADVANCED_FACE('',(#2620),#2631,.T.);
#2620 = FACE_BOUND('',#2621,.T.);
#2621 = EDGE_LOOP('',(#2622,#2623,#2624,#2625));
#2622 = ORIENTED_EDGE('',*,*,#2544,.F.);
#2623 = ORIENTED_EDGE('',*,*,#2437,.T.);
#2624 = ORIENTED_EDGE('',*,*,#2599,.T.);
#2625 = ORIENTED_EDGE('',*,*,#2626,.T.);
#2626 = EDGE_CURVE('',#2600,#2545,#2627,.T.);
#2627 = LINE('',#2628,#2629);
#2628 = CARTESIAN_POINT('',(79.2773,191.75,-2.5));
#2629 = VECTOR('',#2630,1.);
#2630 = DIRECTION('',(0.,0.,1.));
#2631 = PLANE('',#2632);
#2632 = AXIS2_PLACEMENT_3D('',#2633,#2634,#2635);
#2633 = CARTESIAN_POINT('',(79.2773,190.9,-2.5));
#2634 = DIRECTION('',(1.,0.,-0.));
#2635 = DIRECTION('',(0.,0.,1.));
#2636 = ADVANCED_FACE('',(#2637,#2643),#2677,.F.);
#2637 = FACE_BOUND('',#2638,.F.);
#2638 = EDGE_LOOP('',(#2639,#2640,#2641,#2642));
#2639 = ORIENTED_EDGE('',*,*,#2609,.F.);
#2640 = ORIENTED_EDGE('',*,*,#2626,.T.);
#2641 = ORIENTED_EDGE('',*,*,#2561,.T.);
#2642 = ORIENTED_EDGE('',*,*,#2585,.F.);
#2643 = FACE_BOUND('',#2644,.F.);
#2644 = EDGE_LOOP('',(#2645,#2655,#2663,#2671));
#2645 = ORIENTED_EDGE('',*,*,#2646,.F.);
#2646 = EDGE_CURVE('',#2647,#2649,#2651,.T.);
#2647 = VERTEX_POINT('',#2648);
#2648 = CARTESIAN_POINT('',(79.8773,191.75,1.9));
#2649 = VERTEX_POINT('',#2650);
#2650 = CARTESIAN_POINT('',(83.6773,191.75,1.9));
#2651 = LINE('',#2652,#2653);
#2652 = CARTESIAN_POINT('',(79.5773,191.75,1.9));
#2653 = VECTOR('',#2654,1.);
#2654 = DIRECTION('',(1.,0.,-0.));
#2655 = ORIENTED_EDGE('',*,*,#2656,.T.);
#2656 = EDGE_CURVE('',#2647,#2657,#2659,.T.);
#2657 = VERTEX_POINT('',#2658);
#2658 = CARTESIAN_POINT('',(79.8773,191.75,-1.9));
#2659 = LINE('',#2660,#2661);
#2660 = CARTESIAN_POINT('',(79.8773,191.75,-2.2));
#2661 = VECTOR('',#2662,1.);
#2662 = DIRECTION('',(-0.,0.,-1.));
#2663 = ORIENTED_EDGE('',*,*,#2664,.T.);
#2664 = EDGE_CURVE('',#2657,#2665,#2667,.T.);
#2665 = VERTEX_POINT('',#2666);
#2666 = CARTESIAN_POINT('',(83.6773,191.75,-1.9));
#2667 = LINE('',#2668,#2669);
#2668 = CARTESIAN_POINT('',(79.5773,191.75,-1.9));
#2669 = VECTOR('',#2670,1.);
#2670 = DIRECTION('',(1.,0.,-0.));
#2671 = ORIENTED_EDGE('',*,*,#2672,.F.);
#2672 = EDGE_CURVE('',#2649,#2665,#2673,.T.);
#2673 = LINE('',#2674,#2675);
#2674 = CARTESIAN_POINT('',(83.6773,191.75,-2.2));
#2675 = VECTOR('',#2676,1.);
#2676 = DIRECTION('',(-0.,0.,-1.));
#2677 = PLANE('',#2678);
#2678 = AXIS2_PLACEMENT_3D('',#2679,#2680,#2681);
#2679 = CARTESIAN_POINT('',(79.2773,191.75,-2.5));
#2680 = DIRECTION('',(-0.,1.,0.));
#2681 = DIRECTION('',(0.,0.,1.));
#2682 = ADVANCED_FACE('',(#2683),#2708,.F.);
#2683 = FACE_BOUND('',#2684,.F.);
#2684 = EDGE_LOOP('',(#2685,#2693,#2694,#2702));
#2685 = ORIENTED_EDGE('',*,*,#2686,.F.);
#2686 = EDGE_CURVE('',#2647,#2687,#2689,.T.);
#2687 = VERTEX_POINT('',#2688);
#2688 = CARTESIAN_POINT('',(79.8773,193.8,1.9));
#2689 = LINE('',#2690,#2691);
#2690 = CARTESIAN_POINT('',(79.8773,191.7,1.9));
#2691 = VECTOR('',#2692,1.);
#2692 = DIRECTION('',(-0.,1.,0.));
#2693 = ORIENTED_EDGE('',*,*,#2646,.T.);
#2694 = ORIENTED_EDGE('',*,*,#2695,.T.);
#2695 = EDGE_CURVE('',#2649,#2696,#2698,.T.);
#2696 = VERTEX_POINT('',#2697);
#2697 = CARTESIAN_POINT('',(83.6773,193.8,1.9));
#2698 = LINE('',#2699,#2700);
#2699 = CARTESIAN_POINT('',(83.6773,191.7,1.9));
#2700 = VECTOR('',#2701,1.);
#2701 = DIRECTION('',(-0.,1.,0.));
#2702 = ORIENTED_EDGE('',*,*,#2703,.F.);
#2703 = EDGE_CURVE('',#2687,#2696,#2704,.T.);
#2704 = LINE('',#2705,#2706);
#2705 = CARTESIAN_POINT('',(79.8773,193.8,1.9));
#2706 = VECTOR('',#2707,1.);
#2707 = DIRECTION('',(1.,0.,-0.));
#2708 = PLANE('',#2709);
#2709 = AXIS2_PLACEMENT_3D('',#2710,#2711,#2712);
#2710 = CARTESIAN_POINT('',(79.8773,191.7,1.9));
#2711 = DIRECTION('',(0.,0.,1.));
#2712 = DIRECTION('',(1.,0.,-0.));
#2713 = ADVANCED_FACE('',(#2714),#2732,.F.);
#2714 = FACE_BOUND('',#2715,.F.);
#2715 = EDGE_LOOP('',(#2716,#2717,#2718,#2726));
#2716 = ORIENTED_EDGE('',*,*,#2695,.F.);
#2717 = ORIENTED_EDGE('',*,*,#2672,.T.);
#2718 = ORIENTED_EDGE('',*,*,#2719,.T.);
#2719 = EDGE_CURVE('',#2665,#2720,#2722,.T.);
#2720 = VERTEX_POINT('',#2721);
#2721 = CARTESIAN_POINT('',(83.6773,193.8,-1.9));
#2722 = LINE('',#2723,#2724);
#2723 = CARTESIAN_POINT('',(83.6773,191.7,-1.9));
#2724 = VECTOR('',#2725,1.);
#2725 = DIRECTION('',(-0.,1.,0.));
#2726 = ORIENTED_EDGE('',*,*,#2727,.T.);
#2727 = EDGE_CURVE('',#2720,#2696,#2728,.T.);
#2728 = LINE('',#2729,#2730);
#2729 = CARTESIAN_POINT('',(83.6773,193.8,-1.9));
#2730 = VECTOR('',#2731,1.);
#2731 = DIRECTION('',(0.,0.,1.));
#2732 = PLANE('',#2733);
#2733 = AXIS2_PLACEMENT_3D('',#2734,#2735,#2736);
#2734 = CARTESIAN_POINT('',(83.6773,191.7,-1.9));
#2735 = DIRECTION('',(1.,0.,-0.));
#2736 = DIRECTION('',(0.,0.,1.));
#2737 = ADVANCED_FACE('',(#2738),#2756,.T.);
#2738 = FACE_BOUND('',#2739,.T.);
#2739 = EDGE_LOOP('',(#2740,#2748,#2749,#2750));
#2740 = ORIENTED_EDGE('',*,*,#2741,.F.);
#2741 = EDGE_CURVE('',#2657,#2742,#2744,.T.);
#2742 = VERTEX_POINT('',#2743);
#2743 = CARTESIAN_POINT('',(79.8773,193.8,-1.9));
#2744 = LINE('',#2745,#2746);
#2745 = CARTESIAN_POINT('',(79.8773,191.7,-1.9));
#2746 = VECTOR('',#2747,1.);
#2747 = DIRECTION('',(-0.,1.,0.));
#2748 = ORIENTED_EDGE('',*,*,#2664,.T.);
#2749 = ORIENTED_EDGE('',*,*,#2719,.T.);
#2750 = ORIENTED_EDGE('',*,*,#2751,.F.);
#2751 = EDGE_CURVE('',#2742,#2720,#2752,.T.);
#2752 = LINE('',#2753,#2754);
#2753 = CARTESIAN_POINT('',(79.8773,193.8,-1.9));
#2754 = VECTOR('',#2755,1.);
#2755 = DIRECTION('',(1.,0.,-0.));
#2756 = PLANE('',#2757);
#2757 = AXIS2_PLACEMENT_3D('',#2758,#2759,#2760);
#2758 = CARTESIAN_POINT('',(79.8773,191.7,-1.9));
#2759 = DIRECTION('',(0.,0.,1.));
#2760 = DIRECTION('',(1.,0.,-0.));
#2761 = ADVANCED_FACE('',(#2762),#2773,.T.);
#2762 = FACE_BOUND('',#2763,.T.);
#2763 = EDGE_LOOP('',(#2764,#2765,#2766,#2767));
#2764 = ORIENTED_EDGE('',*,*,#2686,.F.);
#2765 = ORIENTED_EDGE('',*,*,#2656,.T.);
#2766 = ORIENTED_EDGE('',*,*,#2741,.T.);
#2767 = ORIENTED_EDGE('',*,*,#2768,.T.);
#2768 = EDGE_CURVE('',#2742,#2687,#2769,.T.);
#2769 = LINE('',#2770,#2771);
#2770 = CARTESIAN_POINT('',(79.8773,193.8,-1.9));
#2771 = VECTOR('',#2772,1.);
#2772 = DIRECTION('',(0.,0.,1.));
#2773 = PLANE('',#2774);
#2774 = AXIS2_PLACEMENT_3D('',#2775,#2776,#2777);
#2775 = CARTESIAN_POINT('',(79.8773,191.7,-1.9));
#2776 = DIRECTION('',(1.,0.,-0.));
#2777 = DIRECTION('',(0.,0.,1.));
#2778 = ADVANCED_FACE('',(#2779),#2785,.F.);
#2779 = FACE_BOUND('',#2780,.F.);
#2780 = EDGE_LOOP('',(#2781,#2782,#2783,#2784));
#2781 = ORIENTED_EDGE('',*,*,#2751,.F.);
#2782 = ORIENTED_EDGE('',*,*,#2768,.T.);
#2783 = ORIENTED_EDGE('',*,*,#2703,.T.);
#2784 = ORIENTED_EDGE('',*,*,#2727,.F.);
#2785 = PLANE('',#2786);
#2786 = AXIS2_PLACEMENT_3D('',#2787,#2788,#2789);
#2787 = CARTESIAN_POINT('',(79.8773,193.8,-1.9));
#2788 = DIRECTION('',(-0.,1.,0.));
#2789 = DIRECTION('',(0.,0.,1.));
#2790 = ( GEOMETRIC_REPRESENTATION_CONTEXT(3) 
GLOBAL_UNCERTAINTY_ASSIGNED_CONTEXT((#2794)) 
GLOBAL_UNIT_ASSIGNED_CONTEXT((#2791,#2792,#2793)) REPRESENTATION_CONTEXT
('Context #1','3D Context with UNIT and UNCERTAINTY') );
#2791 = ( LENGTH_UNIT() NAMED_UNIT(*) SI_UNIT(.MILLI.,.METRE.) );
#2792 = ( NAMED_UNIT(*) PLANE_ANGLE_UNIT() SI_UNIT($,.RADIAN.) );
#2793 = ( NAMED_UNIT(*) SI_UNIT($,.STERADIAN.) SOLID_ANGLE_UNIT() );
#2794 = UNCERTAINTY_MEASURE_WITH_UNIT(LENGTH_MEASURE(1.E-07),#2791,
  'distance_accuracy_value','confusion accuracy');
#2795 = CONTEXT_DEPENDENT_SHAPE_REPRESENTATION(#2796,#2798);
#2796 = ( REPRESENTATION_RELATIONSHIP('','',#2355,#10) 
REPRESENTATION_RELATIONSHIP_WITH_TRANSFORMATION(#2797) 
SHAPE_REPRESENTATION_RELATIONSHIP() );
#2797 = ITEM_DEFINED_TRANSFORMATION('','',#11,#39);
#2798 = PRODUCT_DEFINITION_SHAPE('Placement','Placement of an item',
  #2799);
#2799 = NEXT_ASSEMBLY_USAGE_OCCURRENCE('7','Tile0_Coupler','',#5,#2350,$
  );
#2800 = PRODUCT_RELATED_PRODUCT_CATEGORY('part',$,(#2352));
#2801 = SHAPE_DEFINITION_REPRESENTATION(#2802,#2808);
#2802 = PRODUCT_DEFINITION_SHAPE('','',#2803);
#2803 = PRODUCT_DEFINITION('design','',#2804,#2807);
#2804 = PRODUCT_DEFINITION_FORMATION('','',#2805);
#2805 = PRODUCT('Tile0_SiPM','Tile0_SiPM','',(#2806));
#2806 = PRODUCT_CONTEXT('',#2,'mechanical');
#2807 = PRODUCT_DEFINITION_CONTEXT('part definition',#2,'design');
#2808 = ADVANCED_BREP_SHAPE_REPRESENTATION('',(#11,#2809),#2959);
#2809 = MANIFOLD_SOLID_BREP('',#2810);
#2810 = CLOSED_SHELL('',(#2811,#2851,#2891,#2913,#2935,#2947));
#2811 = ADVANCED_FACE('',(#2812),#2846,.F.);
#2812 = FACE_BOUND('',#2813,.F.);
#2813 = EDGE_LOOP('',(#2814,#2824,#2832,#2840));
#2814 = ORIENTED_EDGE('',*,*,#2815,.F.);
#2815 = EDGE_CURVE('',#2816,#2818,#2820,.T.);
#2816 = VERTEX_POINT('',#2817);
#2817 = CARTESIAN_POINT('',(80.2773,191.75,-1.5));
#2818 = VERTEX_POINT('',#2819);
#2819 = CARTESIAN_POINT('',(80.2773,191.75,1.5));
#2820 = LINE('',#2821,#2822);
#2821 = CARTESIAN_POINT('',(80.2773,191.75,-1.5));
#2822 = VECTOR('',#2823,1.);
#2823 = DIRECTION('',(0.,0.,1.));
#2824 = ORIENTED_EDGE('',*,*,#2825,.T.);
#2825 = EDGE_CURVE('',#2816,#2826,#2828,.T.);
#2826 = VERTEX_POINT('',#2827);
#2827 = CARTESIAN_POINT('',(80.2773,193.25,-1.5));
#2828 = LINE('',#2829,#2830);
#2829 = CARTESIAN_POINT('',(80.2773,191.75,-1.5));
#2830 = VECTOR('',#2831,1.);
#2831 = DIRECTION('',(-0.,1.,0.));
#2832 = ORIENTED_EDGE('',*,*,#2833,.T.);
#2833 = EDGE_CURVE('',#2826,#2834,#2836,.T.);
#2834 = VERTEX_POINT('',#2835);
#2835 = CARTESIAN_POINT('',(80.2773,193.25,1.5));
#2836 = LINE('',#2837,#2838);
#2837 = CARTESIAN_POINT('',(80.2773,193.25,-1.5));
#2838 = VECTOR('',#2839,1.);
#2839 = DIRECTION('',(0.,0.,1.));
#2840 = ORIENTED_EDGE('',*,*,#2841,.F.);
#2841 = EDGE_CURVE('',#2818,#2834,#2842,.T.);
#2842 = LINE('',#2843,#2844);
#2843 = CARTESIAN_POINT('',(80.2773,191.75,1.5));
#2844 = VECTOR('',#2845,1.);
#2845 = DIRECTION('',(-0.,1.,0.));
#2846 = PLANE('',#2847);
#2847 = AXIS2_PLACEMENT_3D('',#2848,#2849,#2850);
#2848 = CARTESIAN_POINT('',(80.2773,191.75,-1.5));
#2849 = DIRECTION('',(1.,0.,-0.));
#2850 = DIRECTION('',(0.,0.,1.));
#2851 = ADVANCED_FACE('',(#2852),#2886,.T.);
#2852 = FACE_BOUND('',#2853,.T.);
#2853 = EDGE_LOOP('',(#2854,#2864,#2872,#2880));
#2854 = ORIENTED_EDGE('',*,*,#2855,.F.);
#2855 = EDGE_CURVE('',#2856,#2858,#2860,.T.);
#2856 = VERTEX_POINT('',#2857);
#2857 = CARTESIAN_POINT('',(83.2773,191.75,-1.5));
#2858 = VERTEX_POINT('',#2859);
#2859 = CARTESIAN_POINT('',(83.2773,191.75,1.5));
#2860 = LINE('',#2861,#2862);
#2861 = CARTESIAN_POINT('',(83.2773,191.75,-1.5));
#2862 = VECTOR('',#2863,1.);
#2863 = DIRECTION('',(0.,0.,1.));
#2864 = ORIENTED_EDGE('',*,*,#2865,.T.);
#2865 = EDGE_CURVE('',#2856,#2866,#2868,.T.);
#2866 = VERTEX_POINT('',#2867);
#2867 = CARTESIAN_POINT('',(83.2773,193.25,-1.5));
#2868 = LINE('',#2869,#2870);
#2869 = CARTESIAN_POINT('',(83.2773,191.75,-1.5));
#2870 = VECTOR('',#2871,1.);
#2871 = DIRECTION('',(-0.,1.,0.));
#2872 = ORIENTED_EDGE('',*,*,#2873,.T.);
#2873 = EDGE_CURVE('',#2866,#2874,#2876,.T.);
#2874 = VERTEX_POINT('',#2875);
#2875 = CARTESIAN_POINT('',(83.2773,193.25,1.5));
#2876 = LINE('',#2877,#2878);
#2877 = CARTESIAN_POINT('',(83.2773,193.25,-1.5));
#2878 = VECTOR('',#2879,1.);
#2879 = DIRECTION('',(0.,0.,1.));
#2880 = ORIENTED_EDGE('',*,*,#2881,.F.);
#2881 = EDGE_CURVE('',#2858,#2874,#2882,.T.);
#2882 = LINE('',#2883,#2884);
#2883 = CARTESIAN_POINT('',(83.2773,191.75,1.5));
#2884 = VECTOR('',#2885,1.);
#2885 = DIRECTION('',(-0.,1.,0.));
#2886 = PLANE('',#2887);
#2887 = AXIS2_PLACEMENT_3D('',#2888,#2889,#2890);
#2888 = CARTESIAN_POINT('',(83.2773,191.75,-1.5));
#2889 = DIRECTION('',(1.,0.,-0.));
#2890 = DIRECTION('',(0.,0.,1.));
#2891 = ADVANCED_FACE('',(#2892),#2908,.F.);
#2892 = FACE_BOUND('',#2893,.F.);
#2893 = EDGE_LOOP('',(#2894,#2900,#2901,#2907));
#2894 = ORIENTED_EDGE('',*,*,#2895,.F.);
#2895 = EDGE_CURVE('',#2816,#2856,#2896,.T.);
#2896 = LINE('',#2897,#2898);
#2897 = CARTESIAN_POINT('',(80.2773,191.75,-1.5));
#2898 = VECTOR('',#2899,1.);
#2899 = DIRECTION('',(1.,0.,-0.));
#2900 = ORIENTED_EDGE('',*,*,#2815,.T.);
#2901 = ORIENTED_EDGE('',*,*,#2902,.T.);
#2902 = EDGE_CURVE('',#2818,#2858,#2903,.T.);
#2903 = LINE('',#2904,#2905);
#2904 = CARTESIAN_POINT('',(80.2773,191.75,1.5));
#2905 = VECTOR('',#2906,1.);
#2906 = DIRECTION('',(1.,0.,-0.));
#2907 = ORIENTED_EDGE('',*,*,#2855,.F.);
#2908 = PLANE('',#2909);
#2909 = AXIS2_PLACEMENT_3D('',#2910,#2911,#2912);
#2910 = CARTESIAN_POINT('',(80.2773,191.75,-1.5));
#2911 = DIRECTION('',(-0.,1.,0.));
#2912 = DIRECTION('',(0.,0.,1.));
#2913 = ADVANCED_FACE('',(#2914),#2930,.T.);
#2914 = FACE_BOUND('',#2915,.T.);
#2915 = EDGE_LOOP('',(#2916,#2922,#2923,#2929));
#2916 = ORIENTED_EDGE('',*,*,#2917,.F.);
#2917 = EDGE_CURVE('',#2826,#2866,#2918,.T.);
#2918 = LINE('',#2919,#2920);
#2919 = CARTESIAN_POINT('',(80.2773,193.25,-1.5));
#2920 = VECTOR('',#2921,1.);
#2921 = DIRECTION('',(1.,0.,-0.));
#2922 = ORIENTED_EDGE('',*,*,#2833,.T.);
#2923 = ORIENTED_EDGE('',*,*,#2924,.T.);
#2924 = EDGE_CURVE('',#2834,#2874,#2925,.T.);
#2925 = LINE('',#2926,#2927);
#2926 = CARTESIAN_POINT('',(80.2773,193.25,1.5));
#2927 = VECTOR('',#2928,1.);
#2928 = DIRECTION('',(1.,0.,-0.));
#2929 = ORIENTED_EDGE('',*,*,#2873,.F.);
#2930 = PLANE('',#2931);
#2931 = AXIS2_PLACEMENT_3D('',#2932,#2933,#2934);
#2932 = CARTESIAN_POINT('',(80.2773,193.25,-1.5));
#2933 = DIRECTION('',(-0.,1.,0.));
#2934 = DIRECTION('',(0.,0.,1.));
#2935 = ADVANCED_FACE('',(#2936),#2942,.F.);
#2936 = FACE_BOUND('',#2937,.F.);
#2937 = EDGE_LOOP('',(#2938,#2939,#2940,#2941));
#2938 = ORIENTED_EDGE('',*,*,#2825,.F.);
#2939 = ORIENTED_EDGE('',*,*,#2895,.T.);
#2940 = ORIENTED_EDGE('',*,*,#2865,.T.);
#2941 = ORIENTED_EDGE('',*,*,#2917,.F.);
#2942 = PLANE('',#2943);
#2943 = AXIS2_PLACEMENT_3D('',#2944,#2945,#2946);
#2944 = CARTESIAN_POINT('',(80.2773,191.75,-1.5));
#2945 = DIRECTION('',(0.,0.,1.));
#2946 = DIRECTION('',(1.,0.,-0.));
#2947 = ADVANCED_FACE('',(#2948),#2954,.T.);
#2948 = FACE_BOUND('',#2949,.T.);
#2949 = EDGE_LOOP('',(#2950,#2951,#2952,#2953));
#2950 = ORIENTED_EDGE('',*,*,#2841,.F.);
#2951 = ORIENTED_EDGE('',*,*,#2902,.T.);
#2952 = ORIENTED_EDGE('',*,*,#2881,.T.);
#2953 = ORIENTED_EDGE('',*,*,#2924,.F.);
#2954 = PLANE('',#2955);
#2955 = AXIS2_PLACEMENT_3D('',#2956,#2957,#2958);
#2956 = CARTESIAN_POINT('',(80.2773,191.75,1.5));
#2957 = DIRECTION('',(0.,0.,1.));
#2958 = DIRECTION('',(1.,0.,-0.));
#2959 = ( GEOMETRIC_REPRESENTATION_CONTEXT(3) 
GLOBAL_UNCERTAINTY_ASSIGNED_CONTEXT((#2963)) 
GLOBAL_UNIT_ASSIGNED_CONTEXT((#2960,#2961,#2962)) REPRESENTATION_CONTEXT
('Context #1','3D Context with UNIT and UNCERTAINTY') );
#2960 = ( LENGTH_UNIT() NAMED_UNIT(*) SI_UNIT(.MILLI.,.METRE.) );
#2961 = ( NAMED_UNIT(*) PLANE_ANGLE_UNIT() SI_UNIT($,.RADIAN.) );
#2962 = ( NAMED_UNIT(*) SI_UNIT($,.STERADIAN.) SOLID_ANGLE_UNIT() );
#2963 = UNCERTAINTY_MEASURE_WITH_UNIT(LENGTH_MEASURE(1.E-07),#2960,
  'distance_accuracy_value','confusion accuracy');
#2964 = CONTEXT_DEPENDENT_SHAPE_REPRESENTATION(#2965,#2967);
#2965 = ( REPRESENTATION_RELATIONSHIP('','',#2808,#10) 
REPRESENTATION_RELATIONSHIP_WITH_TRANSFORMATION(#2966) 
SHAPE_REPRESENTATION_RELATIONSHIP() );
#2966 = ITEM_DEFINED_TRANSFORMATION('','',#11,#43);
#2967 = PRODUCT_DEFINITION_SHAPE('Placement','Placement of an item',
  #2968);
#2968 = NEXT_ASSEMBLY_USAGE_OCCURRENCE('8','Tile0_SiPM','',#5,#2803,$);
#2969 = PRODUCT_RELATED_PRODUCT_CATEGORY('part',$,(#2805));
#2970 = SHAPE_DEFINITION_REPRESENTATION(#2971,#2977);
#2971 = PRODUCT_DEFINITION_SHAPE('','',#2972);
#2972 = PRODUCT_DEFINITION('design','',#2973,#2976);
#2973 = PRODUCT_DEFINITION_FORMATION('','',#2974);
#2974 = PRODUCT('Tile0_SiPM_PCB','Tile0_SiPM_PCB','',(#2975));
#2975 = PRODUCT_CONTEXT('',#2,'mechanical');
#2976 = PRODUCT_DEFINITION_CONTEXT('part definition',#2,'design');
#2977 = ADVANCED_BREP_SHAPE_REPRESENTATION('',(#11,#2978),#3128);
#2978 = MANIFOLD_SOLID_BREP('',#2979);
#2979 = CLOSED_SHELL('',(#2980,#3020,#3060,#3082,#3104,#3116));
#2980 = ADVANCED_FACE('',(#2981),#3015,.F.);
#2981 = FACE_BOUND('',#2982,.F.);
#2982 = EDGE_LOOP('',(#2983,#2993,#3001,#3009));
#2983 = ORIENTED_EDGE('',*,*,#2984,.F.);
#2984 = EDGE_CURVE('',#2985,#2987,#2989,.T.);
#2985 = VERTEX_POINT('',#2986);
#2986 = CARTESIAN_POINT('',(69.7773,197.,-6.));
#2987 = VERTEX_POINT('',#2988);
#2988 = CARTESIAN_POINT('',(69.7773,197.,6.));
#2989 = LINE('',#2990,#2991);
#2990 = CARTESIAN_POINT('',(69.7773,197.,-6.));
#2991 = VECTOR('',#2992,1.);
#2992 = DIRECTION('',(0.,0.,1.));
#2993 = ORIENTED_EDGE('',*,*,#2994,.T.);
#2994 = EDGE_CURVE('',#2985,#2995,#2997,.T.);
#2995 = VERTEX_POINT('',#2996);
#2996 = CARTESIAN_POINT('',(69.7773,198.6,-6.));
#2997 = LINE('',#2998,#2999);
#2998 = CARTESIAN_POINT('',(69.7773,197.,-6.));
#2999 = VECTOR('',#3000,1.);
#3000 = DIRECTION('',(-0.,1.,0.));
#3001 = ORIENTED_EDGE('',*,*,#3002,.T.);
#3002 = EDGE_CURVE('',#2995,#3003,#3005,.T.);
#3003 = VERTEX_POINT('',#3004);
#3004 = CARTESIAN_POINT('',(69.7773,198.6,6.));
#3005 = LINE('',#3006,#3007);
#3006 = CARTESIAN_POINT('',(69.7773,198.6,-6.));
#3007 = VECTOR('',#3008,1.);
#3008 = DIRECTION('',(0.,0.,1.));
#3009 = ORIENTED_EDGE('',*,*,#3010,.F.);
#3010 = EDGE_CURVE('',#2987,#3003,#3011,.T.);
#3011 = LINE('',#3012,#3013);
#3012 = CARTESIAN_POINT('',(69.7773,197.,6.));
#3013 = VECTOR('',#3014,1.);
#3014 = DIRECTION('',(-0.,1.,0.));
#3015 = PLANE('',#3016);
#3016 = AXIS2_PLACEMENT_3D('',#3017,#3018,#3019);
#3017 = CARTESIAN_POINT('',(69.7773,197.,-6.));
#3018 = DIRECTION('',(1.,0.,-0.));
#3019 = DIRECTION('',(0.,0.,1.));
#3020 = ADVANCED_FACE('',(#3021),#3055,.T.);
#3021 = FACE_BOUND('',#3022,.T.);
#3022 = EDGE_LOOP('',(#3023,#3033,#3041,#3049));
#3023 = ORIENTED_EDGE('',*,*,#3024,.F.);
#3024 = EDGE_CURVE('',#3025,#3027,#3029,.T.);
#3025 = VERTEX_POINT('',#3026);
#3026 = CARTESIAN_POINT('',(93.7773,197.,-6.));
#3027 = VERTEX_POINT('',#3028);
#3028 = CARTESIAN_POINT('',(93.7773,197.,6.));
#3029 = LINE('',#3030,#3031);
#3030 = CARTESIAN_POINT('',(93.7773,197.,-6.));
#3031 = VECTOR('',#3032,1.);
#3032 = DIRECTION('',(0.,0.,1.));
#3033 = ORIENTED_EDGE('',*,*,#3034,.T.);
#3034 = EDGE_CURVE('',#3025,#3035,#3037,.T.);
#3035 = VERTEX_POINT('',#3036);
#3036 = CARTESIAN_POINT('',(93.7773,198.6,-6.));
#3037 = LINE('',#3038,#3039);
#3038 = CARTESIAN_POINT('',(93.7773,197.,-6.));
#3039 = VECTOR('',#3040,1.);
#3040 = DIRECTION('',(-0.,1.,0.));
#3041 = ORIENTED_EDGE('',*,*,#3042,.T.);
#3042 = EDGE_CURVE('',#3035,#3043,#3045,.T.);
#3043 = VERTEX_POINT('',#3044);
#3044 = CARTESIAN_POINT('',(93.7773,198.6,6.));
#3045 = LINE('',#3046,#3047);
#3046 = CARTESIAN_POINT('',(93.7773,198.6,-6.));
#3047 = VECTOR('',#3048,1.);
#3048 = DIRECTION('',(0.,0.,1.));
#3049 = ORIENTED_EDGE('',*,*,#3050,.F.);
#3050 = EDGE_CURVE('',#3027,#3043,#3051,.T.);
#3051 = LINE('',#3052,#3053);
#3052 = CARTESIAN_POINT('',(93.7773,197.,6.));
#3053 = VECTOR('',#3054,1.);
#3054 = DIRECTION('',(-0.,1.,0.));
#3055 = PLANE('',#3056);
#3056 = AXIS2_PLACEMENT_3D('',#3057,#3058,#3059);
#3057 = CARTESIAN_POINT('',(93.7773,197.,-6.));
#3058 = DIRECTION('',(1.,0.,-0.));
#3059 = DIRECTION('',(0.,0.,1.));
#3060 = ADVANCED_FACE('',(#3061),#3077,.F.);
#3061 = FACE_BOUND('',#3062,.F.);
#3062 = EDGE_LOOP('',(#3063,#3069,#3070,#3076));
#3063 = ORIENTED_EDGE('',*,*,#3064,.F.);
#3064 = EDGE_CURVE('',#2985,#3025,#3065,.T.);
#3065 = LINE('',#3066,#3067);
#3066 = CARTESIAN_POINT('',(69.7773,197.,-6.));
#3067 = VECTOR('',#3068,1.);
#3068 = DIRECTION('',(1.,0.,-0.));
#3069 = ORIENTED_EDGE('',*,*,#2984,.T.);
#3070 = ORIENTED_EDGE('',*,*,#3071,.T.);
#3071 = EDGE_CURVE('',#2987,#3027,#3072,.T.);
#3072 = LINE('',#3073,#3074);
#3073 = CARTESIAN_POINT('',(69.7773,197.,6.));
#3074 = VECTOR('',#3075,1.);
#3075 = DIRECTION('',(1.,0.,-0.));
#3076 = ORIENTED_EDGE('',*,*,#3024,.F.);
#3077 = PLANE('',#3078);
#3078 = AXIS2_PLACEMENT_3D('',#3079,#3080,#3081);
#3079 = CARTESIAN_POINT('',(69.7773,197.,-6.));
#3080 = DIRECTION('',(-0.,1.,0.));
#3081 = DIRECTION('',(0.,0.,1.));
#3082 = ADVANCED_FACE('',(#3083),#3099,.T.);
#3083 = FACE_BOUND('',#3084,.T.);
#3084 = EDGE_LOOP('',(#3085,#3091,#3092,#3098));
#3085 = ORIENTED_EDGE('',*,*,#3086,.F.);
#3086 = EDGE_CURVE('',#2995,#3035,#3087,.T.);
#3087 = LINE('',#3088,#3089);
#3088 = CARTESIAN_POINT('',(69.7773,198.6,-6.));
#3089 = VECTOR('',#3090,1.);
#3090 = DIRECTION('',(1.,0.,-0.));
#3091 = ORIENTED_EDGE('',*,*,#3002,.T.);
#3092 = ORIENTED_EDGE('',*,*,#3093,.T.);
#3093 = EDGE_CURVE('',#3003,#3043,#3094,.T.);
#3094 = LINE('',#3095,#3096);
#3095 = CARTESIAN_POINT('',(69.7773,198.6,6.));
#3096 = VECTOR('',#3097,1.);
#3097 = DIRECTION('',(1.,0.,-0.));
#3098 = ORIENTED_EDGE('',*,*,#3042,.F.);
#3099 = PLANE('',#3100);
#3100 = AXIS2_PLACEMENT_3D('',#3101,#3102,#3103);
#3101 = CARTESIAN_POINT('',(69.7773,198.6,-6.));
#3102 = DIRECTION('',(-0.,1.,0.));
#3103 = DIRECTION('',(0.,0.,1.));
#3104 = ADVANCED_FACE('',(#3105),#3111,.F.);
#3105 = FACE_BOUND('',#3106,.F.);
#3106 = EDGE_LOOP('',(#3107,#3108,#3109,#3110));
#3107 = ORIENTED_EDGE('',*,*,#2994,.F.);
#3108 = ORIENTED_EDGE('',*,*,#3064,.T.);
#3109 = ORIENTED_EDGE('',*,*,#3034,.T.);
#3110 = ORIENTED_EDGE('',*,*,#3086,.F.);
#3111 = PLANE('',#3112);
#3112 = AXIS2_PLACEMENT_3D('',#3113,#3114,#3115);
#3113 = CARTESIAN_POINT('',(69.7773,197.,-6.));
#3114 = DIRECTION('',(0.,0.,1.));
#3115 = DIRECTION('',(1.,0.,-0.));
#3116 = ADVANCED_FACE('',(#3117),#3123,.T.);
#3117 = FACE_BOUND('',#3118,.T.);
#3118 = EDGE_LOOP('',(#3119,#3120,#3121,#3122));
#3119 = ORIENTED_EDGE('',*,*,#3010,.F.);
#3120 = ORIENTED_EDGE('',*,*,#3071,.T.);
#3121 = ORIENTED_EDGE('',*,*,#3050,.T.);
#3122 = ORIENTED_EDGE('',*,*,#3093,.F.);
#3123 = PLANE('',#3124);
#3124 = AXIS2_PLACEMENT_3D('',#3125,#3126,#3127);
#3125 = CARTESIAN_POINT('',(69.7773,197.,6.));
#3126 = DIRECTION('',(0.,0.,1.));
#3127 = DIRECTION('',(1.,0.,-0.));
#3128 = ( GEOMETRIC_REPRESENTATION_CONTEXT(3) 
GLOBAL_UNCERTAINTY_ASSIGNED_CONTEXT((#3132)) 
GLOBAL_UNIT_ASSIGNED_CONTEXT((#3129,#3130,#3131)) REPRESENTATION_CONTEXT
('Context #1','3D Context with UNIT and UNCERTAINTY') );
#3129 = ( LENGTH_UNIT() NAMED_UNIT(*) SI_UNIT(.MILLI.,.METRE.) );
#3130 = ( NAMED_UNIT(*) PLANE_ANGLE_UNIT() SI_UNIT($,.RADIAN.) );
#3131 = ( NAMED_UNIT(*) SI_UNIT($,.STERADIAN.) SOLID_ANGLE_UNIT() );
#3132 = UNCERTAINTY_MEASURE_WITH_UNIT(LENGTH_MEASURE(1.E-07),#3129,
  'distance_accuracy_value','confusion accuracy');
#3133 = CONTEXT_DEPENDENT_SHAPE_REPRESENTATION(#3134,#3136);
#3134 = ( REPRESENTATION_RELATIONSHIP('','',#2977,#10) 
REPRESENTATION_RELATIONSHIP_WITH_TRANSFORMATION(#3135) 
SHAPE_REPRESENTATION_RELATIONSHIP() );
#3135 = ITEM_DEFINED_TRANSFORMATION('','',#11,#47);
#3136 = PRODUCT_DEFINITION_SHAPE('Placement','Placement of an item',
  #3137);
#3137 = NEXT_ASSEMBLY_USAGE_OCCURRENCE('9','Tile0_SiPM_PCB','',#5,#2972,
  $);
#3138 = PRODUCT_RELATED_PRODUCT_CATEGORY('part',$,(#2974));
#3139 = SHAPE_DEFINITION_REPRESENTATION(#3140,#3146);
#3140 = PRODUCT_DEFINITION_SHAPE('','',#3141);
#3141 = PRODUCT_DEFINITION('design','',#3142,#3145);
#3142 = PRODUCT_DEFINITION_FORMATION('','',#3143);
#3143 = PRODUCT('Tile0_UFL','Tile0_UFL','',(#3144));
#3144 = PRODUCT_CONTEXT('',#2,'mechanical');
#3145 = PRODUCT_DEFINITION_CONTEXT('part definition',#2,'design');
#3146 = ADVANCED_BREP_SHAPE_REPRESENTATION('',(#11,#3147),#3297);
#3147 = MANIFOLD_SOLID_BREP('',#3148);
#3148 = CLOSED_SHELL('',(#3149,#3189,#3229,#3251,#3273,#3285));
#3149 = ADVANCED_FACE('',(#3150),#3184,.F.);
#3150 = FACE_BOUND('',#3151,.F.);
#3151 = EDGE_LOOP('',(#3152,#3162,#3170,#3178));
#3152 = ORIENTED_EDGE('',*,*,#3153,.F.);
#3153 = EDGE_CURVE('',#3154,#3156,#3158,.T.);
#3154 = VERTEX_POINT('',#3155);
#3155 = CARTESIAN_POINT('',(80.2773,198.6,-1.3));
#3156 = VERTEX_POINT('',#3157);
#3157 = CARTESIAN_POINT('',(80.2773,198.6,1.3));
#3158 = LINE('',#3159,#3160);
#3159 = CARTESIAN_POINT('',(80.2773,198.6,-1.3));
#3160 = VECTOR('',#3161,1.);
#3161 = DIRECTION('',(0.,0.,1.));
#3162 = ORIENTED_EDGE('',*,*,#3163,.T.);
#3163 = EDGE_CURVE('',#3154,#3164,#3166,.T.);
#3164 = VERTEX_POINT('',#3165);
#3165 = CARTESIAN_POINT('',(80.2773,199.85,-1.3));
#3166 = LINE('',#3167,#3168);
#3167 = CARTESIAN_POINT('',(80.2773,198.6,-1.3));
#3168 = VECTOR('',#3169,1.);
#3169 = DIRECTION('',(-0.,1.,0.));
#3170 = ORIENTED_EDGE('',*,*,#3171,.T.);
#3171 = EDGE_CURVE('',#3164,#3172,#3174,.T.);
#3172 = VERTEX_POINT('',#3173);
#3173 = CARTESIAN_POINT('',(80.2773,199.85,1.3));
#3174 = LINE('',#3175,#3176);
#3175 = CARTESIAN_POINT('',(80.2773,199.85,-1.3));
#3176 = VECTOR('',#3177,1.);
#3177 = DIRECTION('',(0.,0.,1.));
#3178 = ORIENTED_EDGE('',*,*,#3179,.F.);
#3179 = EDGE_CURVE('',#3156,#3172,#3180,.T.);
#3180 = LINE('',#3181,#3182);
#3181 = CARTESIAN_POINT('',(80.2773,198.6,1.3));
#3182 = VECTOR('',#3183,1.);
#3183 = DIRECTION('',(-0.,1.,0.));
#3184 = PLANE('',#3185);
#3185 = AXIS2_PLACEMENT_3D('',#3186,#3187,#3188);
#3186 = CARTESIAN_POINT('',(80.2773,198.6,-1.3));
#3187 = DIRECTION('',(1.,0.,-0.));
#3188 = DIRECTION('',(0.,0.,1.));
#3189 = ADVANCED_FACE('',(#3190),#3224,.T.);
#3190 = FACE_BOUND('',#3191,.T.);
#3191 = EDGE_LOOP('',(#3192,#3202,#3210,#3218));
#3192 = ORIENTED_EDGE('',*,*,#3193,.F.);
#3193 = EDGE_CURVE('',#3194,#3196,#3198,.T.);
#3194 = VERTEX_POINT('',#3195);
#3195 = CARTESIAN_POINT('',(83.2773,198.6,-1.3));
#3196 = VERTEX_POINT('',#3197);
#3197 = CARTESIAN_POINT('',(83.2773,198.6,1.3));
#3198 = LINE('',#3199,#3200);
#3199 = CARTESIAN_POINT('',(83.2773,198.6,-1.3));
#3200 = VECTOR('',#3201,1.);
#3201 = DIRECTION('',(0.,0.,1.));
#3202 = ORIENTED_EDGE('',*,*,#3203,.T.);
#3203 = EDGE_CURVE('',#3194,#3204,#3206,.T.);
#3204 = VERTEX_POINT('',#3205);
#3205 = CARTESIAN_POINT('',(83.2773,199.85,-1.3));
#3206 = LINE('',#3207,#3208);
#3207 = CARTESIAN_POINT('',(83.2773,198.6,-1.3));
#3208 = VECTOR('',#3209,1.);
#3209 = DIRECTION('',(-0.,1.,0.));
#3210 = ORIENTED_EDGE('',*,*,#3211,.T.);
#3211 = EDGE_CURVE('',#3204,#3212,#3214,.T.);
#3212 = VERTEX_POINT('',#3213);
#3213 = CARTESIAN_POINT('',(83.2773,199.85,1.3));
#3214 = LINE('',#3215,#3216);
#3215 = CARTESIAN_POINT('',(83.2773,199.85,-1.3));
#3216 = VECTOR('',#3217,1.);
#3217 = DIRECTION('',(0.,0.,1.));
#3218 = ORIENTED_EDGE('',*,*,#3219,.F.);
#3219 = EDGE_CURVE('',#3196,#3212,#3220,.T.);
#3220 = LINE('',#3221,#3222);
#3221 = CARTESIAN_POINT('',(83.2773,198.6,1.3));
#3222 = VECTOR('',#3223,1.);
#3223 = DIRECTION('',(-0.,1.,0.));
#3224 = PLANE('',#3225);
#3225 = AXIS2_PLACEMENT_3D('',#3226,#3227,#3228);
#3226 = CARTESIAN_POINT('',(83.2773,198.6,-1.3));
#3227 = DIRECTION('',(1.,0.,-0.));
#3228 = DIRECTION('',(0.,0.,1.));
#3229 = ADVANCED_FACE('',(#3230),#3246,.F.);
#3230 = FACE_BOUND('',#3231,.F.);
#3231 = EDGE_LOOP('',(#3232,#3238,#3239,#3245));
#3232 = ORIENTED_EDGE('',*,*,#3233,.F.);
#3233 = EDGE_CURVE('',#3154,#3194,#3234,.T.);
#3234 = LINE('',#3235,#3236);
#3235 = CARTESIAN_POINT('',(80.2773,198.6,-1.3));
#3236 = VECTOR('',#3237,1.);
#3237 = DIRECTION('',(1.,0.,-0.));
#3238 = ORIENTED_EDGE('',*,*,#3153,.T.);
#3239 = ORIENTED_EDGE('',*,*,#3240,.T.);
#3240 = EDGE_CURVE('',#3156,#3196,#3241,.T.);
#3241 = LINE('',#3242,#3243);
#3242 = CARTESIAN_POINT('',(80.2773,198.6,1.3));
#3243 = VECTOR('',#3244,1.);
#3244 = DIRECTION('',(1.,0.,-0.));
#3245 = ORIENTED_EDGE('',*,*,#3193,.F.);
#3246 = PLANE('',#3247);
#3247 = AXIS2_PLACEMENT_3D('',#3248,#3249,#3250);
#3248 = CARTESIAN_POINT('',(80.2773,198.6,-1.3));
#3249 = DIRECTION('',(-0.,1.,0.));
#3250 = DIRECTION('',(0.,0.,1.));
#3251 = ADVANCED_FACE('',(#3252),#3268,.T.);
#3252 = FACE_BOUND('',#3253,.T.);
#3253 = EDGE_LOOP('',(#3254,#3260,#3261,#3267));
#3254 = ORIENTED_EDGE('',*,*,#3255,.F.);
#3255 = EDGE_CURVE('',#3164,#3204,#3256,.T.);
#3256 = LINE('',#3257,#3258);
#3257 = CARTESIAN_POINT('',(80.2773,199.85,-1.3));
#3258 = VECTOR('',#3259,1.);
#3259 = DIRECTION('',(1.,0.,-0.));
#3260 = ORIENTED_EDGE('',*,*,#3171,.T.);
#3261 = ORIENTED_EDGE('',*,*,#3262,.T.);
#3262 = EDGE_CURVE('',#3172,#3212,#3263,.T.);
#3263 = LINE('',#3264,#3265);
#3264 = CARTESIAN_POINT('',(80.2773,199.85,1.3));
#3265 = VECTOR('',#3266,1.);
#3266 = DIRECTION('',(1.,0.,-0.));
#3267 = ORIENTED_EDGE('',*,*,#3211,.F.);
#3268 = PLANE('',#3269);
#3269 = AXIS2_PLACEMENT_3D('',#3270,#3271,#3272);
#3270 = CARTESIAN_POINT('',(80.2773,199.85,-1.3));
#3271 = DIRECTION('',(-0.,1.,0.));
#3272 = DIRECTION('',(0.,0.,1.));
#3273 = ADVANCED_FACE('',(#3274),#3280,.F.);
#3274 = FACE_BOUND('',#3275,.F.);
#3275 = EDGE_LOOP('',(#3276,#3277,#3278,#3279));
#3276 = ORIENTED_EDGE('',*,*,#3163,.F.);
#3277 = ORIENTED_EDGE('',*,*,#3233,.T.);
#3278 = ORIENTED_EDGE('',*,*,#3203,.T.);
#3279 = ORIENTED_EDGE('',*,*,#3255,.F.);
#3280 = PLANE('',#3281);
#3281 = AXIS2_PLACEMENT_3D('',#3282,#3283,#3284);
#3282 = CARTESIAN_POINT('',(80.2773,198.6,-1.3));
#3283 = DIRECTION('',(0.,0.,1.));
#3284 = DIRECTION('',(1.,0.,-0.));
#3285 = ADVANCED_FACE('',(#3286),#3292,.T.);
#3286 = FACE_BOUND('',#3287,.T.);
#3287 = EDGE_LOOP('',(#3288,#3289,#3290,#3291));
#3288 = ORIENTED_EDGE('',*,*,#3179,.F.);
#3289 = ORIENTED_EDGE('',*,*,#3240,.T.);
#3290 = ORIENTED_EDGE('',*,*,#3219,.T.);
#3291 = ORIENTED_EDGE('',*,*,#3262,.F.);
#3292 = PLANE('',#3293);
#3293 = AXIS2_PLACEMENT_3D('',#3294,#3295,#3296);
#3294 = CARTESIAN_POINT('',(80.2773,198.6,1.3));
#3295 = DIRECTION('',(0.,0.,1.));
#3296 = DIRECTION('',(1.,0.,-0.));
#3297 = ( GEOMETRIC_REPRESENTATION_CONTEXT(3) 
GLOBAL_UNCERTAINTY_ASSIGNED_CONTEXT((#3301)) 
GLOBAL_UNIT_ASSIGNED_CONTEXT((#3298,#3299,#3300)) REPRESENTATION_CONTEXT
('Context #1','3D Context with UNIT and UNCERTAINTY') );
#3298 = ( LENGTH_UNIT() NAMED_UNIT(*) SI_UNIT(.MILLI.,.METRE.) );
#3299 = ( NAMED_UNIT(*) PLANE_ANGLE_UNIT() SI_UNIT($,.RADIAN.) );
#3300 = ( NAMED_UNIT(*) SI_UNIT($,.STERADIAN.) SOLID_ANGLE_UNIT() );
#3301 = UNCERTAINTY_MEASURE_WITH_UNIT(LENGTH_MEASURE(1.E-07),#3298,
  'distance_accuracy_value','confusion accuracy');
#3302 = CONTEXT_DEPENDENT_SHAPE_REPRESENTATION(#3303,#3305);
#3303 = ( REPRESENTATION_RELATIONSHIP('','',#3146,#10) 
REPRESENTATION_RELATIONSHIP_WITH_TRANSFORMATION(#3304) 
SHAPE_REPRESENTATION_RELATIONSHIP() );
#3304 = ITEM_DEFINED_TRANSFORMATION('','',#11,#51);
#3305 = PRODUCT_DEFINITION_SHAPE('Placement','Placement of an item',
  #3306);
#3306 = NEXT_ASSEMBLY_USAGE_OCCURRENCE('10','Tile0_UFL','',#5,#3141,$);
#3307 = PRODUCT_RELATED_PRODUCT_CATEGORY('part',$,(#3143));
ENDSEC;
END-ISO-10303-21;
