ISO-10303-21;
HEADER;
FILE_DESCRIPTION(('FreeCAD Model'),'2;1');
FILE_NAME('Open CASCADE Shape Model','2026-09-30T17:56:04',('Author'),(
    ''),'Open CASCADE STEP processor 7.8','FreeCAD','Unknown');
FILE_SCHEMA(('AUTOMOTIVE_DESIGN { 1 0 10303 214 1 1 1 1 }'));
ENDSEC;
DATA;
#1 = APPLICATION_PROTOCOL_DEFINITION('international standard',
  'automotive_design',2000,#2);
#2 = APPLICATION_CONTEXT(
  'core data for automotive mechanical design processes');
#3 = SHAPE_DEFINITION_REPRESENTATION(#4,#10);
#4 = PRODUCT_DEFINITION_SHAPE('','',#5);
#5 = PRODUCT_DEFINITION('design','',#6,#9);
#6 = PRODUCT_DEFINITION_FORMATION('','',#7);
#7 = PRODUCT('Tile_0','Tile_0','',(#8));
#8 = PRODUCT_CONTEXT('',#2,'mechanical');
#9 = PRODUCT_DEFINITION_CONTEXT('part definition',#2,'design');
#10 = SHAPE_REPRESENTATION('',(#11,#15,#19,#23,#27,#31,#35,#39,#43,#47,
    #51),#55);
#11 = AXIS2_PLACEMENT_3D('',#12,#13,#14);
#12 = CARTESIAN_POINT('',(0.,0.,0.));
#13 = DIRECTION('',(0.,0.,1.));
#14 = DIRECTION('',(1.,0.,-0.));
#15 = AXIS2_PLACEMENT_3D('',#16,#17,#18);
#16 = CARTESIAN_POINT('',(0.,0.,0.));
#17 = DIRECTION('',(0.,0.,1.));
#18 = DIRECTION('',(1.,0.,0.));
#19 = AXIS2_PLACEMENT_3D('',#20,#21,#22);
#20 = CARTESIAN_POINT('',(0.,0.,0.));
#21 = DIRECTION('',(0.,0.,1.));
#22 = DIRECTION('',(1.,0.,0.));
#23 = AXIS2_PLACEMENT_3D('',#24,#25,#26);
#24 = CARTESIAN_POINT('',(0.,0.,0.));
#25 = DIRECTION('',(0.,0.,1.));
#26 = DIRECTION('',(1.,0.,0.));
#27 = AXIS2_PLACEMENT_3D('',#28,#29,#30);
#28 = CARTESIAN_POINT('',(0.,0.,0.));
#29 = DIRECTION('',(0.,0.,1.));
#30 = DIRECTION('',(1.,0.,0.));
#31 = AXIS2_PLACEMENT_3D('',#32,#33,#34);
#32 = CARTESIAN_POINT('',(0.,0.,0.));
#33 = DIRECTION('',(0.,0.,1.));
#34 = DIRECTION('',(1.,0.,0.));
#35 = AXIS2_PLACEMENT_3D('',#36,#37,#38);
#36 = CARTESIAN_POINT('',(0.,0.,0.));
#37 = DIRECTION('',(0.,0.,1.));
#38 = DIRECTION('',(1.,0.,0.));
#39 = AXIS2_PLACEMENT_3D('',#40,#41,#42);
#40 = CARTESIAN_POINT('',(0.,0.,0.));
#41 = DIRECTION('',(0.,0.,1.));
#42 = DIRECTION('',(1.,0.,0.));
#43 = AXIS2_PLACEMENT_3D('',#44,#45,#46);
#44 = CARTESIAN_POINT('',(0.,0.,0.));
#45 = DIRECTION('',(0.,0.,1.));
#46 = DIRECTION('',(1.,0.,0.));
#47 = AXIS2_PLACEMENT_3D('',#48,#49,#50);
#48 = CARTESIAN_POINT('',(0.,0.,0.));
#49 = DIRECTION('',(0.,0.,1.));
#50 = DIRECTION('',(1.,0.,0.));
#51 = AXIS2_PLACEMENT_3D('',#52,#53,#54);
#52 = CARTESIAN_POINT('',(0.,0.,0.));
#53 = DIRECTION('',(0.,0.,1.));
#54 = DIRECTION('',(1.,0.,0.));
#55 = ( GEOMETRIC_REPRESENTATION_CONTEXT(3) 
GLOBAL_UNCERTAINTY_ASSIGNED_CONTEXT((#59)) GLOBAL_UNIT_ASSIGNED_CONTEXT(
(#56,#57,#58)) REPRESENTATION_CONTEXT('Context #1',
  '3D Context with UNIT and UNCERTAINTY') );
#56 = ( LENGTH_UNIT() NAMED_UNIT(*) SI_UNIT(.MILLI.,.METRE.) );
#57 = ( NAMED_UNIT(*) PLANE_ANGLE_UNIT() SI_UNIT($,.RADIAN.) );
#58 = ( NAMED_UNIT(*) SI_UNIT($,.STERADIAN.) SOLID_ANGLE_UNIT() );
#59 = UNCERTAINTY_MEASURE_WITH_UNIT(LENGTH_MEASURE(1.E-02),#56,
  'distance_accuracy_value','confusion accuracy');
#60 = PRODUCT_RELATED_PRODUCT_CATEGORY('part',$,(#7));
#61 = SHAPE_DEFINITION_REPRESENTATION(#62,#68);
#62 = PRODUCT_DEFINITION_SHAPE('','',#63);
#63 = PRODUCT_DEFINITION('design','',#64,#67);
#64 = PRODUCT_DEFINITION_FORMATION('','',#65);
#65 = PRODUCT('Tile0_Body','Tile0_Body','',(#66));
#66 = PRODUCT_CONTEXT('',#2,'mechanical');
#67 = PRODUCT_DEFINITION_CONTEXT('part definition',#2,'design');
#68 = ADVANCED_BREP_SHAPE_REPRESENTATION('',(#11,#69),#487);
#69 = MANIFOLD_SOLID_BREP('',#70);
#70 = CLOSED_SHELL('',(#71,#111,#142,#173,#190,#207,#230,#255,#281,#307,
    #335,#361,#389,#415,#441,#477));
#71 = ADVANCED_FACE('',(#72),#106,.F.);
#72 = FACE_BOUND('',#73,.F.);
#73 = EDGE_LOOP('',(#74,#84,#92,#100));
#74 = ORIENTED_EDGE('',*,*,#75,.T.);
#75 = EDGE_CURVE('',#76,#78,#80,.T.);
#76 = VERTEX_POINT('',#77);
#77 = CARTESIAN_POINT('',(0.,0.,-3.55));
#78 = VERTEX_POINT('',#79);
#79 = CARTESIAN_POINT('',(0.,0.,3.55));
#80 = LINE('',#81,#82);
#81 = CARTESIAN_POINT('',(0.,0.,-3.55));
#82 = VECTOR('',#83,1.);
#83 = DIRECTION('',(0.,0.,1.));
#84 = ORIENTED_EDGE('',*,*,#85,.T.);
#85 = EDGE_CURVE('',#78,#86,#88,.T.);
#86 = VERTEX_POINT('',#87);
#87 = CARTESIAN_POINT('',(115.6,0.,3.55));
#88 = LINE('',#89,#90);
#89 = CARTESIAN_POINT('',(0.,0.,3.55));
#90 = VECTOR('',#91,1.);
#91 = DIRECTION('',(1.,0.,0.));
#92 = ORIENTED_EDGE('',*,*,#93,.F.);
#93 = EDGE_CURVE('',#94,#86,#96,.T.);
#94 = VERTEX_POINT('',#95);
#95 = CARTESIAN_POINT('',(115.6,0.,-3.55));
#96 = LINE('',#97,#98);
#97 = CARTESIAN_POINT('',(115.6,0.,-3.55));
#98 = VECTOR('',#99,1.);
#99 = DIRECTION('',(0.,0.,1.));
#100 = ORIENTED_EDGE('',*,*,#101,.F.);
#101 = EDGE_CURVE('',#76,#94,#102,.T.);
#102 = LINE('',#103,#104);
#103 = CARTESIAN_POINT('',(0.,0.,-3.55));
#104 = VECTOR('',#105,1.);
#105 = DIRECTION('',(1.,0.,0.));
#106 = PLANE('',#107);
#107 = AXIS2_PLACEMENT_3D('',#108,#109,#110);
#108 = CARTESIAN_POINT('',(0.,0.,-3.55));
#109 = DIRECTION('',(0.,1.,0.));
#110 = DIRECTION('',(1.,0.,0.));
#111 = ADVANCED_FACE('',(#112),#137,.F.);
#112 = FACE_BOUND('',#113,.F.);
#113 = EDGE_LOOP('',(#114,#124,#130,#131));
#114 = ORIENTED_EDGE('',*,*,#115,.T.);
#115 = EDGE_CURVE('',#116,#118,#120,.T.);
#116 = VERTEX_POINT('',#117);
#117 = CARTESIAN_POINT('',(60.7,191.,-3.55));
#118 = VERTEX_POINT('',#119);
#119 = CARTESIAN_POINT('',(60.7,191.,3.55));
#120 = LINE('',#121,#122);
#121 = CARTESIAN_POINT('',(60.7,191.,-3.55));
#122 = VECTOR('',#123,1.);
#123 = DIRECTION('',(0.,0.,1.));
#124 = ORIENTED_EDGE('',*,*,#125,.T.);
#125 = EDGE_CURVE('',#118,#78,#126,.T.);
#126 = LINE('',#127,#128);
#127 = CARTESIAN_POINT('',(60.7,191.,3.55));
#128 = VECTOR('',#129,1.);
#129 = DIRECTION('',(-0.30287411373,-0.953030572034,0.));
#130 = ORIENTED_EDGE('',*,*,#75,.F.);
#131 = ORIENTED_EDGE('',*,*,#132,.F.);
#132 = EDGE_CURVE('',#116,#76,#133,.T.);
#133 = LINE('',#134,#135);
#134 = CARTESIAN_POINT('',(60.7,191.,-3.55));
#135 = VECTOR('',#136,1.);
#136 = DIRECTION('',(-0.30287411373,-0.953030572034,0.));
#137 = PLANE('',#138);
#138 = AXIS2_PLACEMENT_3D('',#139,#140,#141);
#139 = CARTESIAN_POINT('',(60.7,191.,-3.55));
#140 = DIRECTION('',(0.953030572034,-0.30287411373,0.));
#141 = DIRECTION('',(-0.30287411373,-0.953030572034,0.));
#142 = ADVANCED_FACE('',(#143),#168,.F.);
#143 = FACE_BOUND('',#144,.F.);
#144 = EDGE_LOOP('',(#145,#146,#154,#162));
#145 = ORIENTED_EDGE('',*,*,#93,.T.);
#146 = ORIENTED_EDGE('',*,*,#147,.T.);
#147 = EDGE_CURVE('',#86,#148,#150,.T.);
#148 = VERTEX_POINT('',#149);
#149 = CARTESIAN_POINT('',(192.4,191.,3.55));
#150 = LINE('',#151,#152);
#151 = CARTESIAN_POINT('',(115.6,0.,3.55));
#152 = VECTOR('',#153,1.);
#153 = DIRECTION('',(0.37306511289,0.927805163568,0.));
#154 = ORIENTED_EDGE('',*,*,#155,.F.);
#155 = EDGE_CURVE('',#156,#148,#158,.T.);
#156 = VERTEX_POINT('',#157);
#157 = CARTESIAN_POINT('',(192.4,191.,-3.55));
#158 = LINE('',#159,#160);
#159 = CARTESIAN_POINT('',(192.4,191.,-3.55));
#160 = VECTOR('',#161,1.);
#161 = DIRECTION('',(0.,0.,1.));
#162 = ORIENTED_EDGE('',*,*,#163,.F.);
#163 = EDGE_CURVE('',#94,#156,#164,.T.);
#164 = LINE('',#165,#166);
#165 = CARTESIAN_POINT('',(115.6,0.,-3.55));
#166 = VECTOR('',#167,1.);
#167 = DIRECTION('',(0.37306511289,0.927805163568,0.));
#168 = PLANE('',#169);
#169 = AXIS2_PLACEMENT_3D('',#170,#171,#172);
#170 = CARTESIAN_POINT('',(115.6,0.,-3.55));
#171 = DIRECTION('',(-0.927805163568,0.37306511289,0.));
#172 = DIRECTION('',(0.37306511289,0.927805163568,0.));
#173 = ADVANCED_FACE('',(#174),#185,.F.);
#174 = FACE_BOUND('',#175,.F.);
#175 = EDGE_LOOP('',(#176,#177,#178,#184));
#176 = ORIENTED_EDGE('',*,*,#101,.T.);
#177 = ORIENTED_EDGE('',*,*,#163,.T.);
#178 = ORIENTED_EDGE('',*,*,#179,.T.);
#179 = EDGE_CURVE('',#156,#116,#180,.T.);
#180 = LINE('',#181,#182);
#181 = CARTESIAN_POINT('',(192.4,191.,-3.55));
#182 = VECTOR('',#183,1.);
#183 = DIRECTION('',(-1.,0.,0.));
#184 = ORIENTED_EDGE('',*,*,#132,.T.);
#185 = PLANE('',#186);
#186 = AXIS2_PLACEMENT_3D('',#187,#188,#189);
#187 = CARTESIAN_POINT('',(93.537222237387,97.852520918525,-3.55));
#188 = DIRECTION('',(0.,0.,1.));
#189 = DIRECTION('',(1.,0.,-0.));
#190 = ADVANCED_FACE('',(#191),#202,.T.);
#191 = FACE_BOUND('',#192,.T.);
#192 = EDGE_LOOP('',(#193,#194,#195,#201));
#193 = ORIENTED_EDGE('',*,*,#85,.T.);
#194 = ORIENTED_EDGE('',*,*,#147,.T.);
#195 = ORIENTED_EDGE('',*,*,#196,.T.);
#196 = EDGE_CURVE('',#148,#118,#197,.T.);
#197 = LINE('',#198,#199);
#198 = CARTESIAN_POINT('',(192.4,191.,3.55));
#199 = VECTOR('',#200,1.);
#200 = DIRECTION('',(-1.,0.,0.));
#201 = ORIENTED_EDGE('',*,*,#125,.T.);
#202 = PLANE('',#203);
#203 = AXIS2_PLACEMENT_3D('',#204,#205,#206);
#204 = CARTESIAN_POINT('',(93.537222237387,97.852520918525,3.55));
#205 = DIRECTION('',(0.,0.,1.));
#206 = DIRECTION('',(1.,0.,-0.));
#207 = ADVANCED_FACE('',(#208,#214),#225,.F.);
#208 = FACE_BOUND('',#209,.F.);
#209 = EDGE_LOOP('',(#210,#211,#212,#213));
#210 = ORIENTED_EDGE('',*,*,#155,.T.);
#211 = ORIENTED_EDGE('',*,*,#196,.T.);
#212 = ORIENTED_EDGE('',*,*,#115,.F.);
#213 = ORIENTED_EDGE('',*,*,#179,.F.);
#214 = FACE_BOUND('',#215,.F.);
#215 = EDGE_LOOP('',(#216));
#216 = ORIENTED_EDGE('',*,*,#217,.F.);
#217 = EDGE_CURVE('',#218,#218,#220,.T.);
#218 = VERTEX_POINT('',#219);
#219 = CARTESIAN_POINT('',(128.6272,191.,-0.65));
#220 = CIRCLE('',#221,0.65);
#221 = AXIS2_PLACEMENT_3D('',#222,#223,#224);
#222 = CARTESIAN_POINT('',(128.6272,191.,0.));
#223 = DIRECTION('',(0.,-1.,0.));
#224 = DIRECTION('',(0.,0.,-1.));
#225 = PLANE('',#226);
#226 = AXIS2_PLACEMENT_3D('',#227,#228,#229);
#227 = CARTESIAN_POINT('',(192.4,191.,-3.55));
#228 = DIRECTION('',(0.,-1.,0.));
#229 = DIRECTION('',(-1.,0.,0.));
#230 = ADVANCED_FACE('',(#231),#250,.F.);
#231 = FACE_BOUND('',#232,.F.);
#232 = EDGE_LOOP('',(#233,#241,#248,#249));
#233 = ORIENTED_EDGE('',*,*,#234,.T.);
#234 = EDGE_CURVE('',#218,#235,#237,.T.);
#235 = VERTEX_POINT('',#236);
#236 = CARTESIAN_POINT('',(128.6272,187.,-0.65));
#237 = LINE('',#238,#239);
#238 = CARTESIAN_POINT('',(128.6272,191.,-0.65));
#239 = VECTOR('',#240,1.);
#240 = DIRECTION('',(0.,-1.,0.));
#241 = ORIENTED_EDGE('',*,*,#242,.F.);
#242 = EDGE_CURVE('',#235,#235,#243,.T.);
#243 = CIRCLE('',#244,0.65);
#244 = AXIS2_PLACEMENT_3D('',#245,#246,#247);
#245 = CARTESIAN_POINT('',(128.6272,187.,0.));
#246 = DIRECTION('',(0.,-1.,0.));
#247 = DIRECTION('',(0.,0.,-1.));
#248 = ORIENTED_EDGE('',*,*,#234,.F.);
#249 = ORIENTED_EDGE('',*,*,#217,.T.);
#250 = CYLINDRICAL_SURFACE('',#251,0.65);
#251 = AXIS2_PLACEMENT_3D('',#252,#253,#254);
#252 = CARTESIAN_POINT('',(128.6272,191.,0.));
#253 = DIRECTION('',(0.,-1.,0.));
#254 = DIRECTION('',(0.,0.,-1.));
#255 = ADVANCED_FACE('',(#256),#276,.F.);
#256 = FACE_BOUND('',#257,.F.);
#257 = EDGE_LOOP('',(#258,#267,#274,#275));
#258 = ORIENTED_EDGE('',*,*,#259,.T.);
#259 = EDGE_CURVE('',#235,#260,#262,.T.);
#260 = VERTEX_POINT('',#261);
#261 = CARTESIAN_POINT('',(100.8977,162.1494,-0.65));
#262 = CIRCLE('',#263,25.00002253726);
#263 = AXIS2_PLACEMENT_3D('',#264,#265,#266);
#264 = CARTESIAN_POINT('',(103.62717746275,186.99997503648,-0.65));
#265 = DIRECTION('',(0.,0.,-1.));
#266 = DIRECTION('',(1.,9.985397937254E-07,0.));
#267 = ORIENTED_EDGE('',*,*,#268,.T.);
#268 = EDGE_CURVE('',#260,#260,#269,.T.);
#269 = CIRCLE('',#270,0.65);
#270 = AXIS2_PLACEMENT_3D('',#271,#272,#273);
#271 = CARTESIAN_POINT('',(100.8977,162.1494,0.));
#272 = DIRECTION('',(0.994022105358,-0.109179000086,0.));
#273 = DIRECTION('',(-0.109179000086,-0.994022105358,0.));
#274 = ORIENTED_EDGE('',*,*,#259,.F.);
#275 = ORIENTED_EDGE('',*,*,#242,.T.);
#276 = TOROIDAL_SURFACE('',#277,25.00002253726,0.65);
#277 = AXIS2_PLACEMENT_3D('',#278,#279,#280);
#278 = CARTESIAN_POINT('',(103.62717746275,186.99997503648,0.));
#279 = DIRECTION('',(0.,-0.,-1.));
#280 = DIRECTION('',(1.,9.985397937254E-07,0.));
#281 = ADVANCED_FACE('',(#282),#302,.F.);
#282 = FACE_BOUND('',#283,.F.);
#283 = EDGE_LOOP('',(#284,#293,#300,#301));
#284 = ORIENTED_EDGE('',*,*,#285,.T.);
#285 = EDGE_CURVE('',#260,#286,#288,.T.);
#286 = VERTEX_POINT('',#287);
#287 = CARTESIAN_POINT('',(75.5105,147.8644,-0.65));
#288 = CIRCLE('',#289,24.999950528335);
#289 = AXIS2_PLACEMENT_3D('',#290,#291,#292);
#290 = CARTESIAN_POINT('',(98.168123679294,137.29890826384,-0.65));
#291 = DIRECTION('',(0.,-0.,1.));
#292 = DIRECTION('',(0.109183268887,0.994021636482,0.));
#293 = ORIENTED_EDGE('',*,*,#294,.T.);
#294 = EDGE_CURVE('',#286,#286,#295,.T.);
#295 = CIRCLE('',#296,0.65);
#296 = AXIS2_PLACEMENT_3D('',#297,#298,#299);
#297 = CARTESIAN_POINT('',(75.5105,147.8644,0.));
#298 = DIRECTION('',(0.422620505756,0.906306740632,0.));
#299 = DIRECTION('',(-0.906306740632,0.422620505756,0.));
#300 = ORIENTED_EDGE('',*,*,#285,.F.);
#301 = ORIENTED_EDGE('',*,*,#268,.F.);
#302 = TOROIDAL_SURFACE('',#303,24.999950528335,0.65);
#303 = AXIS2_PLACEMENT_3D('',#304,#305,#306);
#304 = CARTESIAN_POINT('',(98.168123679294,137.29890826384,0.));
#305 = DIRECTION('',(0.,-0.,1.));
#306 = DIRECTION('',(0.109183268887,0.994021636482,0.));
#307 = ADVANCED_FACE('',(#308),#327,.F.);
#308 = FACE_BOUND('',#309,.F.);
#309 = EDGE_LOOP('',(#310,#318,#325,#326));
#310 = ORIENTED_EDGE('',*,*,#311,.T.);
#311 = EDGE_CURVE('',#286,#312,#314,.T.);
#312 = VERTEX_POINT('',#313);
#313 = CARTESIAN_POINT('',(33.5064,57.7863,-0.65));
#314 = LINE('',#315,#316);
#315 = CARTESIAN_POINT('',(75.5105,147.8644,-0.65));
#316 = VECTOR('',#317,1.);
#317 = DIRECTION('',(-0.422618196766,-0.906307817335,0.));
#318 = ORIENTED_EDGE('',*,*,#319,.F.);
#319 = EDGE_CURVE('',#312,#312,#320,.T.);
#320 = CIRCLE('',#321,0.65);
#321 = AXIS2_PLACEMENT_3D('',#322,#323,#324);
#322 = CARTESIAN_POINT('',(33.5064,57.7863,0.));
#323 = DIRECTION('',(-0.422617518626,-0.906308133556,-0.));
#324 = DIRECTION('',(0.,0.,-1.));
#325 = ORIENTED_EDGE('',*,*,#311,.F.);
#326 = ORIENTED_EDGE('',*,*,#294,.F.);
#327 = SURFACE_OF_LINEAR_EXTRUSION('',#328,#333);
#328 = CIRCLE('',#329,0.65);
#329 = AXIS2_PLACEMENT_3D('',#330,#331,#332);
#330 = CARTESIAN_POINT('',(75.5105,147.8644,0.));
#331 = DIRECTION('',(-0.422617518626,-0.906308133556,-0.));
#332 = DIRECTION('',(0.,0.,-1.));
#333 = VECTOR('',#334,1.);
#334 = DIRECTION('',(-0.422618196766,-0.906307817335,0.));
#335 = ADVANCED_FACE('',(#336),#356,.F.);
#336 = FACE_BOUND('',#337,.F.);
#337 = EDGE_LOOP('',(#338,#347,#354,#355));
#338 = ORIENTED_EDGE('',*,*,#339,.T.);
#339 = EDGE_CURVE('',#312,#340,#342,.T.);
#340 = VERTEX_POINT('',#341);
#341 = CARTESIAN_POINT('',(96.948,28.203,-0.65));
#342 = CIRCLE('',#343,35.000029462372);
#343 = AXIS2_PLACEMENT_3D('',#344,#345,#346);
#344 = CARTESIAN_POINT('',(65.22722808144,42.994710220851,-0.65));
#345 = DIRECTION('',(0.,0.,1.));
#346 = DIRECTION('',(-0.906308610841,0.422616495082,0.));
#347 = ORIENTED_EDGE('',*,*,#348,.T.);
#348 = EDGE_CURVE('',#340,#340,#349,.T.);
#349 = CIRCLE('',#350,0.65);
#350 = AXIS2_PLACEMENT_3D('',#351,#352,#353);
#351 = CARTESIAN_POINT('',(96.948,28.203,0.));
#352 = DIRECTION('',(-0.42261993627,-0.906307006189,0.));
#353 = DIRECTION('',(0.906307006189,-0.42261993627,0.));
#354 = ORIENTED_EDGE('',*,*,#339,.F.);
#355 = ORIENTED_EDGE('',*,*,#319,.T.);
#356 = TOROIDAL_SURFACE('',#357,35.000029462372,0.65);
#357 = AXIS2_PLACEMENT_3D('',#358,#359,#360);
#358 = CARTESIAN_POINT('',(65.22722808144,42.994710220851,0.));
#359 = DIRECTION('',(0.,0.,1.));
#360 = DIRECTION('',(-0.906308610841,0.422616495082,0.));
#361 = ADVANCED_FACE('',(#362),#381,.F.);
#362 = FACE_BOUND('',#363,.F.);
#363 = EDGE_LOOP('',(#364,#372,#379,#380));
#364 = ORIENTED_EDGE('',*,*,#365,.T.);
#365 = EDGE_CURVE('',#340,#366,#368,.T.);
#366 = VERTEX_POINT('',#367);
#367 = CARTESIAN_POINT('',(147.4347,136.4722,-0.65));
#368 = LINE('',#369,#370);
#369 = CARTESIAN_POINT('',(96.948,28.203,-0.65));
#370 = VECTOR('',#371,1.);
#371 = DIRECTION('',(0.422617869117,0.90630797012,0.));
#372 = ORIENTED_EDGE('',*,*,#373,.F.);
#373 = EDGE_CURVE('',#366,#366,#374,.T.);
#374 = CIRCLE('',#375,0.65);
#375 = AXIS2_PLACEMENT_3D('',#376,#377,#378);
#376 = CARTESIAN_POINT('',(147.4347,136.4722,0.));
#377 = DIRECTION('',(0.422620959813,0.9063065289,0.));
#378 = DIRECTION('',(0.,0.,-1.));
#379 = ORIENTED_EDGE('',*,*,#365,.F.);
#380 = ORIENTED_EDGE('',*,*,#348,.F.);
#381 = SURFACE_OF_LINEAR_EXTRUSION('',#382,#387);
#382 = CIRCLE('',#383,0.65);
#383 = AXIS2_PLACEMENT_3D('',#384,#385,#386);
#384 = CARTESIAN_POINT('',(96.948,28.203,0.));
#385 = DIRECTION('',(0.422620959813,0.9063065289,0.));
#386 = DIRECTION('',(0.,0.,-1.));
#387 = VECTOR('',#388,1.);
#388 = DIRECTION('',(0.422617869117,0.90630797012,0.));
#389 = ADVANCED_FACE('',(#390),#410,.F.);
#390 = FACE_BOUND('',#391,.F.);
#391 = EDGE_LOOP('',(#392,#401,#408,#409));
#392 = ORIENTED_EDGE('',*,*,#393,.T.);
#393 = EDGE_CURVE('',#366,#394,#396,.T.);
#394 = VERTEX_POINT('',#395);
#395 = CARTESIAN_POINT('',(139.8021,167.0188,-0.65));
#396 = CIRCLE('',#397,25.000079797315);
#397 = AXIS2_PLACEMENT_3D('',#398,#399,#400);
#398 = CARTESIAN_POINT('',(124.77690189787,147.03762356156,-0.65));
#399 = DIRECTION('',(-0.,0.,1.));
#400 = DIRECTION('',(0.906309031244,-0.422615593519,0.));
#401 = ORIENTED_EDGE('',*,*,#402,.T.);
#402 = EDGE_CURVE('',#394,#394,#403,.T.);
#403 = CIRCLE('',#404,0.65);
#404 = AXIS2_PLACEMENT_3D('',#405,#406,#407);
#405 = CARTESIAN_POINT('',(139.8021,167.0188,0.));
#406 = DIRECTION('',(0.799244506435,-0.601006005739,0.));
#407 = DIRECTION('',(0.601006005739,0.799244506435,0.));
#408 = ORIENTED_EDGE('',*,*,#393,.F.);
#409 = ORIENTED_EDGE('',*,*,#373,.T.);
#410 = TOROIDAL_SURFACE('',#411,25.000079797315,0.65);
#411 = AXIS2_PLACEMENT_3D('',#412,#413,#414);
#412 = CARTESIAN_POINT('',(124.77690189787,147.03762356156,0.));
#413 = DIRECTION('',(-0.,0.,1.));
#414 = DIRECTION('',(0.906309031244,-0.422615593519,0.));
#415 = ADVANCED_FACE('',(#416),#436,.F.);
#416 = FACE_BOUND('',#417,.F.);
#417 = EDGE_LOOP('',(#418,#427,#434,#435));
#418 = ORIENTED_EDGE('',*,*,#419,.T.);
#419 = EDGE_CURVE('',#394,#420,#422,.T.);
#420 = VERTEX_POINT('',#421);
#421 = CARTESIAN_POINT('',(129.8272,187.,-0.65));
#422 = CIRCLE('',#423,25.000144362656);
#423 = AXIS2_PLACEMENT_3D('',#424,#425,#426);
#424 = CARTESIAN_POINT('',(154.82734436264,187.00002243498,-0.65));
#425 = DIRECTION('',(-0.,0.,-1.));
#426 = DIRECTION('',(-0.601006303991,-0.799244282158,0.));
#427 = ORIENTED_EDGE('',*,*,#428,.T.);
#428 = EDGE_CURVE('',#420,#420,#429,.T.);
#429 = CIRCLE('',#430,0.65);
#430 = AXIS2_PLACEMENT_3D('',#431,#432,#433);
#431 = CARTESIAN_POINT('',(129.8272,187.,0.));
#432 = DIRECTION('',(8.973942907664E-07,-1.,-0.));
#433 = DIRECTION('',(-1.,-8.973942907664E-07,0.));
#434 = ORIENTED_EDGE('',*,*,#419,.F.);
#435 = ORIENTED_EDGE('',*,*,#402,.F.);
#436 = TOROIDAL_SURFACE('',#437,25.000144362656,0.65);
#437 = AXIS2_PLACEMENT_3D('',#438,#439,#440);
#438 = CARTESIAN_POINT('',(154.82734436264,187.00002243498,0.));
#439 = DIRECTION('',(-0.,0.,-1.));
#440 = DIRECTION('',(-0.601006303991,-0.799244282158,0.));
#441 = ADVANCED_FACE('',(#442),#469,.F.);
#442 = FACE_BOUND('',#443,.F.);
#443 = EDGE_LOOP('',(#444,#445,#453,#462,#468));
#444 = ORIENTED_EDGE('',*,*,#428,.F.);
#445 = ORIENTED_EDGE('',*,*,#446,.T.);
#446 = EDGE_CURVE('',#420,#447,#449,.T.);
#447 = VERTEX_POINT('',#448);
#448 = CARTESIAN_POINT('',(129.8272,191.,-0.65));
#449 = LINE('',#450,#451);
#450 = CARTESIAN_POINT('',(129.8272,187.,-0.65));
#451 = VECTOR('',#452,1.);
#452 = DIRECTION('',(0.,1.,0.));
#453 = ORIENTED_EDGE('',*,*,#454,.F.);
#454 = EDGE_CURVE('',#455,#447,#457,.T.);
#455 = VERTEX_POINT('',#456);
#456 = CARTESIAN_POINT('',(129.82719995189,191.,0.65));
#457 = CIRCLE('',#458,0.65);
#458 = AXIS2_PLACEMENT_3D('',#459,#460,#461);
#459 = CARTESIAN_POINT('',(129.8272,191.,0.));
#460 = DIRECTION('',(4.650487621144E-06,0.999999999989,0.));
#461 = DIRECTION('',(0.,0.,-1.));
#462 = ORIENTED_EDGE('',*,*,#463,.F.);
#463 = EDGE_CURVE('',#447,#455,#464,.T.);
#464 = LINE('',#465,#466);
#465 = CARTESIAN_POINT('',(129.82703738793,191.,-1.775));
#466 = VECTOR('',#467,1.);
#467 = DIRECTION('',(-0.,0.,1.));
#468 = ORIENTED_EDGE('',*,*,#446,.F.);
#469 = SURFACE_OF_LINEAR_EXTRUSION('',#470,#475);
#470 = CIRCLE('',#471,0.65);
#471 = AXIS2_PLACEMENT_3D('',#472,#473,#474);
#472 = CARTESIAN_POINT('',(129.8272,187.,0.));
#473 = DIRECTION('',(4.650487621144E-06,0.999999999989,0.));
#474 = DIRECTION('',(0.,0.,-1.));
#475 = VECTOR('',#476,1.);
#476 = DIRECTION('',(0.,1.,0.));
#477 = ADVANCED_FACE('',(#478),#482,.F.);
#478 = FACE_BOUND('',#479,.F.);
#479 = EDGE_LOOP('',(#480,#481));
#480 = ORIENTED_EDGE('',*,*,#454,.T.);
#481 = ORIENTED_EDGE('',*,*,#463,.T.);
#482 = PLANE('',#483);
#483 = AXIS2_PLACEMENT_3D('',#484,#485,#486);
#484 = CARTESIAN_POINT('',(129.8272,191.,-2.465336777415E-16));
#485 = DIRECTION('',(4.650487596177E-06,0.999999999989,0.));
#486 = DIRECTION('',(0.999999999989,-4.650487596177E-06,0.));
#487 = ( GEOMETRIC_REPRESENTATION_CONTEXT(3) 
GLOBAL_UNCERTAINTY_ASSIGNED_CONTEXT((#491)) GLOBAL_UNIT_ASSIGNED_CONTEXT
((#488,#489,#490)) REPRESENTATION_CONTEXT('Context #1',
  '3D Context with UNIT and UNCERTAINTY') );
#488 = ( LENGTH_UNIT() NAMED_UNIT(*) SI_UNIT(.MILLI.,.METRE.) );
#489 = ( NAMED_UNIT(*) PLANE_ANGLE_UNIT() SI_UNIT($,.RADIAN.) );
#490 = ( NAMED_UNIT(*) SI_UNIT($,.STERADIAN.) SOLID_ANGLE_UNIT() );
#491 = UNCERTAINTY_MEASURE_WITH_UNIT(LENGTH_MEASURE(0.1),#488,
  'distance_accuracy_value','confusion accuracy');
#492 = CONTEXT_DEPENDENT_SHAPE_REPRESENTATION(#493,#495);
#493 = ( REPRESENTATION_RELATIONSHIP('','',#68,#10) 
REPRESENTATION_RELATIONSHIP_WITH_TRANSFORMATION(#494) 
SHAPE_REPRESENTATION_RELATIONSHIP() );
#494 = ITEM_DEFINED_TRANSFORMATION('','',#11,#15);
#495 = PRODUCT_DEFINITION_SHAPE('Placement','Placement of an item',#496
  );
#496 = NEXT_ASSEMBLY_USAGE_OCCURRENCE('1','Tile0_Body','',#5,#63,$);
#497 = PRODUCT_RELATED_PRODUCT_CATEGORY('part',$,(#65));
#498 = SHAPE_DEFINITION_REPRESENTATION(#499,#505);
#499 = PRODUCT_DEFINITION_SHAPE('','',#500);
#500 = PRODUCT_DEFINITION('design','',#501,#504);
#501 = PRODUCT_DEFINITION_FORMATION('','',#502);
#502 = PRODUCT('Tile0_Fiber','Tile0_Fiber','',(#503));
#503 = PRODUCT_CONTEXT('',#2,'mechanical');
#504 = PRODUCT_DEFINITION_CONTEXT('part definition',#2,'design');
#505 = ADVANCED_BREP_SHAPE_REPRESENTATION('',(#11,#506),#773);
#506 = MANIFOLD_SOLID_BREP('',#507);
#507 = CLOSED_SHELL('',(#508,#541,#567,#593,#621,#647,#675,#701,#727,
    #755,#764));
#508 = ADVANCED_FACE('',(#509),#536,.T.);
#509 = FACE_BOUND('',#510,.T.);
#510 = EDGE_LOOP('',(#511,#521,#528,#529));
#511 = ORIENTED_EDGE('',*,*,#512,.T.);
#512 = EDGE_CURVE('',#513,#515,#517,.T.);
#513 = VERTEX_POINT('',#514);
#514 = CARTESIAN_POINT('',(128.6272,191.,-0.5));
#515 = VERTEX_POINT('',#516);
#516 = CARTESIAN_POINT('',(128.6272,187.,-0.5));
#517 = LINE('',#518,#519);
#518 = CARTESIAN_POINT('',(128.6272,191.,-0.5));
#519 = VECTOR('',#520,1.);
#520 = DIRECTION('',(0.,-1.,0.));
#521 = ORIENTED_EDGE('',*,*,#522,.F.);
#522 = EDGE_CURVE('',#515,#515,#523,.T.);
#523 = CIRCLE('',#524,0.5);
#524 = AXIS2_PLACEMENT_3D('',#525,#526,#527);
#525 = CARTESIAN_POINT('',(128.6272,187.,0.));
#526 = DIRECTION('',(0.,-1.,0.));
#527 = DIRECTION('',(0.,0.,-1.));
#528 = ORIENTED_EDGE('',*,*,#512,.F.);
#529 = ORIENTED_EDGE('',*,*,#530,.T.);
#530 = EDGE_CURVE('',#513,#513,#531,.T.);
#531 = CIRCLE('',#532,0.5);
#532 = AXIS2_PLACEMENT_3D('',#533,#534,#535);
#533 = CARTESIAN_POINT('',(128.6272,191.,0.));
#534 = DIRECTION('',(0.,-1.,0.));
#535 = DIRECTION('',(0.,0.,-1.));
#536 = CYLINDRICAL_SURFACE('',#537,0.5);
#537 = AXIS2_PLACEMENT_3D('',#538,#539,#540);
#538 = CARTESIAN_POINT('',(128.6272,191.,0.));
#539 = DIRECTION('',(0.,-1.,0.));
#540 = DIRECTION('',(0.,0.,-1.));
#541 = ADVANCED_FACE('',(#542),#562,.T.);
#542 = FACE_BOUND('',#543,.T.);
#543 = EDGE_LOOP('',(#544,#553,#560,#561));
#544 = ORIENTED_EDGE('',*,*,#545,.T.);
#545 = EDGE_CURVE('',#515,#546,#548,.T.);
#546 = VERTEX_POINT('',#547);
#547 = CARTESIAN_POINT('',(100.8977,162.1494,-0.5));
#548 = CIRCLE('',#549,25.00002253726);
#549 = AXIS2_PLACEMENT_3D('',#550,#551,#552);
#550 = CARTESIAN_POINT('',(103.62717746275,186.99997503648,-0.5));
#551 = DIRECTION('',(0.,0.,-1.));
#552 = DIRECTION('',(1.,9.985397937254E-07,0.));
#553 = ORIENTED_EDGE('',*,*,#554,.T.);
#554 = EDGE_CURVE('',#546,#546,#555,.T.);
#555 = CIRCLE('',#556,0.5);
#556 = AXIS2_PLACEMENT_3D('',#557,#558,#559);
#557 = CARTESIAN_POINT('',(100.8977,162.1494,0.));
#558 = DIRECTION('',(0.994022105358,-0.109179000086,0.));
#559 = DIRECTION('',(-0.109179000086,-0.994022105358,0.));
#560 = ORIENTED_EDGE('',*,*,#545,.F.);
#561 = ORIENTED_EDGE('',*,*,#522,.T.);
#562 = TOROIDAL_SURFACE('',#563,25.00002253726,0.5);
#563 = AXIS2_PLACEMENT_3D('',#564,#565,#566);
#564 = CARTESIAN_POINT('',(103.62717746275,186.99997503648,0.));
#565 = DIRECTION('',(0.,-0.,-1.));
#566 = DIRECTION('',(1.,9.985397937254E-07,0.));
#567 = ADVANCED_FACE('',(#568),#588,.T.);
#568 = FACE_BOUND('',#569,.T.);
#569 = EDGE_LOOP('',(#570,#579,#586,#587));
#570 = ORIENTED_EDGE('',*,*,#571,.T.);
#571 = EDGE_CURVE('',#546,#572,#574,.T.);
#572 = VERTEX_POINT('',#573);
#573 = CARTESIAN_POINT('',(75.5105,147.8644,-0.5));
#574 = CIRCLE('',#575,24.999950528335);
#575 = AXIS2_PLACEMENT_3D('',#576,#577,#578);
#576 = CARTESIAN_POINT('',(98.168123679294,137.29890826384,-0.5));
#577 = DIRECTION('',(0.,-0.,1.));
#578 = DIRECTION('',(0.109183268887,0.994021636482,0.));
#579 = ORIENTED_EDGE('',*,*,#580,.T.);
#580 = EDGE_CURVE('',#572,#572,#581,.T.);
#581 = CIRCLE('',#582,0.5);
#582 = AXIS2_PLACEMENT_3D('',#583,#584,#585);
#583 = CARTESIAN_POINT('',(75.5105,147.8644,0.));
#584 = DIRECTION('',(0.422620505756,0.906306740632,0.));
#585 = DIRECTION('',(-0.906306740632,0.422620505756,0.));
#586 = ORIENTED_EDGE('',*,*,#571,.F.);
#587 = ORIENTED_EDGE('',*,*,#554,.F.);
#588 = TOROIDAL_SURFACE('',#589,24.999950528335,0.5);
#589 = AXIS2_PLACEMENT_3D('',#590,#591,#592);
#590 = CARTESIAN_POINT('',(98.168123679294,137.29890826384,0.));
#591 = DIRECTION('',(0.,-0.,1.));
#592 = DIRECTION('',(0.109183268887,0.994021636482,0.));
#593 = ADVANCED_FACE('',(#594),#613,.T.);
#594 = FACE_BOUND('',#595,.T.);
#595 = EDGE_LOOP('',(#596,#604,#611,#612));
#596 = ORIENTED_EDGE('',*,*,#597,.T.);
#597 = EDGE_CURVE('',#572,#598,#600,.T.);
#598 = VERTEX_POINT('',#599);
#599 = CARTESIAN_POINT('',(33.5064,57.7863,-0.5));
#600 = LINE('',#601,#602);
#601 = CARTESIAN_POINT('',(75.5105,147.8644,-0.5));
#602 = VECTOR('',#603,1.);
#603 = DIRECTION('',(-0.422618196766,-0.906307817335,0.));
#604 = ORIENTED_EDGE('',*,*,#605,.F.);
#605 = EDGE_CURVE('',#598,#598,#606,.T.);
#606 = CIRCLE('',#607,0.5);
#607 = AXIS2_PLACEMENT_3D('',#608,#609,#610);
#608 = CARTESIAN_POINT('',(33.5064,57.7863,0.));
#609 = DIRECTION('',(-0.422617518626,-0.906308133556,-0.));
#610 = DIRECTION('',(0.,0.,-1.));
#611 = ORIENTED_EDGE('',*,*,#597,.F.);
#612 = ORIENTED_EDGE('',*,*,#580,.F.);
#613 = SURFACE_OF_LINEAR_EXTRUSION('',#614,#619);
#614 = CIRCLE('',#615,0.5);
#615 = AXIS2_PLACEMENT_3D('',#616,#617,#618);
#616 = CARTESIAN_POINT('',(75.5105,147.8644,0.));
#617 = DIRECTION('',(-0.422617518626,-0.906308133556,-0.));
#618 = DIRECTION('',(0.,0.,-1.));
#619 = VECTOR('',#620,1.);
#620 = DIRECTION('',(-0.422618196766,-0.906307817335,0.));
#621 = ADVANCED_FACE('',(#622),#642,.T.);
#622 = FACE_BOUND('',#623,.T.);
#623 = EDGE_LOOP('',(#624,#633,#640,#641));
#624 = ORIENTED_EDGE('',*,*,#625,.T.);
#625 = EDGE_CURVE('',#598,#626,#628,.T.);
#626 = VERTEX_POINT('',#627);
#627 = CARTESIAN_POINT('',(96.948,28.203,-0.5));
#628 = CIRCLE('',#629,35.000029462372);
#629 = AXIS2_PLACEMENT_3D('',#630,#631,#632);
#630 = CARTESIAN_POINT('',(65.22722808144,42.994710220851,-0.5));
#631 = DIRECTION('',(0.,0.,1.));
#632 = DIRECTION('',(-0.906308610841,0.422616495082,0.));
#633 = ORIENTED_EDGE('',*,*,#634,.T.);
#634 = EDGE_CURVE('',#626,#626,#635,.T.);
#635 = CIRCLE('',#636,0.5);
#636 = AXIS2_PLACEMENT_3D('',#637,#638,#639);
#637 = CARTESIAN_POINT('',(96.948,28.203,0.));
#638 = DIRECTION('',(-0.42261993627,-0.906307006189,0.));
#639 = DIRECTION('',(0.906307006189,-0.42261993627,0.));
#640 = ORIENTED_EDGE('',*,*,#625,.F.);
#641 = ORIENTED_EDGE('',*,*,#605,.T.);
#642 = TOROIDAL_SURFACE('',#643,35.000029462372,0.5);
#643 = AXIS2_PLACEMENT_3D('',#644,#645,#646);
#644 = CARTESIAN_POINT('',(65.22722808144,42.994710220851,0.));
#645 = DIRECTION('',(0.,0.,1.));
#646 = DIRECTION('',(-0.906308610841,0.422616495082,0.));
#647 = ADVANCED_FACE('',(#648),#667,.T.);
#648 = FACE_BOUND('',#649,.T.);
#649 = EDGE_LOOP('',(#650,#658,#665,#666));
#650 = ORIENTED_EDGE('',*,*,#651,.T.);
#651 = EDGE_CURVE('',#626,#652,#654,.T.);
#652 = VERTEX_POINT('',#653);
#653 = CARTESIAN_POINT('',(147.4347,136.4722,-0.5));
#654 = LINE('',#655,#656);
#655 = CARTESIAN_POINT('',(96.948,28.203,-0.5));
#656 = VECTOR('',#657,1.);
#657 = DIRECTION('',(0.422617869117,0.90630797012,0.));
#658 = ORIENTED_EDGE('',*,*,#659,.F.);
#659 = EDGE_CURVE('',#652,#652,#660,.T.);
#660 = CIRCLE('',#661,0.5);
#661 = AXIS2_PLACEMENT_3D('',#662,#663,#664);
#662 = CARTESIAN_POINT('',(147.4347,136.4722,0.));
#663 = DIRECTION('',(0.422620959813,0.9063065289,0.));
#664 = DIRECTION('',(0.,0.,-1.));
#665 = ORIENTED_EDGE('',*,*,#651,.F.);
#666 = ORIENTED_EDGE('',*,*,#634,.F.);
#667 = SURFACE_OF_LINEAR_EXTRUSION('',#668,#673);
#668 = CIRCLE('',#669,0.5);
#669 = AXIS2_PLACEMENT_3D('',#670,#671,#672);
#670 = CARTESIAN_POINT('',(96.948,28.203,0.));
#671 = DIRECTION('',(0.422620959813,0.9063065289,0.));
#672 = DIRECTION('',(0.,0.,-1.));
#673 = VECTOR('',#674,1.);
#674 = DIRECTION('',(0.422617869117,0.90630797012,0.));
#675 = ADVANCED_FACE('',(#676),#696,.T.);
#676 = FACE_BOUND('',#677,.T.);
#677 = EDGE_LOOP('',(#678,#687,#694,#695));
#678 = ORIENTED_EDGE('',*,*,#679,.T.);
#679 = EDGE_CURVE('',#652,#680,#682,.T.);
#680 = VERTEX_POINT('',#681);
#681 = CARTESIAN_POINT('',(139.8021,167.0188,-0.5));
#682 = CIRCLE('',#683,25.000079797315);
#683 = AXIS2_PLACEMENT_3D('',#684,#685,#686);
#684 = CARTESIAN_POINT('',(124.77690189787,147.03762356156,-0.5));
#685 = DIRECTION('',(-0.,0.,1.));
#686 = DIRECTION('',(0.906309031244,-0.422615593519,0.));
#687 = ORIENTED_EDGE('',*,*,#688,.T.);
#688 = EDGE_CURVE('',#680,#680,#689,.T.);
#689 = CIRCLE('',#690,0.5);
#690 = AXIS2_PLACEMENT_3D('',#691,#692,#693);
#691 = CARTESIAN_POINT('',(139.8021,167.0188,0.));
#692 = DIRECTION('',(0.799244506435,-0.601006005739,0.));
#693 = DIRECTION('',(0.601006005739,0.799244506435,0.));
#694 = ORIENTED_EDGE('',*,*,#679,.F.);
#695 = ORIENTED_EDGE('',*,*,#659,.T.);
#696 = TOROIDAL_SURFACE('',#697,25.000079797315,0.5);
#697 = AXIS2_PLACEMENT_3D('',#698,#699,#700);
#698 = CARTESIAN_POINT('',(124.77690189787,147.03762356156,0.));
#699 = DIRECTION('',(-0.,0.,1.));
#700 = DIRECTION('',(0.906309031244,-0.422615593519,0.));
#701 = ADVANCED_FACE('',(#702),#722,.T.);
#702 = FACE_BOUND('',#703,.T.);
#703 = EDGE_LOOP('',(#704,#713,#720,#721));
#704 = ORIENTED_EDGE('',*,*,#705,.T.);
#705 = EDGE_CURVE('',#680,#706,#708,.T.);
#706 = VERTEX_POINT('',#707);
#707 = CARTESIAN_POINT('',(129.8272,187.,-0.5));
#708 = CIRCLE('',#709,25.000144362656);
#709 = AXIS2_PLACEMENT_3D('',#710,#711,#712);
#710 = CARTESIAN_POINT('',(154.82734436264,187.00002243498,-0.5));
#711 = DIRECTION('',(-0.,0.,-1.));
#712 = DIRECTION('',(-0.601006303991,-0.799244282158,0.));
#713 = ORIENTED_EDGE('',*,*,#714,.T.);
#714 = EDGE_CURVE('',#706,#706,#715,.T.);
#715 = CIRCLE('',#716,0.5);
#716 = AXIS2_PLACEMENT_3D('',#717,#718,#719);
#717 = CARTESIAN_POINT('',(129.8272,187.,0.));
#718 = DIRECTION('',(8.973942907664E-07,-1.,-0.));
#719 = DIRECTION('',(-1.,-8.973942907664E-07,0.));
#720 = ORIENTED_EDGE('',*,*,#705,.F.);
#721 = ORIENTED_EDGE('',*,*,#688,.F.);
#722 = TOROIDAL_SURFACE('',#723,25.000144362656,0.5);
#723 = AXIS2_PLACEMENT_3D('',#724,#725,#726);
#724 = CARTESIAN_POINT('',(154.82734436264,187.00002243498,0.));
#725 = DIRECTION('',(-0.,0.,-1.));
#726 = DIRECTION('',(-0.601006303991,-0.799244282158,0.));
#727 = ADVANCED_FACE('',(#728),#747,.T.);
#728 = FACE_BOUND('',#729,.T.);
#729 = EDGE_LOOP('',(#730,#738,#745,#746));
#730 = ORIENTED_EDGE('',*,*,#731,.T.);
#731 = EDGE_CURVE('',#706,#732,#734,.T.);
#732 = VERTEX_POINT('',#733);
#733 = CARTESIAN_POINT('',(129.8272,191.,-0.5));
#734 = LINE('',#735,#736);
#735 = CARTESIAN_POINT('',(129.8272,187.,-0.5));
#736 = VECTOR('',#737,1.);
#737 = DIRECTION('',(0.,1.,0.));
#738 = ORIENTED_EDGE('',*,*,#739,.F.);
#739 = EDGE_CURVE('',#732,#732,#740,.T.);
#740 = CIRCLE('',#741,0.5);
#741 = AXIS2_PLACEMENT_3D('',#742,#743,#744);
#742 = CARTESIAN_POINT('',(129.8272,191.,0.));
#743 = DIRECTION('',(4.650487621144E-06,0.999999999989,0.));
#744 = DIRECTION('',(0.,0.,-1.));
#745 = ORIENTED_EDGE('',*,*,#731,.F.);
#746 = ORIENTED_EDGE('',*,*,#714,.F.);
#747 = SURFACE_OF_LINEAR_EXTRUSION('',#748,#753);
#748 = CIRCLE('',#749,0.5);
#749 = AXIS2_PLACEMENT_3D('',#750,#751,#752);
#750 = CARTESIAN_POINT('',(129.8272,187.,0.));
#751 = DIRECTION('',(4.650487621144E-06,0.999999999989,0.));
#752 = DIRECTION('',(0.,0.,-1.));
#753 = VECTOR('',#754,1.);
#754 = DIRECTION('',(0.,1.,0.));
#755 = ADVANCED_FACE('',(#756),#759,.F.);
#756 = FACE_BOUND('',#757,.F.);
#757 = EDGE_LOOP('',(#758));
#758 = ORIENTED_EDGE('',*,*,#530,.T.);
#759 = PLANE('',#760);
#760 = AXIS2_PLACEMENT_3D('',#761,#762,#763);
#761 = CARTESIAN_POINT('',(128.6272,191.,-1.324707628398E-15));
#762 = DIRECTION('',(-0.,-1.,-0.));
#763 = DIRECTION('',(0.,0.,-1.));
#764 = ADVANCED_FACE('',(#765),#768,.T.);
#765 = FACE_BOUND('',#766,.T.);
#766 = EDGE_LOOP('',(#767));
#767 = ORIENTED_EDGE('',*,*,#739,.T.);
#768 = PLANE('',#769);
#769 = AXIS2_PLACEMENT_3D('',#770,#771,#772);
#770 = CARTESIAN_POINT('',(129.8272,191.,1.709300165674E-15));
#771 = DIRECTION('',(4.650487611324E-06,0.999999999989,0.));
#772 = DIRECTION('',(0.999999999989,-4.650487611324E-06,0.));
#773 = ( GEOMETRIC_REPRESENTATION_CONTEXT(3) 
GLOBAL_UNCERTAINTY_ASSIGNED_CONTEXT((#777)) GLOBAL_UNIT_ASSIGNED_CONTEXT
((#774,#775,#776)) REPRESENTATION_CONTEXT('Context #1',
  '3D Context with UNIT and UNCERTAINTY') );
#774 = ( LENGTH_UNIT() NAMED_UNIT(*) SI_UNIT(.MILLI.,.METRE.) );
#775 = ( NAMED_UNIT(*) PLANE_ANGLE_UNIT() SI_UNIT($,.RADIAN.) );
#776 = ( NAMED_UNIT(*) SI_UNIT($,.STERADIAN.) SOLID_ANGLE_UNIT() );
#777 = UNCERTAINTY_MEASURE_WITH_UNIT(LENGTH_MEASURE(1.E-06),#774,
  'distance_accuracy_value','confusion accuracy');
#778 = CONTEXT_DEPENDENT_SHAPE_REPRESENTATION(#779,#781);
#779 = ( REPRESENTATION_RELATIONSHIP('','',#505,#10) 
REPRESENTATION_RELATIONSHIP_WITH_TRANSFORMATION(#780) 
SHAPE_REPRESENTATION_RELATIONSHIP() );
#780 = ITEM_DEFINED_TRANSFORMATION('','',#11,#19);
#781 = PRODUCT_DEFINITION_SHAPE('Placement','Placement of an item',#782
  );
#782 = NEXT_ASSEMBLY_USAGE_OCCURRENCE('2','Tile0_Fiber','',#5,#500,$);
#783 = PRODUCT_RELATED_PRODUCT_CATEGORY('part',$,(#502));
#784 = SHAPE_DEFINITION_REPRESENTATION(#785,#791);
#785 = PRODUCT_DEFINITION_SHAPE('','',#786);
#786 = PRODUCT_DEFINITION('design','',#787,#790);
#787 = PRODUCT_DEFINITION_FORMATION('','',#788);
#788 = PRODUCT('Tile0_Coating','Tile0_Coating','',(#789));
#789 = PRODUCT_CONTEXT('',#2,'mechanical');
#790 = PRODUCT_DEFINITION_CONTEXT('part definition',#2,'design');
#791 = ADVANCED_BREP_SHAPE_REPRESENTATION('',(#11,#792),#1226);
#792 = MANIFOLD_SOLID_BREP('',#793);
#793 = CLOSED_SHELL('',(#794,#834,#865,#896,#913,#930,#976,#1007,#1031,
    #1055,#1072,#1118,#1149,#1173,#1197,#1214));
#794 = ADVANCED_FACE('',(#795),#829,.F.);
#795 = FACE_BOUND('',#796,.F.);
#796 = EDGE_LOOP('',(#797,#807,#815,#823));
#797 = ORIENTED_EDGE('',*,*,#798,.T.);
#798 = EDGE_CURVE('',#799,#801,#803,.T.);
#799 = VERTEX_POINT('',#800);
#800 = CARTESIAN_POINT('',(-6.835426648221E-02,-5.E-02,-3.6));
#801 = VERTEX_POINT('',#802);
#802 = CARTESIAN_POINT('',(-6.835426648221E-02,-5.E-02,3.6));
#803 = LINE('',#804,#805);
#804 = CARTESIAN_POINT('',(-6.835426648221E-02,-5.E-02,-3.6));
#805 = VECTOR('',#806,1.);
#806 = DIRECTION('',(0.,0.,1.));
#807 = ORIENTED_EDGE('',*,*,#808,.T.);
#808 = EDGE_CURVE('',#801,#809,#811,.T.);
#809 = VERTEX_POINT('',#810);
#810 = CARTESIAN_POINT('',(115.6337859128,-5.E-02,3.6));
#811 = LINE('',#812,#813);
#812 = CARTESIAN_POINT('',(0.,-5.E-02,3.6));
#813 = VECTOR('',#814,1.);
#814 = DIRECTION('',(1.,0.,0.));
#815 = ORIENTED_EDGE('',*,*,#816,.F.);
#816 = EDGE_CURVE('',#817,#809,#819,.T.);
#817 = VERTEX_POINT('',#818);
#818 = CARTESIAN_POINT('',(115.6337859128,-5.E-02,-3.6));
#819 = LINE('',#820,#821);
#820 = CARTESIAN_POINT('',(115.6337859128,-5.E-02,-3.6));
#821 = VECTOR('',#822,1.);
#822 = DIRECTION('',(0.,0.,1.));
#823 = ORIENTED_EDGE('',*,*,#824,.F.);
#824 = EDGE_CURVE('',#799,#817,#825,.T.);
#825 = LINE('',#826,#827);
#826 = CARTESIAN_POINT('',(0.,-5.E-02,-3.6));
#827 = VECTOR('',#828,1.);
#828 = DIRECTION('',(1.,0.,0.));
#829 = PLANE('',#830);
#830 = AXIS2_PLACEMENT_3D('',#831,#832,#833);
#831 = CARTESIAN_POINT('',(-6.835426648221E-02,-5.E-02,-3.6));
#832 = DIRECTION('',(0.,1.,0.));
#833 = DIRECTION('',(1.,0.,0.));
#834 = ADVANCED_FACE('',(#835),#860,.F.);
#835 = FACE_BOUND('',#836,.F.);
#836 = EDGE_LOOP('',(#837,#847,#853,#854));
#837 = ORIENTED_EDGE('',*,*,#838,.T.);
#838 = EDGE_CURVE('',#839,#841,#843,.T.);
#839 = VERTEX_POINT('',#840);
#840 = CARTESIAN_POINT('',(60.66342583823,191.05,-3.6));
#841 = VERTEX_POINT('',#842);
#842 = CARTESIAN_POINT('',(60.66342583823,191.05,3.6));
#843 = LINE('',#844,#845);
#844 = CARTESIAN_POINT('',(60.66342583823,191.05,-3.6));
#845 = VECTOR('',#846,1.);
#846 = DIRECTION('',(0.,0.,1.));
#847 = ORIENTED_EDGE('',*,*,#848,.T.);
#848 = EDGE_CURVE('',#841,#801,#849,.T.);
#849 = LINE('',#850,#851);
#850 = CARTESIAN_POINT('',(60.652348471398,191.01514370568,3.6));
#851 = VECTOR('',#852,1.);
#852 = DIRECTION('',(-0.30287411373,-0.953030572034,0.));
#853 = ORIENTED_EDGE('',*,*,#798,.F.);
#854 = ORIENTED_EDGE('',*,*,#855,.F.);
#855 = EDGE_CURVE('',#839,#799,#856,.T.);
#856 = LINE('',#857,#858);
#857 = CARTESIAN_POINT('',(60.652348471398,191.01514370568,-3.6));
#858 = VECTOR('',#859,1.);
#859 = DIRECTION('',(-0.30287411373,-0.953030572034,0.));
#860 = PLANE('',#861);
#861 = AXIS2_PLACEMENT_3D('',#862,#863,#864);
#862 = CARTESIAN_POINT('',(60.66342583823,191.05,-3.6));
#863 = DIRECTION('',(0.953030572034,-0.30287411373,0.));
#864 = DIRECTION('',(-0.30287411373,-0.953030572034,0.));
#865 = ADVANCED_FACE('',(#866),#891,.F.);
#866 = FACE_BOUND('',#867,.F.);
#867 = EDGE_LOOP('',(#868,#869,#877,#885));
#868 = ORIENTED_EDGE('',*,*,#816,.T.);
#869 = ORIENTED_EDGE('',*,*,#870,.T.);
#870 = EDGE_CURVE('',#809,#871,#873,.T.);
#871 = VERTEX_POINT('',#872);
#872 = CARTESIAN_POINT('',(192.47399533688,191.05,3.6));
#873 = LINE('',#874,#875);
#874 = CARTESIAN_POINT('',(115.64639025817,-1.865325564452E-02,3.6));
#875 = VECTOR('',#876,1.);
#876 = DIRECTION('',(0.37306511289,0.927805163568,0.));
#877 = ORIENTED_EDGE('',*,*,#878,.F.);
#878 = EDGE_CURVE('',#879,#871,#881,.T.);
#879 = VERTEX_POINT('',#880);
#880 = CARTESIAN_POINT('',(192.47399533688,191.05,-3.6));
#881 = LINE('',#882,#883);
#882 = CARTESIAN_POINT('',(192.47399533688,191.05,-3.6));
#883 = VECTOR('',#884,1.);
#884 = DIRECTION('',(0.,0.,1.));
#885 = ORIENTED_EDGE('',*,*,#886,.F.);
#886 = EDGE_CURVE('',#817,#879,#887,.T.);
#887 = LINE('',#888,#889);
#888 = CARTESIAN_POINT('',(115.64639025817,-1.865325564452E-02,-3.6));
#889 = VECTOR('',#890,1.);
#890 = DIRECTION('',(0.37306511289,0.927805163568,0.));
#891 = PLANE('',#892);
#892 = AXIS2_PLACEMENT_3D('',#893,#894,#895);
#893 = CARTESIAN_POINT('',(115.6337859128,-5.E-02,-3.6));
#894 = DIRECTION('',(-0.927805163568,0.37306511289,0.));
#895 = DIRECTION('',(0.37306511289,0.927805163568,0.));
#896 = ADVANCED_FACE('',(#897),#908,.F.);
#897 = FACE_BOUND('',#898,.T.);
#898 = EDGE_LOOP('',(#899,#900,#901,#907));
#899 = ORIENTED_EDGE('',*,*,#824,.F.);
#900 = ORIENTED_EDGE('',*,*,#855,.F.);
#901 = ORIENTED_EDGE('',*,*,#902,.F.);
#902 = EDGE_CURVE('',#879,#839,#903,.T.);
#903 = LINE('',#904,#905);
#904 = CARTESIAN_POINT('',(192.4,191.05,-3.6));
#905 = VECTOR('',#906,1.);
#906 = DIRECTION('',(-1.,0.,0.));
#907 = ORIENTED_EDGE('',*,*,#886,.F.);
#908 = PLANE('',#909);
#909 = AXIS2_PLACEMENT_3D('',#910,#911,#912);
#910 = CARTESIAN_POINT('',(93.537222237387,97.852520918525,-3.6));
#911 = DIRECTION('',(0.,0.,1.));
#912 = DIRECTION('',(1.,0.,-0.));
#913 = ADVANCED_FACE('',(#914),#925,.T.);
#914 = FACE_BOUND('',#915,.F.);
#915 = EDGE_LOOP('',(#916,#917,#918,#924));
#916 = ORIENTED_EDGE('',*,*,#808,.F.);
#917 = ORIENTED_EDGE('',*,*,#848,.F.);
#918 = ORIENTED_EDGE('',*,*,#919,.F.);
#919 = EDGE_CURVE('',#871,#841,#920,.T.);
#920 = LINE('',#921,#922);
#921 = CARTESIAN_POINT('',(192.4,191.05,3.6));
#922 = VECTOR('',#923,1.);
#923 = DIRECTION('',(-1.,0.,0.));
#924 = ORIENTED_EDGE('',*,*,#870,.F.);
#925 = PLANE('',#926);
#926 = AXIS2_PLACEMENT_3D('',#927,#928,#929);
#927 = CARTESIAN_POINT('',(93.537222237387,97.852520918525,3.6));
#928 = DIRECTION('',(0.,0.,1.));
#929 = DIRECTION('',(1.,0.,-0.));
#930 = ADVANCED_FACE('',(#931,#937),#971,.F.);
#931 = FACE_BOUND('',#932,.F.);
#932 = EDGE_LOOP('',(#933,#934,#935,#936));
#933 = ORIENTED_EDGE('',*,*,#878,.T.);
#934 = ORIENTED_EDGE('',*,*,#919,.T.);
#935 = ORIENTED_EDGE('',*,*,#838,.F.);
#936 = ORIENTED_EDGE('',*,*,#902,.F.);
#937 = FACE_BOUND('',#938,.F.);
#938 = EDGE_LOOP('',(#939,#949,#957,#965));
#939 = ORIENTED_EDGE('',*,*,#940,.T.);
#940 = EDGE_CURVE('',#941,#943,#945,.T.);
#941 = VERTEX_POINT('',#942);
#942 = CARTESIAN_POINT('',(138.2272,191.05,-3.));
#943 = VERTEX_POINT('',#944);
#944 = CARTESIAN_POINT('',(120.2272,191.05,-3.));
#945 = LINE('',#946,#947);
#946 = CARTESIAN_POINT('',(156.35059766844,191.05,-3.));
#947 = VECTOR('',#948,1.);
#948 = DIRECTION('',(-1.,0.,0.));
#949 = ORIENTED_EDGE('',*,*,#950,.T.);
#950 = EDGE_CURVE('',#943,#951,#953,.T.);
#951 = VERTEX_POINT('',#952);
#952 = CARTESIAN_POINT('',(120.2272,191.05,3.));
#953 = LINE('',#954,#955);
#954 = CARTESIAN_POINT('',(120.2272,191.05,-3.3));
#955 = VECTOR('',#956,1.);
#956 = DIRECTION('',(0.,0.,1.));
#957 = ORIENTED_EDGE('',*,*,#958,.F.);
#958 = EDGE_CURVE('',#959,#951,#961,.T.);
#959 = VERTEX_POINT('',#960);
#960 = CARTESIAN_POINT('',(138.2272,191.05,3.));
#961 = LINE('',#962,#963);
#962 = CARTESIAN_POINT('',(156.35059766844,191.05,3.));
#963 = VECTOR('',#964,1.);
#964 = DIRECTION('',(-1.,0.,0.));
#965 = ORIENTED_EDGE('',*,*,#966,.F.);
#966 = EDGE_CURVE('',#941,#959,#967,.T.);
#967 = LINE('',#968,#969);
#968 = CARTESIAN_POINT('',(138.2272,191.05,-3.3));
#969 = VECTOR('',#970,1.);
#970 = DIRECTION('',(0.,0.,1.));
#971 = PLANE('',#972);
#972 = AXIS2_PLACEMENT_3D('',#973,#974,#975);
#973 = CARTESIAN_POINT('',(192.47399533688,191.05,-3.6));
#974 = DIRECTION('',(0.,-1.,0.));
#975 = DIRECTION('',(-1.,0.,0.));
#976 = ADVANCED_FACE('',(#977),#1002,.T.);
#977 = FACE_BOUND('',#978,.T.);
#978 = EDGE_LOOP('',(#979,#987,#995,#1001));
#979 = ORIENTED_EDGE('',*,*,#980,.F.);
#980 = EDGE_CURVE('',#981,#943,#983,.T.);
#981 = VERTEX_POINT('',#982);
#982 = CARTESIAN_POINT('',(120.2272,191.,-3.));
#983 = LINE('',#984,#985);
#984 = CARTESIAN_POINT('',(120.2272,190.5,-3.));
#985 = VECTOR('',#986,1.);
#986 = DIRECTION('',(-0.,1.,0.));
#987 = ORIENTED_EDGE('',*,*,#988,.F.);
#988 = EDGE_CURVE('',#989,#981,#991,.T.);
#989 = VERTEX_POINT('',#990);
#990 = CARTESIAN_POINT('',(138.2272,191.,-3.));
#991 = LINE('',#992,#993);
#992 = CARTESIAN_POINT('',(156.3136,191.,-3.));
#993 = VECTOR('',#994,1.);
#994 = DIRECTION('',(-1.,0.,0.));
#995 = ORIENTED_EDGE('',*,*,#996,.T.);
#996 = EDGE_CURVE('',#989,#941,#997,.T.);
#997 = LINE('',#998,#999);
#998 = CARTESIAN_POINT('',(138.2272,190.5,-3.));
#999 = VECTOR('',#1000,1.);
#1000 = DIRECTION('',(-0.,1.,0.));
#1001 = ORIENTED_EDGE('',*,*,#940,.T.);
#1002 = PLANE('',#1003);
#1003 = AXIS2_PLACEMENT_3D('',#1004,#1005,#1006);
#1004 = CARTESIAN_POINT('',(120.2272,190.5,-3.));
#1005 = DIRECTION('',(0.,0.,1.));
#1006 = DIRECTION('',(1.,0.,-0.));
#1007 = ADVANCED_FACE('',(#1008),#1026,.F.);
#1008 = FACE_BOUND('',#1009,.F.);
#1009 = EDGE_LOOP('',(#1010,#1018,#1024,#1025));
#1010 = ORIENTED_EDGE('',*,*,#1011,.F.);
#1011 = EDGE_CURVE('',#1012,#959,#1014,.T.);
#1012 = VERTEX_POINT('',#1013);
#1013 = CARTESIAN_POINT('',(138.2272,191.,3.));
#1014 = LINE('',#1015,#1016);
#1015 = CARTESIAN_POINT('',(138.2272,190.5,3.));
#1016 = VECTOR('',#1017,1.);
#1017 = DIRECTION('',(-0.,1.,0.));
#1018 = ORIENTED_EDGE('',*,*,#1019,.F.);
#1019 = EDGE_CURVE('',#989,#1012,#1020,.T.);
#1020 = LINE('',#1021,#1022);
#1021 = CARTESIAN_POINT('',(138.2272,191.,-3.275));
#1022 = VECTOR('',#1023,1.);
#1023 = DIRECTION('',(0.,0.,1.));
#1024 = ORIENTED_EDGE('',*,*,#996,.T.);
#1025 = ORIENTED_EDGE('',*,*,#966,.T.);
#1026 = PLANE('',#1027);
#1027 = AXIS2_PLACEMENT_3D('',#1028,#1029,#1030);
#1028 = CARTESIAN_POINT('',(138.2272,190.5,-3.));
#1029 = DIRECTION('',(1.,0.,-0.));
#1030 = DIRECTION('',(0.,0.,1.));
#1031 = ADVANCED_FACE('',(#1032),#1050,.F.);
#1032 = FACE_BOUND('',#1033,.F.);
#1033 = EDGE_LOOP('',(#1034,#1042,#1048,#1049));
#1034 = ORIENTED_EDGE('',*,*,#1035,.F.);
#1035 = EDGE_CURVE('',#1036,#951,#1038,.T.);
#1036 = VERTEX_POINT('',#1037);
#1037 = CARTESIAN_POINT('',(120.2272,191.,3.));
#1038 = LINE('',#1039,#1040);
#1039 = CARTESIAN_POINT('',(120.2272,190.5,3.));
#1040 = VECTOR('',#1041,1.);
#1041 = DIRECTION('',(-0.,1.,0.));
#1042 = ORIENTED_EDGE('',*,*,#1043,.F.);
#1043 = EDGE_CURVE('',#1012,#1036,#1044,.T.);
#1044 = LINE('',#1045,#1046);
#1045 = CARTESIAN_POINT('',(156.3136,191.,3.));
#1046 = VECTOR('',#1047,1.);
#1047 = DIRECTION('',(-1.,0.,0.));
#1048 = ORIENTED_EDGE('',*,*,#1011,.T.);
#1049 = ORIENTED_EDGE('',*,*,#958,.T.);
#1050 = PLANE('',#1051);
#1051 = AXIS2_PLACEMENT_3D('',#1052,#1053,#1054);
#1052 = CARTESIAN_POINT('',(120.2272,190.5,3.));
#1053 = DIRECTION('',(0.,0.,1.));
#1054 = DIRECTION('',(1.,0.,-0.));
#1055 = ADVANCED_FACE('',(#1056),#1067,.T.);
#1056 = FACE_BOUND('',#1057,.T.);
#1057 = EDGE_LOOP('',(#1058,#1059,#1065,#1066));
#1058 = ORIENTED_EDGE('',*,*,#1035,.F.);
#1059 = ORIENTED_EDGE('',*,*,#1060,.F.);
#1060 = EDGE_CURVE('',#981,#1036,#1061,.T.);
#1061 = LINE('',#1062,#1063);
#1062 = CARTESIAN_POINT('',(120.2272,191.,-3.275));
#1063 = VECTOR('',#1064,1.);
#1064 = DIRECTION('',(0.,0.,1.));
#1065 = ORIENTED_EDGE('',*,*,#980,.T.);
#1066 = ORIENTED_EDGE('',*,*,#950,.T.);
#1067 = PLANE('',#1068);
#1068 = AXIS2_PLACEMENT_3D('',#1069,#1070,#1071);
#1069 = CARTESIAN_POINT('',(120.2272,190.5,-3.));
#1070 = DIRECTION('',(1.,0.,-0.));
#1071 = DIRECTION('',(0.,0.,1.));
#1072 = ADVANCED_FACE('',(#1073,#1107),#1113,.T.);
#1073 = FACE_BOUND('',#1074,.T.);
#1074 = EDGE_LOOP('',(#1075,#1085,#1093,#1101));
#1075 = ORIENTED_EDGE('',*,*,#1076,.T.);
#1076 = EDGE_CURVE('',#1077,#1079,#1081,.T.);
#1077 = VERTEX_POINT('',#1078);
#1078 = CARTESIAN_POINT('',(192.4,191.,-3.55));
#1079 = VERTEX_POINT('',#1080);
#1080 = CARTESIAN_POINT('',(192.4,191.,3.55));
#1081 = LINE('',#1082,#1083);
#1082 = CARTESIAN_POINT('',(192.4,191.,-3.55));
#1083 = VECTOR('',#1084,1.);
#1084 = DIRECTION('',(0.,0.,1.));
#1085 = ORIENTED_EDGE('',*,*,#1086,.T.);
#1086 = EDGE_CURVE('',#1079,#1087,#1089,.T.);
#1087 = VERTEX_POINT('',#1088);
#1088 = CARTESIAN_POINT('',(60.7,191.,3.55));
#1089 = LINE('',#1090,#1091);
#1090 = CARTESIAN_POINT('',(192.4,191.,3.55));
#1091 = VECTOR('',#1092,1.);
#1092 = DIRECTION('',(-1.,0.,0.));
#1093 = ORIENTED_EDGE('',*,*,#1094,.F.);
#1094 = EDGE_CURVE('',#1095,#1087,#1097,.T.);
#1095 = VERTEX_POINT('',#1096);
#1096 = CARTESIAN_POINT('',(60.7,191.,-3.55));
#1097 = LINE('',#1098,#1099);
#1098 = CARTESIAN_POINT('',(60.7,191.,-3.55));
#1099 = VECTOR('',#1100,1.);
#1100 = DIRECTION('',(0.,0.,1.));
#1101 = ORIENTED_EDGE('',*,*,#1102,.F.);
#1102 = EDGE_CURVE('',#1077,#1095,#1103,.T.);
#1103 = LINE('',#1104,#1105);
#1104 = CARTESIAN_POINT('',(192.4,191.,-3.55));
#1105 = VECTOR('',#1106,1.);
#1106 = DIRECTION('',(-1.,0.,0.));
#1107 = FACE_BOUND('',#1108,.T.);
#1108 = EDGE_LOOP('',(#1109,#1110,#1111,#1112));
#1109 = ORIENTED_EDGE('',*,*,#988,.T.);
#1110 = ORIENTED_EDGE('',*,*,#1060,.T.);
#1111 = ORIENTED_EDGE('',*,*,#1043,.F.);
#1112 = ORIENTED_EDGE('',*,*,#1019,.F.);
#1113 = PLANE('',#1114);
#1114 = AXIS2_PLACEMENT_3D('',#1115,#1116,#1117);
#1115 = CARTESIAN_POINT('',(192.4,191.,-3.55));
#1116 = DIRECTION('',(0.,-1.,0.));
#1117 = DIRECTION('',(-1.,0.,0.));
#1118 = ADVANCED_FACE('',(#1119),#1144,.T.);
#1119 = FACE_BOUND('',#1120,.T.);
#1120 = EDGE_LOOP('',(#1121,#1131,#1137,#1138));
#1121 = ORIENTED_EDGE('',*,*,#1122,.T.);
#1122 = EDGE_CURVE('',#1123,#1125,#1127,.T.);
#1123 = VERTEX_POINT('',#1124);
#1124 = CARTESIAN_POINT('',(115.6,0.,-3.55));
#1125 = VERTEX_POINT('',#1126);
#1126 = CARTESIAN_POINT('',(115.6,0.,3.55));
#1127 = LINE('',#1128,#1129);
#1128 = CARTESIAN_POINT('',(115.6,0.,-3.55));
#1129 = VECTOR('',#1130,1.);
#1130 = DIRECTION('',(0.,0.,1.));
#1131 = ORIENTED_EDGE('',*,*,#1132,.T.);
#1132 = EDGE_CURVE('',#1125,#1079,#1133,.T.);
#1133 = LINE('',#1134,#1135);
#1134 = CARTESIAN_POINT('',(115.6,0.,3.55));
#1135 = VECTOR('',#1136,1.);
#1136 = DIRECTION('',(0.37306511289,0.927805163568,0.));
#1137 = ORIENTED_EDGE('',*,*,#1076,.F.);
#1138 = ORIENTED_EDGE('',*,*,#1139,.F.);
#1139 = EDGE_CURVE('',#1123,#1077,#1140,.T.);
#1140 = LINE('',#1141,#1142);
#1141 = CARTESIAN_POINT('',(115.6,0.,-3.55));
#1142 = VECTOR('',#1143,1.);
#1143 = DIRECTION('',(0.37306511289,0.927805163568,0.));
#1144 = PLANE('',#1145);
#1145 = AXIS2_PLACEMENT_3D('',#1146,#1147,#1148);
#1146 = CARTESIAN_POINT('',(115.6,0.,-3.55));
#1147 = DIRECTION('',(-0.927805163568,0.37306511289,0.));
#1148 = DIRECTION('',(0.37306511289,0.927805163568,0.));
#1149 = ADVANCED_FACE('',(#1150),#1168,.T.);
#1150 = FACE_BOUND('',#1151,.T.);
#1151 = EDGE_LOOP('',(#1152,#1160,#1161,#1162));
#1152 = ORIENTED_EDGE('',*,*,#1153,.T.);
#1153 = EDGE_CURVE('',#1154,#1123,#1156,.T.);
#1154 = VERTEX_POINT('',#1155);
#1155 = CARTESIAN_POINT('',(0.,0.,-3.55));
#1156 = LINE('',#1157,#1158);
#1157 = CARTESIAN_POINT('',(0.,0.,-3.55));
#1158 = VECTOR('',#1159,1.);
#1159 = DIRECTION('',(1.,0.,0.));
#1160 = ORIENTED_EDGE('',*,*,#1139,.T.);
#1161 = ORIENTED_EDGE('',*,*,#1102,.T.);
#1162 = ORIENTED_EDGE('',*,*,#1163,.T.);
#1163 = EDGE_CURVE('',#1095,#1154,#1164,.T.);
#1164 = LINE('',#1165,#1166);
#1165 = CARTESIAN_POINT('',(60.7,191.,-3.55));
#1166 = VECTOR('',#1167,1.);
#1167 = DIRECTION('',(-0.30287411373,-0.953030572034,0.));
#1168 = PLANE('',#1169);
#1169 = AXIS2_PLACEMENT_3D('',#1170,#1171,#1172);
#1170 = CARTESIAN_POINT('',(93.537222237387,97.852520918525,-3.55));
#1171 = DIRECTION('',(0.,0.,1.));
#1172 = DIRECTION('',(1.,0.,-0.));
#1173 = ADVANCED_FACE('',(#1174),#1192,.F.);
#1174 = FACE_BOUND('',#1175,.F.);
#1175 = EDGE_LOOP('',(#1176,#1184,#1185,#1186));
#1176 = ORIENTED_EDGE('',*,*,#1177,.T.);
#1177 = EDGE_CURVE('',#1178,#1125,#1180,.T.);
#1178 = VERTEX_POINT('',#1179);
#1179 = CARTESIAN_POINT('',(0.,0.,3.55));
#1180 = LINE('',#1181,#1182);
#1181 = CARTESIAN_POINT('',(0.,0.,3.55));
#1182 = VECTOR('',#1183,1.);
#1183 = DIRECTION('',(1.,0.,0.));
#1184 = ORIENTED_EDGE('',*,*,#1132,.T.);
#1185 = ORIENTED_EDGE('',*,*,#1086,.T.);
#1186 = ORIENTED_EDGE('',*,*,#1187,.T.);
#1187 = EDGE_CURVE('',#1087,#1178,#1188,.T.);
#1188 = LINE('',#1189,#1190);
#1189 = CARTESIAN_POINT('',(60.7,191.,3.55));
#1190 = VECTOR('',#1191,1.);
#1191 = DIRECTION('',(-0.30287411373,-0.953030572034,0.));
#1192 = PLANE('',#1193);
#1193 = AXIS2_PLACEMENT_3D('',#1194,#1195,#1196);
#1194 = CARTESIAN_POINT('',(93.537222237387,97.852520918525,3.55));
#1195 = DIRECTION('',(0.,0.,1.));
#1196 = DIRECTION('',(1.,0.,-0.));
#1197 = ADVANCED_FACE('',(#1198),#1209,.T.);
#1198 = FACE_BOUND('',#1199,.T.);
#1199 = EDGE_LOOP('',(#1200,#1201,#1202,#1208));
#1200 = ORIENTED_EDGE('',*,*,#1094,.T.);
#1201 = ORIENTED_EDGE('',*,*,#1187,.T.);
#1202 = ORIENTED_EDGE('',*,*,#1203,.F.);
#1203 = EDGE_CURVE('',#1154,#1178,#1204,.T.);
#1204 = LINE('',#1205,#1206);
#1205 = CARTESIAN_POINT('',(0.,0.,-3.55));
#1206 = VECTOR('',#1207,1.);
#1207 = DIRECTION('',(0.,0.,1.));
#1208 = ORIENTED_EDGE('',*,*,#1163,.F.);
#1209 = PLANE('',#1210);
#1210 = AXIS2_PLACEMENT_3D('',#1211,#1212,#1213);
#1211 = CARTESIAN_POINT('',(60.7,191.,-3.55));
#1212 = DIRECTION('',(0.953030572034,-0.30287411373,0.));
#1213 = DIRECTION('',(-0.30287411373,-0.953030572034,0.));
#1214 = ADVANCED_FACE('',(#1215),#1221,.T.);
#1215 = FACE_BOUND('',#1216,.T.);
#1216 = EDGE_LOOP('',(#1217,#1218,#1219,#1220));
#1217 = ORIENTED_EDGE('',*,*,#1203,.T.);
#1218 = ORIENTED_EDGE('',*,*,#1177,.T.);
#1219 = ORIENTED_EDGE('',*,*,#1122,.F.);
#1220 = ORIENTED_EDGE('',*,*,#1153,.F.);
#1221 = PLANE('',#1222);
#1222 = AXIS2_PLACEMENT_3D('',#1223,#1224,#1225);
#1223 = CARTESIAN_POINT('',(0.,0.,-3.55));
#1224 = DIRECTION('',(0.,1.,0.));
#1225 = DIRECTION('',(1.,0.,0.));
#1226 = ( GEOMETRIC_REPRESENTATION_CONTEXT(3) 
GLOBAL_UNCERTAINTY_ASSIGNED_CONTEXT((#1230)) 
GLOBAL_UNIT_ASSIGNED_CONTEXT((#1227,#1228,#1229)) REPRESENTATION_CONTEXT
('Context #1','3D Context with UNIT and UNCERTAINTY') );
#1227 = ( LENGTH_UNIT() NAMED_UNIT(*) SI_UNIT(.MILLI.,.METRE.) );
#1228 = ( NAMED_UNIT(*) PLANE_ANGLE_UNIT() SI_UNIT($,.RADIAN.) );
#1229 = ( NAMED_UNIT(*) SI_UNIT($,.STERADIAN.) SOLID_ANGLE_UNIT() );
#1230 = UNCERTAINTY_MEASURE_WITH_UNIT(LENGTH_MEASURE(1.E-07),#1227,
  'distance_accuracy_value','confusion accuracy');
#1231 = CONTEXT_DEPENDENT_SHAPE_REPRESENTATION(#1232,#1234);
#1232 = ( REPRESENTATION_RELATIONSHIP('','',#791,#10) 
REPRESENTATION_RELATIONSHIP_WITH_TRANSFORMATION(#1233) 
SHAPE_REPRESENTATION_RELATIONSHIP() );
#1233 = ITEM_DEFINED_TRANSFORMATION('','',#11,#23);
#1234 = PRODUCT_DEFINITION_SHAPE('Placement','Placement of an item',
  #1235);
#1235 = NEXT_ASSEMBLY_USAGE_OCCURRENCE('3','Tile0_Coating','',#5,#786,$
  );
#1236 = PRODUCT_RELATED_PRODUCT_CATEGORY('part',$,(#788));
#1237 = SHAPE_DEFINITION_REPRESENTATION(#1238,#1244);
#1238 = PRODUCT_DEFINITION_SHAPE('','',#1239);
#1239 = PRODUCT_DEFINITION('design','',#1240,#1243);
#1240 = PRODUCT_DEFINITION_FORMATION('','',#1241);
#1241 = PRODUCT('Tile0_WrapAl','Tile0_WrapAl','',(#1242));
#1242 = PRODUCT_CONTEXT('',#2,'mechanical');
#1243 = PRODUCT_DEFINITION_CONTEXT('part definition',#2,'design');
#1244 = ADVANCED_BREP_SHAPE_REPRESENTATION('',(#11,#1245),#1679);
#1245 = MANIFOLD_SOLID_BREP('',#1246);
#1246 = CLOSED_SHELL('',(#1247,#1287,#1318,#1349,#1366,#1383,#1429,#1460
    ,#1484,#1508,#1525,#1571,#1602,#1626,#1650,#1667));
#1247 = ADVANCED_FACE('',(#1248),#1282,.F.);
#1248 = FACE_BOUND('',#1249,.F.);
#1249 = EDGE_LOOP('',(#1250,#1260,#1268,#1276));
#1250 = ORIENTED_EDGE('',*,*,#1251,.T.);
#1251 = EDGE_CURVE('',#1252,#1254,#1256,.T.);
#1252 = VERTEX_POINT('',#1253);
#1253 = CARTESIAN_POINT('',(-0.205062799447,-0.15,-3.7));
#1254 = VERTEX_POINT('',#1255);
#1255 = CARTESIAN_POINT('',(-0.205062799447,-0.15,3.7));
#1256 = LINE('',#1257,#1258);
#1257 = CARTESIAN_POINT('',(-0.205062799447,-0.15,-3.7));
#1258 = VECTOR('',#1259,1.);
#1259 = DIRECTION('',(0.,0.,1.));
#1260 = ORIENTED_EDGE('',*,*,#1261,.T.);
#1261 = EDGE_CURVE('',#1254,#1262,#1264,.T.);
#1262 = VERTEX_POINT('',#1263);
#1263 = CARTESIAN_POINT('',(115.70135773841,-0.15,3.7));
#1264 = LINE('',#1265,#1266);
#1265 = CARTESIAN_POINT('',(0.,-0.15,3.7));
#1266 = VECTOR('',#1267,1.);
#1267 = DIRECTION('',(1.,0.,0.));
#1268 = ORIENTED_EDGE('',*,*,#1269,.F.);
#1269 = EDGE_CURVE('',#1270,#1262,#1272,.T.);
#1270 = VERTEX_POINT('',#1271);
#1271 = CARTESIAN_POINT('',(115.70135773841,-0.15,-3.7));
#1272 = LINE('',#1273,#1274);
#1273 = CARTESIAN_POINT('',(115.70135773841,-0.15,-3.7));
#1274 = VECTOR('',#1275,1.);
#1275 = DIRECTION('',(0.,0.,1.));
#1276 = ORIENTED_EDGE('',*,*,#1277,.F.);
#1277 = EDGE_CURVE('',#1252,#1270,#1278,.T.);
#1278 = LINE('',#1279,#1280);
#1279 = CARTESIAN_POINT('',(0.,-0.15,-3.7));
#1280 = VECTOR('',#1281,1.);
#1281 = DIRECTION('',(1.,0.,0.));
#1282 = PLANE('',#1283);
#1283 = AXIS2_PLACEMENT_3D('',#1284,#1285,#1286);
#1284 = CARTESIAN_POINT('',(-0.205062799447,-0.15,-3.7));
#1285 = DIRECTION('',(0.,1.,0.));
#1286 = DIRECTION('',(1.,0.,0.));
#1287 = ADVANCED_FACE('',(#1288),#1313,.F.);
#1288 = FACE_BOUND('',#1289,.F.);
#1289 = EDGE_LOOP('',(#1290,#1300,#1306,#1307));
#1290 = ORIENTED_EDGE('',*,*,#1291,.T.);
#1291 = EDGE_CURVE('',#1292,#1294,#1296,.T.);
#1292 = VERTEX_POINT('',#1293);
#1293 = CARTESIAN_POINT('',(60.59027751469,191.15,-3.7));
#1294 = VERTEX_POINT('',#1295);
#1295 = CARTESIAN_POINT('',(60.59027751469,191.15,3.7));
#1296 = LINE('',#1297,#1298);
#1297 = CARTESIAN_POINT('',(60.59027751469,191.15,-3.7));
#1298 = VECTOR('',#1299,1.);
#1299 = DIRECTION('',(0.,0.,1.));
#1300 = ORIENTED_EDGE('',*,*,#1301,.T.);
#1301 = EDGE_CURVE('',#1294,#1254,#1302,.T.);
#1302 = LINE('',#1303,#1304);
#1303 = CARTESIAN_POINT('',(60.557045414195,191.04543111706,3.7));
#1304 = VECTOR('',#1305,1.);
#1305 = DIRECTION('',(-0.30287411373,-0.953030572034,0.));
#1306 = ORIENTED_EDGE('',*,*,#1251,.F.);
#1307 = ORIENTED_EDGE('',*,*,#1308,.F.);
#1308 = EDGE_CURVE('',#1292,#1252,#1309,.T.);
#1309 = LINE('',#1310,#1311);
#1310 = CARTESIAN_POINT('',(60.557045414195,191.04543111706,-3.7));
#1311 = VECTOR('',#1312,1.);
#1312 = DIRECTION('',(-0.30287411373,-0.953030572034,0.));
#1313 = PLANE('',#1314);
#1314 = AXIS2_PLACEMENT_3D('',#1315,#1316,#1317);
#1315 = CARTESIAN_POINT('',(60.59027751469,191.15,-3.7));
#1316 = DIRECTION('',(0.953030572034,-0.30287411373,0.));
#1317 = DIRECTION('',(-0.30287411373,-0.953030572034,0.));
#1318 = ADVANCED_FACE('',(#1319),#1344,.F.);
#1319 = FACE_BOUND('',#1320,.F.);
#1320 = EDGE_LOOP('',(#1321,#1322,#1330,#1338));
#1321 = ORIENTED_EDGE('',*,*,#1269,.T.);
#1322 = ORIENTED_EDGE('',*,*,#1323,.T.);
#1323 = EDGE_CURVE('',#1262,#1324,#1326,.T.);
#1324 = VERTEX_POINT('',#1325);
#1325 = CARTESIAN_POINT('',(192.62198601066,191.15,3.7));
#1326 = LINE('',#1327,#1328);
#1327 = CARTESIAN_POINT('',(115.73917077453,-5.595976693355E-02,3.7));
#1328 = VECTOR('',#1329,1.);
#1329 = DIRECTION('',(0.37306511289,0.927805163568,0.));
#1330 = ORIENTED_EDGE('',*,*,#1331,.F.);
#1331 = EDGE_CURVE('',#1332,#1324,#1334,.T.);
#1332 = VERTEX_POINT('',#1333);
#1333 = CARTESIAN_POINT('',(192.62198601066,191.15,-3.7));
#1334 = LINE('',#1335,#1336);
#1335 = CARTESIAN_POINT('',(192.62198601066,191.15,-3.7));
#1336 = VECTOR('',#1337,1.);
#1337 = DIRECTION('',(0.,0.,1.));
#1338 = ORIENTED_EDGE('',*,*,#1339,.F.);
#1339 = EDGE_CURVE('',#1270,#1332,#1340,.T.);
#1340 = LINE('',#1341,#1342);
#1341 = CARTESIAN_POINT('',(115.73917077453,-5.595976693355E-02,-3.7));
#1342 = VECTOR('',#1343,1.);
#1343 = DIRECTION('',(0.37306511289,0.927805163568,0.));
#1344 = PLANE('',#1345);
#1345 = AXIS2_PLACEMENT_3D('',#1346,#1347,#1348);
#1346 = CARTESIAN_POINT('',(115.70135773841,-0.15,-3.7));
#1347 = DIRECTION('',(-0.927805163568,0.37306511289,0.));
#1348 = DIRECTION('',(0.37306511289,0.927805163568,0.));
#1349 = ADVANCED_FACE('',(#1350),#1361,.F.);
#1350 = FACE_BOUND('',#1351,.T.);
#1351 = EDGE_LOOP('',(#1352,#1353,#1354,#1360));
#1352 = ORIENTED_EDGE('',*,*,#1277,.F.);
#1353 = ORIENTED_EDGE('',*,*,#1308,.F.);
#1354 = ORIENTED_EDGE('',*,*,#1355,.F.);
#1355 = EDGE_CURVE('',#1332,#1292,#1356,.T.);
#1356 = LINE('',#1357,#1358);
#1357 = CARTESIAN_POINT('',(192.4,191.15,-3.7));
#1358 = VECTOR('',#1359,1.);
#1359 = DIRECTION('',(-1.,0.,0.));
#1360 = ORIENTED_EDGE('',*,*,#1339,.F.);
#1361 = PLANE('',#1362);
#1362 = AXIS2_PLACEMENT_3D('',#1363,#1364,#1365);
#1363 = CARTESIAN_POINT('',(93.537222237387,97.852520918525,-3.7));
#1364 = DIRECTION('',(0.,0.,1.));
#1365 = DIRECTION('',(1.,0.,-0.));
#1366 = ADVANCED_FACE('',(#1367),#1378,.T.);
#1367 = FACE_BOUND('',#1368,.F.);
#1368 = EDGE_LOOP('',(#1369,#1370,#1371,#1377));
#1369 = ORIENTED_EDGE('',*,*,#1261,.F.);
#1370 = ORIENTED_EDGE('',*,*,#1301,.F.);
#1371 = ORIENTED_EDGE('',*,*,#1372,.F.);
#1372 = EDGE_CURVE('',#1324,#1294,#1373,.T.);
#1373 = LINE('',#1374,#1375);
#1374 = CARTESIAN_POINT('',(192.4,191.15,3.7));
#1375 = VECTOR('',#1376,1.);
#1376 = DIRECTION('',(-1.,0.,0.));
#1377 = ORIENTED_EDGE('',*,*,#1323,.F.);
#1378 = PLANE('',#1379);
#1379 = AXIS2_PLACEMENT_3D('',#1380,#1381,#1382);
#1380 = CARTESIAN_POINT('',(93.537222237387,97.852520918525,3.7));
#1381 = DIRECTION('',(0.,0.,1.));
#1382 = DIRECTION('',(1.,0.,-0.));
#1383 = ADVANCED_FACE('',(#1384,#1390),#1424,.F.);
#1384 = FACE_BOUND('',#1385,.F.);
#1385 = EDGE_LOOP('',(#1386,#1387,#1388,#1389));
#1386 = ORIENTED_EDGE('',*,*,#1331,.T.);
#1387 = ORIENTED_EDGE('',*,*,#1372,.T.);
#1388 = ORIENTED_EDGE('',*,*,#1291,.F.);
#1389 = ORIENTED_EDGE('',*,*,#1355,.F.);
#1390 = FACE_BOUND('',#1391,.F.);
#1391 = EDGE_LOOP('',(#1392,#1402,#1410,#1418));
#1392 = ORIENTED_EDGE('',*,*,#1393,.T.);
#1393 = EDGE_CURVE('',#1394,#1396,#1398,.T.);
#1394 = VERTEX_POINT('',#1395);
#1395 = CARTESIAN_POINT('',(138.2272,191.15,-3.));
#1396 = VERTEX_POINT('',#1397);
#1397 = CARTESIAN_POINT('',(120.2272,191.15,-3.));
#1398 = LINE('',#1399,#1400);
#1399 = CARTESIAN_POINT('',(156.42459300533,191.15,-3.));
#1400 = VECTOR('',#1401,1.);
#1401 = DIRECTION('',(-1.,0.,0.));
#1402 = ORIENTED_EDGE('',*,*,#1403,.T.);
#1403 = EDGE_CURVE('',#1396,#1404,#1406,.T.);
#1404 = VERTEX_POINT('',#1405);
#1405 = CARTESIAN_POINT('',(120.2272,191.15,3.));
#1406 = LINE('',#1407,#1408);
#1407 = CARTESIAN_POINT('',(120.2272,191.15,-3.35));
#1408 = VECTOR('',#1409,1.);
#1409 = DIRECTION('',(0.,0.,1.));
#1410 = ORIENTED_EDGE('',*,*,#1411,.F.);
#1411 = EDGE_CURVE('',#1412,#1404,#1414,.T.);
#1412 = VERTEX_POINT('',#1413);
#1413 = CARTESIAN_POINT('',(138.2272,191.15,3.));
#1414 = LINE('',#1415,#1416);
#1415 = CARTESIAN_POINT('',(156.42459300533,191.15,3.));
#1416 = VECTOR('',#1417,1.);
#1417 = DIRECTION('',(-1.,0.,0.));
#1418 = ORIENTED_EDGE('',*,*,#1419,.F.);
#1419 = EDGE_CURVE('',#1394,#1412,#1420,.T.);
#1420 = LINE('',#1421,#1422);
#1421 = CARTESIAN_POINT('',(138.2272,191.15,-3.35));
#1422 = VECTOR('',#1423,1.);
#1423 = DIRECTION('',(0.,0.,1.));
#1424 = PLANE('',#1425);
#1425 = AXIS2_PLACEMENT_3D('',#1426,#1427,#1428);
#1426 = CARTESIAN_POINT('',(192.62198601066,191.15,-3.7));
#1427 = DIRECTION('',(0.,-1.,0.));
#1428 = DIRECTION('',(-1.,0.,0.));
#1429 = ADVANCED_FACE('',(#1430),#1455,.T.);
#1430 = FACE_BOUND('',#1431,.T.);
#1431 = EDGE_LOOP('',(#1432,#1440,#1448,#1454));
#1432 = ORIENTED_EDGE('',*,*,#1433,.F.);
#1433 = EDGE_CURVE('',#1434,#1396,#1436,.T.);
#1434 = VERTEX_POINT('',#1435);
#1435 = CARTESIAN_POINT('',(120.2272,191.05,-3.));
#1436 = LINE('',#1437,#1438);
#1437 = CARTESIAN_POINT('',(120.2272,190.5,-3.));
#1438 = VECTOR('',#1439,1.);
#1439 = DIRECTION('',(-0.,1.,0.));
#1440 = ORIENTED_EDGE('',*,*,#1441,.F.);
#1441 = EDGE_CURVE('',#1442,#1434,#1444,.T.);
#1442 = VERTEX_POINT('',#1443);
#1443 = CARTESIAN_POINT('',(138.2272,191.05,-3.));
#1444 = LINE('',#1445,#1446);
#1445 = CARTESIAN_POINT('',(156.35059766844,191.05,-3.));
#1446 = VECTOR('',#1447,1.);
#1447 = DIRECTION('',(-1.,0.,0.));
#1448 = ORIENTED_EDGE('',*,*,#1449,.T.);
#1449 = EDGE_CURVE('',#1442,#1394,#1450,.T.);
#1450 = LINE('',#1451,#1452);
#1451 = CARTESIAN_POINT('',(138.2272,190.5,-3.));
#1452 = VECTOR('',#1453,1.);
#1453 = DIRECTION('',(-0.,1.,0.));
#1454 = ORIENTED_EDGE('',*,*,#1393,.T.);
#1455 = PLANE('',#1456);
#1456 = AXIS2_PLACEMENT_3D('',#1457,#1458,#1459);
#1457 = CARTESIAN_POINT('',(120.2272,190.5,-3.));
#1458 = DIRECTION('',(0.,0.,1.));
#1459 = DIRECTION('',(1.,0.,-0.));
#1460 = ADVANCED_FACE('',(#1461),#1479,.F.);
#1461 = FACE_BOUND('',#1462,.F.);
#1462 = EDGE_LOOP('',(#1463,#1471,#1477,#1478));
#1463 = ORIENTED_EDGE('',*,*,#1464,.F.);
#1464 = EDGE_CURVE('',#1465,#1412,#1467,.T.);
#1465 = VERTEX_POINT('',#1466);
#1466 = CARTESIAN_POINT('',(138.2272,191.05,3.));
#1467 = LINE('',#1468,#1469);
#1468 = CARTESIAN_POINT('',(138.2272,190.5,3.));
#1469 = VECTOR('',#1470,1.);
#1470 = DIRECTION('',(-0.,1.,0.));
#1471 = ORIENTED_EDGE('',*,*,#1472,.F.);
#1472 = EDGE_CURVE('',#1442,#1465,#1473,.T.);
#1473 = LINE('',#1474,#1475);
#1474 = CARTESIAN_POINT('',(138.2272,191.05,-3.3));
#1475 = VECTOR('',#1476,1.);
#1476 = DIRECTION('',(0.,0.,1.));
#1477 = ORIENTED_EDGE('',*,*,#1449,.T.);
#1478 = ORIENTED_EDGE('',*,*,#1419,.T.);
#1479 = PLANE('',#1480);
#1480 = AXIS2_PLACEMENT_3D('',#1481,#1482,#1483);
#1481 = CARTESIAN_POINT('',(138.2272,190.5,-3.));
#1482 = DIRECTION('',(1.,0.,-0.));
#1483 = DIRECTION('',(0.,0.,1.));
#1484 = ADVANCED_FACE('',(#1485),#1503,.F.);
#1485 = FACE_BOUND('',#1486,.F.);
#1486 = EDGE_LOOP('',(#1487,#1495,#1501,#1502));
#1487 = ORIENTED_EDGE('',*,*,#1488,.F.);
#1488 = EDGE_CURVE('',#1489,#1404,#1491,.T.);
#1489 = VERTEX_POINT('',#1490);
#1490 = CARTESIAN_POINT('',(120.2272,191.05,3.));
#1491 = LINE('',#1492,#1493);
#1492 = CARTESIAN_POINT('',(120.2272,190.5,3.));
#1493 = VECTOR('',#1494,1.);
#1494 = DIRECTION('',(-0.,1.,0.));
#1495 = ORIENTED_EDGE('',*,*,#1496,.F.);
#1496 = EDGE_CURVE('',#1465,#1489,#1497,.T.);
#1497 = LINE('',#1498,#1499);
#1498 = CARTESIAN_POINT('',(156.35059766844,191.05,3.));
#1499 = VECTOR('',#1500,1.);
#1500 = DIRECTION('',(-1.,0.,0.));
#1501 = ORIENTED_EDGE('',*,*,#1464,.T.);
#1502 = ORIENTED_EDGE('',*,*,#1411,.T.);
#1503 = PLANE('',#1504);
#1504 = AXIS2_PLACEMENT_3D('',#1505,#1506,#1507);
#1505 = CARTESIAN_POINT('',(120.2272,190.5,3.));
#1506 = DIRECTION('',(0.,0.,1.));
#1507 = DIRECTION('',(1.,0.,-0.));
#1508 = ADVANCED_FACE('',(#1509),#1520,.T.);
#1509 = FACE_BOUND('',#1510,.T.);
#1510 = EDGE_LOOP('',(#1511,#1512,#1518,#1519));
#1511 = ORIENTED_EDGE('',*,*,#1488,.F.);
#1512 = ORIENTED_EDGE('',*,*,#1513,.F.);
#1513 = EDGE_CURVE('',#1434,#1489,#1514,.T.);
#1514 = LINE('',#1515,#1516);
#1515 = CARTESIAN_POINT('',(120.2272,191.05,-3.3));
#1516 = VECTOR('',#1517,1.);
#1517 = DIRECTION('',(0.,0.,1.));
#1518 = ORIENTED_EDGE('',*,*,#1433,.T.);
#1519 = ORIENTED_EDGE('',*,*,#1403,.T.);
#1520 = PLANE('',#1521);
#1521 = AXIS2_PLACEMENT_3D('',#1522,#1523,#1524);
#1522 = CARTESIAN_POINT('',(120.2272,190.5,-3.));
#1523 = DIRECTION('',(1.,0.,-0.));
#1524 = DIRECTION('',(0.,0.,1.));
#1525 = ADVANCED_FACE('',(#1526,#1560),#1566,.T.);
#1526 = FACE_BOUND('',#1527,.T.);
#1527 = EDGE_LOOP('',(#1528,#1538,#1546,#1554));
#1528 = ORIENTED_EDGE('',*,*,#1529,.T.);
#1529 = EDGE_CURVE('',#1530,#1532,#1534,.T.);
#1530 = VERTEX_POINT('',#1531);
#1531 = CARTESIAN_POINT('',(192.47399533688,191.05,-3.6));
#1532 = VERTEX_POINT('',#1533);
#1533 = CARTESIAN_POINT('',(192.47399533688,191.05,3.6));
#1534 = LINE('',#1535,#1536);
#1535 = CARTESIAN_POINT('',(192.47399533688,191.05,-3.6));
#1536 = VECTOR('',#1537,1.);
#1537 = DIRECTION('',(0.,0.,1.));
#1538 = ORIENTED_EDGE('',*,*,#1539,.T.);
#1539 = EDGE_CURVE('',#1532,#1540,#1542,.T.);
#1540 = VERTEX_POINT('',#1541);
#1541 = CARTESIAN_POINT('',(60.66342583823,191.05,3.6));
#1542 = LINE('',#1543,#1544);
#1543 = CARTESIAN_POINT('',(192.4,191.05,3.6));
#1544 = VECTOR('',#1545,1.);
#1545 = DIRECTION('',(-1.,0.,0.));
#1546 = ORIENTED_EDGE('',*,*,#1547,.F.);
#1547 = EDGE_CURVE('',#1548,#1540,#1550,.T.);
#1548 = VERTEX_POINT('',#1549);
#1549 = CARTESIAN_POINT('',(60.66342583823,191.05,-3.6));
#1550 = LINE('',#1551,#1552);
#1551 = CARTESIAN_POINT('',(60.66342583823,191.05,-3.6));
#1552 = VECTOR('',#1553,1.);
#1553 = DIRECTION('',(0.,0.,1.));
#1554 = ORIENTED_EDGE('',*,*,#1555,.F.);
#1555 = EDGE_CURVE('',#1530,#1548,#1556,.T.);
#1556 = LINE('',#1557,#1558);
#1557 = CARTESIAN_POINT('',(192.4,191.05,-3.6));
#1558 = VECTOR('',#1559,1.);
#1559 = DIRECTION('',(-1.,0.,0.));
#1560 = FACE_BOUND('',#1561,.T.);
#1561 = EDGE_LOOP('',(#1562,#1563,#1564,#1565));
#1562 = ORIENTED_EDGE('',*,*,#1441,.T.);
#1563 = ORIENTED_EDGE('',*,*,#1513,.T.);
#1564 = ORIENTED_EDGE('',*,*,#1496,.F.);
#1565 = ORIENTED_EDGE('',*,*,#1472,.F.);
#1566 = PLANE('',#1567);
#1567 = AXIS2_PLACEMENT_3D('',#1568,#1569,#1570);
#1568 = CARTESIAN_POINT('',(192.47399533688,191.05,-3.6));
#1569 = DIRECTION('',(0.,-1.,0.));
#1570 = DIRECTION('',(-1.,0.,0.));
#1571 = ADVANCED_FACE('',(#1572),#1597,.T.);
#1572 = FACE_BOUND('',#1573,.T.);
#1573 = EDGE_LOOP('',(#1574,#1584,#1590,#1591));
#1574 = ORIENTED_EDGE('',*,*,#1575,.T.);
#1575 = EDGE_CURVE('',#1576,#1578,#1580,.T.);
#1576 = VERTEX_POINT('',#1577);
#1577 = CARTESIAN_POINT('',(115.6337859128,-5.E-02,-3.6));
#1578 = VERTEX_POINT('',#1579);
#1579 = CARTESIAN_POINT('',(115.6337859128,-5.E-02,3.6));
#1580 = LINE('',#1581,#1582);
#1581 = CARTESIAN_POINT('',(115.6337859128,-5.E-02,-3.6));
#1582 = VECTOR('',#1583,1.);
#1583 = DIRECTION('',(0.,0.,1.));
#1584 = ORIENTED_EDGE('',*,*,#1585,.T.);
#1585 = EDGE_CURVE('',#1578,#1532,#1586,.T.);
#1586 = LINE('',#1587,#1588);
#1587 = CARTESIAN_POINT('',(115.64639025817,-1.865325564452E-02,3.6));
#1588 = VECTOR('',#1589,1.);
#1589 = DIRECTION('',(0.37306511289,0.927805163568,0.));
#1590 = ORIENTED_EDGE('',*,*,#1529,.F.);
#1591 = ORIENTED_EDGE('',*,*,#1592,.F.);
#1592 = EDGE_CURVE('',#1576,#1530,#1593,.T.);
#1593 = LINE('',#1594,#1595);
#1594 = CARTESIAN_POINT('',(115.64639025817,-1.865325564452E-02,-3.6));
#1595 = VECTOR('',#1596,1.);
#1596 = DIRECTION('',(0.37306511289,0.927805163568,0.));
#1597 = PLANE('',#1598);
#1598 = AXIS2_PLACEMENT_3D('',#1599,#1600,#1601);
#1599 = CARTESIAN_POINT('',(115.6337859128,-5.E-02,-3.6));
#1600 = DIRECTION('',(-0.927805163568,0.37306511289,0.));
#1601 = DIRECTION('',(0.37306511289,0.927805163568,0.));
#1602 = ADVANCED_FACE('',(#1603),#1621,.T.);
#1603 = FACE_BOUND('',#1604,.F.);
#1604 = EDGE_LOOP('',(#1605,#1613,#1619,#1620));
#1605 = ORIENTED_EDGE('',*,*,#1606,.F.);
#1606 = EDGE_CURVE('',#1607,#1576,#1609,.T.);
#1607 = VERTEX_POINT('',#1608);
#1608 = CARTESIAN_POINT('',(-6.835426648221E-02,-5.E-02,-3.6));
#1609 = LINE('',#1610,#1611);
#1610 = CARTESIAN_POINT('',(0.,-5.E-02,-3.6));
#1611 = VECTOR('',#1612,1.);
#1612 = DIRECTION('',(1.,0.,0.));
#1613 = ORIENTED_EDGE('',*,*,#1614,.F.);
#1614 = EDGE_CURVE('',#1548,#1607,#1615,.T.);
#1615 = LINE('',#1616,#1617);
#1616 = CARTESIAN_POINT('',(60.652348471398,191.01514370568,-3.6));
#1617 = VECTOR('',#1618,1.);
#1618 = DIRECTION('',(-0.30287411373,-0.953030572034,0.));
#1619 = ORIENTED_EDGE('',*,*,#1555,.F.);
#1620 = ORIENTED_EDGE('',*,*,#1592,.F.);
#1621 = PLANE('',#1622);
#1622 = AXIS2_PLACEMENT_3D('',#1623,#1624,#1625);
#1623 = CARTESIAN_POINT('',(93.537222237387,97.852520918525,-3.6));
#1624 = DIRECTION('',(0.,0.,1.));
#1625 = DIRECTION('',(1.,0.,-0.));
#1626 = ADVANCED_FACE('',(#1627),#1645,.F.);
#1627 = FACE_BOUND('',#1628,.T.);
#1628 = EDGE_LOOP('',(#1629,#1637,#1643,#1644));
#1629 = ORIENTED_EDGE('',*,*,#1630,.F.);
#1630 = EDGE_CURVE('',#1631,#1578,#1633,.T.);
#1631 = VERTEX_POINT('',#1632);
#1632 = CARTESIAN_POINT('',(-6.835426648221E-02,-5.E-02,3.6));
#1633 = LINE('',#1634,#1635);
#1634 = CARTESIAN_POINT('',(0.,-5.E-02,3.6));
#1635 = VECTOR('',#1636,1.);
#1636 = DIRECTION('',(1.,0.,0.));
#1637 = ORIENTED_EDGE('',*,*,#1638,.F.);
#1638 = EDGE_CURVE('',#1540,#1631,#1639,.T.);
#1639 = LINE('',#1640,#1641);
#1640 = CARTESIAN_POINT('',(60.652348471398,191.01514370568,3.6));
#1641 = VECTOR('',#1642,1.);
#1642 = DIRECTION('',(-0.30287411373,-0.953030572034,0.));
#1643 = ORIENTED_EDGE('',*,*,#1539,.F.);
#1644 = ORIENTED_EDGE('',*,*,#1585,.F.);
#1645 = PLANE('',#1646);
#1646 = AXIS2_PLACEMENT_3D('',#1647,#1648,#1649);
#1647 = CARTESIAN_POINT('',(93.537222237387,97.852520918525,3.6));
#1648 = DIRECTION('',(0.,0.,1.));
#1649 = DIRECTION('',(1.,0.,-0.));
#1650 = ADVANCED_FACE('',(#1651),#1662,.T.);
#1651 = FACE_BOUND('',#1652,.T.);
#1652 = EDGE_LOOP('',(#1653,#1654,#1655,#1661));
#1653 = ORIENTED_EDGE('',*,*,#1547,.T.);
#1654 = ORIENTED_EDGE('',*,*,#1638,.T.);
#1655 = ORIENTED_EDGE('',*,*,#1656,.F.);
#1656 = EDGE_CURVE('',#1607,#1631,#1657,.T.);
#1657 = LINE('',#1658,#1659);
#1658 = CARTESIAN_POINT('',(-6.835426648221E-02,-5.E-02,-3.6));
#1659 = VECTOR('',#1660,1.);
#1660 = DIRECTION('',(0.,0.,1.));
#1661 = ORIENTED_EDGE('',*,*,#1614,.F.);
#1662 = PLANE('',#1663);
#1663 = AXIS2_PLACEMENT_3D('',#1664,#1665,#1666);
#1664 = CARTESIAN_POINT('',(60.66342583823,191.05,-3.6));
#1665 = DIRECTION('',(0.953030572034,-0.30287411373,0.));
#1666 = DIRECTION('',(-0.30287411373,-0.953030572034,0.));
#1667 = ADVANCED_FACE('',(#1668),#1674,.T.);
#1668 = FACE_BOUND('',#1669,.T.);
#1669 = EDGE_LOOP('',(#1670,#1671,#1672,#1673));
#1670 = ORIENTED_EDGE('',*,*,#1656,.T.);
#1671 = ORIENTED_EDGE('',*,*,#1630,.T.);
#1672 = ORIENTED_EDGE('',*,*,#1575,.F.);
#1673 = ORIENTED_EDGE('',*,*,#1606,.F.);
#1674 = PLANE('',#1675);
#1675 = AXIS2_PLACEMENT_3D('',#1676,#1677,#1678);
#1676 = CARTESIAN_POINT('',(-6.835426648221E-02,-5.E-02,-3.6));
#1677 = DIRECTION('',(0.,1.,0.));
#1678 = DIRECTION('',(1.,0.,0.));
#1679 = ( GEOMETRIC_REPRESENTATION_CONTEXT(3) 
GLOBAL_UNCERTAINTY_ASSIGNED_CONTEXT((#1683)) 
GLOBAL_UNIT_ASSIGNED_CONTEXT((#1680,#1681,#1682)) REPRESENTATION_CONTEXT
('Context #1','3D Context with UNIT and UNCERTAINTY') );
#1680 = ( LENGTH_UNIT() NAMED_UNIT(*) SI_UNIT(.MILLI.,.METRE.) );
#1681 = ( NAMED_UNIT(*) PLANE_ANGLE_UNIT() SI_UNIT($,.RADIAN.) );
#1682 = ( NAMED_UNIT(*) SI_UNIT($,.STERADIAN.) SOLID_ANGLE_UNIT() );
#1683 = UNCERTAINTY_MEASURE_WITH_UNIT(LENGTH_MEASURE(1.E-07),#1680,
  'distance_accuracy_value','confusion accuracy');
#1684 = CONTEXT_DEPENDENT_SHAPE_REPRESENTATION(#1685,#1687);
#1685 = ( REPRESENTATION_RELATIONSHIP('','',#1244,#10) 
REPRESENTATION_RELATIONSHIP_WITH_TRANSFORMATION(#1686) 
SHAPE_REPRESENTATION_RELATIONSHIP() );
#1686 = ITEM_DEFINED_TRANSFORMATION('','',#11,#27);
#1687 = PRODUCT_DEFINITION_SHAPE('Placement','Placement of an item',
  #1688);
#1688 = NEXT_ASSEMBLY_USAGE_OCCURRENCE('4','Tile0_WrapAl','',#5,#1239,$
  );
#1689 = PRODUCT_RELATED_PRODUCT_CATEGORY('part',$,(#1241));
#1690 = SHAPE_DEFINITION_REPRESENTATION(#1691,#1697);
#1691 = PRODUCT_DEFINITION_SHAPE('','',#1692);
#1692 = PRODUCT_DEFINITION('design','',#1693,#1696);
#1693 = PRODUCT_DEFINITION_FORMATION('','',#1694);
#1694 = PRODUCT('Tile0_WrapCling','Tile0_WrapCling','',(#1695));
#1695 = PRODUCT_CONTEXT('',#2,'mechanical');
#1696 = PRODUCT_DEFINITION_CONTEXT('part definition',#2,'design');
#1697 = ADVANCED_BREP_SHAPE_REPRESENTATION('',(#11,#1698),#2132);
#1698 = MANIFOLD_SOLID_BREP('',#1699);
#1699 = CLOSED_SHELL('',(#1700,#1740,#1771,#1802,#1819,#1836,#1882,#1913
    ,#1937,#1961,#1978,#2024,#2055,#2079,#2103,#2120));
#1700 = ADVANCED_FACE('',(#1701),#1735,.F.);
#1701 = FACE_BOUND('',#1702,.F.);
#1702 = EDGE_LOOP('',(#1703,#1713,#1721,#1729));
#1703 = ORIENTED_EDGE('',*,*,#1704,.T.);
#1704 = EDGE_CURVE('',#1705,#1707,#1709,.T.);
#1705 = VERTEX_POINT('',#1706);
#1706 = CARTESIAN_POINT('',(-0.246075359336,-0.18,-3.73));
#1707 = VERTEX_POINT('',#1708);
#1708 = CARTESIAN_POINT('',(-0.246075359336,-0.18,3.73));
#1709 = LINE('',#1710,#1711);
#1710 = CARTESIAN_POINT('',(-0.246075359336,-0.18,-3.73));
#1711 = VECTOR('',#1712,1.);
#1712 = DIRECTION('',(0.,0.,1.));
#1713 = ORIENTED_EDGE('',*,*,#1714,.T.);
#1714 = EDGE_CURVE('',#1707,#1715,#1717,.T.);
#1715 = VERTEX_POINT('',#1716);
#1716 = CARTESIAN_POINT('',(115.72162928609,-0.18,3.73));
#1717 = LINE('',#1718,#1719);
#1718 = CARTESIAN_POINT('',(0.,-0.18,3.73));
#1719 = VECTOR('',#1720,1.);
#1720 = DIRECTION('',(1.,0.,0.));
#1721 = ORIENTED_EDGE('',*,*,#1722,.F.);
#1722 = EDGE_CURVE('',#1723,#1715,#1725,.T.);
#1723 = VERTEX_POINT('',#1724);
#1724 = CARTESIAN_POINT('',(115.72162928609,-0.18,-3.73));
#1725 = LINE('',#1726,#1727);
#1726 = CARTESIAN_POINT('',(115.72162928609,-0.18,-3.73));
#1727 = VECTOR('',#1728,1.);
#1728 = DIRECTION('',(0.,0.,1.));
#1729 = ORIENTED_EDGE('',*,*,#1730,.F.);
#1730 = EDGE_CURVE('',#1705,#1723,#1731,.T.);
#1731 = LINE('',#1732,#1733);
#1732 = CARTESIAN_POINT('',(0.,-0.18,-3.73));
#1733 = VECTOR('',#1734,1.);
#1734 = DIRECTION('',(1.,0.,0.));
#1735 = PLANE('',#1736);
#1736 = AXIS2_PLACEMENT_3D('',#1737,#1738,#1739);
#1737 = CARTESIAN_POINT('',(-0.246075359336,-0.18,-3.73));
#1738 = DIRECTION('',(0.,1.,0.));
#1739 = DIRECTION('',(1.,0.,0.));
#1740 = ADVANCED_FACE('',(#1741),#1766,.F.);
#1741 = FACE_BOUND('',#1742,.F.);
#1742 = EDGE_LOOP('',(#1743,#1753,#1759,#1760));
#1743 = ORIENTED_EDGE('',*,*,#1744,.T.);
#1744 = EDGE_CURVE('',#1745,#1747,#1749,.T.);
#1745 = VERTEX_POINT('',#1746);
#1746 = CARTESIAN_POINT('',(60.568333017627,191.18,-3.73));
#1747 = VERTEX_POINT('',#1748);
#1748 = CARTESIAN_POINT('',(60.568333017627,191.18,3.73));
#1749 = LINE('',#1750,#1751);
#1750 = CARTESIAN_POINT('',(60.568333017627,191.18,-3.73));
#1751 = VECTOR('',#1752,1.);
#1752 = DIRECTION('',(0.,0.,1.));
#1753 = ORIENTED_EDGE('',*,*,#1754,.T.);
#1754 = EDGE_CURVE('',#1747,#1707,#1755,.T.);
#1755 = LINE('',#1756,#1757);
#1756 = CARTESIAN_POINT('',(60.528454497034,191.05451734047,3.73));
#1757 = VECTOR('',#1758,1.);
#1758 = DIRECTION('',(-0.30287411373,-0.953030572034,0.));
#1759 = ORIENTED_EDGE('',*,*,#1704,.F.);
#1760 = ORIENTED_EDGE('',*,*,#1761,.F.);
#1761 = EDGE_CURVE('',#1745,#1705,#1762,.T.);
#1762 = LINE('',#1763,#1764);
#1763 = CARTESIAN_POINT('',(60.528454497034,191.05451734047,-3.73));
#1764 = VECTOR('',#1765,1.);
#1765 = DIRECTION('',(-0.30287411373,-0.953030572034,0.));
#1766 = PLANE('',#1767);
#1767 = AXIS2_PLACEMENT_3D('',#1768,#1769,#1770);
#1768 = CARTESIAN_POINT('',(60.568333017627,191.18,-3.73));
#1769 = DIRECTION('',(0.953030572034,-0.30287411373,0.));
#1770 = DIRECTION('',(-0.30287411373,-0.953030572034,0.));
#1771 = ADVANCED_FACE('',(#1772),#1797,.F.);
#1772 = FACE_BOUND('',#1773,.F.);
#1773 = EDGE_LOOP('',(#1774,#1775,#1783,#1791));
#1774 = ORIENTED_EDGE('',*,*,#1722,.T.);
#1775 = ORIENTED_EDGE('',*,*,#1776,.T.);
#1776 = EDGE_CURVE('',#1715,#1777,#1779,.T.);
#1777 = VERTEX_POINT('',#1778);
#1778 = CARTESIAN_POINT('',(192.66638321279,191.18,3.73));
#1779 = LINE('',#1780,#1781);
#1780 = CARTESIAN_POINT('',(115.76700492944,-6.715172032025E-02,3.73));
#1781 = VECTOR('',#1782,1.);
#1782 = DIRECTION('',(0.37306511289,0.927805163568,0.));
#1783 = ORIENTED_EDGE('',*,*,#1784,.F.);
#1784 = EDGE_CURVE('',#1785,#1777,#1787,.T.);
#1785 = VERTEX_POINT('',#1786);
#1786 = CARTESIAN_POINT('',(192.66638321279,191.18,-3.73));
#1787 = LINE('',#1788,#1789);
#1788 = CARTESIAN_POINT('',(192.66638321279,191.18,-3.73));
#1789 = VECTOR('',#1790,1.);
#1790 = DIRECTION('',(0.,0.,1.));
#1791 = ORIENTED_EDGE('',*,*,#1792,.F.);
#1792 = EDGE_CURVE('',#1723,#1785,#1793,.T.);
#1793 = LINE('',#1794,#1795);
#1794 = CARTESIAN_POINT('',(115.76700492944,-6.715172032025E-02,-3.73));
#1795 = VECTOR('',#1796,1.);
#1796 = DIRECTION('',(0.37306511289,0.927805163568,0.));
#1797 = PLANE('',#1798);
#1798 = AXIS2_PLACEMENT_3D('',#1799,#1800,#1801);
#1799 = CARTESIAN_POINT('',(115.72162928609,-0.18,-3.73));
#1800 = DIRECTION('',(-0.927805163568,0.37306511289,0.));
#1801 = DIRECTION('',(0.37306511289,0.927805163568,0.));
#1802 = ADVANCED_FACE('',(#1803),#1814,.F.);
#1803 = FACE_BOUND('',#1804,.T.);
#1804 = EDGE_LOOP('',(#1805,#1806,#1807,#1813));
#1805 = ORIENTED_EDGE('',*,*,#1730,.F.);
#1806 = ORIENTED_EDGE('',*,*,#1761,.F.);
#1807 = ORIENTED_EDGE('',*,*,#1808,.F.);
#1808 = EDGE_CURVE('',#1785,#1745,#1809,.T.);
#1809 = LINE('',#1810,#1811);
#1810 = CARTESIAN_POINT('',(192.4,191.18,-3.73));
#1811 = VECTOR('',#1812,1.);
#1812 = DIRECTION('',(-1.,0.,0.));
#1813 = ORIENTED_EDGE('',*,*,#1792,.F.);
#1814 = PLANE('',#1815);
#1815 = AXIS2_PLACEMENT_3D('',#1816,#1817,#1818);
#1816 = CARTESIAN_POINT('',(93.537222237387,97.852520918525,-3.73));
#1817 = DIRECTION('',(0.,0.,1.));
#1818 = DIRECTION('',(1.,0.,-0.));
#1819 = ADVANCED_FACE('',(#1820),#1831,.T.);
#1820 = FACE_BOUND('',#1821,.F.);
#1821 = EDGE_LOOP('',(#1822,#1823,#1824,#1830));
#1822 = ORIENTED_EDGE('',*,*,#1714,.F.);
#1823 = ORIENTED_EDGE('',*,*,#1754,.F.);
#1824 = ORIENTED_EDGE('',*,*,#1825,.F.);
#1825 = EDGE_CURVE('',#1777,#1747,#1826,.T.);
#1826 = LINE('',#1827,#1828);
#1827 = CARTESIAN_POINT('',(192.4,191.18,3.73));
#1828 = VECTOR('',#1829,1.);
#1829 = DIRECTION('',(-1.,0.,0.));
#1830 = ORIENTED_EDGE('',*,*,#1776,.F.);
#1831 = PLANE('',#1832);
#1832 = AXIS2_PLACEMENT_3D('',#1833,#1834,#1835);
#1833 = CARTESIAN_POINT('',(93.537222237387,97.852520918525,3.73));
#1834 = DIRECTION('',(0.,0.,1.));
#1835 = DIRECTION('',(1.,0.,-0.));
#1836 = ADVANCED_FACE('',(#1837,#1843),#1877,.F.);
#1837 = FACE_BOUND('',#1838,.F.);
#1838 = EDGE_LOOP('',(#1839,#1840,#1841,#1842));
#1839 = ORIENTED_EDGE('',*,*,#1784,.T.);
#1840 = ORIENTED_EDGE('',*,*,#1825,.T.);
#1841 = ORIENTED_EDGE('',*,*,#1744,.F.);
#1842 = ORIENTED_EDGE('',*,*,#1808,.F.);
#1843 = FACE_BOUND('',#1844,.F.);
#1844 = EDGE_LOOP('',(#1845,#1855,#1863,#1871));
#1845 = ORIENTED_EDGE('',*,*,#1846,.T.);
#1846 = EDGE_CURVE('',#1847,#1849,#1851,.T.);
#1847 = VERTEX_POINT('',#1848);
#1848 = CARTESIAN_POINT('',(138.2272,191.18,-3.));
#1849 = VERTEX_POINT('',#1850);
#1850 = CARTESIAN_POINT('',(120.2272,191.18,-3.));
#1851 = LINE('',#1852,#1853);
#1852 = CARTESIAN_POINT('',(156.44679160639,191.18,-3.));
#1853 = VECTOR('',#1854,1.);
#1854 = DIRECTION('',(-1.,0.,0.));
#1855 = ORIENTED_EDGE('',*,*,#1856,.T.);
#1856 = EDGE_CURVE('',#1849,#1857,#1859,.T.);
#1857 = VERTEX_POINT('',#1858);
#1858 = CARTESIAN_POINT('',(120.2272,191.18,3.));
#1859 = LINE('',#1860,#1861);
#1860 = CARTESIAN_POINT('',(120.2272,191.18,-3.365));
#1861 = VECTOR('',#1862,1.);
#1862 = DIRECTION('',(0.,0.,1.));
#1863 = ORIENTED_EDGE('',*,*,#1864,.F.);
#1864 = EDGE_CURVE('',#1865,#1857,#1867,.T.);
#1865 = VERTEX_POINT('',#1866);
#1866 = CARTESIAN_POINT('',(138.2272,191.18,3.));
#1867 = LINE('',#1868,#1869);
#1868 = CARTESIAN_POINT('',(156.44679160639,191.18,3.));
#1869 = VECTOR('',#1870,1.);
#1870 = DIRECTION('',(-1.,0.,0.));
#1871 = ORIENTED_EDGE('',*,*,#1872,.F.);
#1872 = EDGE_CURVE('',#1847,#1865,#1873,.T.);
#1873 = LINE('',#1874,#1875);
#1874 = CARTESIAN_POINT('',(138.2272,191.18,-3.365));
#1875 = VECTOR('',#1876,1.);
#1876 = DIRECTION('',(0.,0.,1.));
#1877 = PLANE('',#1878);
#1878 = AXIS2_PLACEMENT_3D('',#1879,#1880,#1881);
#1879 = CARTESIAN_POINT('',(192.66638321279,191.18,-3.73));
#1880 = DIRECTION('',(0.,-1.,0.));
#1881 = DIRECTION('',(-1.,0.,0.));
#1882 = ADVANCED_FACE('',(#1883),#1908,.T.);
#1883 = FACE_BOUND('',#1884,.T.);
#1884 = EDGE_LOOP('',(#1885,#1893,#1901,#1907));
#1885 = ORIENTED_EDGE('',*,*,#1886,.F.);
#1886 = EDGE_CURVE('',#1887,#1849,#1889,.T.);
#1887 = VERTEX_POINT('',#1888);
#1888 = CARTESIAN_POINT('',(120.2272,191.15,-3.));
#1889 = LINE('',#1890,#1891);
#1890 = CARTESIAN_POINT('',(120.2272,190.5,-3.));
#1891 = VECTOR('',#1892,1.);
#1892 = DIRECTION('',(-0.,1.,0.));
#1893 = ORIENTED_EDGE('',*,*,#1894,.F.);
#1894 = EDGE_CURVE('',#1895,#1887,#1897,.T.);
#1895 = VERTEX_POINT('',#1896);
#1896 = CARTESIAN_POINT('',(138.2272,191.15,-3.));
#1897 = LINE('',#1898,#1899);
#1898 = CARTESIAN_POINT('',(156.42459300533,191.15,-3.));
#1899 = VECTOR('',#1900,1.);
#1900 = DIRECTION('',(-1.,0.,0.));
#1901 = ORIENTED_EDGE('',*,*,#1902,.T.);
#1902 = EDGE_CURVE('',#1895,#1847,#1903,.T.);
#1903 = LINE('',#1904,#1905);
#1904 = CARTESIAN_POINT('',(138.2272,190.5,-3.));
#1905 = VECTOR('',#1906,1.);
#1906 = DIRECTION('',(-0.,1.,0.));
#1907 = ORIENTED_EDGE('',*,*,#1846,.T.);
#1908 = PLANE('',#1909);
#1909 = AXIS2_PLACEMENT_3D('',#1910,#1911,#1912);
#1910 = CARTESIAN_POINT('',(120.2272,190.5,-3.));
#1911 = DIRECTION('',(0.,0.,1.));
#1912 = DIRECTION('',(1.,0.,-0.));
#1913 = ADVANCED_FACE('',(#1914),#1932,.F.);
#1914 = FACE_BOUND('',#1915,.F.);
#1915 = EDGE_LOOP('',(#1916,#1924,#1930,#1931));
#1916 = ORIENTED_EDGE('',*,*,#1917,.F.);
#1917 = EDGE_CURVE('',#1918,#1865,#1920,.T.);
#1918 = VERTEX_POINT('',#1919);
#1919 = CARTESIAN_POINT('',(138.2272,191.15,3.));
#1920 = LINE('',#1921,#1922);
#1921 = CARTESIAN_POINT('',(138.2272,190.5,3.));
#1922 = VECTOR('',#1923,1.);
#1923 = DIRECTION('',(-0.,1.,0.));
#1924 = ORIENTED_EDGE('',*,*,#1925,.F.);
#1925 = EDGE_CURVE('',#1895,#1918,#1926,.T.);
#1926 = LINE('',#1927,#1928);
#1927 = CARTESIAN_POINT('',(138.2272,191.15,-3.35));
#1928 = VECTOR('',#1929,1.);
#1929 = DIRECTION('',(0.,0.,1.));
#1930 = ORIENTED_EDGE('',*,*,#1902,.T.);
#1931 = ORIENTED_EDGE('',*,*,#1872,.T.);
#1932 = PLANE('',#1933);
#1933 = AXIS2_PLACEMENT_3D('',#1934,#1935,#1936);
#1934 = CARTESIAN_POINT('',(138.2272,190.5,-3.));
#1935 = DIRECTION('',(1.,0.,-0.));
#1936 = DIRECTION('',(0.,0.,1.));
#1937 = ADVANCED_FACE('',(#1938),#1956,.F.);
#1938 = FACE_BOUND('',#1939,.F.);
#1939 = EDGE_LOOP('',(#1940,#1948,#1954,#1955));
#1940 = ORIENTED_EDGE('',*,*,#1941,.F.);
#1941 = EDGE_CURVE('',#1942,#1857,#1944,.T.);
#1942 = VERTEX_POINT('',#1943);
#1943 = CARTESIAN_POINT('',(120.2272,191.15,3.));
#1944 = LINE('',#1945,#1946);
#1945 = CARTESIAN_POINT('',(120.2272,190.5,3.));
#1946 = VECTOR('',#1947,1.);
#1947 = DIRECTION('',(-0.,1.,0.));
#1948 = ORIENTED_EDGE('',*,*,#1949,.F.);
#1949 = EDGE_CURVE('',#1918,#1942,#1950,.T.);
#1950 = LINE('',#1951,#1952);
#1951 = CARTESIAN_POINT('',(156.42459300533,191.15,3.));
#1952 = VECTOR('',#1953,1.);
#1953 = DIRECTION('',(-1.,0.,0.));
#1954 = ORIENTED_EDGE('',*,*,#1917,.T.);
#1955 = ORIENTED_EDGE('',*,*,#1864,.T.);
#1956 = PLANE('',#1957);
#1957 = AXIS2_PLACEMENT_3D('',#1958,#1959,#1960);
#1958 = CARTESIAN_POINT('',(120.2272,190.5,3.));
#1959 = DIRECTION('',(0.,0.,1.));
#1960 = DIRECTION('',(1.,0.,-0.));
#1961 = ADVANCED_FACE('',(#1962),#1973,.T.);
#1962 = FACE_BOUND('',#1963,.T.);
#1963 = EDGE_LOOP('',(#1964,#1965,#1971,#1972));
#1964 = ORIENTED_EDGE('',*,*,#1941,.F.);
#1965 = ORIENTED_EDGE('',*,*,#1966,.F.);
#1966 = EDGE_CURVE('',#1887,#1942,#1967,.T.);
#1967 = LINE('',#1968,#1969);
#1968 = CARTESIAN_POINT('',(120.2272,191.15,-3.35));
#1969 = VECTOR('',#1970,1.);
#1970 = DIRECTION('',(0.,0.,1.));
#1971 = ORIENTED_EDGE('',*,*,#1886,.T.);
#1972 = ORIENTED_EDGE('',*,*,#1856,.T.);
#1973 = PLANE('',#1974);
#1974 = AXIS2_PLACEMENT_3D('',#1975,#1976,#1977);
#1975 = CARTESIAN_POINT('',(120.2272,190.5,-3.));
#1976 = DIRECTION('',(1.,0.,-0.));
#1977 = DIRECTION('',(0.,0.,1.));
#1978 = ADVANCED_FACE('',(#1979,#2013),#2019,.T.);
#1979 = FACE_BOUND('',#1980,.T.);
#1980 = EDGE_LOOP('',(#1981,#1991,#1999,#2007));
#1981 = ORIENTED_EDGE('',*,*,#1982,.T.);
#1982 = EDGE_CURVE('',#1983,#1985,#1987,.T.);
#1983 = VERTEX_POINT('',#1984);
#1984 = CARTESIAN_POINT('',(192.62198601066,191.15,-3.7));
#1985 = VERTEX_POINT('',#1986);
#1986 = CARTESIAN_POINT('',(192.62198601066,191.15,3.7));
#1987 = LINE('',#1988,#1989);
#1988 = CARTESIAN_POINT('',(192.62198601066,191.15,-3.7));
#1989 = VECTOR('',#1990,1.);
#1990 = DIRECTION('',(0.,0.,1.));
#1991 = ORIENTED_EDGE('',*,*,#1992,.T.);
#1992 = EDGE_CURVE('',#1985,#1993,#1995,.T.);
#1993 = VERTEX_POINT('',#1994);
#1994 = CARTESIAN_POINT('',(60.59027751469,191.15,3.7));
#1995 = LINE('',#1996,#1997);
#1996 = CARTESIAN_POINT('',(192.4,191.15,3.7));
#1997 = VECTOR('',#1998,1.);
#1998 = DIRECTION('',(-1.,0.,0.));
#1999 = ORIENTED_EDGE('',*,*,#2000,.F.);
#2000 = EDGE_CURVE('',#2001,#1993,#2003,.T.);
#2001 = VERTEX_POINT('',#2002);
#2002 = CARTESIAN_POINT('',(60.59027751469,191.15,-3.7));
#2003 = LINE('',#2004,#2005);
#2004 = CARTESIAN_POINT('',(60.59027751469,191.15,-3.7));
#2005 = VECTOR('',#2006,1.);
#2006 = DIRECTION('',(0.,0.,1.));
#2007 = ORIENTED_EDGE('',*,*,#2008,.F.);
#2008 = EDGE_CURVE('',#1983,#2001,#2009,.T.);
#2009 = LINE('',#2010,#2011);
#2010 = CARTESIAN_POINT('',(192.4,191.15,-3.7));
#2011 = VECTOR('',#2012,1.);
#2012 = DIRECTION('',(-1.,0.,0.));
#2013 = FACE_BOUND('',#2014,.T.);
#2014 = EDGE_LOOP('',(#2015,#2016,#2017,#2018));
#2015 = ORIENTED_EDGE('',*,*,#1894,.T.);
#2016 = ORIENTED_EDGE('',*,*,#1966,.T.);
#2017 = ORIENTED_EDGE('',*,*,#1949,.F.);
#2018 = ORIENTED_EDGE('',*,*,#1925,.F.);
#2019 = PLANE('',#2020);
#2020 = AXIS2_PLACEMENT_3D('',#2021,#2022,#2023);
#2021 = CARTESIAN_POINT('',(192.62198601066,191.15,-3.7));
#2022 = DIRECTION('',(0.,-1.,0.));
#2023 = DIRECTION('',(-1.,0.,0.));
#2024 = ADVANCED_FACE('',(#2025),#2050,.T.);
#2025 = FACE_BOUND('',#2026,.T.);
#2026 = EDGE_LOOP('',(#2027,#2037,#2043,#2044));
#2027 = ORIENTED_EDGE('',*,*,#2028,.T.);
#2028 = EDGE_CURVE('',#2029,#2031,#2033,.T.);
#2029 = VERTEX_POINT('',#2030);
#2030 = CARTESIAN_POINT('',(115.70135773841,-0.15,-3.7));
#2031 = VERTEX_POINT('',#2032);
#2032 = CARTESIAN_POINT('',(115.70135773841,-0.15,3.7));
#2033 = LINE('',#2034,#2035);
#2034 = CARTESIAN_POINT('',(115.70135773841,-0.15,-3.7));
#2035 = VECTOR('',#2036,1.);
#2036 = DIRECTION('',(0.,0.,1.));
#2037 = ORIENTED_EDGE('',*,*,#2038,.T.);
#2038 = EDGE_CURVE('',#2031,#1985,#2039,.T.);
#2039 = LINE('',#2040,#2041);
#2040 = CARTESIAN_POINT('',(115.73917077453,-5.595976693355E-02,3.7));
#2041 = VECTOR('',#2042,1.);
#2042 = DIRECTION('',(0.37306511289,0.927805163568,0.));
#2043 = ORIENTED_EDGE('',*,*,#1982,.F.);
#2044 = ORIENTED_EDGE('',*,*,#2045,.F.);
#2045 = EDGE_CURVE('',#2029,#1983,#2046,.T.);
#2046 = LINE('',#2047,#2048);
#2047 = CARTESIAN_POINT('',(115.73917077453,-5.595976693355E-02,-3.7));
#2048 = VECTOR('',#2049,1.);
#2049 = DIRECTION('',(0.37306511289,0.927805163568,0.));
#2050 = PLANE('',#2051);
#2051 = AXIS2_PLACEMENT_3D('',#2052,#2053,#2054);
#2052 = CARTESIAN_POINT('',(115.70135773841,-0.15,-3.7));
#2053 = DIRECTION('',(-0.927805163568,0.37306511289,0.));
#2054 = DIRECTION('',(0.37306511289,0.927805163568,0.));
#2055 = ADVANCED_FACE('',(#2056),#2074,.T.);
#2056 = FACE_BOUND('',#2057,.F.);
#2057 = EDGE_LOOP('',(#2058,#2066,#2072,#2073));
#2058 = ORIENTED_EDGE('',*,*,#2059,.F.);
#2059 = EDGE_CURVE('',#2060,#2029,#2062,.T.);
#2060 = VERTEX_POINT('',#2061);
#2061 = CARTESIAN_POINT('',(-0.205062799447,-0.15,-3.7));
#2062 = LINE('',#2063,#2064);
#2063 = CARTESIAN_POINT('',(0.,-0.15,-3.7));
#2064 = VECTOR('',#2065,1.);
#2065 = DIRECTION('',(1.,0.,0.));
#2066 = ORIENTED_EDGE('',*,*,#2067,.F.);
#2067 = EDGE_CURVE('',#2001,#2060,#2068,.T.);
#2068 = LINE('',#2069,#2070);
#2069 = CARTESIAN_POINT('',(60.557045414195,191.04543111706,-3.7));
#2070 = VECTOR('',#2071,1.);
#2071 = DIRECTION('',(-0.30287411373,-0.953030572034,0.));
#2072 = ORIENTED_EDGE('',*,*,#2008,.F.);
#2073 = ORIENTED_EDGE('',*,*,#2045,.F.);
#2074 = PLANE('',#2075);
#2075 = AXIS2_PLACEMENT_3D('',#2076,#2077,#2078);
#2076 = CARTESIAN_POINT('',(93.537222237387,97.852520918525,-3.7));
#2077 = DIRECTION('',(0.,0.,1.));
#2078 = DIRECTION('',(1.,0.,-0.));
#2079 = ADVANCED_FACE('',(#2080),#2098,.F.);
#2080 = FACE_BOUND('',#2081,.T.);
#2081 = EDGE_LOOP('',(#2082,#2090,#2096,#2097));
#2082 = ORIENTED_EDGE('',*,*,#2083,.F.);
#2083 = EDGE_CURVE('',#2084,#2031,#2086,.T.);
#2084 = VERTEX_POINT('',#2085);
#2085 = CARTESIAN_POINT('',(-0.205062799447,-0.15,3.7));
#2086 = LINE('',#2087,#2088);
#2087 = CARTESIAN_POINT('',(0.,-0.15,3.7));
#2088 = VECTOR('',#2089,1.);
#2089 = DIRECTION('',(1.,0.,0.));
#2090 = ORIENTED_EDGE('',*,*,#2091,.F.);
#2091 = EDGE_CURVE('',#1993,#2084,#2092,.T.);
#2092 = LINE('',#2093,#2094);
#2093 = CARTESIAN_POINT('',(60.557045414195,191.04543111706,3.7));
#2094 = VECTOR('',#2095,1.);
#2095 = DIRECTION('',(-0.30287411373,-0.953030572034,0.));
#2096 = ORIENTED_EDGE('',*,*,#1992,.F.);
#2097 = ORIENTED_EDGE('',*,*,#2038,.F.);
#2098 = PLANE('',#2099);
#2099 = AXIS2_PLACEMENT_3D('',#2100,#2101,#2102);
#2100 = CARTESIAN_POINT('',(93.537222237387,97.852520918525,3.7));
#2101 = DIRECTION('',(0.,0.,1.));
#2102 = DIRECTION('',(1.,0.,-0.));
#2103 = ADVANCED_FACE('',(#2104),#2115,.T.);
#2104 = FACE_BOUND('',#2105,.T.);
#2105 = EDGE_LOOP('',(#2106,#2107,#2108,#2114));
#2106 = ORIENTED_EDGE('',*,*,#2000,.T.);
#2107 = ORIENTED_EDGE('',*,*,#2091,.T.);
#2108 = ORIENTED_EDGE('',*,*,#2109,.F.);
#2109 = EDGE_CURVE('',#2060,#2084,#2110,.T.);
#2110 = LINE('',#2111,#2112);
#2111 = CARTESIAN_POINT('',(-0.205062799447,-0.15,-3.7));
#2112 = VECTOR('',#2113,1.);
#2113 = DIRECTION('',(0.,0.,1.));
#2114 = ORIENTED_EDGE('',*,*,#2067,.F.);
#2115 = PLANE('',#2116);
#2116 = AXIS2_PLACEMENT_3D('',#2117,#2118,#2119);
#2117 = CARTESIAN_POINT('',(60.59027751469,191.15,-3.7));
#2118 = DIRECTION('',(0.953030572034,-0.30287411373,0.));
#2119 = DIRECTION('',(-0.30287411373,-0.953030572034,0.));
#2120 = ADVANCED_FACE('',(#2121),#2127,.T.);
#2121 = FACE_BOUND('',#2122,.T.);
#2122 = EDGE_LOOP('',(#2123,#2124,#2125,#2126));
#2123 = ORIENTED_EDGE('',*,*,#2109,.T.);
#2124 = ORIENTED_EDGE('',*,*,#2083,.T.);
#2125 = ORIENTED_EDGE('',*,*,#2028,.F.);
#2126 = ORIENTED_EDGE('',*,*,#2059,.F.);
#2127 = PLANE('',#2128);
#2128 = AXIS2_PLACEMENT_3D('',#2129,#2130,#2131);
#2129 = CARTESIAN_POINT('',(-0.205062799447,-0.15,-3.7));
#2130 = DIRECTION('',(0.,1.,0.));
#2131 = DIRECTION('',(1.,0.,0.));
#2132 = ( GEOMETRIC_REPRESENTATION_CONTEXT(3) 
GLOBAL_UNCERTAINTY_ASSIGNED_CONTEXT((#2136)) 
GLOBAL_UNIT_ASSIGNED_CONTEXT((#2133,#2134,#2135)) REPRESENTATION_CONTEXT
('Context #1','3D Context with UNIT and UNCERTAINTY') );
#2133 = ( LENGTH_UNIT() NAMED_UNIT(*) SI_UNIT(.MILLI.,.METRE.) );
#2134 = ( NAMED_UNIT(*) PLANE_ANGLE_UNIT() SI_UNIT($,.RADIAN.) );
#2135 = ( NAMED_UNIT(*) SI_UNIT($,.STERADIAN.) SOLID_ANGLE_UNIT() );
#2136 = UNCERTAINTY_MEASURE_WITH_UNIT(LENGTH_MEASURE(1.E-07),#2133,
  'distance_accuracy_value','confusion accuracy');
#2137 = CONTEXT_DEPENDENT_SHAPE_REPRESENTATION(#2138,#2140);
#2138 = ( REPRESENTATION_RELATIONSHIP('','',#1697,#10) 
REPRESENTATION_RELATIONSHIP_WITH_TRANSFORMATION(#2139) 
SHAPE_REPRESENTATION_RELATIONSHIP() );
#2139 = ITEM_DEFINED_TRANSFORMATION('','',#11,#31);
#2140 = PRODUCT_DEFINITION_SHAPE('Placement','Placement of an item',
  #2141);
#2141 = NEXT_ASSEMBLY_USAGE_OCCURRENCE('5','Tile0_WrapCling','',#5,#1692
  ,$);
#2142 = PRODUCT_RELATED_PRODUCT_CATEGORY('part',$,(#1694));
#2143 = SHAPE_DEFINITION_REPRESENTATION(#2144,#2150);
#2144 = PRODUCT_DEFINITION_SHAPE('','',#2145);
#2145 = PRODUCT_DEFINITION('design','',#2146,#2149);
#2146 = PRODUCT_DEFINITION_FORMATION('','',#2147);
#2147 = PRODUCT('Tile0_WrapVinyl','Tile0_WrapVinyl','',(#2148));
#2148 = PRODUCT_CONTEXT('',#2,'mechanical');
#2149 = PRODUCT_DEFINITION_CONTEXT('part definition',#2,'design');
#2150 = ADVANCED_BREP_SHAPE_REPRESENTATION('',(#11,#2151),#2585);
#2151 = MANIFOLD_SOLID_BREP('',#2152);
#2152 = CLOSED_SHELL('',(#2153,#2193,#2224,#2255,#2272,#2289,#2335,#2366
    ,#2390,#2414,#2431,#2477,#2508,#2532,#2556,#2573));
#2153 = ADVANCED_FACE('',(#2154),#2188,.F.);
#2154 = FACE_BOUND('',#2155,.F.);
#2155 = EDGE_LOOP('',(#2156,#2166,#2174,#2182));
#2156 = ORIENTED_EDGE('',*,*,#2157,.T.);
#2157 = EDGE_CURVE('',#2158,#2160,#2162,.T.);
#2158 = VERTEX_POINT('',#2159);
#2159 = CARTESIAN_POINT('',(-0.3827838923,-0.28,-3.83));
#2160 = VERTEX_POINT('',#2161);
#2161 = CARTESIAN_POINT('',(-0.3827838923,-0.28,3.83));
#2162 = LINE('',#2163,#2164);
#2163 = CARTESIAN_POINT('',(-0.3827838923,-0.28,-3.83));
#2164 = VECTOR('',#2165,1.);
#2165 = DIRECTION('',(0.,0.,1.));
#2166 = ORIENTED_EDGE('',*,*,#2167,.T.);
#2167 = EDGE_CURVE('',#2160,#2168,#2170,.T.);
#2168 = VERTEX_POINT('',#2169);
#2169 = CARTESIAN_POINT('',(115.7892011117,-0.28,3.83));
#2170 = LINE('',#2171,#2172);
#2171 = CARTESIAN_POINT('',(0.,-0.28,3.83));
#2172 = VECTOR('',#2173,1.);
#2173 = DIRECTION('',(1.,0.,0.));
#2174 = ORIENTED_EDGE('',*,*,#2175,.F.);
#2175 = EDGE_CURVE('',#2176,#2168,#2178,.T.);
#2176 = VERTEX_POINT('',#2177);
#2177 = CARTESIAN_POINT('',(115.7892011117,-0.28,-3.83));
#2178 = LINE('',#2179,#2180);
#2179 = CARTESIAN_POINT('',(115.7892011117,-0.28,-3.83));
#2180 = VECTOR('',#2181,1.);
#2181 = DIRECTION('',(0.,0.,1.));
#2182 = ORIENTED_EDGE('',*,*,#2183,.F.);
#2183 = EDGE_CURVE('',#2158,#2176,#2184,.T.);
#2184 = LINE('',#2185,#2186);
#2185 = CARTESIAN_POINT('',(0.,-0.28,-3.83));
#2186 = VECTOR('',#2187,1.);
#2187 = DIRECTION('',(1.,0.,0.));
#2188 = PLANE('',#2189);
#2189 = AXIS2_PLACEMENT_3D('',#2190,#2191,#2192);
#2190 = CARTESIAN_POINT('',(-0.3827838923,-0.28,-3.83));
#2191 = DIRECTION('',(0.,1.,0.));
#2192 = DIRECTION('',(1.,0.,0.));
#2193 = ADVANCED_FACE('',(#2194),#2219,.F.);
#2194 = FACE_BOUND('',#2195,.F.);
#2195 = EDGE_LOOP('',(#2196,#2206,#2212,#2213));
#2196 = ORIENTED_EDGE('',*,*,#2197,.T.);
#2197 = EDGE_CURVE('',#2198,#2200,#2202,.T.);
#2198 = VERTEX_POINT('',#2199);
#2199 = CARTESIAN_POINT('',(60.495184694087,191.28,-3.83));
#2200 = VERTEX_POINT('',#2201);
#2201 = CARTESIAN_POINT('',(60.495184694087,191.28,3.83));
#2202 = LINE('',#2203,#2204);
#2203 = CARTESIAN_POINT('',(60.495184694087,191.28,-3.83));
#2204 = VECTOR('',#2205,1.);
#2205 = DIRECTION('',(0.,0.,1.));
#2206 = ORIENTED_EDGE('',*,*,#2207,.T.);
#2207 = EDGE_CURVE('',#2200,#2160,#2208,.T.);
#2208 = LINE('',#2209,#2210);
#2209 = CARTESIAN_POINT('',(60.43315143983,191.08480475184,3.83));
#2210 = VECTOR('',#2211,1.);
#2211 = DIRECTION('',(-0.30287411373,-0.953030572034,0.));
#2212 = ORIENTED_EDGE('',*,*,#2157,.F.);
#2213 = ORIENTED_EDGE('',*,*,#2214,.F.);
#2214 = EDGE_CURVE('',#2198,#2158,#2215,.T.);
#2215 = LINE('',#2216,#2217);
#2216 = CARTESIAN_POINT('',(60.43315143983,191.08480475184,-3.83));
#2217 = VECTOR('',#2218,1.);
#2218 = DIRECTION('',(-0.30287411373,-0.953030572034,0.));
#2219 = PLANE('',#2220);
#2220 = AXIS2_PLACEMENT_3D('',#2221,#2222,#2223);
#2221 = CARTESIAN_POINT('',(60.495184694087,191.28,-3.83));
#2222 = DIRECTION('',(0.953030572034,-0.30287411373,0.));
#2223 = DIRECTION('',(-0.30287411373,-0.953030572034,0.));
#2224 = ADVANCED_FACE('',(#2225),#2250,.F.);
#2225 = FACE_BOUND('',#2226,.F.);
#2226 = EDGE_LOOP('',(#2227,#2228,#2236,#2244));
#2227 = ORIENTED_EDGE('',*,*,#2175,.T.);
#2228 = ORIENTED_EDGE('',*,*,#2229,.T.);
#2229 = EDGE_CURVE('',#2168,#2230,#2232,.T.);
#2230 = VERTEX_POINT('',#2231);
#2231 = CARTESIAN_POINT('',(192.81437388657,191.28,3.83));
#2232 = LINE('',#2233,#2234);
#2233 = CARTESIAN_POINT('',(115.85978544579,-0.104458231609,3.83));
#2234 = VECTOR('',#2235,1.);
#2235 = DIRECTION('',(0.37306511289,0.927805163568,0.));
#2236 = ORIENTED_EDGE('',*,*,#2237,.F.);
#2237 = EDGE_CURVE('',#2238,#2230,#2240,.T.);
#2238 = VERTEX_POINT('',#2239);
#2239 = CARTESIAN_POINT('',(192.81437388657,191.28,-3.83));
#2240 = LINE('',#2241,#2242);
#2241 = CARTESIAN_POINT('',(192.81437388657,191.28,-3.83));
#2242 = VECTOR('',#2243,1.);
#2243 = DIRECTION('',(0.,0.,1.));
#2244 = ORIENTED_EDGE('',*,*,#2245,.F.);
#2245 = EDGE_CURVE('',#2176,#2238,#2246,.T.);
#2246 = LINE('',#2247,#2248);
#2247 = CARTESIAN_POINT('',(115.85978544579,-0.104458231609,-3.83));
#2248 = VECTOR('',#2249,1.);
#2249 = DIRECTION('',(0.37306511289,0.927805163568,0.));
#2250 = PLANE('',#2251);
#2251 = AXIS2_PLACEMENT_3D('',#2252,#2253,#2254);
#2252 = CARTESIAN_POINT('',(115.7892011117,-0.28,-3.83));
#2253 = DIRECTION('',(-0.927805163568,0.37306511289,0.));
#2254 = DIRECTION('',(0.37306511289,0.927805163568,0.));
#2255 = ADVANCED_FACE('',(#2256),#2267,.F.);
#2256 = FACE_BOUND('',#2257,.T.);
#2257 = EDGE_LOOP('',(#2258,#2259,#2260,#2266));
#2258 = ORIENTED_EDGE('',*,*,#2183,.F.);
#2259 = ORIENTED_EDGE('',*,*,#2214,.F.);
#2260 = ORIENTED_EDGE('',*,*,#2261,.F.);
#2261 = EDGE_CURVE('',#2238,#2198,#2262,.T.);
#2262 = LINE('',#2263,#2264);
#2263 = CARTESIAN_POINT('',(192.4,191.28,-3.83));
#2264 = VECTOR('',#2265,1.);
#2265 = DIRECTION('',(-1.,0.,0.));
#2266 = ORIENTED_EDGE('',*,*,#2245,.F.);
#2267 = PLANE('',#2268);
#2268 = AXIS2_PLACEMENT_3D('',#2269,#2270,#2271);
#2269 = CARTESIAN_POINT('',(93.537222237387,97.852520918525,-3.83));
#2270 = DIRECTION('',(0.,0.,1.));
#2271 = DIRECTION('',(1.,0.,-0.));
#2272 = ADVANCED_FACE('',(#2273),#2284,.T.);
#2273 = FACE_BOUND('',#2274,.F.);
#2274 = EDGE_LOOP('',(#2275,#2276,#2277,#2283));
#2275 = ORIENTED_EDGE('',*,*,#2167,.F.);
#2276 = ORIENTED_EDGE('',*,*,#2207,.F.);
#2277 = ORIENTED_EDGE('',*,*,#2278,.F.);
#2278 = EDGE_CURVE('',#2230,#2200,#2279,.T.);
#2279 = LINE('',#2280,#2281);
#2280 = CARTESIAN_POINT('',(192.4,191.28,3.83));
#2281 = VECTOR('',#2282,1.);
#2282 = DIRECTION('',(-1.,0.,0.));
#2283 = ORIENTED_EDGE('',*,*,#2229,.F.);
#2284 = PLANE('',#2285);
#2285 = AXIS2_PLACEMENT_3D('',#2286,#2287,#2288);
#2286 = CARTESIAN_POINT('',(93.537222237387,97.852520918525,3.83));
#2287 = DIRECTION('',(0.,0.,1.));
#2288 = DIRECTION('',(1.,0.,-0.));
#2289 = ADVANCED_FACE('',(#2290,#2296),#2330,.F.);
#2290 = FACE_BOUND('',#2291,.F.);
#2291 = EDGE_LOOP('',(#2292,#2293,#2294,#2295));
#2292 = ORIENTED_EDGE('',*,*,#2237,.T.);
#2293 = ORIENTED_EDGE('',*,*,#2278,.T.);
#2294 = ORIENTED_EDGE('',*,*,#2197,.F.);
#2295 = ORIENTED_EDGE('',*,*,#2261,.F.);
#2296 = FACE_BOUND('',#2297,.F.);
#2297 = EDGE_LOOP('',(#2298,#2308,#2316,#2324));
#2298 = ORIENTED_EDGE('',*,*,#2299,.T.);
#2299 = EDGE_CURVE('',#2300,#2302,#2304,.T.);
#2300 = VERTEX_POINT('',#2301);
#2301 = CARTESIAN_POINT('',(138.2272,191.28,-3.));
#2302 = VERTEX_POINT('',#2303);
#2303 = CARTESIAN_POINT('',(120.2272,191.28,-3.));
#2304 = LINE('',#2305,#2306);
#2305 = CARTESIAN_POINT('',(156.52078694328,191.28,-3.));
#2306 = VECTOR('',#2307,1.);
#2307 = DIRECTION('',(-1.,0.,0.));
#2308 = ORIENTED_EDGE('',*,*,#2309,.T.);
#2309 = EDGE_CURVE('',#2302,#2310,#2312,.T.);
#2310 = VERTEX_POINT('',#2311);
#2311 = CARTESIAN_POINT('',(120.2272,191.28,3.));
#2312 = LINE('',#2313,#2314);
#2313 = CARTESIAN_POINT('',(120.2272,191.28,-3.415));
#2314 = VECTOR('',#2315,1.);
#2315 = DIRECTION('',(0.,0.,1.));
#2316 = ORIENTED_EDGE('',*,*,#2317,.F.);
#2317 = EDGE_CURVE('',#2318,#2310,#2320,.T.);
#2318 = VERTEX_POINT('',#2319);
#2319 = CARTESIAN_POINT('',(138.2272,191.28,3.));
#2320 = LINE('',#2321,#2322);
#2321 = CARTESIAN_POINT('',(156.52078694328,191.28,3.));
#2322 = VECTOR('',#2323,1.);
#2323 = DIRECTION('',(-1.,0.,0.));
#2324 = ORIENTED_EDGE('',*,*,#2325,.F.);
#2325 = EDGE_CURVE('',#2300,#2318,#2326,.T.);
#2326 = LINE('',#2327,#2328);
#2327 = CARTESIAN_POINT('',(138.2272,191.28,-3.415));
#2328 = VECTOR('',#2329,1.);
#2329 = DIRECTION('',(0.,0.,1.));
#2330 = PLANE('',#2331);
#2331 = AXIS2_PLACEMENT_3D('',#2332,#2333,#2334);
#2332 = CARTESIAN_POINT('',(192.81437388657,191.28,-3.83));
#2333 = DIRECTION('',(0.,-1.,0.));
#2334 = DIRECTION('',(-1.,0.,0.));
#2335 = ADVANCED_FACE('',(#2336),#2361,.T.);
#2336 = FACE_BOUND('',#2337,.T.);
#2337 = EDGE_LOOP('',(#2338,#2346,#2354,#2360));
#2338 = ORIENTED_EDGE('',*,*,#2339,.F.);
#2339 = EDGE_CURVE('',#2340,#2302,#2342,.T.);
#2340 = VERTEX_POINT('',#2341);
#2341 = CARTESIAN_POINT('',(120.2272,191.18,-3.));
#2342 = LINE('',#2343,#2344);
#2343 = CARTESIAN_POINT('',(120.2272,190.5,-3.));
#2344 = VECTOR('',#2345,1.);
#2345 = DIRECTION('',(-0.,1.,0.));
#2346 = ORIENTED_EDGE('',*,*,#2347,.F.);
#2347 = EDGE_CURVE('',#2348,#2340,#2350,.T.);
#2348 = VERTEX_POINT('',#2349);
#2349 = CARTESIAN_POINT('',(138.2272,191.18,-3.));
#2350 = LINE('',#2351,#2352);
#2351 = CARTESIAN_POINT('',(156.44679160639,191.18,-3.));
#2352 = VECTOR('',#2353,1.);
#2353 = DIRECTION('',(-1.,0.,0.));
#2354 = ORIENTED_EDGE('',*,*,#2355,.T.);
#2355 = EDGE_CURVE('',#2348,#2300,#2356,.T.);
#2356 = LINE('',#2357,#2358);
#2357 = CARTESIAN_POINT('',(138.2272,190.5,-3.));
#2358 = VECTOR('',#2359,1.);
#2359 = DIRECTION('',(-0.,1.,0.));
#2360 = ORIENTED_EDGE('',*,*,#2299,.T.);
#2361 = PLANE('',#2362);
#2362 = AXIS2_PLACEMENT_3D('',#2363,#2364,#2365);
#2363 = CARTESIAN_POINT('',(120.2272,190.5,-3.));
#2364 = DIRECTION('',(0.,0.,1.));
#2365 = DIRECTION('',(1.,0.,-0.));
#2366 = ADVANCED_FACE('',(#2367),#2385,.F.);
#2367 = FACE_BOUND('',#2368,.F.);
#2368 = EDGE_LOOP('',(#2369,#2377,#2383,#2384));
#2369 = ORIENTED_EDGE('',*,*,#2370,.F.);
#2370 = EDGE_CURVE('',#2371,#2318,#2373,.T.);
#2371 = VERTEX_POINT('',#2372);
#2372 = CARTESIAN_POINT('',(138.2272,191.18,3.));
#2373 = LINE('',#2374,#2375);
#2374 = CARTESIAN_POINT('',(138.2272,190.5,3.));
#2375 = VECTOR('',#2376,1.);
#2376 = DIRECTION('',(-0.,1.,0.));
#2377 = ORIENTED_EDGE('',*,*,#2378,.F.);
#2378 = EDGE_CURVE('',#2348,#2371,#2379,.T.);
#2379 = LINE('',#2380,#2381);
#2380 = CARTESIAN_POINT('',(138.2272,191.18,-3.365));
#2381 = VECTOR('',#2382,1.);
#2382 = DIRECTION('',(0.,0.,1.));
#2383 = ORIENTED_EDGE('',*,*,#2355,.T.);
#2384 = ORIENTED_EDGE('',*,*,#2325,.T.);
#2385 = PLANE('',#2386);
#2386 = AXIS2_PLACEMENT_3D('',#2387,#2388,#2389);
#2387 = CARTESIAN_POINT('',(138.2272,190.5,-3.));
#2388 = DIRECTION('',(1.,0.,-0.));
#2389 = DIRECTION('',(0.,0.,1.));
#2390 = ADVANCED_FACE('',(#2391),#2409,.F.);
#2391 = FACE_BOUND('',#2392,.F.);
#2392 = EDGE_LOOP('',(#2393,#2401,#2407,#2408));
#2393 = ORIENTED_EDGE('',*,*,#2394,.F.);
#2394 = EDGE_CURVE('',#2395,#2310,#2397,.T.);
#2395 = VERTEX_POINT('',#2396);
#2396 = CARTESIAN_POINT('',(120.2272,191.18,3.));
#2397 = LINE('',#2398,#2399);
#2398 = CARTESIAN_POINT('',(120.2272,190.5,3.));
#2399 = VECTOR('',#2400,1.);
#2400 = DIRECTION('',(-0.,1.,0.));
#2401 = ORIENTED_EDGE('',*,*,#2402,.F.);
#2402 = EDGE_CURVE('',#2371,#2395,#2403,.T.);
#2403 = LINE('',#2404,#2405);
#2404 = CARTESIAN_POINT('',(156.44679160639,191.18,3.));
#2405 = VECTOR('',#2406,1.);
#2406 = DIRECTION('',(-1.,0.,0.));
#2407 = ORIENTED_EDGE('',*,*,#2370,.T.);
#2408 = ORIENTED_EDGE('',*,*,#2317,.T.);
#2409 = PLANE('',#2410);
#2410 = AXIS2_PLACEMENT_3D('',#2411,#2412,#2413);
#2411 = CARTESIAN_POINT('',(120.2272,190.5,3.));
#2412 = DIRECTION('',(0.,0.,1.));
#2413 = DIRECTION('',(1.,0.,-0.));
#2414 = ADVANCED_FACE('',(#2415),#2426,.T.);
#2415 = FACE_BOUND('',#2416,.T.);
#2416 = EDGE_LOOP('',(#2417,#2418,#2424,#2425));
#2417 = ORIENTED_EDGE('',*,*,#2394,.F.);
#2418 = ORIENTED_EDGE('',*,*,#2419,.F.);
#2419 = EDGE_CURVE('',#2340,#2395,#2420,.T.);
#2420 = LINE('',#2421,#2422);
#2421 = CARTESIAN_POINT('',(120.2272,191.18,-3.365));
#2422 = VECTOR('',#2423,1.);
#2423 = DIRECTION('',(0.,0.,1.));
#2424 = ORIENTED_EDGE('',*,*,#2339,.T.);
#2425 = ORIENTED_EDGE('',*,*,#2309,.T.);
#2426 = PLANE('',#2427);
#2427 = AXIS2_PLACEMENT_3D('',#2428,#2429,#2430);
#2428 = CARTESIAN_POINT('',(120.2272,190.5,-3.));
#2429 = DIRECTION('',(1.,0.,-0.));
#2430 = DIRECTION('',(0.,0.,1.));
#2431 = ADVANCED_FACE('',(#2432,#2466),#2472,.T.);
#2432 = FACE_BOUND('',#2433,.T.);
#2433 = EDGE_LOOP('',(#2434,#2444,#2452,#2460));
#2434 = ORIENTED_EDGE('',*,*,#2435,.T.);
#2435 = EDGE_CURVE('',#2436,#2438,#2440,.T.);
#2436 = VERTEX_POINT('',#2437);
#2437 = CARTESIAN_POINT('',(192.66638321279,191.18,-3.73));
#2438 = VERTEX_POINT('',#2439);
#2439 = CARTESIAN_POINT('',(192.66638321279,191.18,3.73));
#2440 = LINE('',#2441,#2442);
#2441 = CARTESIAN_POINT('',(192.66638321279,191.18,-3.73));
#2442 = VECTOR('',#2443,1.);
#2443 = DIRECTION('',(0.,0.,1.));
#2444 = ORIENTED_EDGE('',*,*,#2445,.T.);
#2445 = EDGE_CURVE('',#2438,#2446,#2448,.T.);
#2446 = VERTEX_POINT('',#2447);
#2447 = CARTESIAN_POINT('',(60.568333017627,191.18,3.73));
#2448 = LINE('',#2449,#2450);
#2449 = CARTESIAN_POINT('',(192.4,191.18,3.73));
#2450 = VECTOR('',#2451,1.);
#2451 = DIRECTION('',(-1.,0.,0.));
#2452 = ORIENTED_EDGE('',*,*,#2453,.F.);
#2453 = EDGE_CURVE('',#2454,#2446,#2456,.T.);
#2454 = VERTEX_POINT('',#2455);
#2455 = CARTESIAN_POINT('',(60.568333017627,191.18,-3.73));
#2456 = LINE('',#2457,#2458);
#2457 = CARTESIAN_POINT('',(60.568333017627,191.18,-3.73));
#2458 = VECTOR('',#2459,1.);
#2459 = DIRECTION('',(0.,0.,1.));
#2460 = ORIENTED_EDGE('',*,*,#2461,.F.);
#2461 = EDGE_CURVE('',#2436,#2454,#2462,.T.);
#2462 = LINE('',#2463,#2464);
#2463 = CARTESIAN_POINT('',(192.4,191.18,-3.73));
#2464 = VECTOR('',#2465,1.);
#2465 = DIRECTION('',(-1.,0.,0.));
#2466 = FACE_BOUND('',#2467,.T.);
#2467 = EDGE_LOOP('',(#2468,#2469,#2470,#2471));
#2468 = ORIENTED_EDGE('',*,*,#2347,.T.);
#2469 = ORIENTED_EDGE('',*,*,#2419,.T.);
#2470 = ORIENTED_EDGE('',*,*,#2402,.F.);
#2471 = ORIENTED_EDGE('',*,*,#2378,.F.);
#2472 = PLANE('',#2473);
#2473 = AXIS2_PLACEMENT_3D('',#2474,#2475,#2476);
#2474 = CARTESIAN_POINT('',(192.66638321279,191.18,-3.73));
#2475 = DIRECTION('',(0.,-1.,0.));
#2476 = DIRECTION('',(-1.,0.,0.));
#2477 = ADVANCED_FACE('',(#2478),#2503,.T.);
#2478 = FACE_BOUND('',#2479,.T.);
#2479 = EDGE_LOOP('',(#2480,#2490,#2496,#2497));
#2480 = ORIENTED_EDGE('',*,*,#2481,.T.);
#2481 = EDGE_CURVE('',#2482,#2484,#2486,.T.);
#2482 = VERTEX_POINT('',#2483);
#2483 = CARTESIAN_POINT('',(115.72162928609,-0.18,-3.73));
#2484 = VERTEX_POINT('',#2485);
#2485 = CARTESIAN_POINT('',(115.72162928609,-0.18,3.73));
#2486 = LINE('',#2487,#2488);
#2487 = CARTESIAN_POINT('',(115.72162928609,-0.18,-3.73));
#2488 = VECTOR('',#2489,1.);
#2489 = DIRECTION('',(0.,0.,1.));
#2490 = ORIENTED_EDGE('',*,*,#2491,.T.);
#2491 = EDGE_CURVE('',#2484,#2438,#2492,.T.);
#2492 = LINE('',#2493,#2494);
#2493 = CARTESIAN_POINT('',(115.76700492944,-6.715172032025E-02,3.73));
#2494 = VECTOR('',#2495,1.);
#2495 = DIRECTION('',(0.37306511289,0.927805163568,0.));
#2496 = ORIENTED_EDGE('',*,*,#2435,.F.);
#2497 = ORIENTED_EDGE('',*,*,#2498,.F.);
#2498 = EDGE_CURVE('',#2482,#2436,#2499,.T.);
#2499 = LINE('',#2500,#2501);
#2500 = CARTESIAN_POINT('',(115.76700492944,-6.715172032025E-02,-3.73));
#2501 = VECTOR('',#2502,1.);
#2502 = DIRECTION('',(0.37306511289,0.927805163568,0.));
#2503 = PLANE('',#2504);
#2504 = AXIS2_PLACEMENT_3D('',#2505,#2506,#2507);
#2505 = CARTESIAN_POINT('',(115.72162928609,-0.18,-3.73));
#2506 = DIRECTION('',(-0.927805163568,0.37306511289,0.));
#2507 = DIRECTION('',(0.37306511289,0.927805163568,0.));
#2508 = ADVANCED_FACE('',(#2509),#2527,.T.);
#2509 = FACE_BOUND('',#2510,.F.);
#2510 = EDGE_LOOP('',(#2511,#2519,#2525,#2526));
#2511 = ORIENTED_EDGE('',*,*,#2512,.F.);
#2512 = EDGE_CURVE('',#2513,#2482,#2515,.T.);
#2513 = VERTEX_POINT('',#2514);
#2514 = CARTESIAN_POINT('',(-0.246075359336,-0.18,-3.73));
#2515 = LINE('',#2516,#2517);
#2516 = CARTESIAN_POINT('',(0.,-0.18,-3.73));
#2517 = VECTOR('',#2518,1.);
#2518 = DIRECTION('',(1.,0.,0.));
#2519 = ORIENTED_EDGE('',*,*,#2520,.F.);
#2520 = EDGE_CURVE('',#2454,#2513,#2521,.T.);
#2521 = LINE('',#2522,#2523);
#2522 = CARTESIAN_POINT('',(60.528454497034,191.05451734047,-3.73));
#2523 = VECTOR('',#2524,1.);
#2524 = DIRECTION('',(-0.30287411373,-0.953030572034,0.));
#2525 = ORIENTED_EDGE('',*,*,#2461,.F.);
#2526 = ORIENTED_EDGE('',*,*,#2498,.F.);
#2527 = PLANE('',#2528);
#2528 = AXIS2_PLACEMENT_3D('',#2529,#2530,#2531);
#2529 = CARTESIAN_POINT('',(93.537222237387,97.852520918525,-3.73));
#2530 = DIRECTION('',(0.,0.,1.));
#2531 = DIRECTION('',(1.,0.,-0.));
#2532 = ADVANCED_FACE('',(#2533),#2551,.F.);
#2533 = FACE_BOUND('',#2534,.T.);
#2534 = EDGE_LOOP('',(#2535,#2543,#2549,#2550));
#2535 = ORIENTED_EDGE('',*,*,#2536,.F.);
#2536 = EDGE_CURVE('',#2537,#2484,#2539,.T.);
#2537 = VERTEX_POINT('',#2538);
#2538 = CARTESIAN_POINT('',(-0.246075359336,-0.18,3.73));
#2539 = LINE('',#2540,#2541);
#2540 = CARTESIAN_POINT('',(0.,-0.18,3.73));
#2541 = VECTOR('',#2542,1.);
#2542 = DIRECTION('',(1.,0.,0.));
#2543 = ORIENTED_EDGE('',*,*,#2544,.F.);
#2544 = EDGE_CURVE('',#2446,#2537,#2545,.T.);
#2545 = LINE('',#2546,#2547);
#2546 = CARTESIAN_POINT('',(60.528454497034,191.05451734047,3.73));
#2547 = VECTOR('',#2548,1.);
#2548 = DIRECTION('',(-0.30287411373,-0.953030572034,0.));
#2549 = ORIENTED_EDGE('',*,*,#2445,.F.);
#2550 = ORIENTED_EDGE('',*,*,#2491,.F.);
#2551 = PLANE('',#2552);
#2552 = AXIS2_PLACEMENT_3D('',#2553,#2554,#2555);
#2553 = CARTESIAN_POINT('',(93.537222237387,97.852520918525,3.73));
#2554 = DIRECTION('',(0.,0.,1.));
#2555 = DIRECTION('',(1.,0.,-0.));
#2556 = ADVANCED_FACE('',(#2557),#2568,.T.);
#2557 = FACE_BOUND('',#2558,.T.);
#2558 = EDGE_LOOP('',(#2559,#2560,#2561,#2567));
#2559 = ORIENTED_EDGE('',*,*,#2453,.T.);
#2560 = ORIENTED_EDGE('',*,*,#2544,.T.);
#2561 = ORIENTED_EDGE('',*,*,#2562,.F.);
#2562 = EDGE_CURVE('',#2513,#2537,#2563,.T.);
#2563 = LINE('',#2564,#2565);
#2564 = CARTESIAN_POINT('',(-0.246075359336,-0.18,-3.73));
#2565 = VECTOR('',#2566,1.);
#2566 = DIRECTION('',(0.,0.,1.));
#2567 = ORIENTED_EDGE('',*,*,#2520,.F.);
#2568 = PLANE('',#2569);
#2569 = AXIS2_PLACEMENT_3D('',#2570,#2571,#2572);
#2570 = CARTESIAN_POINT('',(60.568333017627,191.18,-3.73));
#2571 = DIRECTION('',(0.953030572034,-0.30287411373,0.));
#2572 = DIRECTION('',(-0.30287411373,-0.953030572034,0.));
#2573 = ADVANCED_FACE('',(#2574),#2580,.T.);
#2574 = FACE_BOUND('',#2575,.T.);
#2575 = EDGE_LOOP('',(#2576,#2577,#2578,#2579));
#2576 = ORIENTED_EDGE('',*,*,#2562,.T.);
#2577 = ORIENTED_EDGE('',*,*,#2536,.T.);
#2578 = ORIENTED_EDGE('',*,*,#2481,.F.);
#2579 = ORIENTED_EDGE('',*,*,#2512,.F.);
#2580 = PLANE('',#2581);
#2581 = AXIS2_PLACEMENT_3D('',#2582,#2583,#2584);
#2582 = CARTESIAN_POINT('',(-0.246075359336,-0.18,-3.73));
#2583 = DIRECTION('',(0.,1.,0.));
#2584 = DIRECTION('',(1.,0.,0.));
#2585 = ( GEOMETRIC_REPRESENTATION_CONTEXT(3) 
GLOBAL_UNCERTAINTY_ASSIGNED_CONTEXT((#2589)) 
GLOBAL_UNIT_ASSIGNED_CONTEXT((#2586,#2587,#2588)) REPRESENTATION_CONTEXT
('Context #1','3D Context with UNIT and UNCERTAINTY') );
#2586 = ( LENGTH_UNIT() NAMED_UNIT(*) SI_UNIT(.MILLI.,.METRE.) );
#2587 = ( NAMED_UNIT(*) PLANE_ANGLE_UNIT() SI_UNIT($,.RADIAN.) );
#2588 = ( NAMED_UNIT(*) SI_UNIT($,.STERADIAN.) SOLID_ANGLE_UNIT() );
#2589 = UNCERTAINTY_MEASURE_WITH_UNIT(LENGTH_MEASURE(1.E-07),#2586,
  'distance_accuracy_value','confusion accuracy');
#2590 = CONTEXT_DEPENDENT_SHAPE_REPRESENTATION(#2591,#2593);
#2591 = ( REPRESENTATION_RELATIONSHIP('','',#2150,#10) 
REPRESENTATION_RELATIONSHIP_WITH_TRANSFORMATION(#2592) 
SHAPE_REPRESENTATION_RELATIONSHIP() );
#2592 = ITEM_DEFINED_TRANSFORMATION('','',#11,#35);
#2593 = PRODUCT_DEFINITION_SHAPE('Placement','Placement of an item',
  #2594);
#2594 = NEXT_ASSEMBLY_USAGE_OCCURRENCE('6','Tile0_WrapVinyl','',#5,#2145
  ,$);
#2595 = PRODUCT_RELATED_PRODUCT_CATEGORY('part',$,(#2147));
#2596 = SHAPE_DEFINITION_REPRESENTATION(#2597,#2603);
#2597 = PRODUCT_DEFINITION_SHAPE('','',#2598);
#2598 = PRODUCT_DEFINITION('design','',#2599,#2602);
#2599 = PRODUCT_DEFINITION_FORMATION('','',#2600);
#2600 = PRODUCT('Tile0_Coupler','Tile0_Coupler','',(#2601));
#2601 = PRODUCT_CONTEXT('',#2,'mechanical');
#2602 = PRODUCT_DEFINITION_CONTEXT('part definition',#2,'design');
#2603 = ADVANCED_BREP_SHAPE_REPRESENTATION('',(#11,#2604),#3038);
#2604 = MANIFOLD_SOLID_BREP('',#2605);
#2605 = CLOSED_SHELL('',(#2606,#2646,#2711,#2735,#2759,#2776,#2788,#2819
    ,#2843,#2867,#2884,#2930,#2961,#2985,#3009,#3026));
#2606 = ADVANCED_FACE('',(#2607),#2641,.F.);
#2607 = FACE_BOUND('',#2608,.F.);
#2608 = EDGE_LOOP('',(#2609,#2619,#2627,#2635));
#2609 = ORIENTED_EDGE('',*,*,#2610,.F.);
#2610 = EDGE_CURVE('',#2611,#2613,#2615,.T.);
#2611 = VERTEX_POINT('',#2612);
#2612 = CARTESIAN_POINT('',(121.2272,191.,-4.));
#2613 = VERTEX_POINT('',#2614);
#2614 = CARTESIAN_POINT('',(121.2272,191.,4.));
#2615 = LINE('',#2616,#2617);
#2616 = CARTESIAN_POINT('',(121.2272,191.,-4.));
#2617 = VECTOR('',#2618,1.);
#2618 = DIRECTION('',(0.,0.,1.));
#2619 = ORIENTED_EDGE('',*,*,#2620,.T.);
#2620 = EDGE_CURVE('',#2611,#2621,#2623,.T.);
#2621 = VERTEX_POINT('',#2622);
#2622 = CARTESIAN_POINT('',(121.2272,197.,-4.));
#2623 = LINE('',#2624,#2625);
#2624 = CARTESIAN_POINT('',(121.2272,191.,-4.));
#2625 = VECTOR('',#2626,1.);
#2626 = DIRECTION('',(-0.,1.,0.));
#2627 = ORIENTED_EDGE('',*,*,#2628,.T.);
#2628 = EDGE_CURVE('',#2621,#2629,#2631,.T.);
#2629 = VERTEX_POINT('',#2630);
#2630 = CARTESIAN_POINT('',(121.2272,197.,4.));
#2631 = LINE('',#2632,#2633);
#2632 = CARTESIAN_POINT('',(121.2272,197.,-4.));
#2633 = VECTOR('',#2634,1.);
#2634 = DIRECTION('',(0.,0.,1.));
#2635 = ORIENTED_EDGE('',*,*,#2636,.F.);
#2636 = EDGE_CURVE('',#2613,#2629,#2637,.T.);
#2637 = LINE('',#2638,#2639);
#2638 = CARTESIAN_POINT('',(121.2272,191.,4.));
#2639 = VECTOR('',#2640,1.);
#2640 = DIRECTION('',(-0.,1.,0.));
#2641 = PLANE('',#2642);
#2642 = AXIS2_PLACEMENT_3D('',#2643,#2644,#2645);
#2643 = CARTESIAN_POINT('',(121.2272,191.,-4.));
#2644 = DIRECTION('',(1.,0.,-0.));
#2645 = DIRECTION('',(0.,0.,1.));
#2646 = ADVANCED_FACE('',(#2647,#2672),#2706,.F.);
#2647 = FACE_BOUND('',#2648,.F.);
#2648 = EDGE_LOOP('',(#2649,#2657,#2658,#2666));
#2649 = ORIENTED_EDGE('',*,*,#2650,.F.);
#2650 = EDGE_CURVE('',#2611,#2651,#2653,.T.);
#2651 = VERTEX_POINT('',#2652);
#2652 = CARTESIAN_POINT('',(137.2272,191.,-4.));
#2653 = LINE('',#2654,#2655);
#2654 = CARTESIAN_POINT('',(121.2272,191.,-4.));
#2655 = VECTOR('',#2656,1.);
#2656 = DIRECTION('',(1.,0.,-0.));
#2657 = ORIENTED_EDGE('',*,*,#2610,.T.);
#2658 = ORIENTED_EDGE('',*,*,#2659,.T.);
#2659 = EDGE_CURVE('',#2613,#2660,#2662,.T.);
#2660 = VERTEX_POINT('',#2661);
#2661 = CARTESIAN_POINT('',(137.2272,191.,4.));
#2662 = LINE('',#2663,#2664);
#2663 = CARTESIAN_POINT('',(121.2272,191.,4.));
#2664 = VECTOR('',#2665,1.);
#2665 = DIRECTION('',(1.,0.,-0.));
#2666 = ORIENTED_EDGE('',*,*,#2667,.F.);
#2667 = EDGE_CURVE('',#2651,#2660,#2668,.T.);
#2668 = LINE('',#2669,#2670);
#2669 = CARTESIAN_POINT('',(137.2272,191.,-4.));
#2670 = VECTOR('',#2671,1.);
#2671 = DIRECTION('',(0.,0.,1.));
#2672 = FACE_BOUND('',#2673,.F.);
#2673 = EDGE_LOOP('',(#2674,#2684,#2692,#2700));
#2674 = ORIENTED_EDGE('',*,*,#2675,.F.);
#2675 = EDGE_CURVE('',#2676,#2678,#2680,.T.);
#2676 = VERTEX_POINT('',#2677);
#2677 = CARTESIAN_POINT('',(126.7272,191.,2.5));
#2678 = VERTEX_POINT('',#2679);
#2679 = CARTESIAN_POINT('',(131.7272,191.,2.5));
#2680 = LINE('',#2681,#2682);
#2681 = CARTESIAN_POINT('',(123.9772,191.,2.5));
#2682 = VECTOR('',#2683,1.);
#2683 = DIRECTION('',(1.,0.,-0.));
#2684 = ORIENTED_EDGE('',*,*,#2685,.T.);
#2685 = EDGE_CURVE('',#2676,#2686,#2688,.T.);
#2686 = VERTEX_POINT('',#2687);
#2687 = CARTESIAN_POINT('',(126.7272,191.,-2.5));
#2688 = LINE('',#2689,#2690);
#2689 = CARTESIAN_POINT('',(126.7272,191.,-3.25));
#2690 = VECTOR('',#2691,1.);
#2691 = DIRECTION('',(-0.,0.,-1.));
#2692 = ORIENTED_EDGE('',*,*,#2693,.T.);
#2693 = EDGE_CURVE('',#2686,#2694,#2696,.T.);
#2694 = VERTEX_POINT('',#2695);
#2695 = CARTESIAN_POINT('',(131.7272,191.,-2.5));
#2696 = LINE('',#2697,#2698);
#2697 = CARTESIAN_POINT('',(123.9772,191.,-2.5));
#2698 = VECTOR('',#2699,1.);
#2699 = DIRECTION('',(1.,0.,-0.));
#2700 = ORIENTED_EDGE('',*,*,#2701,.F.);
#2701 = EDGE_CURVE('',#2678,#2694,#2702,.T.);
#2702 = LINE('',#2703,#2704);
#2703 = CARTESIAN_POINT('',(131.7272,191.,-3.25));
#2704 = VECTOR('',#2705,1.);
#2705 = DIRECTION('',(-0.,0.,-1.));
#2706 = PLANE('',#2707);
#2707 = AXIS2_PLACEMENT_3D('',#2708,#2709,#2710);
#2708 = CARTESIAN_POINT('',(121.2272,191.,-4.));
#2709 = DIRECTION('',(-0.,1.,0.));
#2710 = DIRECTION('',(0.,0.,1.));
#2711 = ADVANCED_FACE('',(#2712),#2730,.T.);
#2712 = FACE_BOUND('',#2713,.T.);
#2713 = EDGE_LOOP('',(#2714,#2715,#2716,#2724));
#2714 = ORIENTED_EDGE('',*,*,#2636,.F.);
#2715 = ORIENTED_EDGE('',*,*,#2659,.T.);
#2716 = ORIENTED_EDGE('',*,*,#2717,.T.);
#2717 = EDGE_CURVE('',#2660,#2718,#2720,.T.);
#2718 = VERTEX_POINT('',#2719);
#2719 = CARTESIAN_POINT('',(137.2272,197.,4.));
#2720 = LINE('',#2721,#2722);
#2721 = CARTESIAN_POINT('',(137.2272,191.,4.));
#2722 = VECTOR('',#2723,1.);
#2723 = DIRECTION('',(-0.,1.,0.));
#2724 = ORIENTED_EDGE('',*,*,#2725,.F.);
#2725 = EDGE_CURVE('',#2629,#2718,#2726,.T.);
#2726 = LINE('',#2727,#2728);
#2727 = CARTESIAN_POINT('',(121.2272,197.,4.));
#2728 = VECTOR('',#2729,1.);
#2729 = DIRECTION('',(1.,0.,-0.));
#2730 = PLANE('',#2731);
#2731 = AXIS2_PLACEMENT_3D('',#2732,#2733,#2734);
#2732 = CARTESIAN_POINT('',(121.2272,191.,4.));
#2733 = DIRECTION('',(0.,0.,1.));
#2734 = DIRECTION('',(1.,0.,-0.));
#2735 = ADVANCED_FACE('',(#2736),#2754,.T.);
#2736 = FACE_BOUND('',#2737,.T.);
#2737 = EDGE_LOOP('',(#2738,#2746,#2747,#2748));
#2738 = ORIENTED_EDGE('',*,*,#2739,.F.);
#2739 = EDGE_CURVE('',#2621,#2740,#2742,.T.);
#2740 = VERTEX_POINT('',#2741);
#2741 = CARTESIAN_POINT('',(137.2272,197.,-4.));
#2742 = LINE('',#2743,#2744);
#2743 = CARTESIAN_POINT('',(121.2272,197.,-4.));
#2744 = VECTOR('',#2745,1.);
#2745 = DIRECTION('',(1.,0.,-0.));
#2746 = ORIENTED_EDGE('',*,*,#2628,.T.);
#2747 = ORIENTED_EDGE('',*,*,#2725,.T.);
#2748 = ORIENTED_EDGE('',*,*,#2749,.F.);
#2749 = EDGE_CURVE('',#2740,#2718,#2750,.T.);
#2750 = LINE('',#2751,#2752);
#2751 = CARTESIAN_POINT('',(137.2272,197.,-4.));
#2752 = VECTOR('',#2753,1.);
#2753 = DIRECTION('',(0.,0.,1.));
#2754 = PLANE('',#2755);
#2755 = AXIS2_PLACEMENT_3D('',#2756,#2757,#2758);
#2756 = CARTESIAN_POINT('',(121.2272,197.,-4.));
#2757 = DIRECTION('',(-0.,1.,0.));
#2758 = DIRECTION('',(0.,0.,1.));
#2759 = ADVANCED_FACE('',(#2760),#2771,.F.);
#2760 = FACE_BOUND('',#2761,.F.);
#2761 = EDGE_LOOP('',(#2762,#2763,#2764,#2770));
#2762 = ORIENTED_EDGE('',*,*,#2620,.F.);
#2763 = ORIENTED_EDGE('',*,*,#2650,.T.);
#2764 = ORIENTED_EDGE('',*,*,#2765,.T.);
#2765 = EDGE_CURVE('',#2651,#2740,#2766,.T.);
#2766 = LINE('',#2767,#2768);
#2767 = CARTESIAN_POINT('',(137.2272,191.,-4.));
#2768 = VECTOR('',#2769,1.);
#2769 = DIRECTION('',(-0.,1.,0.));
#2770 = ORIENTED_EDGE('',*,*,#2739,.F.);
#2771 = PLANE('',#2772);
#2772 = AXIS2_PLACEMENT_3D('',#2773,#2774,#2775);
#2773 = CARTESIAN_POINT('',(121.2272,191.,-4.));
#2774 = DIRECTION('',(0.,0.,1.));
#2775 = DIRECTION('',(1.,0.,-0.));
#2776 = ADVANCED_FACE('',(#2777),#2783,.T.);
#2777 = FACE_BOUND('',#2778,.T.);
#2778 = EDGE_LOOP('',(#2779,#2780,#2781,#2782));
#2779 = ORIENTED_EDGE('',*,*,#2667,.F.);
#2780 = ORIENTED_EDGE('',*,*,#2765,.T.);
#2781 = ORIENTED_EDGE('',*,*,#2749,.T.);
#2782 = ORIENTED_EDGE('',*,*,#2717,.F.);
#2783 = PLANE('',#2784);
#2784 = AXIS2_PLACEMENT_3D('',#2785,#2786,#2787);
#2785 = CARTESIAN_POINT('',(137.2272,191.,-4.));
#2786 = DIRECTION('',(1.,0.,-0.));
#2787 = DIRECTION('',(0.,0.,1.));
#2788 = ADVANCED_FACE('',(#2789),#2814,.F.);
#2789 = FACE_BOUND('',#2790,.F.);
#2790 = EDGE_LOOP('',(#2791,#2799,#2800,#2808));
#2791 = ORIENTED_EDGE('',*,*,#2792,.F.);
#2792 = EDGE_CURVE('',#2676,#2793,#2795,.T.);
#2793 = VERTEX_POINT('',#2794);
#2794 = CARTESIAN_POINT('',(126.7272,191.75,2.5));
#2795 = LINE('',#2796,#2797);
#2796 = CARTESIAN_POINT('',(126.7272,190.9,2.5));
#2797 = VECTOR('',#2798,1.);
#2798 = DIRECTION('',(-0.,1.,0.));
#2799 = ORIENTED_EDGE('',*,*,#2675,.T.);
#2800 = ORIENTED_EDGE('',*,*,#2801,.T.);
#2801 = EDGE_CURVE('',#2678,#2802,#2804,.T.);
#2802 = VERTEX_POINT('',#2803);
#2803 = CARTESIAN_POINT('',(131.7272,191.75,2.5));
#2804 = LINE('',#2805,#2806);
#2805 = CARTESIAN_POINT('',(131.7272,190.9,2.5));
#2806 = VECTOR('',#2807,1.);
#2807 = DIRECTION('',(-0.,1.,0.));
#2808 = ORIENTED_EDGE('',*,*,#2809,.F.);
#2809 = EDGE_CURVE('',#2793,#2802,#2810,.T.);
#2810 = LINE('',#2811,#2812);
#2811 = CARTESIAN_POINT('',(126.7272,191.75,2.5));
#2812 = VECTOR('',#2813,1.);
#2813 = DIRECTION('',(1.,0.,-0.));
#2814 = PLANE('',#2815);
#2815 = AXIS2_PLACEMENT_3D('',#2816,#2817,#2818);
#2816 = CARTESIAN_POINT('',(126.7272,190.9,2.5));
#2817 = DIRECTION('',(0.,0.,1.));
#2818 = DIRECTION('',(1.,0.,-0.));
#2819 = ADVANCED_FACE('',(#2820),#2838,.F.);
#2820 = FACE_BOUND('',#2821,.F.);
#2821 = EDGE_LOOP('',(#2822,#2823,#2824,#2832));
#2822 = ORIENTED_EDGE('',*,*,#2801,.F.);
#2823 = ORIENTED_EDGE('',*,*,#2701,.T.);
#2824 = ORIENTED_EDGE('',*,*,#2825,.T.);
#2825 = EDGE_CURVE('',#2694,#2826,#2828,.T.);
#2826 = VERTEX_POINT('',#2827);
#2827 = CARTESIAN_POINT('',(131.7272,191.75,-2.5));
#2828 = LINE('',#2829,#2830);
#2829 = CARTESIAN_POINT('',(131.7272,190.9,-2.5));
#2830 = VECTOR('',#2831,1.);
#2831 = DIRECTION('',(-0.,1.,0.));
#2832 = ORIENTED_EDGE('',*,*,#2833,.T.);
#2833 = EDGE_CURVE('',#2826,#2802,#2834,.T.);
#2834 = LINE('',#2835,#2836);
#2835 = CARTESIAN_POINT('',(131.7272,191.75,-2.5));
#2836 = VECTOR('',#2837,1.);
#2837 = DIRECTION('',(0.,0.,1.));
#2838 = PLANE('',#2839);
#2839 = AXIS2_PLACEMENT_3D('',#2840,#2841,#2842);
#2840 = CARTESIAN_POINT('',(131.7272,190.9,-2.5));
#2841 = DIRECTION('',(1.,0.,-0.));
#2842 = DIRECTION('',(0.,0.,1.));
#2843 = ADVANCED_FACE('',(#2844),#2862,.T.);
#2844 = FACE_BOUND('',#2845,.T.);
#2845 = EDGE_LOOP('',(#2846,#2854,#2855,#2856));
#2846 = ORIENTED_EDGE('',*,*,#2847,.F.);
#2847 = EDGE_CURVE('',#2686,#2848,#2850,.T.);
#2848 = VERTEX_POINT('',#2849);
#2849 = CARTESIAN_POINT('',(126.7272,191.75,-2.5));
#2850 = LINE('',#2851,#2852);
#2851 = CARTESIAN_POINT('',(126.7272,190.9,-2.5));
#2852 = VECTOR('',#2853,1.);
#2853 = DIRECTION('',(-0.,1.,0.));
#2854 = ORIENTED_EDGE('',*,*,#2693,.T.);
#2855 = ORIENTED_EDGE('',*,*,#2825,.T.);
#2856 = ORIENTED_EDGE('',*,*,#2857,.F.);
#2857 = EDGE_CURVE('',#2848,#2826,#2858,.T.);
#2858 = LINE('',#2859,#2860);
#2859 = CARTESIAN_POINT('',(126.7272,191.75,-2.5));
#2860 = VECTOR('',#2861,1.);
#2861 = DIRECTION('',(1.,0.,-0.));
#2862 = PLANE('',#2863);
#2863 = AXIS2_PLACEMENT_3D('',#2864,#2865,#2866);
#2864 = CARTESIAN_POINT('',(126.7272,190.9,-2.5));
#2865 = DIRECTION('',(0.,0.,1.));
#2866 = DIRECTION('',(1.,0.,-0.));
#2867 = ADVANCED_FACE('',(#2868),#2879,.T.);
#2868 = FACE_BOUND('',#2869,.T.);
#2869 = EDGE_LOOP('',(#2870,#2871,#2872,#2873));
#2870 = ORIENTED_EDGE('',*,*,#2792,.F.);
#2871 = ORIENTED_EDGE('',*,*,#2685,.T.);
#2872 = ORIENTED_EDGE('',*,*,#2847,.T.);
#2873 = ORIENTED_EDGE('',*,*,#2874,.T.);
#2874 = EDGE_CURVE('',#2848,#2793,#2875,.T.);
#2875 = LINE('',#2876,#2877);
#2876 = CARTESIAN_POINT('',(126.7272,191.75,-2.5));
#2877 = VECTOR('',#2878,1.);
#2878 = DIRECTION('',(0.,0.,1.));
#2879 = PLANE('',#2880);
#2880 = AXIS2_PLACEMENT_3D('',#2881,#2882,#2883);
#2881 = CARTESIAN_POINT('',(126.7272,190.9,-2.5));
#2882 = DIRECTION('',(1.,0.,-0.));
#2883 = DIRECTION('',(0.,0.,1.));
#2884 = ADVANCED_FACE('',(#2885,#2891),#2925,.F.);
#2885 = FACE_BOUND('',#2886,.F.);
#2886 = EDGE_LOOP('',(#2887,#2888,#2889,#2890));
#2887 = ORIENTED_EDGE('',*,*,#2857,.F.);
#2888 = ORIENTED_EDGE('',*,*,#2874,.T.);
#2889 = ORIENTED_EDGE('',*,*,#2809,.T.);
#2890 = ORIENTED_EDGE('',*,*,#2833,.F.);
#2891 = FACE_BOUND('',#2892,.F.);
#2892 = EDGE_LOOP('',(#2893,#2903,#2911,#2919));
#2893 = ORIENTED_EDGE('',*,*,#2894,.F.);
#2894 = EDGE_CURVE('',#2895,#2897,#2899,.T.);
#2895 = VERTEX_POINT('',#2896);
#2896 = CARTESIAN_POINT('',(127.3272,191.75,1.9));
#2897 = VERTEX_POINT('',#2898);
#2898 = CARTESIAN_POINT('',(131.1272,191.75,1.9));
#2899 = LINE('',#2900,#2901);
#2900 = CARTESIAN_POINT('',(127.0272,191.75,1.9));
#2901 = VECTOR('',#2902,1.);
#2902 = DIRECTION('',(1.,0.,-0.));
#2903 = ORIENTED_EDGE('',*,*,#2904,.T.);
#2904 = EDGE_CURVE('',#2895,#2905,#2907,.T.);
#2905 = VERTEX_POINT('',#2906);
#2906 = CARTESIAN_POINT('',(127.3272,191.75,-1.9));
#2907 = LINE('',#2908,#2909);
#2908 = CARTESIAN_POINT('',(127.3272,191.75,-2.2));
#2909 = VECTOR('',#2910,1.);
#2910 = DIRECTION('',(-0.,0.,-1.));
#2911 = ORIENTED_EDGE('',*,*,#2912,.T.);
#2912 = EDGE_CURVE('',#2905,#2913,#2915,.T.);
#2913 = VERTEX_POINT('',#2914);
#2914 = CARTESIAN_POINT('',(131.1272,191.75,-1.9));
#2915 = LINE('',#2916,#2917);
#2916 = CARTESIAN_POINT('',(127.0272,191.75,-1.9));
#2917 = VECTOR('',#2918,1.);
#2918 = DIRECTION('',(1.,0.,-0.));
#2919 = ORIENTED_EDGE('',*,*,#2920,.F.);
#2920 = EDGE_CURVE('',#2897,#2913,#2921,.T.);
#2921 = LINE('',#2922,#2923);
#2922 = CARTESIAN_POINT('',(131.1272,191.75,-2.2));
#2923 = VECTOR('',#2924,1.);
#2924 = DIRECTION('',(-0.,0.,-1.));
#2925 = PLANE('',#2926);
#2926 = AXIS2_PLACEMENT_3D('',#2927,#2928,#2929);
#2927 = CARTESIAN_POINT('',(126.7272,191.75,-2.5));
#2928 = DIRECTION('',(-0.,1.,0.));
#2929 = DIRECTION('',(0.,0.,1.));
#2930 = ADVANCED_FACE('',(#2931),#2956,.F.);
#2931 = FACE_BOUND('',#2932,.F.);
#2932 = EDGE_LOOP('',(#2933,#2941,#2942,#2950));
#2933 = ORIENTED_EDGE('',*,*,#2934,.F.);
#2934 = EDGE_CURVE('',#2895,#2935,#2937,.T.);
#2935 = VERTEX_POINT('',#2936);
#2936 = CARTESIAN_POINT('',(127.3272,193.8,1.9));
#2937 = LINE('',#2938,#2939);
#2938 = CARTESIAN_POINT('',(127.3272,191.7,1.9));
#2939 = VECTOR('',#2940,1.);
#2940 = DIRECTION('',(-0.,1.,0.));
#2941 = ORIENTED_EDGE('',*,*,#2894,.T.);
#2942 = ORIENTED_EDGE('',*,*,#2943,.T.);
#2943 = EDGE_CURVE('',#2897,#2944,#2946,.T.);
#2944 = VERTEX_POINT('',#2945);
#2945 = CARTESIAN_POINT('',(131.1272,193.8,1.9));
#2946 = LINE('',#2947,#2948);
#2947 = CARTESIAN_POINT('',(131.1272,191.7,1.9));
#2948 = VECTOR('',#2949,1.);
#2949 = DIRECTION('',(-0.,1.,0.));
#2950 = ORIENTED_EDGE('',*,*,#2951,.F.);
#2951 = EDGE_CURVE('',#2935,#2944,#2952,.T.);
#2952 = LINE('',#2953,#2954);
#2953 = CARTESIAN_POINT('',(127.3272,193.8,1.9));
#2954 = VECTOR('',#2955,1.);
#2955 = DIRECTION('',(1.,0.,-0.));
#2956 = PLANE('',#2957);
#2957 = AXIS2_PLACEMENT_3D('',#2958,#2959,#2960);
#2958 = CARTESIAN_POINT('',(127.3272,191.7,1.9));
#2959 = DIRECTION('',(0.,0.,1.));
#2960 = DIRECTION('',(1.,0.,-0.));
#2961 = ADVANCED_FACE('',(#2962),#2980,.F.);
#2962 = FACE_BOUND('',#2963,.F.);
#2963 = EDGE_LOOP('',(#2964,#2965,#2966,#2974));
#2964 = ORIENTED_EDGE('',*,*,#2943,.F.);
#2965 = ORIENTED_EDGE('',*,*,#2920,.T.);
#2966 = ORIENTED_EDGE('',*,*,#2967,.T.);
#2967 = EDGE_CURVE('',#2913,#2968,#2970,.T.);
#2968 = VERTEX_POINT('',#2969);
#2969 = CARTESIAN_POINT('',(131.1272,193.8,-1.9));
#2970 = LINE('',#2971,#2972);
#2971 = CARTESIAN_POINT('',(131.1272,191.7,-1.9));
#2972 = VECTOR('',#2973,1.);
#2973 = DIRECTION('',(-0.,1.,0.));
#2974 = ORIENTED_EDGE('',*,*,#2975,.T.);
#2975 = EDGE_CURVE('',#2968,#2944,#2976,.T.);
#2976 = LINE('',#2977,#2978);
#2977 = CARTESIAN_POINT('',(131.1272,193.8,-1.9));
#2978 = VECTOR('',#2979,1.);
#2979 = DIRECTION('',(0.,0.,1.));
#2980 = PLANE('',#2981);
#2981 = AXIS2_PLACEMENT_3D('',#2982,#2983,#2984);
#2982 = CARTESIAN_POINT('',(131.1272,191.7,-1.9));
#2983 = DIRECTION('',(1.,0.,-0.));
#2984 = DIRECTION('',(0.,0.,1.));
#2985 = ADVANCED_FACE('',(#2986),#3004,.T.);
#2986 = FACE_BOUND('',#2987,.T.);
#2987 = EDGE_LOOP('',(#2988,#2996,#2997,#2998));
#2988 = ORIENTED_EDGE('',*,*,#2989,.F.);
#2989 = EDGE_CURVE('',#2905,#2990,#2992,.T.);
#2990 = VERTEX_POINT('',#2991);
#2991 = CARTESIAN_POINT('',(127.3272,193.8,-1.9));
#2992 = LINE('',#2993,#2994);
#2993 = CARTESIAN_POINT('',(127.3272,191.7,-1.9));
#2994 = VECTOR('',#2995,1.);
#2995 = DIRECTION('',(-0.,1.,0.));
#2996 = ORIENTED_EDGE('',*,*,#2912,.T.);
#2997 = ORIENTED_EDGE('',*,*,#2967,.T.);
#2998 = ORIENTED_EDGE('',*,*,#2999,.F.);
#2999 = EDGE_CURVE('',#2990,#2968,#3000,.T.);
#3000 = LINE('',#3001,#3002);
#3001 = CARTESIAN_POINT('',(127.3272,193.8,-1.9));
#3002 = VECTOR('',#3003,1.);
#3003 = DIRECTION('',(1.,0.,-0.));
#3004 = PLANE('',#3005);
#3005 = AXIS2_PLACEMENT_3D('',#3006,#3007,#3008);
#3006 = CARTESIAN_POINT('',(127.3272,191.7,-1.9));
#3007 = DIRECTION('',(0.,0.,1.));
#3008 = DIRECTION('',(1.,0.,-0.));
#3009 = ADVANCED_FACE('',(#3010),#3021,.T.);
#3010 = FACE_BOUND('',#3011,.T.);
#3011 = EDGE_LOOP('',(#3012,#3013,#3014,#3015));
#3012 = ORIENTED_EDGE('',*,*,#2934,.F.);
#3013 = ORIENTED_EDGE('',*,*,#2904,.T.);
#3014 = ORIENTED_EDGE('',*,*,#2989,.T.);
#3015 = ORIENTED_EDGE('',*,*,#3016,.T.);
#3016 = EDGE_CURVE('',#2990,#2935,#3017,.T.);
#3017 = LINE('',#3018,#3019);
#3018 = CARTESIAN_POINT('',(127.3272,193.8,-1.9));
#3019 = VECTOR('',#3020,1.);
#3020 = DIRECTION('',(0.,0.,1.));
#3021 = PLANE('',#3022);
#3022 = AXIS2_PLACEMENT_3D('',#3023,#3024,#3025);
#3023 = CARTESIAN_POINT('',(127.3272,191.7,-1.9));
#3024 = DIRECTION('',(1.,0.,-0.));
#3025 = DIRECTION('',(0.,0.,1.));
#3026 = ADVANCED_FACE('',(#3027),#3033,.F.);
#3027 = FACE_BOUND('',#3028,.F.);
#3028 = EDGE_LOOP('',(#3029,#3030,#3031,#3032));
#3029 = ORIENTED_EDGE('',*,*,#2999,.F.);
#3030 = ORIENTED_EDGE('',*,*,#3016,.T.);
#3031 = ORIENTED_EDGE('',*,*,#2951,.T.);
#3032 = ORIENTED_EDGE('',*,*,#2975,.F.);
#3033 = PLANE('',#3034);
#3034 = AXIS2_PLACEMENT_3D('',#3035,#3036,#3037);
#3035 = CARTESIAN_POINT('',(127.3272,193.8,-1.9));
#3036 = DIRECTION('',(-0.,1.,0.));
#3037 = DIRECTION('',(0.,0.,1.));
#3038 = ( GEOMETRIC_REPRESENTATION_CONTEXT(3) 
GLOBAL_UNCERTAINTY_ASSIGNED_CONTEXT((#3042)) 
GLOBAL_UNIT_ASSIGNED_CONTEXT((#3039,#3040,#3041)) REPRESENTATION_CONTEXT
('Context #1','3D Context with UNIT and UNCERTAINTY') );
#3039 = ( LENGTH_UNIT() NAMED_UNIT(*) SI_UNIT(.MILLI.,.METRE.) );
#3040 = ( NAMED_UNIT(*) PLANE_ANGLE_UNIT() SI_UNIT($,.RADIAN.) );
#3041 = ( NAMED_UNIT(*) SI_UNIT($,.STERADIAN.) SOLID_ANGLE_UNIT() );
#3042 = UNCERTAINTY_MEASURE_WITH_UNIT(LENGTH_MEASURE(1.E-07),#3039,
  'distance_accuracy_value','confusion accuracy');
#3043 = CONTEXT_DEPENDENT_SHAPE_REPRESENTATION(#3044,#3046);
#3044 = ( REPRESENTATION_RELATIONSHIP('','',#2603,#10) 
REPRESENTATION_RELATIONSHIP_WITH_TRANSFORMATION(#3045) 
SHAPE_REPRESENTATION_RELATIONSHIP() );
#3045 = ITEM_DEFINED_TRANSFORMATION('','',#11,#39);
#3046 = PRODUCT_DEFINITION_SHAPE('Placement','Placement of an item',
  #3047);
#3047 = NEXT_ASSEMBLY_USAGE_OCCURRENCE('7','Tile0_Coupler','',#5,#2598,$
  );
#3048 = PRODUCT_RELATED_PRODUCT_CATEGORY('part',$,(#2600));
#3049 = SHAPE_DEFINITION_REPRESENTATION(#3050,#3056);
#3050 = PRODUCT_DEFINITION_SHAPE('','',#3051);
#3051 = PRODUCT_DEFINITION('design','',#3052,#3055);
#3052 = PRODUCT_DEFINITION_FORMATION('','',#3053);
#3053 = PRODUCT('Tile0_SiPM','Tile0_SiPM','',(#3054));
#3054 = PRODUCT_CONTEXT('',#2,'mechanical');
#3055 = PRODUCT_DEFINITION_CONTEXT('part definition',#2,'design');
#3056 = ADVANCED_BREP_SHAPE_REPRESENTATION('',(#11,#3057),#3207);
#3057 = MANIFOLD_SOLID_BREP('',#3058);
#3058 = CLOSED_SHELL('',(#3059,#3099,#3139,#3161,#3183,#3195));
#3059 = ADVANCED_FACE('',(#3060),#3094,.F.);
#3060 = FACE_BOUND('',#3061,.F.);
#3061 = EDGE_LOOP('',(#3062,#3072,#3080,#3088));
#3062 = ORIENTED_EDGE('',*,*,#3063,.F.);
#3063 = EDGE_CURVE('',#3064,#3066,#3068,.T.);
#3064 = VERTEX_POINT('',#3065);
#3065 = CARTESIAN_POINT('',(127.7272,191.75,-1.5));
#3066 = VERTEX_POINT('',#3067);
#3067 = CARTESIAN_POINT('',(127.7272,191.75,1.5));
#3068 = LINE('',#3069,#3070);
#3069 = CARTESIAN_POINT('',(127.7272,191.75,-1.5));
#3070 = VECTOR('',#3071,1.);
#3071 = DIRECTION('',(0.,0.,1.));
#3072 = ORIENTED_EDGE('',*,*,#3073,.T.);
#3073 = EDGE_CURVE('',#3064,#3074,#3076,.T.);
#3074 = VERTEX_POINT('',#3075);
#3075 = CARTESIAN_POINT('',(127.7272,193.25,-1.5));
#3076 = LINE('',#3077,#3078);
#3077 = CARTESIAN_POINT('',(127.7272,191.75,-1.5));
#3078 = VECTOR('',#3079,1.);
#3079 = DIRECTION('',(-0.,1.,0.));
#3080 = ORIENTED_EDGE('',*,*,#3081,.T.);
#3081 = EDGE_CURVE('',#3074,#3082,#3084,.T.);
#3082 = VERTEX_POINT('',#3083);
#3083 = CARTESIAN_POINT('',(127.7272,193.25,1.5));
#3084 = LINE('',#3085,#3086);
#3085 = CARTESIAN_POINT('',(127.7272,193.25,-1.5));
#3086 = VECTOR('',#3087,1.);
#3087 = DIRECTION('',(0.,0.,1.));
#3088 = ORIENTED_EDGE('',*,*,#3089,.F.);
#3089 = EDGE_CURVE('',#3066,#3082,#3090,.T.);
#3090 = LINE('',#3091,#3092);
#3091 = CARTESIAN_POINT('',(127.7272,191.75,1.5));
#3092 = VECTOR('',#3093,1.);
#3093 = DIRECTION('',(-0.,1.,0.));
#3094 = PLANE('',#3095);
#3095 = AXIS2_PLACEMENT_3D('',#3096,#3097,#3098);
#3096 = CARTESIAN_POINT('',(127.7272,191.75,-1.5));
#3097 = DIRECTION('',(1.,0.,-0.));
#3098 = DIRECTION('',(0.,0.,1.));
#3099 = ADVANCED_FACE('',(#3100),#3134,.T.);
#3100 = FACE_BOUND('',#3101,.T.);
#3101 = EDGE_LOOP('',(#3102,#3112,#3120,#3128));
#3102 = ORIENTED_EDGE('',*,*,#3103,.F.);
#3103 = EDGE_CURVE('',#3104,#3106,#3108,.T.);
#3104 = VERTEX_POINT('',#3105);
#3105 = CARTESIAN_POINT('',(130.7272,191.75,-1.5));
#3106 = VERTEX_POINT('',#3107);
#3107 = CARTESIAN_POINT('',(130.7272,191.75,1.5));
#3108 = LINE('',#3109,#3110);
#3109 = CARTESIAN_POINT('',(130.7272,191.75,-1.5));
#3110 = VECTOR('',#3111,1.);
#3111 = DIRECTION('',(0.,0.,1.));
#3112 = ORIENTED_EDGE('',*,*,#3113,.T.);
#3113 = EDGE_CURVE('',#3104,#3114,#3116,.T.);
#3114 = VERTEX_POINT('',#3115);
#3115 = CARTESIAN_POINT('',(130.7272,193.25,-1.5));
#3116 = LINE('',#3117,#3118);
#3117 = CARTESIAN_POINT('',(130.7272,191.75,-1.5));
#3118 = VECTOR('',#3119,1.);
#3119 = DIRECTION('',(-0.,1.,0.));
#3120 = ORIENTED_EDGE('',*,*,#3121,.T.);
#3121 = EDGE_CURVE('',#3114,#3122,#3124,.T.);
#3122 = VERTEX_POINT('',#3123);
#3123 = CARTESIAN_POINT('',(130.7272,193.25,1.5));
#3124 = LINE('',#3125,#3126);
#3125 = CARTESIAN_POINT('',(130.7272,193.25,-1.5));
#3126 = VECTOR('',#3127,1.);
#3127 = DIRECTION('',(0.,0.,1.));
#3128 = ORIENTED_EDGE('',*,*,#3129,.F.);
#3129 = EDGE_CURVE('',#3106,#3122,#3130,.T.);
#3130 = LINE('',#3131,#3132);
#3131 = CARTESIAN_POINT('',(130.7272,191.75,1.5));
#3132 = VECTOR('',#3133,1.);
#3133 = DIRECTION('',(-0.,1.,0.));
#3134 = PLANE('',#3135);
#3135 = AXIS2_PLACEMENT_3D('',#3136,#3137,#3138);
#3136 = CARTESIAN_POINT('',(130.7272,191.75,-1.5));
#3137 = DIRECTION('',(1.,0.,-0.));
#3138 = DIRECTION('',(0.,0.,1.));
#3139 = ADVANCED_FACE('',(#3140),#3156,.F.);
#3140 = FACE_BOUND('',#3141,.F.);
#3141 = EDGE_LOOP('',(#3142,#3148,#3149,#3155));
#3142 = ORIENTED_EDGE('',*,*,#3143,.F.);
#3143 = EDGE_CURVE('',#3064,#3104,#3144,.T.);
#3144 = LINE('',#3145,#3146);
#3145 = CARTESIAN_POINT('',(127.7272,191.75,-1.5));
#3146 = VECTOR('',#3147,1.);
#3147 = DIRECTION('',(1.,0.,-0.));
#3148 = ORIENTED_EDGE('',*,*,#3063,.T.);
#3149 = ORIENTED_EDGE('',*,*,#3150,.T.);
#3150 = EDGE_CURVE('',#3066,#3106,#3151,.T.);
#3151 = LINE('',#3152,#3153);
#3152 = CARTESIAN_POINT('',(127.7272,191.75,1.5));
#3153 = VECTOR('',#3154,1.);
#3154 = DIRECTION('',(1.,0.,-0.));
#3155 = ORIENTED_EDGE('',*,*,#3103,.F.);
#3156 = PLANE('',#3157);
#3157 = AXIS2_PLACEMENT_3D('',#3158,#3159,#3160);
#3158 = CARTESIAN_POINT('',(127.7272,191.75,-1.5));
#3159 = DIRECTION('',(-0.,1.,0.));
#3160 = DIRECTION('',(0.,0.,1.));
#3161 = ADVANCED_FACE('',(#3162),#3178,.T.);
#3162 = FACE_BOUND('',#3163,.T.);
#3163 = EDGE_LOOP('',(#3164,#3170,#3171,#3177));
#3164 = ORIENTED_EDGE('',*,*,#3165,.F.);
#3165 = EDGE_CURVE('',#3074,#3114,#3166,.T.);
#3166 = LINE('',#3167,#3168);
#3167 = CARTESIAN_POINT('',(127.7272,193.25,-1.5));
#3168 = VECTOR('',#3169,1.);
#3169 = DIRECTION('',(1.,0.,-0.));
#3170 = ORIENTED_EDGE('',*,*,#3081,.T.);
#3171 = ORIENTED_EDGE('',*,*,#3172,.T.);
#3172 = EDGE_CURVE('',#3082,#3122,#3173,.T.);
#3173 = LINE('',#3174,#3175);
#3174 = CARTESIAN_POINT('',(127.7272,193.25,1.5));
#3175 = VECTOR('',#3176,1.);
#3176 = DIRECTION('',(1.,0.,-0.));
#3177 = ORIENTED_EDGE('',*,*,#3121,.F.);
#3178 = PLANE('',#3179);
#3179 = AXIS2_PLACEMENT_3D('',#3180,#3181,#3182);
#3180 = CARTESIAN_POINT('',(127.7272,193.25,-1.5));
#3181 = DIRECTION('',(-0.,1.,0.));
#3182 = DIRECTION('',(0.,0.,1.));
#3183 = ADVANCED_FACE('',(#3184),#3190,.F.);
#3184 = FACE_BOUND('',#3185,.F.);
#3185 = EDGE_LOOP('',(#3186,#3187,#3188,#3189));
#3186 = ORIENTED_EDGE('',*,*,#3073,.F.);
#3187 = ORIENTED_EDGE('',*,*,#3143,.T.);
#3188 = ORIENTED_EDGE('',*,*,#3113,.T.);
#3189 = ORIENTED_EDGE('',*,*,#3165,.F.);
#3190 = PLANE('',#3191);
#3191 = AXIS2_PLACEMENT_3D('',#3192,#3193,#3194);
#3192 = CARTESIAN_POINT('',(127.7272,191.75,-1.5));
#3193 = DIRECTION('',(0.,0.,1.));
#3194 = DIRECTION('',(1.,0.,-0.));
#3195 = ADVANCED_FACE('',(#3196),#3202,.T.);
#3196 = FACE_BOUND('',#3197,.T.);
#3197 = EDGE_LOOP('',(#3198,#3199,#3200,#3201));
#3198 = ORIENTED_EDGE('',*,*,#3089,.F.);
#3199 = ORIENTED_EDGE('',*,*,#3150,.T.);
#3200 = ORIENTED_EDGE('',*,*,#3129,.T.);
#3201 = ORIENTED_EDGE('',*,*,#3172,.F.);
#3202 = PLANE('',#3203);
#3203 = AXIS2_PLACEMENT_3D('',#3204,#3205,#3206);
#3204 = CARTESIAN_POINT('',(127.7272,191.75,1.5));
#3205 = DIRECTION('',(0.,0.,1.));
#3206 = DIRECTION('',(1.,0.,-0.));
#3207 = ( GEOMETRIC_REPRESENTATION_CONTEXT(3) 
GLOBAL_UNCERTAINTY_ASSIGNED_CONTEXT((#3211)) 
GLOBAL_UNIT_ASSIGNED_CONTEXT((#3208,#3209,#3210)) REPRESENTATION_CONTEXT
('Context #1','3D Context with UNIT and UNCERTAINTY') );
#3208 = ( LENGTH_UNIT() NAMED_UNIT(*) SI_UNIT(.MILLI.,.METRE.) );
#3209 = ( NAMED_UNIT(*) PLANE_ANGLE_UNIT() SI_UNIT($,.RADIAN.) );
#3210 = ( NAMED_UNIT(*) SI_UNIT($,.STERADIAN.) SOLID_ANGLE_UNIT() );
#3211 = UNCERTAINTY_MEASURE_WITH_UNIT(LENGTH_MEASURE(1.E-07),#3208,
  'distance_accuracy_value','confusion accuracy');
#3212 = CONTEXT_DEPENDENT_SHAPE_REPRESENTATION(#3213,#3215);
#3213 = ( REPRESENTATION_RELATIONSHIP('','',#3056,#10) 
REPRESENTATION_RELATIONSHIP_WITH_TRANSFORMATION(#3214) 
SHAPE_REPRESENTATION_RELATIONSHIP() );
#3214 = ITEM_DEFINED_TRANSFORMATION('','',#11,#43);
#3215 = PRODUCT_DEFINITION_SHAPE('Placement','Placement of an item',
  #3216);
#3216 = NEXT_ASSEMBLY_USAGE_OCCURRENCE('8','Tile0_SiPM','',#5,#3051,$);
#3217 = PRODUCT_RELATED_PRODUCT_CATEGORY('part',$,(#3053));
#3218 = SHAPE_DEFINITION_REPRESENTATION(#3219,#3225);
#3219 = PRODUCT_DEFINITION_SHAPE('','',#3220);
#3220 = PRODUCT_DEFINITION('design','',#3221,#3224);
#3221 = PRODUCT_DEFINITION_FORMATION('','',#3222);
#3222 = PRODUCT('Tile0_SiPM_PCB','Tile0_SiPM_PCB','',(#3223));
#3223 = PRODUCT_CONTEXT('',#2,'mechanical');
#3224 = PRODUCT_DEFINITION_CONTEXT('part definition',#2,'design');
#3225 = ADVANCED_BREP_SHAPE_REPRESENTATION('',(#11,#3226),#3376);
#3226 = MANIFOLD_SOLID_BREP('',#3227);
#3227 = CLOSED_SHELL('',(#3228,#3268,#3308,#3330,#3352,#3364));
#3228 = ADVANCED_FACE('',(#3229),#3263,.F.);
#3229 = FACE_BOUND('',#3230,.F.);
#3230 = EDGE_LOOP('',(#3231,#3241,#3249,#3257));
#3231 = ORIENTED_EDGE('',*,*,#3232,.F.);
#3232 = EDGE_CURVE('',#3233,#3235,#3237,.T.);
#3233 = VERTEX_POINT('',#3234);
#3234 = CARTESIAN_POINT('',(117.2272,197.,-6.));
#3235 = VERTEX_POINT('',#3236);
#3236 = CARTESIAN_POINT('',(117.2272,197.,6.));
#3237 = LINE('',#3238,#3239);
#3238 = CARTESIAN_POINT('',(117.2272,197.,-6.));
#3239 = VECTOR('',#3240,1.);
#3240 = DIRECTION('',(0.,0.,1.));
#3241 = ORIENTED_EDGE('',*,*,#3242,.T.);
#3242 = EDGE_CURVE('',#3233,#3243,#3245,.T.);
#3243 = VERTEX_POINT('',#3244);
#3244 = CARTESIAN_POINT('',(117.2272,198.6,-6.));
#3245 = LINE('',#3246,#3247);
#3246 = CARTESIAN_POINT('',(117.2272,197.,-6.));
#3247 = VECTOR('',#3248,1.);
#3248 = DIRECTION('',(-0.,1.,0.));
#3249 = ORIENTED_EDGE('',*,*,#3250,.T.);
#3250 = EDGE_CURVE('',#3243,#3251,#3253,.T.);
#3251 = VERTEX_POINT('',#3252);
#3252 = CARTESIAN_POINT('',(117.2272,198.6,6.));
#3253 = LINE('',#3254,#3255);
#3254 = CARTESIAN_POINT('',(117.2272,198.6,-6.));
#3255 = VECTOR('',#3256,1.);
#3256 = DIRECTION('',(0.,0.,1.));
#3257 = ORIENTED_EDGE('',*,*,#3258,.F.);
#3258 = EDGE_CURVE('',#3235,#3251,#3259,.T.);
#3259 = LINE('',#3260,#3261);
#3260 = CARTESIAN_POINT('',(117.2272,197.,6.));
#3261 = VECTOR('',#3262,1.);
#3262 = DIRECTION('',(-0.,1.,0.));
#3263 = PLANE('',#3264);
#3264 = AXIS2_PLACEMENT_3D('',#3265,#3266,#3267);
#3265 = CARTESIAN_POINT('',(117.2272,197.,-6.));
#3266 = DIRECTION('',(1.,0.,-0.));
#3267 = DIRECTION('',(0.,0.,1.));
#3268 = ADVANCED_FACE('',(#3269),#3303,.T.);
#3269 = FACE_BOUND('',#3270,.T.);
#3270 = EDGE_LOOP('',(#3271,#3281,#3289,#3297));
#3271 = ORIENTED_EDGE('',*,*,#3272,.F.);
#3272 = EDGE_CURVE('',#3273,#3275,#3277,.T.);
#3273 = VERTEX_POINT('',#3274);
#3274 = CARTESIAN_POINT('',(141.2272,197.,-6.));
#3275 = VERTEX_POINT('',#3276);
#3276 = CARTESIAN_POINT('',(141.2272,197.,6.));
#3277 = LINE('',#3278,#3279);
#3278 = CARTESIAN_POINT('',(141.2272,197.,-6.));
#3279 = VECTOR('',#3280,1.);
#3280 = DIRECTION('',(0.,0.,1.));
#3281 = ORIENTED_EDGE('',*,*,#3282,.T.);
#3282 = EDGE_CURVE('',#3273,#3283,#3285,.T.);
#3283 = VERTEX_POINT('',#3284);
#3284 = CARTESIAN_POINT('',(141.2272,198.6,-6.));
#3285 = LINE('',#3286,#3287);
#3286 = CARTESIAN_POINT('',(141.2272,197.,-6.));
#3287 = VECTOR('',#3288,1.);
#3288 = DIRECTION('',(-0.,1.,0.));
#3289 = ORIENTED_EDGE('',*,*,#3290,.T.);
#3290 = EDGE_CURVE('',#3283,#3291,#3293,.T.);
#3291 = VERTEX_POINT('',#3292);
#3292 = CARTESIAN_POINT('',(141.2272,198.6,6.));
#3293 = LINE('',#3294,#3295);
#3294 = CARTESIAN_POINT('',(141.2272,198.6,-6.));
#3295 = VECTOR('',#3296,1.);
#3296 = DIRECTION('',(0.,0.,1.));
#3297 = ORIENTED_EDGE('',*,*,#3298,.F.);
#3298 = EDGE_CURVE('',#3275,#3291,#3299,.T.);
#3299 = LINE('',#3300,#3301);
#3300 = CARTESIAN_POINT('',(141.2272,197.,6.));
#3301 = VECTOR('',#3302,1.);
#3302 = DIRECTION('',(-0.,1.,0.));
#3303 = PLANE('',#3304);
#3304 = AXIS2_PLACEMENT_3D('',#3305,#3306,#3307);
#3305 = CARTESIAN_POINT('',(141.2272,197.,-6.));
#3306 = DIRECTION('',(1.,0.,-0.));
#3307 = DIRECTION('',(0.,0.,1.));
#3308 = ADVANCED_FACE('',(#3309),#3325,.F.);
#3309 = FACE_BOUND('',#3310,.F.);
#3310 = EDGE_LOOP('',(#3311,#3317,#3318,#3324));
#3311 = ORIENTED_EDGE('',*,*,#3312,.F.);
#3312 = EDGE_CURVE('',#3233,#3273,#3313,.T.);
#3313 = LINE('',#3314,#3315);
#3314 = CARTESIAN_POINT('',(117.2272,197.,-6.));
#3315 = VECTOR('',#3316,1.);
#3316 = DIRECTION('',(1.,0.,-0.));
#3317 = ORIENTED_EDGE('',*,*,#3232,.T.);
#3318 = ORIENTED_EDGE('',*,*,#3319,.T.);
#3319 = EDGE_CURVE('',#3235,#3275,#3320,.T.);
#3320 = LINE('',#3321,#3322);
#3321 = CARTESIAN_POINT('',(117.2272,197.,6.));
#3322 = VECTOR('',#3323,1.);
#3323 = DIRECTION('',(1.,0.,-0.));
#3324 = ORIENTED_EDGE('',*,*,#3272,.F.);
#3325 = PLANE('',#3326);
#3326 = AXIS2_PLACEMENT_3D('',#3327,#3328,#3329);
#3327 = CARTESIAN_POINT('',(117.2272,197.,-6.));
#3328 = DIRECTION('',(-0.,1.,0.));
#3329 = DIRECTION('',(0.,0.,1.));
#3330 = ADVANCED_FACE('',(#3331),#3347,.T.);
#3331 = FACE_BOUND('',#3332,.T.);
#3332 = EDGE_LOOP('',(#3333,#3339,#3340,#3346));
#3333 = ORIENTED_EDGE('',*,*,#3334,.F.);
#3334 = EDGE_CURVE('',#3243,#3283,#3335,.T.);
#3335 = LINE('',#3336,#3337);
#3336 = CARTESIAN_POINT('',(117.2272,198.6,-6.));
#3337 = VECTOR('',#3338,1.);
#3338 = DIRECTION('',(1.,0.,-0.));
#3339 = ORIENTED_EDGE('',*,*,#3250,.T.);
#3340 = ORIENTED_EDGE('',*,*,#3341,.T.);
#3341 = EDGE_CURVE('',#3251,#3291,#3342,.T.);
#3342 = LINE('',#3343,#3344);
#3343 = CARTESIAN_POINT('',(117.2272,198.6,6.));
#3344 = VECTOR('',#3345,1.);
#3345 = DIRECTION('',(1.,0.,-0.));
#3346 = ORIENTED_EDGE('',*,*,#3290,.F.);
#3347 = PLANE('',#3348);
#3348 = AXIS2_PLACEMENT_3D('',#3349,#3350,#3351);
#3349 = CARTESIAN_POINT('',(117.2272,198.6,-6.));
#3350 = DIRECTION('',(-0.,1.,0.));
#3351 = DIRECTION('',(0.,0.,1.));
#3352 = ADVANCED_FACE('',(#3353),#3359,.F.);
#3353 = FACE_BOUND('',#3354,.F.);
#3354 = EDGE_LOOP('',(#3355,#3356,#3357,#3358));
#3355 = ORIENTED_EDGE('',*,*,#3242,.F.);
#3356 = ORIENTED_EDGE('',*,*,#3312,.T.);
#3357 = ORIENTED_EDGE('',*,*,#3282,.T.);
#3358 = ORIENTED_EDGE('',*,*,#3334,.F.);
#3359 = PLANE('',#3360);
#3360 = AXIS2_PLACEMENT_3D('',#3361,#3362,#3363);
#3361 = CARTESIAN_POINT('',(117.2272,197.,-6.));
#3362 = DIRECTION('',(0.,0.,1.));
#3363 = DIRECTION('',(1.,0.,-0.));
#3364 = ADVANCED_FACE('',(#3365),#3371,.T.);
#3365 = FACE_BOUND('',#3366,.T.);
#3366 = EDGE_LOOP('',(#3367,#3368,#3369,#3370));
#3367 = ORIENTED_EDGE('',*,*,#3258,.F.);
#3368 = ORIENTED_EDGE('',*,*,#3319,.T.);
#3369 = ORIENTED_EDGE('',*,*,#3298,.T.);
#3370 = ORIENTED_EDGE('',*,*,#3341,.F.);
#3371 = PLANE('',#3372);
#3372 = AXIS2_PLACEMENT_3D('',#3373,#3374,#3375);
#3373 = CARTESIAN_POINT('',(117.2272,197.,6.));
#3374 = DIRECTION('',(0.,0.,1.));
#3375 = DIRECTION('',(1.,0.,-0.));
#3376 = ( GEOMETRIC_REPRESENTATION_CONTEXT(3) 
GLOBAL_UNCERTAINTY_ASSIGNED_CONTEXT((#3380)) 
GLOBAL_UNIT_ASSIGNED_CONTEXT((#3377,#3378,#3379)) REPRESENTATION_CONTEXT
('Context #1','3D Context with UNIT and UNCERTAINTY') );
#3377 = ( LENGTH_UNIT() NAMED_UNIT(*) SI_UNIT(.MILLI.,.METRE.) );
#3378 = ( NAMED_UNIT(*) PLANE_ANGLE_UNIT() SI_UNIT($,.RADIAN.) );
#3379 = ( NAMED_UNIT(*) SI_UNIT($,.STERADIAN.) SOLID_ANGLE_UNIT() );
#3380 = UNCERTAINTY_MEASURE_WITH_UNIT(LENGTH_MEASURE(1.E-07),#3377,
  'distance_accuracy_value','confusion accuracy');
#3381 = CONTEXT_DEPENDENT_SHAPE_REPRESENTATION(#3382,#3384);
#3382 = ( REPRESENTATION_RELATIONSHIP('','',#3225,#10) 
REPRESENTATION_RELATIONSHIP_WITH_TRANSFORMATION(#3383) 
SHAPE_REPRESENTATION_RELATIONSHIP() );
#3383 = ITEM_DEFINED_TRANSFORMATION('','',#11,#47);
#3384 = PRODUCT_DEFINITION_SHAPE('Placement','Placement of an item',
  #3385);
#3385 = NEXT_ASSEMBLY_USAGE_OCCURRENCE('9','Tile0_SiPM_PCB','',#5,#3220,
  $);
#3386 = PRODUCT_RELATED_PRODUCT_CATEGORY('part',$,(#3222));
#3387 = SHAPE_DEFINITION_REPRESENTATION(#3388,#3394);
#3388 = PRODUCT_DEFINITION_SHAPE('','',#3389);
#3389 = PRODUCT_DEFINITION('design','',#3390,#3393);
#3390 = PRODUCT_DEFINITION_FORMATION('','',#3391);
#3391 = PRODUCT('Tile0_UFL','Tile0_UFL','',(#3392));
#3392 = PRODUCT_CONTEXT('',#2,'mechanical');
#3393 = PRODUCT_DEFINITION_CONTEXT('part definition',#2,'design');
#3394 = ADVANCED_BREP_SHAPE_REPRESENTATION('',(#11,#3395),#3545);
#3395 = MANIFOLD_SOLID_BREP('',#3396);
#3396 = CLOSED_SHELL('',(#3397,#3437,#3477,#3499,#3521,#3533));
#3397 = ADVANCED_FACE('',(#3398),#3432,.F.);
#3398 = FACE_BOUND('',#3399,.F.);
#3399 = EDGE_LOOP('',(#3400,#3410,#3418,#3426));
#3400 = ORIENTED_EDGE('',*,*,#3401,.F.);
#3401 = EDGE_CURVE('',#3402,#3404,#3406,.T.);
#3402 = VERTEX_POINT('',#3403);
#3403 = CARTESIAN_POINT('',(127.7272,198.6,-1.3));
#3404 = VERTEX_POINT('',#3405);
#3405 = CARTESIAN_POINT('',(127.7272,198.6,1.3));
#3406 = LINE('',#3407,#3408);
#3407 = CARTESIAN_POINT('',(127.7272,198.6,-1.3));
#3408 = VECTOR('',#3409,1.);
#3409 = DIRECTION('',(0.,0.,1.));
#3410 = ORIENTED_EDGE('',*,*,#3411,.T.);
#3411 = EDGE_CURVE('',#3402,#3412,#3414,.T.);
#3412 = VERTEX_POINT('',#3413);
#3413 = CARTESIAN_POINT('',(127.7272,199.85,-1.3));
#3414 = LINE('',#3415,#3416);
#3415 = CARTESIAN_POINT('',(127.7272,198.6,-1.3));
#3416 = VECTOR('',#3417,1.);
#3417 = DIRECTION('',(-0.,1.,0.));
#3418 = ORIENTED_EDGE('',*,*,#3419,.T.);
#3419 = EDGE_CURVE('',#3412,#3420,#3422,.T.);
#3420 = VERTEX_POINT('',#3421);
#3421 = CARTESIAN_POINT('',(127.7272,199.85,1.3));
#3422 = LINE('',#3423,#3424);
#3423 = CARTESIAN_POINT('',(127.7272,199.85,-1.3));
#3424 = VECTOR('',#3425,1.);
#3425 = DIRECTION('',(0.,0.,1.));
#3426 = ORIENTED_EDGE('',*,*,#3427,.F.);
#3427 = EDGE_CURVE('',#3404,#3420,#3428,.T.);
#3428 = LINE('',#3429,#3430);
#3429 = CARTESIAN_POINT('',(127.7272,198.6,1.3));
#3430 = VECTOR('',#3431,1.);
#3431 = DIRECTION('',(-0.,1.,0.));
#3432 = PLANE('',#3433);
#3433 = AXIS2_PLACEMENT_3D('',#3434,#3435,#3436);
#3434 = CARTESIAN_POINT('',(127.7272,198.6,-1.3));
#3435 = DIRECTION('',(1.,0.,-0.));
#3436 = DIRECTION('',(0.,0.,1.));
#3437 = ADVANCED_FACE('',(#3438),#3472,.T.);
#3438 = FACE_BOUND('',#3439,.T.);
#3439 = EDGE_LOOP('',(#3440,#3450,#3458,#3466));
#3440 = ORIENTED_EDGE('',*,*,#3441,.F.);
#3441 = EDGE_CURVE('',#3442,#3444,#3446,.T.);
#3442 = VERTEX_POINT('',#3443);
#3443 = CARTESIAN_POINT('',(130.7272,198.6,-1.3));
#3444 = VERTEX_POINT('',#3445);
#3445 = CARTESIAN_POINT('',(130.7272,198.6,1.3));
#3446 = LINE('',#3447,#3448);
#3447 = CARTESIAN_POINT('',(130.7272,198.6,-1.3));
#3448 = VECTOR('',#3449,1.);
#3449 = DIRECTION('',(0.,0.,1.));
#3450 = ORIENTED_EDGE('',*,*,#3451,.T.);
#3451 = EDGE_CURVE('',#3442,#3452,#3454,.T.);
#3452 = VERTEX_POINT('',#3453);
#3453 = CARTESIAN_POINT('',(130.7272,199.85,-1.3));
#3454 = LINE('',#3455,#3456);
#3455 = CARTESIAN_POINT('',(130.7272,198.6,-1.3));
#3456 = VECTOR('',#3457,1.);
#3457 = DIRECTION('',(-0.,1.,0.));
#3458 = ORIENTED_EDGE('',*,*,#3459,.T.);
#3459 = EDGE_CURVE('',#3452,#3460,#3462,.T.);
#3460 = VERTEX_POINT('',#3461);
#3461 = CARTESIAN_POINT('',(130.7272,199.85,1.3));
#3462 = LINE('',#3463,#3464);
#3463 = CARTESIAN_POINT('',(130.7272,199.85,-1.3));
#3464 = VECTOR('',#3465,1.);
#3465 = DIRECTION('',(0.,0.,1.));
#3466 = ORIENTED_EDGE('',*,*,#3467,.F.);
#3467 = EDGE_CURVE('',#3444,#3460,#3468,.T.);
#3468 = LINE('',#3469,#3470);
#3469 = CARTESIAN_POINT('',(130.7272,198.6,1.3));
#3470 = VECTOR('',#3471,1.);
#3471 = DIRECTION('',(-0.,1.,0.));
#3472 = PLANE('',#3473);
#3473 = AXIS2_PLACEMENT_3D('',#3474,#3475,#3476);
#3474 = CARTESIAN_POINT('',(130.7272,198.6,-1.3));
#3475 = DIRECTION('',(1.,0.,-0.));
#3476 = DIRECTION('',(0.,0.,1.));
#3477 = ADVANCED_FACE('',(#3478),#3494,.F.);
#3478 = FACE_BOUND('',#3479,.F.);
#3479 = EDGE_LOOP('',(#3480,#3486,#3487,#3493));
#3480 = ORIENTED_EDGE('',*,*,#3481,.F.);
#3481 = EDGE_CURVE('',#3402,#3442,#3482,.T.);
#3482 = LINE('',#3483,#3484);
#3483 = CARTESIAN_POINT('',(127.7272,198.6,-1.3));
#3484 = VECTOR('',#3485,1.);
#3485 = DIRECTION('',(1.,0.,-0.));
#3486 = ORIENTED_EDGE('',*,*,#3401,.T.);
#3487 = ORIENTED_EDGE('',*,*,#3488,.T.);
#3488 = EDGE_CURVE('',#3404,#3444,#3489,.T.);
#3489 = LINE('',#3490,#3491);
#3490 = CARTESIAN_POINT('',(127.7272,198.6,1.3));
#3491 = VECTOR('',#3492,1.);
#3492 = DIRECTION('',(1.,0.,-0.));
#3493 = ORIENTED_EDGE('',*,*,#3441,.F.);
#3494 = PLANE('',#3495);
#3495 = AXIS2_PLACEMENT_3D('',#3496,#3497,#3498);
#3496 = CARTESIAN_POINT('',(127.7272,198.6,-1.3));
#3497 = DIRECTION('',(-0.,1.,0.));
#3498 = DIRECTION('',(0.,0.,1.));
#3499 = ADVANCED_FACE('',(#3500),#3516,.T.);
#3500 = FACE_BOUND('',#3501,.T.);
#3501 = EDGE_LOOP('',(#3502,#3508,#3509,#3515));
#3502 = ORIENTED_EDGE('',*,*,#3503,.F.);
#3503 = EDGE_CURVE('',#3412,#3452,#3504,.T.);
#3504 = LINE('',#3505,#3506);
#3505 = CARTESIAN_POINT('',(127.7272,199.85,-1.3));
#3506 = VECTOR('',#3507,1.);
#3507 = DIRECTION('',(1.,0.,-0.));
#3508 = ORIENTED_EDGE('',*,*,#3419,.T.);
#3509 = ORIENTED_EDGE('',*,*,#3510,.T.);
#3510 = EDGE_CURVE('',#3420,#3460,#3511,.T.);
#3511 = LINE('',#3512,#3513);
#3512 = CARTESIAN_POINT('',(127.7272,199.85,1.3));
#3513 = VECTOR('',#3514,1.);
#3514 = DIRECTION('',(1.,0.,-0.));
#3515 = ORIENTED_EDGE('',*,*,#3459,.F.);
#3516 = PLANE('',#3517);
#3517 = AXIS2_PLACEMENT_3D('',#3518,#3519,#3520);
#3518 = CARTESIAN_POINT('',(127.7272,199.85,-1.3));
#3519 = DIRECTION('',(-0.,1.,0.));
#3520 = DIRECTION('',(0.,0.,1.));
#3521 = ADVANCED_FACE('',(#3522),#3528,.F.);
#3522 = FACE_BOUND('',#3523,.F.);
#3523 = EDGE_LOOP('',(#3524,#3525,#3526,#3527));
#3524 = ORIENTED_EDGE('',*,*,#3411,.F.);
#3525 = ORIENTED_EDGE('',*,*,#3481,.T.);
#3526 = ORIENTED_EDGE('',*,*,#3451,.T.);
#3527 = ORIENTED_EDGE('',*,*,#3503,.F.);
#3528 = PLANE('',#3529);
#3529 = AXIS2_PLACEMENT_3D('',#3530,#3531,#3532);
#3530 = CARTESIAN_POINT('',(127.7272,198.6,-1.3));
#3531 = DIRECTION('',(0.,0.,1.));
#3532 = DIRECTION('',(1.,0.,-0.));
#3533 = ADVANCED_FACE('',(#3534),#3540,.T.);
#3534 = FACE_BOUND('',#3535,.T.);
#3535 = EDGE_LOOP('',(#3536,#3537,#3538,#3539));
#3536 = ORIENTED_EDGE('',*,*,#3427,.F.);
#3537 = ORIENTED_EDGE('',*,*,#3488,.T.);
#3538 = ORIENTED_EDGE('',*,*,#3467,.T.);
#3539 = ORIENTED_EDGE('',*,*,#3510,.F.);
#3540 = PLANE('',#3541);
#3541 = AXIS2_PLACEMENT_3D('',#3542,#3543,#3544);
#3542 = CARTESIAN_POINT('',(127.7272,198.6,1.3));
#3543 = DIRECTION('',(0.,0.,1.));
#3544 = DIRECTION('',(1.,0.,-0.));
#3545 = ( GEOMETRIC_REPRESENTATION_CONTEXT(3) 
GLOBAL_UNCERTAINTY_ASSIGNED_CONTEXT((#3549)) 
GLOBAL_UNIT_ASSIGNED_CONTEXT((#3546,#3547,#3548)) REPRESENTATION_CONTEXT
('Context #1','3D Context with UNIT and UNCERTAINTY') );
#3546 = ( LENGTH_UNIT() NAMED_UNIT(*) SI_UNIT(.MILLI.,.METRE.) );
#3547 = ( NAMED_UNIT(*) PLANE_ANGLE_UNIT() SI_UNIT($,.RADIAN.) );
#3548 = ( NAMED_UNIT(*) SI_UNIT($,.STERADIAN.) SOLID_ANGLE_UNIT() );
#3549 = UNCERTAINTY_MEASURE_WITH_UNIT(LENGTH_MEASURE(1.E-07),#3546,
  'distance_accuracy_value','confusion accuracy');
#3550 = CONTEXT_DEPENDENT_SHAPE_REPRESENTATION(#3551,#3553);
#3551 = ( REPRESENTATION_RELATIONSHIP('','',#3394,#10) 
REPRESENTATION_RELATIONSHIP_WITH_TRANSFORMATION(#3552) 
SHAPE_REPRESENTATION_RELATIONSHIP() );
#3552 = ITEM_DEFINED_TRANSFORMATION('','',#11,#51);
#3553 = PRODUCT_DEFINITION_SHAPE('Placement','Placement of an item',
  #3554);
#3554 = NEXT_ASSEMBLY_USAGE_OCCURRENCE('10','Tile0_UFL','',#5,#3389,$);
#3555 = PRODUCT_RELATED_PRODUCT_CATEGORY('part',$,(#3391));
ENDSEC;
END-ISO-10303-21;
