ISO-10303-21;
HEADER;
FILE_DESCRIPTION(('FreeCAD Model'),'2;1');
FILE_NAME('Open CASCADE Shape Model','2026-09-30T17:58:20',('Author'),(
    ''),'Open CASCADE STEP processor 7.8','FreeCAD','Unknown');
FILE_SCHEMA(('AUTOMOTIVE_DESIGN { 1 0 10303 214 1 1 1 1 }'));
ENDSEC;
DATA;
#1 = APPLICATION_PROTOCOL_DEFINITION('international standard',
  'automotive_design',2000,#2);
#2 = APPLICATION_CONTEXT(
  'core data for automotive mechanical design processes');
#3 = SHAPE_DEFINITION_REPRESENTATION(#4,#10);
#4 = PRODUCT_DEFINITION_SHAPE('','',#5);
#5 = PRODUCT_DEFINITION('design','',#6,#9);
#6 = PRODUCT_DEFINITION_FORMATION('','',#7);
#7 = PRODUCT('Tile_0','Tile_0','',(#8));
#8 = PRODUCT_CONTEXT('',#2,'mechanical');
#9 = PRODUCT_DEFINITION_CONTEXT('part definition',#2,'design');
#10 = SHAPE_REPRESENTATION('',(#11,#15,#19,#23,#27,#31,#35,#39,#43,#47,
    #51),#55);
#11 = AXIS2_PLACEMENT_3D('',#12,#13,#14);
#12 = CARTESIAN_POINT('',(0.,0.,0.));
#13 = DIRECTION('',(0.,0.,1.));
#14 = DIRECTION('',(1.,0.,-0.));
#15 = AXIS2_PLACEMENT_3D('',#16,#17,#18);
#16 = CARTESIAN_POINT('',(0.,0.,0.));
#17 = DIRECTION('',(0.,0.,1.));
#18 = DIRECTION('',(1.,0.,0.));
#19 = AXIS2_PLACEMENT_3D('',#20,#21,#22);
#20 = CARTESIAN_POINT('',(0.,0.,0.));
#21 = DIRECTION('',(0.,0.,1.));
#22 = DIRECTION('',(1.,0.,0.));
#23 = AXIS2_PLACEMENT_3D('',#24,#25,#26);
#24 = CARTESIAN_POINT('',(0.,0.,0.));
#25 = DIRECTION('',(0.,0.,1.));
#26 = DIRECTION('',(1.,0.,0.));
#27 = AXIS2_PLACEMENT_3D('',#28,#29,#30);
#28 = CARTESIAN_POINT('',(0.,0.,0.));
#29 = DIRECTION('',(0.,0.,1.));
#30 = DIRECTION('',(1.,0.,0.));
#31 = AXIS2_PLACEMENT_3D('',#32,#33,#34);
#32 = CARTESIAN_POINT('',(0.,0.,0.));
#33 = DIRECTION('',(0.,0.,1.));
#34 = DIRECTION('',(1.,0.,0.));
#35 = AXIS2_PLACEMENT_3D('',#36,#37,#38);
#36 = CARTESIAN_POINT('',(0.,0.,0.));
#37 = DIRECTION('',(0.,0.,1.));
#38 = DIRECTION('',(1.,0.,0.));
#39 = AXIS2_PLACEMENT_3D('',#40,#41,#42);
#40 = CARTESIAN_POINT('',(0.,0.,0.));
#41 = DIRECTION('',(0.,0.,1.));
#42 = DIRECTION('',(1.,0.,0.));
#43 = AXIS2_PLACEMENT_3D('',#44,#45,#46);
#44 = CARTESIAN_POINT('',(0.,0.,0.));
#45 = DIRECTION('',(0.,0.,1.));
#46 = DIRECTION('',(1.,0.,0.));
#47 = AXIS2_PLACEMENT_3D('',#48,#49,#50);
#48 = CARTESIAN_POINT('',(0.,0.,0.));
#49 = DIRECTION('',(0.,0.,1.));
#50 = DIRECTION('',(1.,0.,0.));
#51 = AXIS2_PLACEMENT_3D('',#52,#53,#54);
#52 = CARTESIAN_POINT('',(0.,0.,0.));
#53 = DIRECTION('',(0.,0.,1.));
#54 = DIRECTION('',(1.,0.,0.));
#55 = ( GEOMETRIC_REPRESENTATION_CONTEXT(3) 
GLOBAL_UNCERTAINTY_ASSIGNED_CONTEXT((#59)) GLOBAL_UNIT_ASSIGNED_CONTEXT(
(#56,#57,#58)) REPRESENTATION_CONTEXT('Context #1',
  '3D Context with UNIT and UNCERTAINTY') );
#56 = ( LENGTH_UNIT() NAMED_UNIT(*) SI_UNIT(.MILLI.,.METRE.) );
#57 = ( NAMED_UNIT(*) PLANE_ANGLE_UNIT() SI_UNIT($,.RADIAN.) );
#58 = ( NAMED_UNIT(*) SI_UNIT($,.STERADIAN.) SOLID_ANGLE_UNIT() );
#59 = UNCERTAINTY_MEASURE_WITH_UNIT(LENGTH_MEASURE(2.E-07),#56,
  'distance_accuracy_value','confusion accuracy');
#60 = PRODUCT_RELATED_PRODUCT_CATEGORY('part',$,(#7));
#61 = SHAPE_DEFINITION_REPRESENTATION(#62,#68);
#62 = PRODUCT_DEFINITION_SHAPE('','',#63);
#63 = PRODUCT_DEFINITION('design','',#64,#67);
#64 = PRODUCT_DEFINITION_FORMATION('','',#65);
#65 = PRODUCT('Tile0_Body','Tile0_Body','',(#66));
#66 = PRODUCT_CONTEXT('',#2,'mechanical');
#67 = PRODUCT_DEFINITION_CONTEXT('part definition',#2,'design');
#68 = ADVANCED_BREP_SHAPE_REPRESENTATION('',(#11,#69),#463);
#69 = MANIFOLD_SOLID_BREP('',#70);
#70 = CLOSED_SHELL('',(#71,#111,#142,#173,#190,#207,#241,#266,#291,#317,
    #343,#369,#395,#420,#445));
#71 = ADVANCED_FACE('',(#72),#106,.F.);
#72 = FACE_BOUND('',#73,.F.);
#73 = EDGE_LOOP('',(#74,#84,#92,#100));
#74 = ORIENTED_EDGE('',*,*,#75,.T.);
#75 = EDGE_CURVE('',#76,#78,#80,.T.);
#76 = VERTEX_POINT('',#77);
#77 = CARTESIAN_POINT('',(-1.377737E-14,0.,-3.5));
#78 = VERTEX_POINT('',#79);
#79 = CARTESIAN_POINT('',(-1.377737E-14,0.,3.5));
#80 = LINE('',#81,#82);
#81 = CARTESIAN_POINT('',(-1.377737E-14,0.,-3.5));
#82 = VECTOR('',#83,1.);
#83 = DIRECTION('',(0.,0.,1.));
#84 = ORIENTED_EDGE('',*,*,#85,.T.);
#85 = EDGE_CURVE('',#78,#86,#88,.T.);
#86 = VERTEX_POINT('',#87);
#87 = CARTESIAN_POINT('',(105.9071,0.,3.5));
#88 = LINE('',#89,#90);
#89 = CARTESIAN_POINT('',(-1.377737E-14,0.,3.5));
#90 = VECTOR('',#91,1.);
#91 = DIRECTION('',(1.,-0.,0.));
#92 = ORIENTED_EDGE('',*,*,#93,.F.);
#93 = EDGE_CURVE('',#94,#86,#96,.T.);
#94 = VERTEX_POINT('',#95);
#95 = CARTESIAN_POINT('',(105.9071,0.,-3.5));
#96 = LINE('',#97,#98);
#97 = CARTESIAN_POINT('',(105.9071,0.,-3.5));
#98 = VECTOR('',#99,1.);
#99 = DIRECTION('',(0.,0.,1.));
#100 = ORIENTED_EDGE('',*,*,#101,.F.);
#101 = EDGE_CURVE('',#76,#94,#102,.T.);
#102 = LINE('',#103,#104);
#103 = CARTESIAN_POINT('',(-1.377737E-14,0.,-3.5));
#104 = VECTOR('',#105,1.);
#105 = DIRECTION('',(1.,-0.,0.));
#106 = PLANE('',#107);
#107 = AXIS2_PLACEMENT_3D('',#108,#109,#110);
#108 = CARTESIAN_POINT('',(-1.377737E-14,0.,-3.5));
#109 = DIRECTION('',(0.,1.,-0.));
#110 = DIRECTION('',(1.,-0.,0.));
#111 = ADVANCED_FACE('',(#112),#137,.F.);
#112 = FACE_BOUND('',#113,.F.);
#113 = EDGE_LOOP('',(#114,#124,#130,#131));
#114 = ORIENTED_EDGE('',*,*,#115,.T.);
#115 = EDGE_CURVE('',#116,#118,#120,.T.);
#116 = VERTEX_POINT('',#117);
#117 = CARTESIAN_POINT('',(-1.377737E-14,191.,-3.5));
#118 = VERTEX_POINT('',#119);
#119 = CARTESIAN_POINT('',(-1.377737E-14,191.,3.5));
#120 = LINE('',#121,#122);
#121 = CARTESIAN_POINT('',(-1.377737E-14,191.,-3.5));
#122 = VECTOR('',#123,1.);
#123 = DIRECTION('',(0.,0.,1.));
#124 = ORIENTED_EDGE('',*,*,#125,.T.);
#125 = EDGE_CURVE('',#118,#78,#126,.T.);
#126 = LINE('',#127,#128);
#127 = CARTESIAN_POINT('',(-1.377737E-14,191.,3.5));
#128 = VECTOR('',#129,1.);
#129 = DIRECTION('',(0.,-1.,0.));
#130 = ORIENTED_EDGE('',*,*,#75,.F.);
#131 = ORIENTED_EDGE('',*,*,#132,.F.);
#132 = EDGE_CURVE('',#116,#76,#133,.T.);
#133 = LINE('',#134,#135);
#134 = CARTESIAN_POINT('',(-1.377737E-14,191.,-3.5));
#135 = VECTOR('',#136,1.);
#136 = DIRECTION('',(0.,-1.,0.));
#137 = PLANE('',#138);
#138 = AXIS2_PLACEMENT_3D('',#139,#140,#141);
#139 = CARTESIAN_POINT('',(-1.377737E-14,191.,-3.5));
#140 = DIRECTION('',(1.,0.,-0.));
#141 = DIRECTION('',(0.,-1.,0.));
#142 = ADVANCED_FACE('',(#143),#168,.F.);
#143 = FACE_BOUND('',#144,.F.);
#144 = EDGE_LOOP('',(#145,#146,#154,#162));
#145 = ORIENTED_EDGE('',*,*,#93,.T.);
#146 = ORIENTED_EDGE('',*,*,#147,.T.);
#147 = EDGE_CURVE('',#86,#148,#150,.T.);
#148 = VERTEX_POINT('',#149);
#149 = CARTESIAN_POINT('',(120.7714,191.,3.5));
#150 = LINE('',#151,#152);
#151 = CARTESIAN_POINT('',(105.9071,0.,3.5));
#152 = VECTOR('',#153,1.);
#153 = DIRECTION('',(7.758895588511E-02,0.996985433156,0.));
#154 = ORIENTED_EDGE('',*,*,#155,.F.);
#155 = EDGE_CURVE('',#156,#148,#158,.T.);
#156 = VERTEX_POINT('',#157);
#157 = CARTESIAN_POINT('',(120.7714,191.,-3.5));
#158 = LINE('',#159,#160);
#159 = CARTESIAN_POINT('',(120.7714,191.,-3.5));
#160 = VECTOR('',#161,1.);
#161 = DIRECTION('',(0.,0.,1.));
#162 = ORIENTED_EDGE('',*,*,#163,.F.);
#163 = EDGE_CURVE('',#94,#156,#164,.T.);
#164 = LINE('',#165,#166);
#165 = CARTESIAN_POINT('',(105.9071,0.,-3.5));
#166 = VECTOR('',#167,1.);
#167 = DIRECTION('',(7.758895588511E-02,0.996985433156,0.));
#168 = PLANE('',#169);
#169 = AXIS2_PLACEMENT_3D('',#170,#171,#172);
#170 = CARTESIAN_POINT('',(105.9071,0.,-3.5));
#171 = DIRECTION('',(-0.996985433156,7.758895588511E-02,0.));
#172 = DIRECTION('',(7.758895588511E-02,0.996985433156,0.));
#173 = ADVANCED_FACE('',(#174),#185,.F.);
#174 = FACE_BOUND('',#175,.F.);
#175 = EDGE_LOOP('',(#176,#177,#178,#184));
#176 = ORIENTED_EDGE('',*,*,#101,.T.);
#177 = ORIENTED_EDGE('',*,*,#163,.T.);
#178 = ORIENTED_EDGE('',*,*,#179,.T.);
#179 = EDGE_CURVE('',#156,#116,#180,.T.);
#180 = LINE('',#181,#182);
#181 = CARTESIAN_POINT('',(120.7714,191.,-3.5));
#182 = VECTOR('',#183,1.);
#183 = DIRECTION('',(-1.,0.,0.));
#184 = ORIENTED_EDGE('',*,*,#132,.T.);
#185 = PLANE('',#186);
#186 = AXIS2_PLACEMENT_3D('',#187,#188,#189);
#187 = CARTESIAN_POINT('',(56.814005812425,97.829957515115,-3.5));
#188 = DIRECTION('',(0.,0.,1.));
#189 = DIRECTION('',(1.,0.,-0.));
#190 = ADVANCED_FACE('',(#191),#202,.T.);
#191 = FACE_BOUND('',#192,.T.);
#192 = EDGE_LOOP('',(#193,#194,#195,#201));
#193 = ORIENTED_EDGE('',*,*,#85,.T.);
#194 = ORIENTED_EDGE('',*,*,#147,.T.);
#195 = ORIENTED_EDGE('',*,*,#196,.T.);
#196 = EDGE_CURVE('',#148,#118,#197,.T.);
#197 = LINE('',#198,#199);
#198 = CARTESIAN_POINT('',(120.7714,191.,3.5));
#199 = VECTOR('',#200,1.);
#200 = DIRECTION('',(-1.,0.,0.));
#201 = ORIENTED_EDGE('',*,*,#125,.T.);
#202 = PLANE('',#203);
#203 = AXIS2_PLACEMENT_3D('',#204,#205,#206);
#204 = CARTESIAN_POINT('',(56.814005812425,97.829957515115,3.5));
#205 = DIRECTION('',(0.,0.,1.));
#206 = DIRECTION('',(1.,0.,-0.));
#207 = ADVANCED_FACE('',(#208,#214,#225),#236,.F.);
#208 = FACE_BOUND('',#209,.F.);
#209 = EDGE_LOOP('',(#210,#211,#212,#213));
#210 = ORIENTED_EDGE('',*,*,#155,.T.);
#211 = ORIENTED_EDGE('',*,*,#196,.T.);
#212 = ORIENTED_EDGE('',*,*,#115,.F.);
#213 = ORIENTED_EDGE('',*,*,#179,.F.);
#214 = FACE_BOUND('',#215,.F.);
#215 = EDGE_LOOP('',(#216));
#216 = ORIENTED_EDGE('',*,*,#217,.T.);
#217 = EDGE_CURVE('',#218,#218,#220,.T.);
#218 = VERTEX_POINT('',#219);
#219 = CARTESIAN_POINT('',(66.5308,191.,-0.65));
#220 = CIRCLE('',#221,0.65);
#221 = AXIS2_PLACEMENT_3D('',#222,#223,#224);
#222 = CARTESIAN_POINT('',(66.5308,191.,0.));
#223 = DIRECTION('',(0.,1.,0.));
#224 = DIRECTION('',(0.,0.,-1.));
#225 = FACE_BOUND('',#226,.F.);
#226 = EDGE_LOOP('',(#227));
#227 = ORIENTED_EDGE('',*,*,#228,.F.);
#228 = EDGE_CURVE('',#229,#229,#231,.T.);
#229 = VERTEX_POINT('',#230);
#230 = CARTESIAN_POINT('',(65.3308,191.,-0.65));
#231 = CIRCLE('',#232,0.65);
#232 = AXIS2_PLACEMENT_3D('',#233,#234,#235);
#233 = CARTESIAN_POINT('',(65.3308,191.,0.));
#234 = DIRECTION('',(0.,-1.,0.));
#235 = DIRECTION('',(0.,0.,-1.));
#236 = PLANE('',#237);
#237 = AXIS2_PLACEMENT_3D('',#238,#239,#240);
#238 = CARTESIAN_POINT('',(120.7714,191.,-3.5));
#239 = DIRECTION('',(0.,-1.,0.));
#240 = DIRECTION('',(-1.,0.,0.));
#241 = ADVANCED_FACE('',(#242),#261,.F.);
#242 = FACE_BOUND('',#243,.F.);
#243 = EDGE_LOOP('',(#244,#252,#253,#254));
#244 = ORIENTED_EDGE('',*,*,#245,.T.);
#245 = EDGE_CURVE('',#246,#218,#248,.T.);
#246 = VERTEX_POINT('',#247);
#247 = CARTESIAN_POINT('',(66.5308,187.,-0.65));
#248 = LINE('',#249,#250);
#249 = CARTESIAN_POINT('',(66.5308,187.,-0.65));
#250 = VECTOR('',#251,1.);
#251 = DIRECTION('',(0.,1.,0.));
#252 = ORIENTED_EDGE('',*,*,#217,.F.);
#253 = ORIENTED_EDGE('',*,*,#245,.F.);
#254 = ORIENTED_EDGE('',*,*,#255,.F.);
#255 = EDGE_CURVE('',#246,#246,#256,.T.);
#256 = CIRCLE('',#257,0.65);
#257 = AXIS2_PLACEMENT_3D('',#258,#259,#260);
#258 = CARTESIAN_POINT('',(66.5308,187.,0.));
#259 = DIRECTION('',(-9.622030353595E-07,-1.,0.));
#260 = DIRECTION('',(-1.,9.622030353595E-07,0.));
#261 = CYLINDRICAL_SURFACE('',#262,0.65);
#262 = AXIS2_PLACEMENT_3D('',#263,#264,#265);
#263 = CARTESIAN_POINT('',(66.5308,187.,0.));
#264 = DIRECTION('',(0.,1.,0.));
#265 = DIRECTION('',(0.,0.,-1.));
#266 = ADVANCED_FACE('',(#267),#286,.F.);
#267 = FACE_BOUND('',#268,.F.);
#268 = EDGE_LOOP('',(#269,#277,#284,#285));
#269 = ORIENTED_EDGE('',*,*,#270,.T.);
#270 = EDGE_CURVE('',#229,#271,#273,.T.);
#271 = VERTEX_POINT('',#272);
#272 = CARTESIAN_POINT('',(65.3308,187.,-0.65));
#273 = LINE('',#274,#275);
#274 = CARTESIAN_POINT('',(65.3308,191.,-0.65));
#275 = VECTOR('',#276,1.);
#276 = DIRECTION('',(0.,-1.,0.));
#277 = ORIENTED_EDGE('',*,*,#278,.F.);
#278 = EDGE_CURVE('',#271,#271,#279,.T.);
#279 = CIRCLE('',#280,0.65);
#280 = AXIS2_PLACEMENT_3D('',#281,#282,#283);
#281 = CARTESIAN_POINT('',(65.3308,187.,0.));
#282 = DIRECTION('',(0.,-1.,0.));
#283 = DIRECTION('',(0.,0.,-1.));
#284 = ORIENTED_EDGE('',*,*,#270,.F.);
#285 = ORIENTED_EDGE('',*,*,#228,.T.);
#286 = CYLINDRICAL_SURFACE('',#287,0.65);
#287 = AXIS2_PLACEMENT_3D('',#288,#289,#290);
#288 = CARTESIAN_POINT('',(65.3308,191.,0.));
#289 = DIRECTION('',(0.,-1.,0.));
#290 = DIRECTION('',(0.,0.,-1.));
#291 = ADVANCED_FACE('',(#292),#312,.F.);
#292 = FACE_BOUND('',#293,.F.);
#293 = EDGE_LOOP('',(#294,#303,#304,#305));
#294 = ORIENTED_EDGE('',*,*,#295,.T.);
#295 = EDGE_CURVE('',#296,#246,#298,.T.);
#296 = VERTEX_POINT('',#297);
#297 = CARTESIAN_POINT('',(77.7308,166.1539,-0.65));
#298 = CIRCLE('',#299,24.999950102823);
#299 = AXIS2_PLACEMENT_3D('',#300,#301,#302);
#300 = CARTESIAN_POINT('',(91.530750102811,186.99997594497,-0.65));
#301 = DIRECTION('',(-0.,0.,-1.));
#302 = DIRECTION('',(-0.55199910584,-0.833844702059,0.));
#303 = ORIENTED_EDGE('',*,*,#255,.T.);
#304 = ORIENTED_EDGE('',*,*,#295,.F.);
#305 = ORIENTED_EDGE('',*,*,#306,.F.);
#306 = EDGE_CURVE('',#296,#296,#307,.T.);
#307 = CIRCLE('',#308,0.65);
#308 = AXIS2_PLACEMENT_3D('',#309,#310,#311);
#309 = CARTESIAN_POINT('',(77.7308,166.1539,0.));
#310 = DIRECTION('',(0.833844702059,-0.55199910584,0.));
#311 = DIRECTION('',(0.55199910584,0.833844702059,0.));
#312 = TOROIDAL_SURFACE('',#313,24.999950102823,0.65);
#313 = AXIS2_PLACEMENT_3D('',#314,#315,#316);
#314 = CARTESIAN_POINT('',(91.530750102811,186.99997594497,0.));
#315 = DIRECTION('',(-0.,0.,-1.));
#316 = DIRECTION('',(-0.55199910584,-0.833844702059,0.));
#317 = ADVANCED_FACE('',(#318),#338,.F.);
#318 = FACE_BOUND('',#319,.F.);
#319 = EDGE_LOOP('',(#320,#329,#336,#337));
#320 = ORIENTED_EDGE('',*,*,#321,.T.);
#321 = EDGE_CURVE('',#271,#322,#324,.T.);
#322 = VERTEX_POINT('',#323);
#323 = CARTESIAN_POINT('',(42.1308,162.0649,-0.65));
#324 = CIRCLE('',#325,24.999955642295);
#325 = AXIS2_PLACEMENT_3D('',#326,#327,#328);
#326 = CARTESIAN_POINT('',(40.330844357718,186.99997452971,-0.65));
#327 = DIRECTION('',(0.,0.,-1.));
#328 = DIRECTION('',(0.999999999999,1.01881312396E-06,0.));
#329 = ORIENTED_EDGE('',*,*,#330,.T.);
#330 = EDGE_CURVE('',#322,#322,#331,.T.);
#331 = CIRCLE('',#332,0.65);
#332 = AXIS2_PLACEMENT_3D('',#333,#334,#335);
#333 = CARTESIAN_POINT('',(42.1308,162.0649,0.));
#334 = DIRECTION('',(0.997404750892,7.199835343856E-02,0.));
#335 = DIRECTION('',(7.199835343856E-02,-0.997404750892,0.));
#336 = ORIENTED_EDGE('',*,*,#321,.F.);
#337 = ORIENTED_EDGE('',*,*,#278,.T.);
#338 = TOROIDAL_SURFACE('',#339,24.999955642295,0.65);
#339 = AXIS2_PLACEMENT_3D('',#340,#341,#342);
#340 = CARTESIAN_POINT('',(40.330844357718,186.99997452971,0.));
#341 = DIRECTION('',(0.,-0.,-1.));
#342 = DIRECTION('',(0.999999999999,1.01881312396E-06,0.));
#343 = ADVANCED_FACE('',(#344),#364,.F.);
#344 = FACE_BOUND('',#345,.F.);
#345 = EDGE_LOOP('',(#346,#355,#356,#357));
#346 = ORIENTED_EDGE('',*,*,#347,.T.);
#347 = EDGE_CURVE('',#348,#296,#350,.T.);
#348 = VERTEX_POINT('',#349);
#349 = CARTESIAN_POINT('',(88.9308,145.3078,-0.65));
#350 = CIRCLE('',#351,24.999950102823);
#351 = AXIS2_PLACEMENT_3D('',#352,#353,#354);
#352 = CARTESIAN_POINT('',(63.930849897189,145.30782405502,-0.65));
#353 = DIRECTION('',(-0.,0.,1.));
#354 = DIRECTION('',(1.,-9.62203035038E-07,0.));
#355 = ORIENTED_EDGE('',*,*,#306,.T.);
#356 = ORIENTED_EDGE('',*,*,#347,.F.);
#357 = ORIENTED_EDGE('',*,*,#358,.T.);
#358 = EDGE_CURVE('',#348,#348,#359,.T.);
#359 = CIRCLE('',#360,0.65);
#360 = AXIS2_PLACEMENT_3D('',#361,#362,#363);
#361 = CARTESIAN_POINT('',(88.9308,145.3078,0.));
#362 = DIRECTION('',(0.,1.,0.));
#363 = DIRECTION('',(0.,0.,-1.));
#364 = TOROIDAL_SURFACE('',#365,24.999950102823,0.65);
#365 = AXIS2_PLACEMENT_3D('',#366,#367,#368);
#366 = CARTESIAN_POINT('',(63.930849897189,145.30782405502,0.));
#367 = DIRECTION('',(-0.,-0.,1.));
#368 = DIRECTION('',(1.,-9.62203035038E-07,0.));
#369 = ADVANCED_FACE('',(#370),#390,.F.);
#370 = FACE_BOUND('',#371,.F.);
#371 = EDGE_LOOP('',(#372,#381,#388,#389));
#372 = ORIENTED_EDGE('',*,*,#373,.T.);
#373 = EDGE_CURVE('',#322,#374,#376,.T.);
#374 = VERTEX_POINT('',#375);
#375 = CARTESIAN_POINT('',(18.9308,137.1298,-0.65));
#376 = CIRCLE('',#377,24.999955642295);
#377 = AXIS2_PLACEMENT_3D('',#378,#379,#380);
#378 = CARTESIAN_POINT('',(43.930755642282,137.12982547028,-0.65));
#379 = DIRECTION('',(0.,0.,1.));
#380 = DIRECTION('',(-7.199835343856E-02,0.997404750892,0.));
#381 = ORIENTED_EDGE('',*,*,#382,.T.);
#382 = EDGE_CURVE('',#374,#374,#383,.T.);
#383 = CIRCLE('',#384,0.65);
#384 = AXIS2_PLACEMENT_3D('',#385,#386,#387);
#385 = CARTESIAN_POINT('',(18.9308,137.1298,0.));
#386 = DIRECTION('',(-1.018813123907E-06,0.999999999999,0.));
#387 = DIRECTION('',(-0.999999999999,-1.018813123907E-06,0.));
#388 = ORIENTED_EDGE('',*,*,#373,.F.);
#389 = ORIENTED_EDGE('',*,*,#330,.F.);
#390 = TOROIDAL_SURFACE('',#391,24.999955642295,0.65);
#391 = AXIS2_PLACEMENT_3D('',#392,#393,#394);
#392 = CARTESIAN_POINT('',(43.930755642282,137.12982547028,0.));
#393 = DIRECTION('',(0.,0.,1.));
#394 = DIRECTION('',(-7.199835343856E-02,0.997404750892,0.));
#395 = ADVANCED_FACE('',(#396),#415,.F.);
#396 = FACE_BOUND('',#397,.F.);
#397 = EDGE_LOOP('',(#398,#406,#407,#408));
#398 = ORIENTED_EDGE('',*,*,#399,.T.);
#399 = EDGE_CURVE('',#400,#348,#402,.T.);
#400 = VERTEX_POINT('',#401);
#401 = CARTESIAN_POINT('',(88.9308,43.,-0.65));
#402 = LINE('',#403,#404);
#403 = CARTESIAN_POINT('',(88.9308,43.,-0.65));
#404 = VECTOR('',#405,1.);
#405 = DIRECTION('',(0.,1.,0.));
#406 = ORIENTED_EDGE('',*,*,#358,.F.);
#407 = ORIENTED_EDGE('',*,*,#399,.F.);
#408 = ORIENTED_EDGE('',*,*,#409,.F.);
#409 = EDGE_CURVE('',#400,#400,#410,.T.);
#410 = CIRCLE('',#411,0.65);
#411 = AXIS2_PLACEMENT_3D('',#412,#413,#414);
#412 = CARTESIAN_POINT('',(88.9308,43.,0.));
#413 = DIRECTION('',(-3.635416795476E-16,-1.,0.));
#414 = DIRECTION('',(1.,-3.635416795476E-16,0.));
#415 = CYLINDRICAL_SURFACE('',#416,0.65);
#416 = AXIS2_PLACEMENT_3D('',#417,#418,#419);
#417 = CARTESIAN_POINT('',(88.9308,43.,0.));
#418 = DIRECTION('',(0.,1.,0.));
#419 = DIRECTION('',(0.,0.,-1.));
#420 = ADVANCED_FACE('',(#421),#440,.F.);
#421 = FACE_BOUND('',#422,.F.);
#422 = EDGE_LOOP('',(#423,#431,#438,#439));
#423 = ORIENTED_EDGE('',*,*,#424,.T.);
#424 = EDGE_CURVE('',#374,#425,#427,.T.);
#425 = VERTEX_POINT('',#426);
#426 = CARTESIAN_POINT('',(18.9308,43.,-0.65));
#427 = LINE('',#428,#429);
#428 = CARTESIAN_POINT('',(18.9308,137.1298,-0.65));
#429 = VECTOR('',#430,1.);
#430 = DIRECTION('',(0.,-1.,0.));
#431 = ORIENTED_EDGE('',*,*,#432,.F.);
#432 = EDGE_CURVE('',#425,#425,#433,.T.);
#433 = CIRCLE('',#434,0.65);
#434 = AXIS2_PLACEMENT_3D('',#435,#436,#437);
#435 = CARTESIAN_POINT('',(18.9308,43.,0.));
#436 = DIRECTION('',(0.,-1.,0.));
#437 = DIRECTION('',(0.,0.,-1.));
#438 = ORIENTED_EDGE('',*,*,#424,.F.);
#439 = ORIENTED_EDGE('',*,*,#382,.F.);
#440 = CYLINDRICAL_SURFACE('',#441,0.65);
#441 = AXIS2_PLACEMENT_3D('',#442,#443,#444);
#442 = CARTESIAN_POINT('',(18.9308,137.1298,0.));
#443 = DIRECTION('',(0.,-1.,0.));
#444 = DIRECTION('',(0.,0.,-1.));
#445 = ADVANCED_FACE('',(#446),#458,.F.);
#446 = FACE_BOUND('',#447,.F.);
#447 = EDGE_LOOP('',(#448,#455,#456,#457));
#448 = ORIENTED_EDGE('',*,*,#449,.T.);
#449 = EDGE_CURVE('',#425,#400,#450,.T.);
#450 = CIRCLE('',#451,35.);
#451 = AXIS2_PLACEMENT_3D('',#452,#453,#454);
#452 = CARTESIAN_POINT('',(53.9308,43.,-0.65));
#453 = DIRECTION('',(0.,0.,1.));
#454 = DIRECTION('',(-1.,-2.030122102172E-16,0.));
#455 = ORIENTED_EDGE('',*,*,#409,.T.);
#456 = ORIENTED_EDGE('',*,*,#449,.F.);
#457 = ORIENTED_EDGE('',*,*,#432,.T.);
#458 = TOROIDAL_SURFACE('',#459,35.,0.65);
#459 = AXIS2_PLACEMENT_3D('',#460,#461,#462);
#460 = CARTESIAN_POINT('',(53.9308,43.,0.));
#461 = DIRECTION('',(0.,0.,1.));
#462 = DIRECTION('',(-1.,-2.030122102172E-16,0.));
#463 = ( GEOMETRIC_REPRESENTATION_CONTEXT(3) 
GLOBAL_UNCERTAINTY_ASSIGNED_CONTEXT((#467)) GLOBAL_UNIT_ASSIGNED_CONTEXT
((#464,#465,#466)) REPRESENTATION_CONTEXT('Context #1',
  '3D Context with UNIT and UNCERTAINTY') );
#464 = ( LENGTH_UNIT() NAMED_UNIT(*) SI_UNIT(.MILLI.,.METRE.) );
#465 = ( NAMED_UNIT(*) PLANE_ANGLE_UNIT() SI_UNIT($,.RADIAN.) );
#466 = ( NAMED_UNIT(*) SI_UNIT($,.STERADIAN.) SOLID_ANGLE_UNIT() );
#467 = UNCERTAINTY_MEASURE_WITH_UNIT(LENGTH_MEASURE(2.E-07),#464,
  'distance_accuracy_value','confusion accuracy');
#468 = CONTEXT_DEPENDENT_SHAPE_REPRESENTATION(#469,#471);
#469 = ( REPRESENTATION_RELATIONSHIP('','',#68,#10) 
REPRESENTATION_RELATIONSHIP_WITH_TRANSFORMATION(#470) 
SHAPE_REPRESENTATION_RELATIONSHIP() );
#470 = ITEM_DEFINED_TRANSFORMATION('','',#11,#15);
#471 = PRODUCT_DEFINITION_SHAPE('Placement','Placement of an item',#472
  );
#472 = NEXT_ASSEMBLY_USAGE_OCCURRENCE('1','Tile0_Body','',#5,#63,$);
#473 = PRODUCT_RELATED_PRODUCT_CATEGORY('part',$,(#65));
#474 = SHAPE_DEFINITION_REPRESENTATION(#475,#481);
#475 = PRODUCT_DEFINITION_SHAPE('','',#476);
#476 = PRODUCT_DEFINITION('design','',#477,#480);
#477 = PRODUCT_DEFINITION_FORMATION('','',#478);
#478 = PRODUCT('Tile0_Fiber','Tile0_Fiber','',(#479));
#479 = PRODUCT_CONTEXT('',#2,'mechanical');
#480 = PRODUCT_DEFINITION_CONTEXT('part definition',#2,'design');
#481 = ADVANCED_BREP_SHAPE_REPRESENTATION('',(#11,#482),#740);
#482 = MANIFOLD_SOLID_BREP('',#483);
#483 = CLOSED_SHELL('',(#484,#517,#543,#569,#594,#620,#645,#671,#697,
    #722,#731));
#484 = ADVANCED_FACE('',(#485),#512,.T.);
#485 = FACE_BOUND('',#486,.T.);
#486 = EDGE_LOOP('',(#487,#497,#504,#505));
#487 = ORIENTED_EDGE('',*,*,#488,.T.);
#488 = EDGE_CURVE('',#489,#491,#493,.T.);
#489 = VERTEX_POINT('',#490);
#490 = CARTESIAN_POINT('',(65.3308,191.,-0.5));
#491 = VERTEX_POINT('',#492);
#492 = CARTESIAN_POINT('',(65.3308,187.,-0.5));
#493 = LINE('',#494,#495);
#494 = CARTESIAN_POINT('',(65.3308,191.,-0.5));
#495 = VECTOR('',#496,1.);
#496 = DIRECTION('',(0.,-1.,0.));
#497 = ORIENTED_EDGE('',*,*,#498,.F.);
#498 = EDGE_CURVE('',#491,#491,#499,.T.);
#499 = CIRCLE('',#500,0.5);
#500 = AXIS2_PLACEMENT_3D('',#501,#502,#503);
#501 = CARTESIAN_POINT('',(65.3308,187.,0.));
#502 = DIRECTION('',(0.,-1.,0.));
#503 = DIRECTION('',(0.,0.,-1.));
#504 = ORIENTED_EDGE('',*,*,#488,.F.);
#505 = ORIENTED_EDGE('',*,*,#506,.T.);
#506 = EDGE_CURVE('',#489,#489,#507,.T.);
#507 = CIRCLE('',#508,0.5);
#508 = AXIS2_PLACEMENT_3D('',#509,#510,#511);
#509 = CARTESIAN_POINT('',(65.3308,191.,0.));
#510 = DIRECTION('',(0.,-1.,0.));
#511 = DIRECTION('',(0.,0.,-1.));
#512 = CYLINDRICAL_SURFACE('',#513,0.5);
#513 = AXIS2_PLACEMENT_3D('',#514,#515,#516);
#514 = CARTESIAN_POINT('',(65.3308,191.,0.));
#515 = DIRECTION('',(0.,-1.,0.));
#516 = DIRECTION('',(0.,0.,-1.));
#517 = ADVANCED_FACE('',(#518),#538,.T.);
#518 = FACE_BOUND('',#519,.T.);
#519 = EDGE_LOOP('',(#520,#529,#536,#537));
#520 = ORIENTED_EDGE('',*,*,#521,.T.);
#521 = EDGE_CURVE('',#491,#522,#524,.T.);
#522 = VERTEX_POINT('',#523);
#523 = CARTESIAN_POINT('',(42.1308,162.0649,-0.5));
#524 = CIRCLE('',#525,24.999955642295);
#525 = AXIS2_PLACEMENT_3D('',#526,#527,#528);
#526 = CARTESIAN_POINT('',(40.330844357718,186.99997452971,-0.5));
#527 = DIRECTION('',(0.,0.,-1.));
#528 = DIRECTION('',(0.999999999999,1.01881312396E-06,0.));
#529 = ORIENTED_EDGE('',*,*,#530,.T.);
#530 = EDGE_CURVE('',#522,#522,#531,.T.);
#531 = CIRCLE('',#532,0.5);
#532 = AXIS2_PLACEMENT_3D('',#533,#534,#535);
#533 = CARTESIAN_POINT('',(42.1308,162.0649,0.));
#534 = DIRECTION('',(0.997404750892,7.199835343856E-02,0.));
#535 = DIRECTION('',(7.199835343856E-02,-0.997404750892,0.));
#536 = ORIENTED_EDGE('',*,*,#521,.F.);
#537 = ORIENTED_EDGE('',*,*,#498,.T.);
#538 = TOROIDAL_SURFACE('',#539,24.999955642295,0.5);
#539 = AXIS2_PLACEMENT_3D('',#540,#541,#542);
#540 = CARTESIAN_POINT('',(40.330844357718,186.99997452971,0.));
#541 = DIRECTION('',(0.,-0.,-1.));
#542 = DIRECTION('',(0.999999999999,1.01881312396E-06,0.));
#543 = ADVANCED_FACE('',(#544),#564,.T.);
#544 = FACE_BOUND('',#545,.T.);
#545 = EDGE_LOOP('',(#546,#555,#562,#563));
#546 = ORIENTED_EDGE('',*,*,#547,.T.);
#547 = EDGE_CURVE('',#522,#548,#550,.T.);
#548 = VERTEX_POINT('',#549);
#549 = CARTESIAN_POINT('',(18.9308,137.1298,-0.5));
#550 = CIRCLE('',#551,24.999955642295);
#551 = AXIS2_PLACEMENT_3D('',#552,#553,#554);
#552 = CARTESIAN_POINT('',(43.930755642282,137.12982547028,-0.5));
#553 = DIRECTION('',(0.,0.,1.));
#554 = DIRECTION('',(-7.199835343856E-02,0.997404750892,0.));
#555 = ORIENTED_EDGE('',*,*,#556,.T.);
#556 = EDGE_CURVE('',#548,#548,#557,.T.);
#557 = CIRCLE('',#558,0.5);
#558 = AXIS2_PLACEMENT_3D('',#559,#560,#561);
#559 = CARTESIAN_POINT('',(18.9308,137.1298,0.));
#560 = DIRECTION('',(-1.018813123907E-06,0.999999999999,0.));
#561 = DIRECTION('',(-0.999999999999,-1.018813123907E-06,0.));
#562 = ORIENTED_EDGE('',*,*,#547,.F.);
#563 = ORIENTED_EDGE('',*,*,#530,.F.);
#564 = TOROIDAL_SURFACE('',#565,24.999955642295,0.5);
#565 = AXIS2_PLACEMENT_3D('',#566,#567,#568);
#566 = CARTESIAN_POINT('',(43.930755642282,137.12982547028,0.));
#567 = DIRECTION('',(0.,0.,1.));
#568 = DIRECTION('',(-7.199835343856E-02,0.997404750892,0.));
#569 = ADVANCED_FACE('',(#570),#589,.T.);
#570 = FACE_BOUND('',#571,.T.);
#571 = EDGE_LOOP('',(#572,#580,#587,#588));
#572 = ORIENTED_EDGE('',*,*,#573,.T.);
#573 = EDGE_CURVE('',#548,#574,#576,.T.);
#574 = VERTEX_POINT('',#575);
#575 = CARTESIAN_POINT('',(18.9308,43.,-0.5));
#576 = LINE('',#577,#578);
#577 = CARTESIAN_POINT('',(18.9308,137.1298,-0.5));
#578 = VECTOR('',#579,1.);
#579 = DIRECTION('',(0.,-1.,0.));
#580 = ORIENTED_EDGE('',*,*,#581,.F.);
#581 = EDGE_CURVE('',#574,#574,#582,.T.);
#582 = CIRCLE('',#583,0.5);
#583 = AXIS2_PLACEMENT_3D('',#584,#585,#586);
#584 = CARTESIAN_POINT('',(18.9308,43.,0.));
#585 = DIRECTION('',(0.,-1.,0.));
#586 = DIRECTION('',(0.,0.,-1.));
#587 = ORIENTED_EDGE('',*,*,#573,.F.);
#588 = ORIENTED_EDGE('',*,*,#556,.F.);
#589 = CYLINDRICAL_SURFACE('',#590,0.5);
#590 = AXIS2_PLACEMENT_3D('',#591,#592,#593);
#591 = CARTESIAN_POINT('',(18.9308,137.1298,0.));
#592 = DIRECTION('',(0.,-1.,0.));
#593 = DIRECTION('',(0.,0.,-1.));
#594 = ADVANCED_FACE('',(#595),#615,.T.);
#595 = FACE_BOUND('',#596,.T.);
#596 = EDGE_LOOP('',(#597,#606,#613,#614));
#597 = ORIENTED_EDGE('',*,*,#598,.T.);
#598 = EDGE_CURVE('',#574,#599,#601,.T.);
#599 = VERTEX_POINT('',#600);
#600 = CARTESIAN_POINT('',(88.9308,43.,-0.5));
#601 = CIRCLE('',#602,35.);
#602 = AXIS2_PLACEMENT_3D('',#603,#604,#605);
#603 = CARTESIAN_POINT('',(53.9308,43.,-0.5));
#604 = DIRECTION('',(0.,0.,1.));
#605 = DIRECTION('',(-1.,-2.030122102172E-16,0.));
#606 = ORIENTED_EDGE('',*,*,#607,.T.);
#607 = EDGE_CURVE('',#599,#599,#608,.T.);
#608 = CIRCLE('',#609,0.5);
#609 = AXIS2_PLACEMENT_3D('',#610,#611,#612);
#610 = CARTESIAN_POINT('',(88.9308,43.,0.));
#611 = DIRECTION('',(-3.635416795476E-16,-1.,0.));
#612 = DIRECTION('',(1.,-3.635416795476E-16,0.));
#613 = ORIENTED_EDGE('',*,*,#598,.F.);
#614 = ORIENTED_EDGE('',*,*,#581,.T.);
#615 = TOROIDAL_SURFACE('',#616,35.,0.5);
#616 = AXIS2_PLACEMENT_3D('',#617,#618,#619);
#617 = CARTESIAN_POINT('',(53.9308,43.,0.));
#618 = DIRECTION('',(0.,0.,1.));
#619 = DIRECTION('',(-1.,-2.030122102172E-16,0.));
#620 = ADVANCED_FACE('',(#621),#640,.T.);
#621 = FACE_BOUND('',#622,.T.);
#622 = EDGE_LOOP('',(#623,#631,#638,#639));
#623 = ORIENTED_EDGE('',*,*,#624,.T.);
#624 = EDGE_CURVE('',#599,#625,#627,.T.);
#625 = VERTEX_POINT('',#626);
#626 = CARTESIAN_POINT('',(88.9308,145.3078,-0.5));
#627 = LINE('',#628,#629);
#628 = CARTESIAN_POINT('',(88.9308,43.,-0.5));
#629 = VECTOR('',#630,1.);
#630 = DIRECTION('',(0.,1.,0.));
#631 = ORIENTED_EDGE('',*,*,#632,.F.);
#632 = EDGE_CURVE('',#625,#625,#633,.T.);
#633 = CIRCLE('',#634,0.5);
#634 = AXIS2_PLACEMENT_3D('',#635,#636,#637);
#635 = CARTESIAN_POINT('',(88.9308,145.3078,0.));
#636 = DIRECTION('',(0.,1.,0.));
#637 = DIRECTION('',(0.,0.,-1.));
#638 = ORIENTED_EDGE('',*,*,#624,.F.);
#639 = ORIENTED_EDGE('',*,*,#607,.F.);
#640 = CYLINDRICAL_SURFACE('',#641,0.5);
#641 = AXIS2_PLACEMENT_3D('',#642,#643,#644);
#642 = CARTESIAN_POINT('',(88.9308,43.,0.));
#643 = DIRECTION('',(0.,1.,0.));
#644 = DIRECTION('',(0.,0.,-1.));
#645 = ADVANCED_FACE('',(#646),#666,.T.);
#646 = FACE_BOUND('',#647,.T.);
#647 = EDGE_LOOP('',(#648,#657,#664,#665));
#648 = ORIENTED_EDGE('',*,*,#649,.T.);
#649 = EDGE_CURVE('',#625,#650,#652,.T.);
#650 = VERTEX_POINT('',#651);
#651 = CARTESIAN_POINT('',(77.7308,166.1539,-0.5));
#652 = CIRCLE('',#653,24.999950102823);
#653 = AXIS2_PLACEMENT_3D('',#654,#655,#656);
#654 = CARTESIAN_POINT('',(63.930849897189,145.30782405502,-0.5));
#655 = DIRECTION('',(-0.,0.,1.));
#656 = DIRECTION('',(1.,-9.62203035038E-07,0.));
#657 = ORIENTED_EDGE('',*,*,#658,.T.);
#658 = EDGE_CURVE('',#650,#650,#659,.T.);
#659 = CIRCLE('',#660,0.5);
#660 = AXIS2_PLACEMENT_3D('',#661,#662,#663);
#661 = CARTESIAN_POINT('',(77.7308,166.1539,0.));
#662 = DIRECTION('',(0.833844702059,-0.55199910584,0.));
#663 = DIRECTION('',(0.55199910584,0.833844702059,0.));
#664 = ORIENTED_EDGE('',*,*,#649,.F.);
#665 = ORIENTED_EDGE('',*,*,#632,.T.);
#666 = TOROIDAL_SURFACE('',#667,24.999950102823,0.5);
#667 = AXIS2_PLACEMENT_3D('',#668,#669,#670);
#668 = CARTESIAN_POINT('',(63.930849897189,145.30782405502,0.));
#669 = DIRECTION('',(-0.,-0.,1.));
#670 = DIRECTION('',(1.,-9.62203035038E-07,0.));
#671 = ADVANCED_FACE('',(#672),#692,.T.);
#672 = FACE_BOUND('',#673,.T.);
#673 = EDGE_LOOP('',(#674,#683,#690,#691));
#674 = ORIENTED_EDGE('',*,*,#675,.T.);
#675 = EDGE_CURVE('',#650,#676,#678,.T.);
#676 = VERTEX_POINT('',#677);
#677 = CARTESIAN_POINT('',(66.5308,187.,-0.5));
#678 = CIRCLE('',#679,24.999950102823);
#679 = AXIS2_PLACEMENT_3D('',#680,#681,#682);
#680 = CARTESIAN_POINT('',(91.530750102811,186.99997594497,-0.5));
#681 = DIRECTION('',(-0.,0.,-1.));
#682 = DIRECTION('',(-0.55199910584,-0.833844702059,0.));
#683 = ORIENTED_EDGE('',*,*,#684,.T.);
#684 = EDGE_CURVE('',#676,#676,#685,.T.);
#685 = CIRCLE('',#686,0.5);
#686 = AXIS2_PLACEMENT_3D('',#687,#688,#689);
#687 = CARTESIAN_POINT('',(66.5308,187.,0.));
#688 = DIRECTION('',(-9.622030353595E-07,-1.,0.));
#689 = DIRECTION('',(-1.,9.622030353595E-07,0.));
#690 = ORIENTED_EDGE('',*,*,#675,.F.);
#691 = ORIENTED_EDGE('',*,*,#658,.F.);
#692 = TOROIDAL_SURFACE('',#693,24.999950102823,0.5);
#693 = AXIS2_PLACEMENT_3D('',#694,#695,#696);
#694 = CARTESIAN_POINT('',(91.530750102811,186.99997594497,0.));
#695 = DIRECTION('',(-0.,0.,-1.));
#696 = DIRECTION('',(-0.55199910584,-0.833844702059,0.));
#697 = ADVANCED_FACE('',(#698),#717,.T.);
#698 = FACE_BOUND('',#699,.T.);
#699 = EDGE_LOOP('',(#700,#708,#715,#716));
#700 = ORIENTED_EDGE('',*,*,#701,.T.);
#701 = EDGE_CURVE('',#676,#702,#704,.T.);
#702 = VERTEX_POINT('',#703);
#703 = CARTESIAN_POINT('',(66.5308,191.,-0.5));
#704 = LINE('',#705,#706);
#705 = CARTESIAN_POINT('',(66.5308,187.,-0.5));
#706 = VECTOR('',#707,1.);
#707 = DIRECTION('',(0.,1.,0.));
#708 = ORIENTED_EDGE('',*,*,#709,.F.);
#709 = EDGE_CURVE('',#702,#702,#710,.T.);
#710 = CIRCLE('',#711,0.5);
#711 = AXIS2_PLACEMENT_3D('',#712,#713,#714);
#712 = CARTESIAN_POINT('',(66.5308,191.,0.));
#713 = DIRECTION('',(0.,1.,0.));
#714 = DIRECTION('',(0.,0.,-1.));
#715 = ORIENTED_EDGE('',*,*,#701,.F.);
#716 = ORIENTED_EDGE('',*,*,#684,.F.);
#717 = CYLINDRICAL_SURFACE('',#718,0.5);
#718 = AXIS2_PLACEMENT_3D('',#719,#720,#721);
#719 = CARTESIAN_POINT('',(66.5308,187.,0.));
#720 = DIRECTION('',(0.,1.,0.));
#721 = DIRECTION('',(0.,0.,-1.));
#722 = ADVANCED_FACE('',(#723),#726,.F.);
#723 = FACE_BOUND('',#724,.F.);
#724 = EDGE_LOOP('',(#725));
#725 = ORIENTED_EDGE('',*,*,#506,.T.);
#726 = PLANE('',#727);
#727 = AXIS2_PLACEMENT_3D('',#728,#729,#730);
#728 = CARTESIAN_POINT('',(65.3308,191.,7.264525704116E-16));
#729 = DIRECTION('',(-0.,-1.,-0.));
#730 = DIRECTION('',(0.,0.,-1.));
#731 = ADVANCED_FACE('',(#732),#735,.T.);
#732 = FACE_BOUND('',#733,.T.);
#733 = EDGE_LOOP('',(#734));
#734 = ORIENTED_EDGE('',*,*,#709,.T.);
#735 = PLANE('',#736);
#736 = AXIS2_PLACEMENT_3D('',#737,#738,#739);
#737 = CARTESIAN_POINT('',(66.5308,191.,7.264525704116E-16));
#738 = DIRECTION('',(0.,1.,0.));
#739 = DIRECTION('',(0.,-0.,1.));
#740 = ( GEOMETRIC_REPRESENTATION_CONTEXT(3) 
GLOBAL_UNCERTAINTY_ASSIGNED_CONTEXT((#744)) GLOBAL_UNIT_ASSIGNED_CONTEXT
((#741,#742,#743)) REPRESENTATION_CONTEXT('Context #1',
  '3D Context with UNIT and UNCERTAINTY') );
#741 = ( LENGTH_UNIT() NAMED_UNIT(*) SI_UNIT(.MILLI.,.METRE.) );
#742 = ( NAMED_UNIT(*) PLANE_ANGLE_UNIT() SI_UNIT($,.RADIAN.) );
#743 = ( NAMED_UNIT(*) SI_UNIT($,.STERADIAN.) SOLID_ANGLE_UNIT() );
#744 = UNCERTAINTY_MEASURE_WITH_UNIT(LENGTH_MEASURE(2.E-07),#741,
  'distance_accuracy_value','confusion accuracy');
#745 = CONTEXT_DEPENDENT_SHAPE_REPRESENTATION(#746,#748);
#746 = ( REPRESENTATION_RELATIONSHIP('','',#481,#10) 
REPRESENTATION_RELATIONSHIP_WITH_TRANSFORMATION(#747) 
SHAPE_REPRESENTATION_RELATIONSHIP() );
#747 = ITEM_DEFINED_TRANSFORMATION('','',#11,#19);
#748 = PRODUCT_DEFINITION_SHAPE('Placement','Placement of an item',#749
  );
#749 = NEXT_ASSEMBLY_USAGE_OCCURRENCE('2','Tile0_Fiber','',#5,#476,$);
#750 = PRODUCT_RELATED_PRODUCT_CATEGORY('part',$,(#478));
#751 = SHAPE_DEFINITION_REPRESENTATION(#752,#758);
#752 = PRODUCT_DEFINITION_SHAPE('','',#753);
#753 = PRODUCT_DEFINITION('design','',#754,#757);
#754 = PRODUCT_DEFINITION_FORMATION('','',#755);
#755 = PRODUCT('Tile0_Coating','Tile0_Coating','',(#756));
#756 = PRODUCT_CONTEXT('',#2,'mechanical');
#757 = PRODUCT_DEFINITION_CONTEXT('part definition',#2,'design');
#758 = ADVANCED_BREP_SHAPE_REPRESENTATION('',(#11,#759),#1193);
#759 = MANIFOLD_SOLID_BREP('',#760);
#760 = CLOSED_SHELL('',(#761,#801,#832,#863,#880,#897,#943,#974,#998,
    #1022,#1039,#1085,#1116,#1140,#1164,#1181));
#761 = ADVANCED_FACE('',(#762),#796,.F.);
#762 = FACE_BOUND('',#763,.F.);
#763 = EDGE_LOOP('',(#764,#774,#782,#790));
#764 = ORIENTED_EDGE('',*,*,#765,.T.);
#765 = EDGE_CURVE('',#766,#768,#770,.T.);
#766 = VERTEX_POINT('',#767);
#767 = CARTESIAN_POINT('',(-5.000000000001E-02,-5.E-02,-3.55));
#768 = VERTEX_POINT('',#769);
#769 = CARTESIAN_POINT('',(-5.000000000001E-02,-5.E-02,3.55));
#770 = LINE('',#771,#772);
#771 = CARTESIAN_POINT('',(-5.000000000001E-02,-5.E-02,-3.55));
#772 = VECTOR('',#773,1.);
#773 = DIRECTION('',(0.,0.,1.));
#774 = ORIENTED_EDGE('',*,*,#775,.T.);
#775 = EDGE_CURVE('',#768,#776,#778,.T.);
#776 = VERTEX_POINT('',#777);
#777 = CARTESIAN_POINT('',(105.95336000608,-5.E-02,3.55));
#778 = LINE('',#779,#780);
#779 = CARTESIAN_POINT('',(-1.42108547152E-14,-5.E-02,3.55));
#780 = VECTOR('',#781,1.);
#781 = DIRECTION('',(1.,0.,0.));
#782 = ORIENTED_EDGE('',*,*,#783,.F.);
#783 = EDGE_CURVE('',#784,#776,#786,.T.);
#784 = VERTEX_POINT('',#785);
#785 = CARTESIAN_POINT('',(105.95336000608,-5.E-02,-3.55));
#786 = LINE('',#787,#788);
#787 = CARTESIAN_POINT('',(105.95336000608,-5.E-02,-3.55));
#788 = VECTOR('',#789,1.);
#789 = DIRECTION('',(0.,0.,1.));
#790 = ORIENTED_EDGE('',*,*,#791,.F.);
#791 = EDGE_CURVE('',#766,#784,#792,.T.);
#792 = LINE('',#793,#794);
#793 = CARTESIAN_POINT('',(-1.42108547152E-14,-5.E-02,-3.55));
#794 = VECTOR('',#795,1.);
#795 = DIRECTION('',(1.,0.,0.));
#796 = PLANE('',#797);
#797 = AXIS2_PLACEMENT_3D('',#798,#799,#800);
#798 = CARTESIAN_POINT('',(-5.000000000001E-02,-5.E-02,-3.55));
#799 = DIRECTION('',(0.,1.,0.));
#800 = DIRECTION('',(1.,0.,0.));
#801 = ADVANCED_FACE('',(#802),#827,.F.);
#802 = FACE_BOUND('',#803,.F.);
#803 = EDGE_LOOP('',(#804,#814,#820,#821));
#804 = ORIENTED_EDGE('',*,*,#805,.T.);
#805 = EDGE_CURVE('',#806,#808,#810,.T.);
#806 = VERTEX_POINT('',#807);
#807 = CARTESIAN_POINT('',(-5.E-02,191.05,-3.55));
#808 = VERTEX_POINT('',#809);
#809 = CARTESIAN_POINT('',(-5.E-02,191.05,3.55));
#810 = LINE('',#811,#812);
#811 = CARTESIAN_POINT('',(-5.E-02,191.05,-3.55));
#812 = VECTOR('',#813,1.);
#813 = DIRECTION('',(0.,0.,1.));
#814 = ORIENTED_EDGE('',*,*,#815,.T.);
#815 = EDGE_CURVE('',#808,#768,#816,.T.);
#816 = LINE('',#817,#818);
#817 = CARTESIAN_POINT('',(-5.000000000001E-02,191.,3.55));
#818 = VECTOR('',#819,1.);
#819 = DIRECTION('',(0.,-1.,-0.));
#820 = ORIENTED_EDGE('',*,*,#765,.F.);
#821 = ORIENTED_EDGE('',*,*,#822,.F.);
#822 = EDGE_CURVE('',#806,#766,#823,.T.);
#823 = LINE('',#824,#825);
#824 = CARTESIAN_POINT('',(-5.000000000001E-02,191.,-3.55));
#825 = VECTOR('',#826,1.);
#826 = DIRECTION('',(0.,-1.,-0.));
#827 = PLANE('',#828);
#828 = AXIS2_PLACEMENT_3D('',#829,#830,#831);
#829 = CARTESIAN_POINT('',(-5.000000000001E-02,191.05,-3.55));
#830 = DIRECTION('',(1.,0.,-0.));
#831 = DIRECTION('',(0.,-1.,0.));
#832 = ADVANCED_FACE('',(#833),#858,.F.);
#833 = FACE_BOUND('',#834,.F.);
#834 = EDGE_LOOP('',(#835,#836,#844,#852));
#835 = ORIENTED_EDGE('',*,*,#783,.T.);
#836 = ORIENTED_EDGE('',*,*,#837,.T.);
#837 = EDGE_CURVE('',#776,#838,#840,.T.);
#838 = VERTEX_POINT('',#839);
#839 = CARTESIAN_POINT('',(120.8254423621,191.05,3.55));
#840 = LINE('',#841,#842);
#841 = CARTESIAN_POINT('',(105.95694927165,-3.879447794262E-03,3.55));
#842 = VECTOR('',#843,1.);
#843 = DIRECTION('',(7.758895588511E-02,0.996985433156,0.));
#844 = ORIENTED_EDGE('',*,*,#845,.F.);
#845 = EDGE_CURVE('',#846,#838,#848,.T.);
#846 = VERTEX_POINT('',#847);
#847 = CARTESIAN_POINT('',(120.8254423621,191.05,-3.55));
#848 = LINE('',#849,#850);
#849 = CARTESIAN_POINT('',(120.8254423621,191.05,-3.55));
#850 = VECTOR('',#851,1.);
#851 = DIRECTION('',(0.,0.,1.));
#852 = ORIENTED_EDGE('',*,*,#853,.F.);
#853 = EDGE_CURVE('',#784,#846,#854,.T.);
#854 = LINE('',#855,#856);
#855 = CARTESIAN_POINT('',(105.95694927165,-3.879447794262E-03,-3.55));
#856 = VECTOR('',#857,1.);
#857 = DIRECTION('',(7.758895588511E-02,0.996985433156,0.));
#858 = PLANE('',#859);
#859 = AXIS2_PLACEMENT_3D('',#860,#861,#862);
#860 = CARTESIAN_POINT('',(105.95336000608,-5.E-02,-3.55));
#861 = DIRECTION('',(-0.996985433156,7.758895588511E-02,0.));
#862 = DIRECTION('',(7.758895588511E-02,0.996985433156,0.));
#863 = ADVANCED_FACE('',(#864),#875,.F.);
#864 = FACE_BOUND('',#865,.T.);
#865 = EDGE_LOOP('',(#866,#867,#868,#874));
#866 = ORIENTED_EDGE('',*,*,#791,.F.);
#867 = ORIENTED_EDGE('',*,*,#822,.F.);
#868 = ORIENTED_EDGE('',*,*,#869,.F.);
#869 = EDGE_CURVE('',#846,#806,#870,.T.);
#870 = LINE('',#871,#872);
#871 = CARTESIAN_POINT('',(120.7714,191.05,-3.55));
#872 = VECTOR('',#873,1.);
#873 = DIRECTION('',(-1.,0.,0.));
#874 = ORIENTED_EDGE('',*,*,#853,.F.);
#875 = PLANE('',#876);
#876 = AXIS2_PLACEMENT_3D('',#877,#878,#879);
#877 = CARTESIAN_POINT('',(56.814005812425,97.829957515115,-3.55));
#878 = DIRECTION('',(0.,0.,1.));
#879 = DIRECTION('',(1.,0.,-0.));
#880 = ADVANCED_FACE('',(#881),#892,.T.);
#881 = FACE_BOUND('',#882,.F.);
#882 = EDGE_LOOP('',(#883,#884,#885,#891));
#883 = ORIENTED_EDGE('',*,*,#775,.F.);
#884 = ORIENTED_EDGE('',*,*,#815,.F.);
#885 = ORIENTED_EDGE('',*,*,#886,.F.);
#886 = EDGE_CURVE('',#838,#808,#887,.T.);
#887 = LINE('',#888,#889);
#888 = CARTESIAN_POINT('',(120.7714,191.05,3.55));
#889 = VECTOR('',#890,1.);
#890 = DIRECTION('',(-1.,0.,0.));
#891 = ORIENTED_EDGE('',*,*,#837,.F.);
#892 = PLANE('',#893);
#893 = AXIS2_PLACEMENT_3D('',#894,#895,#896);
#894 = CARTESIAN_POINT('',(56.814005812425,97.829957515115,3.55));
#895 = DIRECTION('',(0.,0.,1.));
#896 = DIRECTION('',(1.,0.,-0.));
#897 = ADVANCED_FACE('',(#898,#904),#938,.F.);
#898 = FACE_BOUND('',#899,.F.);
#899 = EDGE_LOOP('',(#900,#901,#902,#903));
#900 = ORIENTED_EDGE('',*,*,#845,.T.);
#901 = ORIENTED_EDGE('',*,*,#886,.T.);
#902 = ORIENTED_EDGE('',*,*,#805,.F.);
#903 = ORIENTED_EDGE('',*,*,#869,.F.);
#904 = FACE_BOUND('',#905,.F.);
#905 = EDGE_LOOP('',(#906,#916,#924,#932));
#906 = ORIENTED_EDGE('',*,*,#907,.T.);
#907 = EDGE_CURVE('',#908,#910,#912,.T.);
#908 = VERTEX_POINT('',#909);
#909 = CARTESIAN_POINT('',(74.930805,191.05,-3.));
#910 = VERTEX_POINT('',#911);
#911 = CARTESIAN_POINT('',(56.930805,191.05,-3.));
#912 = LINE('',#913,#914);
#913 = CARTESIAN_POINT('',(88.878123681054,191.05,-3.));
#914 = VECTOR('',#915,1.);
#915 = DIRECTION('',(-1.,0.,0.));
#916 = ORIENTED_EDGE('',*,*,#917,.T.);
#917 = EDGE_CURVE('',#910,#918,#920,.T.);
#918 = VERTEX_POINT('',#919);
#919 = CARTESIAN_POINT('',(56.930805,191.05,3.));
#920 = LINE('',#921,#922);
#921 = CARTESIAN_POINT('',(56.930805,191.05,-3.275));
#922 = VECTOR('',#923,1.);
#923 = DIRECTION('',(0.,0.,1.));
#924 = ORIENTED_EDGE('',*,*,#925,.F.);
#925 = EDGE_CURVE('',#926,#918,#928,.T.);
#926 = VERTEX_POINT('',#927);
#927 = CARTESIAN_POINT('',(74.930805,191.05,3.));
#928 = LINE('',#929,#930);
#929 = CARTESIAN_POINT('',(88.878123681054,191.05,3.));
#930 = VECTOR('',#931,1.);
#931 = DIRECTION('',(-1.,0.,0.));
#932 = ORIENTED_EDGE('',*,*,#933,.F.);
#933 = EDGE_CURVE('',#908,#926,#934,.T.);
#934 = LINE('',#935,#936);
#935 = CARTESIAN_POINT('',(74.930805,191.05,-3.275));
#936 = VECTOR('',#937,1.);
#937 = DIRECTION('',(0.,0.,1.));
#938 = PLANE('',#939);
#939 = AXIS2_PLACEMENT_3D('',#940,#941,#942);
#940 = CARTESIAN_POINT('',(120.8254423621,191.05,-3.55));
#941 = DIRECTION('',(0.,-1.,0.));
#942 = DIRECTION('',(-1.,0.,0.));
#943 = ADVANCED_FACE('',(#944),#969,.T.);
#944 = FACE_BOUND('',#945,.T.);
#945 = EDGE_LOOP('',(#946,#954,#962,#968));
#946 = ORIENTED_EDGE('',*,*,#947,.F.);
#947 = EDGE_CURVE('',#948,#910,#950,.T.);
#948 = VERTEX_POINT('',#949);
#949 = CARTESIAN_POINT('',(56.930805,191.,-3.));
#950 = LINE('',#951,#952);
#951 = CARTESIAN_POINT('',(56.930805,190.5,-3.));
#952 = VECTOR('',#953,1.);
#953 = DIRECTION('',(-0.,1.,0.));
#954 = ORIENTED_EDGE('',*,*,#955,.F.);
#955 = EDGE_CURVE('',#956,#948,#958,.T.);
#956 = VERTEX_POINT('',#957);
#957 = CARTESIAN_POINT('',(74.930805,191.,-3.));
#958 = LINE('',#959,#960);
#959 = CARTESIAN_POINT('',(88.8511025,191.,-3.));
#960 = VECTOR('',#961,1.);
#961 = DIRECTION('',(-1.,0.,0.));
#962 = ORIENTED_EDGE('',*,*,#963,.T.);
#963 = EDGE_CURVE('',#956,#908,#964,.T.);
#964 = LINE('',#965,#966);
#965 = CARTESIAN_POINT('',(74.930805,190.5,-3.));
#966 = VECTOR('',#967,1.);
#967 = DIRECTION('',(-0.,1.,0.));
#968 = ORIENTED_EDGE('',*,*,#907,.T.);
#969 = PLANE('',#970);
#970 = AXIS2_PLACEMENT_3D('',#971,#972,#973);
#971 = CARTESIAN_POINT('',(56.930805,190.5,-3.));
#972 = DIRECTION('',(0.,0.,1.));
#973 = DIRECTION('',(1.,0.,-0.));
#974 = ADVANCED_FACE('',(#975),#993,.F.);
#975 = FACE_BOUND('',#976,.F.);
#976 = EDGE_LOOP('',(#977,#985,#991,#992));
#977 = ORIENTED_EDGE('',*,*,#978,.F.);
#978 = EDGE_CURVE('',#979,#926,#981,.T.);
#979 = VERTEX_POINT('',#980);
#980 = CARTESIAN_POINT('',(74.930805,191.,3.));
#981 = LINE('',#982,#983);
#982 = CARTESIAN_POINT('',(74.930805,190.5,3.));
#983 = VECTOR('',#984,1.);
#984 = DIRECTION('',(-0.,1.,0.));
#985 = ORIENTED_EDGE('',*,*,#986,.F.);
#986 = EDGE_CURVE('',#956,#979,#987,.T.);
#987 = LINE('',#988,#989);
#988 = CARTESIAN_POINT('',(74.930805,191.,-3.25));
#989 = VECTOR('',#990,1.);
#990 = DIRECTION('',(0.,0.,1.));
#991 = ORIENTED_EDGE('',*,*,#963,.T.);
#992 = ORIENTED_EDGE('',*,*,#933,.T.);
#993 = PLANE('',#994);
#994 = AXIS2_PLACEMENT_3D('',#995,#996,#997);
#995 = CARTESIAN_POINT('',(74.930805,190.5,-3.));
#996 = DIRECTION('',(1.,0.,-0.));
#997 = DIRECTION('',(0.,0.,1.));
#998 = ADVANCED_FACE('',(#999),#1017,.F.);
#999 = FACE_BOUND('',#1000,.F.);
#1000 = EDGE_LOOP('',(#1001,#1009,#1015,#1016));
#1001 = ORIENTED_EDGE('',*,*,#1002,.F.);
#1002 = EDGE_CURVE('',#1003,#918,#1005,.T.);
#1003 = VERTEX_POINT('',#1004);
#1004 = CARTESIAN_POINT('',(56.930805,191.,3.));
#1005 = LINE('',#1006,#1007);
#1006 = CARTESIAN_POINT('',(56.930805,190.5,3.));
#1007 = VECTOR('',#1008,1.);
#1008 = DIRECTION('',(-0.,1.,0.));
#1009 = ORIENTED_EDGE('',*,*,#1010,.F.);
#1010 = EDGE_CURVE('',#979,#1003,#1011,.T.);
#1011 = LINE('',#1012,#1013);
#1012 = CARTESIAN_POINT('',(88.8511025,191.,3.));
#1013 = VECTOR('',#1014,1.);
#1014 = DIRECTION('',(-1.,0.,0.));
#1015 = ORIENTED_EDGE('',*,*,#978,.T.);
#1016 = ORIENTED_EDGE('',*,*,#925,.T.);
#1017 = PLANE('',#1018);
#1018 = AXIS2_PLACEMENT_3D('',#1019,#1020,#1021);
#1019 = CARTESIAN_POINT('',(56.930805,190.5,3.));
#1020 = DIRECTION('',(0.,0.,1.));
#1021 = DIRECTION('',(1.,0.,-0.));
#1022 = ADVANCED_FACE('',(#1023),#1034,.T.);
#1023 = FACE_BOUND('',#1024,.T.);
#1024 = EDGE_LOOP('',(#1025,#1026,#1032,#1033));
#1025 = ORIENTED_EDGE('',*,*,#1002,.F.);
#1026 = ORIENTED_EDGE('',*,*,#1027,.F.);
#1027 = EDGE_CURVE('',#948,#1003,#1028,.T.);
#1028 = LINE('',#1029,#1030);
#1029 = CARTESIAN_POINT('',(56.930805,191.,-3.25));
#1030 = VECTOR('',#1031,1.);
#1031 = DIRECTION('',(0.,0.,1.));
#1032 = ORIENTED_EDGE('',*,*,#947,.T.);
#1033 = ORIENTED_EDGE('',*,*,#917,.T.);
#1034 = PLANE('',#1035);
#1035 = AXIS2_PLACEMENT_3D('',#1036,#1037,#1038);
#1036 = CARTESIAN_POINT('',(56.930805,190.5,-3.));
#1037 = DIRECTION('',(1.,0.,-0.));
#1038 = DIRECTION('',(0.,0.,1.));
#1039 = ADVANCED_FACE('',(#1040,#1074),#1080,.T.);
#1040 = FACE_BOUND('',#1041,.T.);
#1041 = EDGE_LOOP('',(#1042,#1052,#1060,#1068));
#1042 = ORIENTED_EDGE('',*,*,#1043,.T.);
#1043 = EDGE_CURVE('',#1044,#1046,#1048,.T.);
#1044 = VERTEX_POINT('',#1045);
#1045 = CARTESIAN_POINT('',(120.7714,191.,-3.5));
#1046 = VERTEX_POINT('',#1047);
#1047 = CARTESIAN_POINT('',(120.7714,191.,3.5));
#1048 = LINE('',#1049,#1050);
#1049 = CARTESIAN_POINT('',(120.7714,191.,-3.5));
#1050 = VECTOR('',#1051,1.);
#1051 = DIRECTION('',(0.,0.,1.));
#1052 = ORIENTED_EDGE('',*,*,#1053,.T.);
#1053 = EDGE_CURVE('',#1046,#1054,#1056,.T.);
#1054 = VERTEX_POINT('',#1055);
#1055 = CARTESIAN_POINT('',(-1.377737E-14,191.,3.5));
#1056 = LINE('',#1057,#1058);
#1057 = CARTESIAN_POINT('',(120.7714,191.,3.5));
#1058 = VECTOR('',#1059,1.);
#1059 = DIRECTION('',(-1.,0.,0.));
#1060 = ORIENTED_EDGE('',*,*,#1061,.F.);
#1061 = EDGE_CURVE('',#1062,#1054,#1064,.T.);
#1062 = VERTEX_POINT('',#1063);
#1063 = CARTESIAN_POINT('',(-1.377737E-14,191.,-3.5));
#1064 = LINE('',#1065,#1066);
#1065 = CARTESIAN_POINT('',(-1.377737E-14,191.,-3.5));
#1066 = VECTOR('',#1067,1.);
#1067 = DIRECTION('',(0.,0.,1.));
#1068 = ORIENTED_EDGE('',*,*,#1069,.F.);
#1069 = EDGE_CURVE('',#1044,#1062,#1070,.T.);
#1070 = LINE('',#1071,#1072);
#1071 = CARTESIAN_POINT('',(120.7714,191.,-3.5));
#1072 = VECTOR('',#1073,1.);
#1073 = DIRECTION('',(-1.,0.,0.));
#1074 = FACE_BOUND('',#1075,.T.);
#1075 = EDGE_LOOP('',(#1076,#1077,#1078,#1079));
#1076 = ORIENTED_EDGE('',*,*,#955,.T.);
#1077 = ORIENTED_EDGE('',*,*,#1027,.T.);
#1078 = ORIENTED_EDGE('',*,*,#1010,.F.);
#1079 = ORIENTED_EDGE('',*,*,#986,.F.);
#1080 = PLANE('',#1081);
#1081 = AXIS2_PLACEMENT_3D('',#1082,#1083,#1084);
#1082 = CARTESIAN_POINT('',(120.7714,191.,-3.5));
#1083 = DIRECTION('',(0.,-1.,0.));
#1084 = DIRECTION('',(-1.,0.,0.));
#1085 = ADVANCED_FACE('',(#1086),#1111,.T.);
#1086 = FACE_BOUND('',#1087,.T.);
#1087 = EDGE_LOOP('',(#1088,#1098,#1104,#1105));
#1088 = ORIENTED_EDGE('',*,*,#1089,.T.);
#1089 = EDGE_CURVE('',#1090,#1092,#1094,.T.);
#1090 = VERTEX_POINT('',#1091);
#1091 = CARTESIAN_POINT('',(105.9071,0.,-3.5));
#1092 = VERTEX_POINT('',#1093);
#1093 = CARTESIAN_POINT('',(105.9071,0.,3.5));
#1094 = LINE('',#1095,#1096);
#1095 = CARTESIAN_POINT('',(105.9071,0.,-3.5));
#1096 = VECTOR('',#1097,1.);
#1097 = DIRECTION('',(0.,0.,1.));
#1098 = ORIENTED_EDGE('',*,*,#1099,.T.);
#1099 = EDGE_CURVE('',#1092,#1046,#1100,.T.);
#1100 = LINE('',#1101,#1102);
#1101 = CARTESIAN_POINT('',(105.9071,0.,3.5));
#1102 = VECTOR('',#1103,1.);
#1103 = DIRECTION('',(7.758895588511E-02,0.996985433156,0.));
#1104 = ORIENTED_EDGE('',*,*,#1043,.F.);
#1105 = ORIENTED_EDGE('',*,*,#1106,.F.);
#1106 = EDGE_CURVE('',#1090,#1044,#1107,.T.);
#1107 = LINE('',#1108,#1109);
#1108 = CARTESIAN_POINT('',(105.9071,0.,-3.5));
#1109 = VECTOR('',#1110,1.);
#1110 = DIRECTION('',(7.758895588511E-02,0.996985433156,0.));
#1111 = PLANE('',#1112);
#1112 = AXIS2_PLACEMENT_3D('',#1113,#1114,#1115);
#1113 = CARTESIAN_POINT('',(105.9071,0.,-3.5));
#1114 = DIRECTION('',(-0.996985433156,7.758895588511E-02,0.));
#1115 = DIRECTION('',(7.758895588511E-02,0.996985433156,0.));
#1116 = ADVANCED_FACE('',(#1117),#1135,.T.);
#1117 = FACE_BOUND('',#1118,.T.);
#1118 = EDGE_LOOP('',(#1119,#1127,#1128,#1129));
#1119 = ORIENTED_EDGE('',*,*,#1120,.T.);
#1120 = EDGE_CURVE('',#1121,#1090,#1123,.T.);
#1121 = VERTEX_POINT('',#1122);
#1122 = CARTESIAN_POINT('',(-1.377737E-14,0.,-3.5));
#1123 = LINE('',#1124,#1125);
#1124 = CARTESIAN_POINT('',(-1.377737E-14,0.,-3.5));
#1125 = VECTOR('',#1126,1.);
#1126 = DIRECTION('',(1.,-0.,0.));
#1127 = ORIENTED_EDGE('',*,*,#1106,.T.);
#1128 = ORIENTED_EDGE('',*,*,#1069,.T.);
#1129 = ORIENTED_EDGE('',*,*,#1130,.T.);
#1130 = EDGE_CURVE('',#1062,#1121,#1131,.T.);
#1131 = LINE('',#1132,#1133);
#1132 = CARTESIAN_POINT('',(-1.377737E-14,191.,-3.5));
#1133 = VECTOR('',#1134,1.);
#1134 = DIRECTION('',(0.,-1.,0.));
#1135 = PLANE('',#1136);
#1136 = AXIS2_PLACEMENT_3D('',#1137,#1138,#1139);
#1137 = CARTESIAN_POINT('',(56.814005812425,97.829957515115,-3.5));
#1138 = DIRECTION('',(0.,0.,1.));
#1139 = DIRECTION('',(1.,0.,-0.));
#1140 = ADVANCED_FACE('',(#1141),#1159,.F.);
#1141 = FACE_BOUND('',#1142,.F.);
#1142 = EDGE_LOOP('',(#1143,#1151,#1152,#1153));
#1143 = ORIENTED_EDGE('',*,*,#1144,.T.);
#1144 = EDGE_CURVE('',#1145,#1092,#1147,.T.);
#1145 = VERTEX_POINT('',#1146);
#1146 = CARTESIAN_POINT('',(-1.377737E-14,0.,3.5));
#1147 = LINE('',#1148,#1149);
#1148 = CARTESIAN_POINT('',(-1.377737E-14,0.,3.5));
#1149 = VECTOR('',#1150,1.);
#1150 = DIRECTION('',(1.,-0.,0.));
#1151 = ORIENTED_EDGE('',*,*,#1099,.T.);
#1152 = ORIENTED_EDGE('',*,*,#1053,.T.);
#1153 = ORIENTED_EDGE('',*,*,#1154,.T.);
#1154 = EDGE_CURVE('',#1054,#1145,#1155,.T.);
#1155 = LINE('',#1156,#1157);
#1156 = CARTESIAN_POINT('',(-1.377737E-14,191.,3.5));
#1157 = VECTOR('',#1158,1.);
#1158 = DIRECTION('',(0.,-1.,0.));
#1159 = PLANE('',#1160);
#1160 = AXIS2_PLACEMENT_3D('',#1161,#1162,#1163);
#1161 = CARTESIAN_POINT('',(56.814005812425,97.829957515115,3.5));
#1162 = DIRECTION('',(0.,0.,1.));
#1163 = DIRECTION('',(1.,0.,-0.));
#1164 = ADVANCED_FACE('',(#1165),#1176,.T.);
#1165 = FACE_BOUND('',#1166,.T.);
#1166 = EDGE_LOOP('',(#1167,#1168,#1169,#1175));
#1167 = ORIENTED_EDGE('',*,*,#1061,.T.);
#1168 = ORIENTED_EDGE('',*,*,#1154,.T.);
#1169 = ORIENTED_EDGE('',*,*,#1170,.F.);
#1170 = EDGE_CURVE('',#1121,#1145,#1171,.T.);
#1171 = LINE('',#1172,#1173);
#1172 = CARTESIAN_POINT('',(-1.377737E-14,0.,-3.5));
#1173 = VECTOR('',#1174,1.);
#1174 = DIRECTION('',(0.,0.,1.));
#1175 = ORIENTED_EDGE('',*,*,#1130,.F.);
#1176 = PLANE('',#1177);
#1177 = AXIS2_PLACEMENT_3D('',#1178,#1179,#1180);
#1178 = CARTESIAN_POINT('',(-1.377737E-14,191.,-3.5));
#1179 = DIRECTION('',(1.,0.,-0.));
#1180 = DIRECTION('',(0.,-1.,0.));
#1181 = ADVANCED_FACE('',(#1182),#1188,.T.);
#1182 = FACE_BOUND('',#1183,.T.);
#1183 = EDGE_LOOP('',(#1184,#1185,#1186,#1187));
#1184 = ORIENTED_EDGE('',*,*,#1170,.T.);
#1185 = ORIENTED_EDGE('',*,*,#1144,.T.);
#1186 = ORIENTED_EDGE('',*,*,#1089,.F.);
#1187 = ORIENTED_EDGE('',*,*,#1120,.F.);
#1188 = PLANE('',#1189);
#1189 = AXIS2_PLACEMENT_3D('',#1190,#1191,#1192);
#1190 = CARTESIAN_POINT('',(-1.377737E-14,0.,-3.5));
#1191 = DIRECTION('',(0.,1.,-0.));
#1192 = DIRECTION('',(1.,-0.,0.));
#1193 = ( GEOMETRIC_REPRESENTATION_CONTEXT(3) 
GLOBAL_UNCERTAINTY_ASSIGNED_CONTEXT((#1197)) 
GLOBAL_UNIT_ASSIGNED_CONTEXT((#1194,#1195,#1196)) REPRESENTATION_CONTEXT
('Context #1','3D Context with UNIT and UNCERTAINTY') );
#1194 = ( LENGTH_UNIT() NAMED_UNIT(*) SI_UNIT(.MILLI.,.METRE.) );
#1195 = ( NAMED_UNIT(*) PLANE_ANGLE_UNIT() SI_UNIT($,.RADIAN.) );
#1196 = ( NAMED_UNIT(*) SI_UNIT($,.STERADIAN.) SOLID_ANGLE_UNIT() );
#1197 = UNCERTAINTY_MEASURE_WITH_UNIT(LENGTH_MEASURE(1.E-07),#1194,
  'distance_accuracy_value','confusion accuracy');
#1198 = CONTEXT_DEPENDENT_SHAPE_REPRESENTATION(#1199,#1201);
#1199 = ( REPRESENTATION_RELATIONSHIP('','',#758,#10) 
REPRESENTATION_RELATIONSHIP_WITH_TRANSFORMATION(#1200) 
SHAPE_REPRESENTATION_RELATIONSHIP() );
#1200 = ITEM_DEFINED_TRANSFORMATION('','',#11,#23);
#1201 = PRODUCT_DEFINITION_SHAPE('Placement','Placement of an item',
  #1202);
#1202 = NEXT_ASSEMBLY_USAGE_OCCURRENCE('3','Tile0_Coating','',#5,#753,$
  );
#1203 = PRODUCT_RELATED_PRODUCT_CATEGORY('part',$,(#755));
#1204 = SHAPE_DEFINITION_REPRESENTATION(#1205,#1211);
#1205 = PRODUCT_DEFINITION_SHAPE('','',#1206);
#1206 = PRODUCT_DEFINITION('design','',#1207,#1210);
#1207 = PRODUCT_DEFINITION_FORMATION('','',#1208);
#1208 = PRODUCT('Tile0_WrapAl','Tile0_WrapAl','',(#1209));
#1209 = PRODUCT_CONTEXT('',#2,'mechanical');
#1210 = PRODUCT_DEFINITION_CONTEXT('part definition',#2,'design');
#1211 = ADVANCED_BREP_SHAPE_REPRESENTATION('',(#11,#1212),#1646);
#1212 = MANIFOLD_SOLID_BREP('',#1213);
#1213 = CLOSED_SHELL('',(#1214,#1254,#1285,#1316,#1333,#1350,#1396,#1427
    ,#1451,#1475,#1492,#1538,#1569,#1593,#1617,#1634));
#1214 = ADVANCED_FACE('',(#1215),#1249,.F.);
#1215 = FACE_BOUND('',#1216,.F.);
#1216 = EDGE_LOOP('',(#1217,#1227,#1235,#1243));
#1217 = ORIENTED_EDGE('',*,*,#1218,.T.);
#1218 = EDGE_CURVE('',#1219,#1221,#1223,.T.);
#1219 = VERTEX_POINT('',#1220);
#1220 = CARTESIAN_POINT('',(-0.15,-0.15,-3.65));
#1221 = VERTEX_POINT('',#1222);
#1222 = CARTESIAN_POINT('',(-0.15,-0.15,3.65));
#1223 = LINE('',#1224,#1225);
#1224 = CARTESIAN_POINT('',(-0.15,-0.15,-3.65));
#1225 = VECTOR('',#1226,1.);
#1226 = DIRECTION('',(0.,0.,1.));
#1227 = ORIENTED_EDGE('',*,*,#1228,.T.);
#1228 = EDGE_CURVE('',#1221,#1229,#1231,.T.);
#1229 = VERTEX_POINT('',#1230);
#1230 = CARTESIAN_POINT('',(106.04588001825,-0.15,3.65));
#1231 = LINE('',#1232,#1233);
#1232 = CARTESIAN_POINT('',(-1.42108547152E-14,-0.15,3.65));
#1233 = VECTOR('',#1234,1.);
#1234 = DIRECTION('',(1.,0.,0.));
#1235 = ORIENTED_EDGE('',*,*,#1236,.F.);
#1236 = EDGE_CURVE('',#1237,#1229,#1239,.T.);
#1237 = VERTEX_POINT('',#1238);
#1238 = CARTESIAN_POINT('',(106.04588001825,-0.15,-3.65));
#1239 = LINE('',#1240,#1241);
#1240 = CARTESIAN_POINT('',(106.04588001825,-0.15,-3.65));
#1241 = VECTOR('',#1242,1.);
#1242 = DIRECTION('',(0.,0.,1.));
#1243 = ORIENTED_EDGE('',*,*,#1244,.F.);
#1244 = EDGE_CURVE('',#1219,#1237,#1245,.T.);
#1245 = LINE('',#1246,#1247);
#1246 = CARTESIAN_POINT('',(-1.42108547152E-14,-0.15,-3.65));
#1247 = VECTOR('',#1248,1.);
#1248 = DIRECTION('',(1.,0.,0.));
#1249 = PLANE('',#1250);
#1250 = AXIS2_PLACEMENT_3D('',#1251,#1252,#1253);
#1251 = CARTESIAN_POINT('',(-0.15,-0.15,-3.65));
#1252 = DIRECTION('',(0.,1.,0.));
#1253 = DIRECTION('',(1.,0.,0.));
#1254 = ADVANCED_FACE('',(#1255),#1280,.F.);
#1255 = FACE_BOUND('',#1256,.F.);
#1256 = EDGE_LOOP('',(#1257,#1267,#1273,#1274));
#1257 = ORIENTED_EDGE('',*,*,#1258,.T.);
#1258 = EDGE_CURVE('',#1259,#1261,#1263,.T.);
#1259 = VERTEX_POINT('',#1260);
#1260 = CARTESIAN_POINT('',(-0.15,191.15,-3.65));
#1261 = VERTEX_POINT('',#1262);
#1262 = CARTESIAN_POINT('',(-0.15,191.15,3.65));
#1263 = LINE('',#1264,#1265);
#1264 = CARTESIAN_POINT('',(-0.15,191.15,-3.65));
#1265 = VECTOR('',#1266,1.);
#1266 = DIRECTION('',(0.,0.,1.));
#1267 = ORIENTED_EDGE('',*,*,#1268,.T.);
#1268 = EDGE_CURVE('',#1261,#1221,#1269,.T.);
#1269 = LINE('',#1270,#1271);
#1270 = CARTESIAN_POINT('',(-0.15,191.,3.65));
#1271 = VECTOR('',#1272,1.);
#1272 = DIRECTION('',(0.,-1.,-0.));
#1273 = ORIENTED_EDGE('',*,*,#1218,.F.);
#1274 = ORIENTED_EDGE('',*,*,#1275,.F.);
#1275 = EDGE_CURVE('',#1259,#1219,#1276,.T.);
#1276 = LINE('',#1277,#1278);
#1277 = CARTESIAN_POINT('',(-0.15,191.,-3.65));
#1278 = VECTOR('',#1279,1.);
#1279 = DIRECTION('',(0.,-1.,-0.));
#1280 = PLANE('',#1281);
#1281 = AXIS2_PLACEMENT_3D('',#1282,#1283,#1284);
#1282 = CARTESIAN_POINT('',(-0.15,191.15,-3.65));
#1283 = DIRECTION('',(1.,0.,-0.));
#1284 = DIRECTION('',(0.,-1.,0.));
#1285 = ADVANCED_FACE('',(#1286),#1311,.F.);
#1286 = FACE_BOUND('',#1287,.F.);
#1287 = EDGE_LOOP('',(#1288,#1289,#1297,#1305));
#1288 = ORIENTED_EDGE('',*,*,#1236,.T.);
#1289 = ORIENTED_EDGE('',*,*,#1290,.T.);
#1290 = EDGE_CURVE('',#1229,#1291,#1293,.T.);
#1291 = VERTEX_POINT('',#1292);
#1292 = CARTESIAN_POINT('',(120.93352708632,191.15,3.65));
#1293 = LINE('',#1294,#1295);
#1294 = CARTESIAN_POINT('',(106.05664781497,-1.163834338277E-02,3.65));
#1295 = VECTOR('',#1296,1.);
#1296 = DIRECTION('',(7.758895588511E-02,0.996985433156,0.));
#1297 = ORIENTED_EDGE('',*,*,#1298,.F.);
#1298 = EDGE_CURVE('',#1299,#1291,#1301,.T.);
#1299 = VERTEX_POINT('',#1300);
#1300 = CARTESIAN_POINT('',(120.93352708632,191.15,-3.65));
#1301 = LINE('',#1302,#1303);
#1302 = CARTESIAN_POINT('',(120.93352708632,191.15,-3.65));
#1303 = VECTOR('',#1304,1.);
#1304 = DIRECTION('',(0.,0.,1.));
#1305 = ORIENTED_EDGE('',*,*,#1306,.F.);
#1306 = EDGE_CURVE('',#1237,#1299,#1307,.T.);
#1307 = LINE('',#1308,#1309);
#1308 = CARTESIAN_POINT('',(106.05664781497,-1.163834338277E-02,-3.65));
#1309 = VECTOR('',#1310,1.);
#1310 = DIRECTION('',(7.758895588511E-02,0.996985433156,0.));
#1311 = PLANE('',#1312);
#1312 = AXIS2_PLACEMENT_3D('',#1313,#1314,#1315);
#1313 = CARTESIAN_POINT('',(106.04588001825,-0.15,-3.65));
#1314 = DIRECTION('',(-0.996985433156,7.758895588511E-02,0.));
#1315 = DIRECTION('',(7.758895588511E-02,0.996985433156,0.));
#1316 = ADVANCED_FACE('',(#1317),#1328,.F.);
#1317 = FACE_BOUND('',#1318,.T.);
#1318 = EDGE_LOOP('',(#1319,#1320,#1321,#1327));
#1319 = ORIENTED_EDGE('',*,*,#1244,.F.);
#1320 = ORIENTED_EDGE('',*,*,#1275,.F.);
#1321 = ORIENTED_EDGE('',*,*,#1322,.F.);
#1322 = EDGE_CURVE('',#1299,#1259,#1323,.T.);
#1323 = LINE('',#1324,#1325);
#1324 = CARTESIAN_POINT('',(120.7714,191.15,-3.65));
#1325 = VECTOR('',#1326,1.);
#1326 = DIRECTION('',(-1.,0.,0.));
#1327 = ORIENTED_EDGE('',*,*,#1306,.F.);
#1328 = PLANE('',#1329);
#1329 = AXIS2_PLACEMENT_3D('',#1330,#1331,#1332);
#1330 = CARTESIAN_POINT('',(56.814005812425,97.829957515115,-3.65));
#1331 = DIRECTION('',(0.,0.,1.));
#1332 = DIRECTION('',(1.,0.,-0.));
#1333 = ADVANCED_FACE('',(#1334),#1345,.T.);
#1334 = FACE_BOUND('',#1335,.F.);
#1335 = EDGE_LOOP('',(#1336,#1337,#1338,#1344));
#1336 = ORIENTED_EDGE('',*,*,#1228,.F.);
#1337 = ORIENTED_EDGE('',*,*,#1268,.F.);
#1338 = ORIENTED_EDGE('',*,*,#1339,.F.);
#1339 = EDGE_CURVE('',#1291,#1261,#1340,.T.);
#1340 = LINE('',#1341,#1342);
#1341 = CARTESIAN_POINT('',(120.7714,191.15,3.65));
#1342 = VECTOR('',#1343,1.);
#1343 = DIRECTION('',(-1.,0.,0.));
#1344 = ORIENTED_EDGE('',*,*,#1290,.F.);
#1345 = PLANE('',#1346);
#1346 = AXIS2_PLACEMENT_3D('',#1347,#1348,#1349);
#1347 = CARTESIAN_POINT('',(56.814005812425,97.829957515115,3.65));
#1348 = DIRECTION('',(0.,0.,1.));
#1349 = DIRECTION('',(1.,0.,-0.));
#1350 = ADVANCED_FACE('',(#1351,#1357),#1391,.F.);
#1351 = FACE_BOUND('',#1352,.F.);
#1352 = EDGE_LOOP('',(#1353,#1354,#1355,#1356));
#1353 = ORIENTED_EDGE('',*,*,#1298,.T.);
#1354 = ORIENTED_EDGE('',*,*,#1339,.T.);
#1355 = ORIENTED_EDGE('',*,*,#1258,.F.);
#1356 = ORIENTED_EDGE('',*,*,#1322,.F.);
#1357 = FACE_BOUND('',#1358,.F.);
#1358 = EDGE_LOOP('',(#1359,#1369,#1377,#1385));
#1359 = ORIENTED_EDGE('',*,*,#1360,.T.);
#1360 = EDGE_CURVE('',#1361,#1363,#1365,.T.);
#1361 = VERTEX_POINT('',#1362);
#1362 = CARTESIAN_POINT('',(74.930805,191.15,-3.));
#1363 = VERTEX_POINT('',#1364);
#1364 = CARTESIAN_POINT('',(56.930805,191.15,-3.));
#1365 = LINE('',#1366,#1367);
#1366 = CARTESIAN_POINT('',(88.932166043161,191.15,-3.));
#1367 = VECTOR('',#1368,1.);
#1368 = DIRECTION('',(-1.,0.,0.));
#1369 = ORIENTED_EDGE('',*,*,#1370,.T.);
#1370 = EDGE_CURVE('',#1363,#1371,#1373,.T.);
#1371 = VERTEX_POINT('',#1372);
#1372 = CARTESIAN_POINT('',(56.930805,191.15,3.));
#1373 = LINE('',#1374,#1375);
#1374 = CARTESIAN_POINT('',(56.930805,191.15,-3.325));
#1375 = VECTOR('',#1376,1.);
#1376 = DIRECTION('',(0.,0.,1.));
#1377 = ORIENTED_EDGE('',*,*,#1378,.F.);
#1378 = EDGE_CURVE('',#1379,#1371,#1381,.T.);
#1379 = VERTEX_POINT('',#1380);
#1380 = CARTESIAN_POINT('',(74.930805,191.15,3.));
#1381 = LINE('',#1382,#1383);
#1382 = CARTESIAN_POINT('',(88.932166043161,191.15,3.));
#1383 = VECTOR('',#1384,1.);
#1384 = DIRECTION('',(-1.,0.,0.));
#1385 = ORIENTED_EDGE('',*,*,#1386,.F.);
#1386 = EDGE_CURVE('',#1361,#1379,#1387,.T.);
#1387 = LINE('',#1388,#1389);
#1388 = CARTESIAN_POINT('',(74.930805,191.15,-3.325));
#1389 = VECTOR('',#1390,1.);
#1390 = DIRECTION('',(0.,0.,1.));
#1391 = PLANE('',#1392);
#1392 = AXIS2_PLACEMENT_3D('',#1393,#1394,#1395);
#1393 = CARTESIAN_POINT('',(120.93352708632,191.15,-3.65));
#1394 = DIRECTION('',(0.,-1.,0.));
#1395 = DIRECTION('',(-1.,0.,0.));
#1396 = ADVANCED_FACE('',(#1397),#1422,.T.);
#1397 = FACE_BOUND('',#1398,.T.);
#1398 = EDGE_LOOP('',(#1399,#1407,#1415,#1421));
#1399 = ORIENTED_EDGE('',*,*,#1400,.F.);
#1400 = EDGE_CURVE('',#1401,#1363,#1403,.T.);
#1401 = VERTEX_POINT('',#1402);
#1402 = CARTESIAN_POINT('',(56.930805,191.05,-3.));
#1403 = LINE('',#1404,#1405);
#1404 = CARTESIAN_POINT('',(56.930805,190.5,-3.));
#1405 = VECTOR('',#1406,1.);
#1406 = DIRECTION('',(-0.,1.,0.));
#1407 = ORIENTED_EDGE('',*,*,#1408,.F.);
#1408 = EDGE_CURVE('',#1409,#1401,#1411,.T.);
#1409 = VERTEX_POINT('',#1410);
#1410 = CARTESIAN_POINT('',(74.930805,191.05,-3.));
#1411 = LINE('',#1412,#1413);
#1412 = CARTESIAN_POINT('',(88.878123681054,191.05,-3.));
#1413 = VECTOR('',#1414,1.);
#1414 = DIRECTION('',(-1.,0.,0.));
#1415 = ORIENTED_EDGE('',*,*,#1416,.T.);
#1416 = EDGE_CURVE('',#1409,#1361,#1417,.T.);
#1417 = LINE('',#1418,#1419);
#1418 = CARTESIAN_POINT('',(74.930805,190.5,-3.));
#1419 = VECTOR('',#1420,1.);
#1420 = DIRECTION('',(-0.,1.,0.));
#1421 = ORIENTED_EDGE('',*,*,#1360,.T.);
#1422 = PLANE('',#1423);
#1423 = AXIS2_PLACEMENT_3D('',#1424,#1425,#1426);
#1424 = CARTESIAN_POINT('',(56.930805,190.5,-3.));
#1425 = DIRECTION('',(0.,0.,1.));
#1426 = DIRECTION('',(1.,0.,-0.));
#1427 = ADVANCED_FACE('',(#1428),#1446,.F.);
#1428 = FACE_BOUND('',#1429,.F.);
#1429 = EDGE_LOOP('',(#1430,#1438,#1444,#1445));
#1430 = ORIENTED_EDGE('',*,*,#1431,.F.);
#1431 = EDGE_CURVE('',#1432,#1379,#1434,.T.);
#1432 = VERTEX_POINT('',#1433);
#1433 = CARTESIAN_POINT('',(74.930805,191.05,3.));
#1434 = LINE('',#1435,#1436);
#1435 = CARTESIAN_POINT('',(74.930805,190.5,3.));
#1436 = VECTOR('',#1437,1.);
#1437 = DIRECTION('',(-0.,1.,0.));
#1438 = ORIENTED_EDGE('',*,*,#1439,.F.);
#1439 = EDGE_CURVE('',#1409,#1432,#1440,.T.);
#1440 = LINE('',#1441,#1442);
#1441 = CARTESIAN_POINT('',(74.930805,191.05,-3.275));
#1442 = VECTOR('',#1443,1.);
#1443 = DIRECTION('',(0.,0.,1.));
#1444 = ORIENTED_EDGE('',*,*,#1416,.T.);
#1445 = ORIENTED_EDGE('',*,*,#1386,.T.);
#1446 = PLANE('',#1447);
#1447 = AXIS2_PLACEMENT_3D('',#1448,#1449,#1450);
#1448 = CARTESIAN_POINT('',(74.930805,190.5,-3.));
#1449 = DIRECTION('',(1.,0.,-0.));
#1450 = DIRECTION('',(0.,0.,1.));
#1451 = ADVANCED_FACE('',(#1452),#1470,.F.);
#1452 = FACE_BOUND('',#1453,.F.);
#1453 = EDGE_LOOP('',(#1454,#1462,#1468,#1469));
#1454 = ORIENTED_EDGE('',*,*,#1455,.F.);
#1455 = EDGE_CURVE('',#1456,#1371,#1458,.T.);
#1456 = VERTEX_POINT('',#1457);
#1457 = CARTESIAN_POINT('',(56.930805,191.05,3.));
#1458 = LINE('',#1459,#1460);
#1459 = CARTESIAN_POINT('',(56.930805,190.5,3.));
#1460 = VECTOR('',#1461,1.);
#1461 = DIRECTION('',(-0.,1.,0.));
#1462 = ORIENTED_EDGE('',*,*,#1463,.F.);
#1463 = EDGE_CURVE('',#1432,#1456,#1464,.T.);
#1464 = LINE('',#1465,#1466);
#1465 = CARTESIAN_POINT('',(88.878123681054,191.05,3.));
#1466 = VECTOR('',#1467,1.);
#1467 = DIRECTION('',(-1.,0.,0.));
#1468 = ORIENTED_EDGE('',*,*,#1431,.T.);
#1469 = ORIENTED_EDGE('',*,*,#1378,.T.);
#1470 = PLANE('',#1471);
#1471 = AXIS2_PLACEMENT_3D('',#1472,#1473,#1474);
#1472 = CARTESIAN_POINT('',(56.930805,190.5,3.));
#1473 = DIRECTION('',(0.,0.,1.));
#1474 = DIRECTION('',(1.,0.,-0.));
#1475 = ADVANCED_FACE('',(#1476),#1487,.T.);
#1476 = FACE_BOUND('',#1477,.T.);
#1477 = EDGE_LOOP('',(#1478,#1479,#1485,#1486));
#1478 = ORIENTED_EDGE('',*,*,#1455,.F.);
#1479 = ORIENTED_EDGE('',*,*,#1480,.F.);
#1480 = EDGE_CURVE('',#1401,#1456,#1481,.T.);
#1481 = LINE('',#1482,#1483);
#1482 = CARTESIAN_POINT('',(56.930805,191.05,-3.275));
#1483 = VECTOR('',#1484,1.);
#1484 = DIRECTION('',(0.,0.,1.));
#1485 = ORIENTED_EDGE('',*,*,#1400,.T.);
#1486 = ORIENTED_EDGE('',*,*,#1370,.T.);
#1487 = PLANE('',#1488);
#1488 = AXIS2_PLACEMENT_3D('',#1489,#1490,#1491);
#1489 = CARTESIAN_POINT('',(56.930805,190.5,-3.));
#1490 = DIRECTION('',(1.,0.,-0.));
#1491 = DIRECTION('',(0.,0.,1.));
#1492 = ADVANCED_FACE('',(#1493,#1527),#1533,.T.);
#1493 = FACE_BOUND('',#1494,.T.);
#1494 = EDGE_LOOP('',(#1495,#1505,#1513,#1521));
#1495 = ORIENTED_EDGE('',*,*,#1496,.T.);
#1496 = EDGE_CURVE('',#1497,#1499,#1501,.T.);
#1497 = VERTEX_POINT('',#1498);
#1498 = CARTESIAN_POINT('',(120.8254423621,191.05,-3.55));
#1499 = VERTEX_POINT('',#1500);
#1500 = CARTESIAN_POINT('',(120.8254423621,191.05,3.55));
#1501 = LINE('',#1502,#1503);
#1502 = CARTESIAN_POINT('',(120.8254423621,191.05,-3.55));
#1503 = VECTOR('',#1504,1.);
#1504 = DIRECTION('',(0.,0.,1.));
#1505 = ORIENTED_EDGE('',*,*,#1506,.T.);
#1506 = EDGE_CURVE('',#1499,#1507,#1509,.T.);
#1507 = VERTEX_POINT('',#1508);
#1508 = CARTESIAN_POINT('',(-5.E-02,191.05,3.55));
#1509 = LINE('',#1510,#1511);
#1510 = CARTESIAN_POINT('',(120.7714,191.05,3.55));
#1511 = VECTOR('',#1512,1.);
#1512 = DIRECTION('',(-1.,0.,0.));
#1513 = ORIENTED_EDGE('',*,*,#1514,.F.);
#1514 = EDGE_CURVE('',#1515,#1507,#1517,.T.);
#1515 = VERTEX_POINT('',#1516);
#1516 = CARTESIAN_POINT('',(-5.E-02,191.05,-3.55));
#1517 = LINE('',#1518,#1519);
#1518 = CARTESIAN_POINT('',(-5.E-02,191.05,-3.55));
#1519 = VECTOR('',#1520,1.);
#1520 = DIRECTION('',(0.,0.,1.));
#1521 = ORIENTED_EDGE('',*,*,#1522,.F.);
#1522 = EDGE_CURVE('',#1497,#1515,#1523,.T.);
#1523 = LINE('',#1524,#1525);
#1524 = CARTESIAN_POINT('',(120.7714,191.05,-3.55));
#1525 = VECTOR('',#1526,1.);
#1526 = DIRECTION('',(-1.,0.,0.));
#1527 = FACE_BOUND('',#1528,.T.);
#1528 = EDGE_LOOP('',(#1529,#1530,#1531,#1532));
#1529 = ORIENTED_EDGE('',*,*,#1408,.T.);
#1530 = ORIENTED_EDGE('',*,*,#1480,.T.);
#1531 = ORIENTED_EDGE('',*,*,#1463,.F.);
#1532 = ORIENTED_EDGE('',*,*,#1439,.F.);
#1533 = PLANE('',#1534);
#1534 = AXIS2_PLACEMENT_3D('',#1535,#1536,#1537);
#1535 = CARTESIAN_POINT('',(120.8254423621,191.05,-3.55));
#1536 = DIRECTION('',(0.,-1.,0.));
#1537 = DIRECTION('',(-1.,0.,0.));
#1538 = ADVANCED_FACE('',(#1539),#1564,.T.);
#1539 = FACE_BOUND('',#1540,.T.);
#1540 = EDGE_LOOP('',(#1541,#1551,#1557,#1558));
#1541 = ORIENTED_EDGE('',*,*,#1542,.T.);
#1542 = EDGE_CURVE('',#1543,#1545,#1547,.T.);
#1543 = VERTEX_POINT('',#1544);
#1544 = CARTESIAN_POINT('',(105.95336000608,-5.E-02,-3.55));
#1545 = VERTEX_POINT('',#1546);
#1546 = CARTESIAN_POINT('',(105.95336000608,-5.E-02,3.55));
#1547 = LINE('',#1548,#1549);
#1548 = CARTESIAN_POINT('',(105.95336000608,-5.E-02,-3.55));
#1549 = VECTOR('',#1550,1.);
#1550 = DIRECTION('',(0.,0.,1.));
#1551 = ORIENTED_EDGE('',*,*,#1552,.T.);
#1552 = EDGE_CURVE('',#1545,#1499,#1553,.T.);
#1553 = LINE('',#1554,#1555);
#1554 = CARTESIAN_POINT('',(105.95694927165,-3.879447794262E-03,3.55));
#1555 = VECTOR('',#1556,1.);
#1556 = DIRECTION('',(7.758895588511E-02,0.996985433156,0.));
#1557 = ORIENTED_EDGE('',*,*,#1496,.F.);
#1558 = ORIENTED_EDGE('',*,*,#1559,.F.);
#1559 = EDGE_CURVE('',#1543,#1497,#1560,.T.);
#1560 = LINE('',#1561,#1562);
#1561 = CARTESIAN_POINT('',(105.95694927165,-3.879447794262E-03,-3.55));
#1562 = VECTOR('',#1563,1.);
#1563 = DIRECTION('',(7.758895588511E-02,0.996985433156,0.));
#1564 = PLANE('',#1565);
#1565 = AXIS2_PLACEMENT_3D('',#1566,#1567,#1568);
#1566 = CARTESIAN_POINT('',(105.95336000608,-5.E-02,-3.55));
#1567 = DIRECTION('',(-0.996985433156,7.758895588511E-02,0.));
#1568 = DIRECTION('',(7.758895588511E-02,0.996985433156,0.));
#1569 = ADVANCED_FACE('',(#1570),#1588,.T.);
#1570 = FACE_BOUND('',#1571,.F.);
#1571 = EDGE_LOOP('',(#1572,#1580,#1586,#1587));
#1572 = ORIENTED_EDGE('',*,*,#1573,.F.);
#1573 = EDGE_CURVE('',#1574,#1543,#1576,.T.);
#1574 = VERTEX_POINT('',#1575);
#1575 = CARTESIAN_POINT('',(-5.000000000001E-02,-5.E-02,-3.55));
#1576 = LINE('',#1577,#1578);
#1577 = CARTESIAN_POINT('',(-1.42108547152E-14,-5.E-02,-3.55));
#1578 = VECTOR('',#1579,1.);
#1579 = DIRECTION('',(1.,0.,0.));
#1580 = ORIENTED_EDGE('',*,*,#1581,.F.);
#1581 = EDGE_CURVE('',#1515,#1574,#1582,.T.);
#1582 = LINE('',#1583,#1584);
#1583 = CARTESIAN_POINT('',(-5.000000000001E-02,191.,-3.55));
#1584 = VECTOR('',#1585,1.);
#1585 = DIRECTION('',(0.,-1.,-0.));
#1586 = ORIENTED_EDGE('',*,*,#1522,.F.);
#1587 = ORIENTED_EDGE('',*,*,#1559,.F.);
#1588 = PLANE('',#1589);
#1589 = AXIS2_PLACEMENT_3D('',#1590,#1591,#1592);
#1590 = CARTESIAN_POINT('',(56.814005812425,97.829957515115,-3.55));
#1591 = DIRECTION('',(0.,0.,1.));
#1592 = DIRECTION('',(1.,0.,-0.));
#1593 = ADVANCED_FACE('',(#1594),#1612,.F.);
#1594 = FACE_BOUND('',#1595,.T.);
#1595 = EDGE_LOOP('',(#1596,#1604,#1610,#1611));
#1596 = ORIENTED_EDGE('',*,*,#1597,.F.);
#1597 = EDGE_CURVE('',#1598,#1545,#1600,.T.);
#1598 = VERTEX_POINT('',#1599);
#1599 = CARTESIAN_POINT('',(-5.000000000001E-02,-5.E-02,3.55));
#1600 = LINE('',#1601,#1602);
#1601 = CARTESIAN_POINT('',(-1.42108547152E-14,-5.E-02,3.55));
#1602 = VECTOR('',#1603,1.);
#1603 = DIRECTION('',(1.,0.,0.));
#1604 = ORIENTED_EDGE('',*,*,#1605,.F.);
#1605 = EDGE_CURVE('',#1507,#1598,#1606,.T.);
#1606 = LINE('',#1607,#1608);
#1607 = CARTESIAN_POINT('',(-5.000000000001E-02,191.,3.55));
#1608 = VECTOR('',#1609,1.);
#1609 = DIRECTION('',(0.,-1.,-0.));
#1610 = ORIENTED_EDGE('',*,*,#1506,.F.);
#1611 = ORIENTED_EDGE('',*,*,#1552,.F.);
#1612 = PLANE('',#1613);
#1613 = AXIS2_PLACEMENT_3D('',#1614,#1615,#1616);
#1614 = CARTESIAN_POINT('',(56.814005812425,97.829957515115,3.55));
#1615 = DIRECTION('',(0.,0.,1.));
#1616 = DIRECTION('',(1.,0.,-0.));
#1617 = ADVANCED_FACE('',(#1618),#1629,.T.);
#1618 = FACE_BOUND('',#1619,.T.);
#1619 = EDGE_LOOP('',(#1620,#1621,#1622,#1628));
#1620 = ORIENTED_EDGE('',*,*,#1514,.T.);
#1621 = ORIENTED_EDGE('',*,*,#1605,.T.);
#1622 = ORIENTED_EDGE('',*,*,#1623,.F.);
#1623 = EDGE_CURVE('',#1574,#1598,#1624,.T.);
#1624 = LINE('',#1625,#1626);
#1625 = CARTESIAN_POINT('',(-5.000000000001E-02,-5.E-02,-3.55));
#1626 = VECTOR('',#1627,1.);
#1627 = DIRECTION('',(0.,0.,1.));
#1628 = ORIENTED_EDGE('',*,*,#1581,.F.);
#1629 = PLANE('',#1630);
#1630 = AXIS2_PLACEMENT_3D('',#1631,#1632,#1633);
#1631 = CARTESIAN_POINT('',(-5.000000000001E-02,191.05,-3.55));
#1632 = DIRECTION('',(1.,0.,-0.));
#1633 = DIRECTION('',(0.,-1.,0.));
#1634 = ADVANCED_FACE('',(#1635),#1641,.T.);
#1635 = FACE_BOUND('',#1636,.T.);
#1636 = EDGE_LOOP('',(#1637,#1638,#1639,#1640));
#1637 = ORIENTED_EDGE('',*,*,#1623,.T.);
#1638 = ORIENTED_EDGE('',*,*,#1597,.T.);
#1639 = ORIENTED_EDGE('',*,*,#1542,.F.);
#1640 = ORIENTED_EDGE('',*,*,#1573,.F.);
#1641 = PLANE('',#1642);
#1642 = AXIS2_PLACEMENT_3D('',#1643,#1644,#1645);
#1643 = CARTESIAN_POINT('',(-5.000000000001E-02,-5.E-02,-3.55));
#1644 = DIRECTION('',(0.,1.,0.));
#1645 = DIRECTION('',(1.,0.,0.));
#1646 = ( GEOMETRIC_REPRESENTATION_CONTEXT(3) 
GLOBAL_UNCERTAINTY_ASSIGNED_CONTEXT((#1650)) 
GLOBAL_UNIT_ASSIGNED_CONTEXT((#1647,#1648,#1649)) REPRESENTATION_CONTEXT
('Context #1','3D Context with UNIT and UNCERTAINTY') );
#1647 = ( LENGTH_UNIT() NAMED_UNIT(*) SI_UNIT(.MILLI.,.METRE.) );
#1648 = ( NAMED_UNIT(*) PLANE_ANGLE_UNIT() SI_UNIT($,.RADIAN.) );
#1649 = ( NAMED_UNIT(*) SI_UNIT($,.STERADIAN.) SOLID_ANGLE_UNIT() );
#1650 = UNCERTAINTY_MEASURE_WITH_UNIT(LENGTH_MEASURE(1.E-07),#1647,
  'distance_accuracy_value','confusion accuracy');
#1651 = CONTEXT_DEPENDENT_SHAPE_REPRESENTATION(#1652,#1654);
#1652 = ( REPRESENTATION_RELATIONSHIP('','',#1211,#10) 
REPRESENTATION_RELATIONSHIP_WITH_TRANSFORMATION(#1653) 
SHAPE_REPRESENTATION_RELATIONSHIP() );
#1653 = ITEM_DEFINED_TRANSFORMATION('','',#11,#27);
#1654 = PRODUCT_DEFINITION_SHAPE('Placement','Placement of an item',
  #1655);
#1655 = NEXT_ASSEMBLY_USAGE_OCCURRENCE('4','Tile0_WrapAl','',#5,#1206,$
  );
#1656 = PRODUCT_RELATED_PRODUCT_CATEGORY('part',$,(#1208));
#1657 = SHAPE_DEFINITION_REPRESENTATION(#1658,#1664);
#1658 = PRODUCT_DEFINITION_SHAPE('','',#1659);
#1659 = PRODUCT_DEFINITION('design','',#1660,#1663);
#1660 = PRODUCT_DEFINITION_FORMATION('','',#1661);
#1661 = PRODUCT('Tile0_WrapCling','Tile0_WrapCling','',(#1662));
#1662 = PRODUCT_CONTEXT('',#2,'mechanical');
#1663 = PRODUCT_DEFINITION_CONTEXT('part definition',#2,'design');
#1664 = ADVANCED_BREP_SHAPE_REPRESENTATION('',(#11,#1665),#2099);
#1665 = MANIFOLD_SOLID_BREP('',#1666);
#1666 = CLOSED_SHELL('',(#1667,#1707,#1738,#1769,#1786,#1803,#1849,#1880
    ,#1904,#1928,#1945,#1991,#2022,#2046,#2070,#2087));
#1667 = ADVANCED_FACE('',(#1668),#1702,.F.);
#1668 = FACE_BOUND('',#1669,.F.);
#1669 = EDGE_LOOP('',(#1670,#1680,#1688,#1696));
#1670 = ORIENTED_EDGE('',*,*,#1671,.T.);
#1671 = EDGE_CURVE('',#1672,#1674,#1676,.T.);
#1672 = VERTEX_POINT('',#1673);
#1673 = CARTESIAN_POINT('',(-0.18,-0.18,-3.68));
#1674 = VERTEX_POINT('',#1675);
#1675 = CARTESIAN_POINT('',(-0.18,-0.18,3.68));
#1676 = LINE('',#1677,#1678);
#1677 = CARTESIAN_POINT('',(-0.18,-0.18,-3.68));
#1678 = VECTOR('',#1679,1.);
#1679 = DIRECTION('',(0.,0.,1.));
#1680 = ORIENTED_EDGE('',*,*,#1681,.T.);
#1681 = EDGE_CURVE('',#1674,#1682,#1684,.T.);
#1682 = VERTEX_POINT('',#1683);
#1683 = CARTESIAN_POINT('',(106.07363602191,-0.18,3.68));
#1684 = LINE('',#1685,#1686);
#1685 = CARTESIAN_POINT('',(-1.42108547152E-14,-0.18,3.68));
#1686 = VECTOR('',#1687,1.);
#1687 = DIRECTION('',(1.,0.,0.));
#1688 = ORIENTED_EDGE('',*,*,#1689,.F.);
#1689 = EDGE_CURVE('',#1690,#1682,#1692,.T.);
#1690 = VERTEX_POINT('',#1691);
#1691 = CARTESIAN_POINT('',(106.07363602191,-0.18,-3.68));
#1692 = LINE('',#1693,#1694);
#1693 = CARTESIAN_POINT('',(106.07363602191,-0.18,-3.68));
#1694 = VECTOR('',#1695,1.);
#1695 = DIRECTION('',(0.,0.,1.));
#1696 = ORIENTED_EDGE('',*,*,#1697,.F.);
#1697 = EDGE_CURVE('',#1672,#1690,#1698,.T.);
#1698 = LINE('',#1699,#1700);
#1699 = CARTESIAN_POINT('',(-1.42108547152E-14,-0.18,-3.68));
#1700 = VECTOR('',#1701,1.);
#1701 = DIRECTION('',(1.,0.,0.));
#1702 = PLANE('',#1703);
#1703 = AXIS2_PLACEMENT_3D('',#1704,#1705,#1706);
#1704 = CARTESIAN_POINT('',(-0.18,-0.18,-3.68));
#1705 = DIRECTION('',(0.,1.,0.));
#1706 = DIRECTION('',(1.,0.,0.));
#1707 = ADVANCED_FACE('',(#1708),#1733,.F.);
#1708 = FACE_BOUND('',#1709,.F.);
#1709 = EDGE_LOOP('',(#1710,#1720,#1726,#1727));
#1710 = ORIENTED_EDGE('',*,*,#1711,.T.);
#1711 = EDGE_CURVE('',#1712,#1714,#1716,.T.);
#1712 = VERTEX_POINT('',#1713);
#1713 = CARTESIAN_POINT('',(-0.18,191.18,-3.68));
#1714 = VERTEX_POINT('',#1715);
#1715 = CARTESIAN_POINT('',(-0.18,191.18,3.68));
#1716 = LINE('',#1717,#1718);
#1717 = CARTESIAN_POINT('',(-0.18,191.18,-3.68));
#1718 = VECTOR('',#1719,1.);
#1719 = DIRECTION('',(0.,0.,1.));
#1720 = ORIENTED_EDGE('',*,*,#1721,.T.);
#1721 = EDGE_CURVE('',#1714,#1674,#1722,.T.);
#1722 = LINE('',#1723,#1724);
#1723 = CARTESIAN_POINT('',(-0.18,191.,3.68));
#1724 = VECTOR('',#1725,1.);
#1725 = DIRECTION('',(0.,-1.,-0.));
#1726 = ORIENTED_EDGE('',*,*,#1671,.F.);
#1727 = ORIENTED_EDGE('',*,*,#1728,.F.);
#1728 = EDGE_CURVE('',#1712,#1672,#1729,.T.);
#1729 = LINE('',#1730,#1731);
#1730 = CARTESIAN_POINT('',(-0.18,191.,-3.68));
#1731 = VECTOR('',#1732,1.);
#1732 = DIRECTION('',(0.,-1.,-0.));
#1733 = PLANE('',#1734);
#1734 = AXIS2_PLACEMENT_3D('',#1735,#1736,#1737);
#1735 = CARTESIAN_POINT('',(-0.18,191.18,-3.68));
#1736 = DIRECTION('',(1.,0.,-0.));
#1737 = DIRECTION('',(0.,-1.,0.));
#1738 = ADVANCED_FACE('',(#1739),#1764,.F.);
#1739 = FACE_BOUND('',#1740,.F.);
#1740 = EDGE_LOOP('',(#1741,#1742,#1750,#1758));
#1741 = ORIENTED_EDGE('',*,*,#1689,.T.);
#1742 = ORIENTED_EDGE('',*,*,#1743,.T.);
#1743 = EDGE_CURVE('',#1682,#1744,#1746,.T.);
#1744 = VERTEX_POINT('',#1745);
#1745 = CARTESIAN_POINT('',(120.96595250358,191.18,3.68));
#1746 = LINE('',#1747,#1748);
#1747 = CARTESIAN_POINT('',(106.08655737796,-1.396601205931E-02,3.68));
#1748 = VECTOR('',#1749,1.);
#1749 = DIRECTION('',(7.758895588511E-02,0.996985433156,0.));
#1750 = ORIENTED_EDGE('',*,*,#1751,.F.);
#1751 = EDGE_CURVE('',#1752,#1744,#1754,.T.);
#1752 = VERTEX_POINT('',#1753);
#1753 = CARTESIAN_POINT('',(120.96595250358,191.18,-3.68));
#1754 = LINE('',#1755,#1756);
#1755 = CARTESIAN_POINT('',(120.96595250358,191.18,-3.68));
#1756 = VECTOR('',#1757,1.);
#1757 = DIRECTION('',(0.,0.,1.));
#1758 = ORIENTED_EDGE('',*,*,#1759,.F.);
#1759 = EDGE_CURVE('',#1690,#1752,#1760,.T.);
#1760 = LINE('',#1761,#1762);
#1761 = CARTESIAN_POINT('',(106.08655737796,-1.396601205931E-02,-3.68));
#1762 = VECTOR('',#1763,1.);
#1763 = DIRECTION('',(7.758895588511E-02,0.996985433156,0.));
#1764 = PLANE('',#1765);
#1765 = AXIS2_PLACEMENT_3D('',#1766,#1767,#1768);
#1766 = CARTESIAN_POINT('',(106.07363602191,-0.18,-3.68));
#1767 = DIRECTION('',(-0.996985433156,7.758895588511E-02,0.));
#1768 = DIRECTION('',(7.758895588511E-02,0.996985433156,0.));
#1769 = ADVANCED_FACE('',(#1770),#1781,.F.);
#1770 = FACE_BOUND('',#1771,.T.);
#1771 = EDGE_LOOP('',(#1772,#1773,#1774,#1780));
#1772 = ORIENTED_EDGE('',*,*,#1697,.F.);
#1773 = ORIENTED_EDGE('',*,*,#1728,.F.);
#1774 = ORIENTED_EDGE('',*,*,#1775,.F.);
#1775 = EDGE_CURVE('',#1752,#1712,#1776,.T.);
#1776 = LINE('',#1777,#1778);
#1777 = CARTESIAN_POINT('',(120.7714,191.18,-3.68));
#1778 = VECTOR('',#1779,1.);
#1779 = DIRECTION('',(-1.,0.,0.));
#1780 = ORIENTED_EDGE('',*,*,#1759,.F.);
#1781 = PLANE('',#1782);
#1782 = AXIS2_PLACEMENT_3D('',#1783,#1784,#1785);
#1783 = CARTESIAN_POINT('',(56.814005812425,97.829957515115,-3.68));
#1784 = DIRECTION('',(0.,0.,1.));
#1785 = DIRECTION('',(1.,0.,-0.));
#1786 = ADVANCED_FACE('',(#1787),#1798,.T.);
#1787 = FACE_BOUND('',#1788,.F.);
#1788 = EDGE_LOOP('',(#1789,#1790,#1791,#1797));
#1789 = ORIENTED_EDGE('',*,*,#1681,.F.);
#1790 = ORIENTED_EDGE('',*,*,#1721,.F.);
#1791 = ORIENTED_EDGE('',*,*,#1792,.F.);
#1792 = EDGE_CURVE('',#1744,#1714,#1793,.T.);
#1793 = LINE('',#1794,#1795);
#1794 = CARTESIAN_POINT('',(120.7714,191.18,3.68));
#1795 = VECTOR('',#1796,1.);
#1796 = DIRECTION('',(-1.,0.,0.));
#1797 = ORIENTED_EDGE('',*,*,#1743,.F.);
#1798 = PLANE('',#1799);
#1799 = AXIS2_PLACEMENT_3D('',#1800,#1801,#1802);
#1800 = CARTESIAN_POINT('',(56.814005812425,97.829957515115,3.68));
#1801 = DIRECTION('',(0.,0.,1.));
#1802 = DIRECTION('',(1.,0.,-0.));
#1803 = ADVANCED_FACE('',(#1804,#1810),#1844,.F.);
#1804 = FACE_BOUND('',#1805,.F.);
#1805 = EDGE_LOOP('',(#1806,#1807,#1808,#1809));
#1806 = ORIENTED_EDGE('',*,*,#1751,.T.);
#1807 = ORIENTED_EDGE('',*,*,#1792,.T.);
#1808 = ORIENTED_EDGE('',*,*,#1711,.F.);
#1809 = ORIENTED_EDGE('',*,*,#1775,.F.);
#1810 = FACE_BOUND('',#1811,.F.);
#1811 = EDGE_LOOP('',(#1812,#1822,#1830,#1838));
#1812 = ORIENTED_EDGE('',*,*,#1813,.T.);
#1813 = EDGE_CURVE('',#1814,#1816,#1818,.T.);
#1814 = VERTEX_POINT('',#1815);
#1815 = CARTESIAN_POINT('',(74.930805,191.18,-3.));
#1816 = VERTEX_POINT('',#1817);
#1817 = CARTESIAN_POINT('',(56.930805,191.18,-3.));
#1818 = LINE('',#1819,#1820);
#1819 = CARTESIAN_POINT('',(88.948378751793,191.18,-3.));
#1820 = VECTOR('',#1821,1.);
#1821 = DIRECTION('',(-1.,0.,0.));
#1822 = ORIENTED_EDGE('',*,*,#1823,.T.);
#1823 = EDGE_CURVE('',#1816,#1824,#1826,.T.);
#1824 = VERTEX_POINT('',#1825);
#1825 = CARTESIAN_POINT('',(56.930805,191.18,3.));
#1826 = LINE('',#1827,#1828);
#1827 = CARTESIAN_POINT('',(56.930805,191.18,-3.34));
#1828 = VECTOR('',#1829,1.);
#1829 = DIRECTION('',(0.,0.,1.));
#1830 = ORIENTED_EDGE('',*,*,#1831,.F.);
#1831 = EDGE_CURVE('',#1832,#1824,#1834,.T.);
#1832 = VERTEX_POINT('',#1833);
#1833 = CARTESIAN_POINT('',(74.930805,191.18,3.));
#1834 = LINE('',#1835,#1836);
#1835 = CARTESIAN_POINT('',(88.948378751793,191.18,3.));
#1836 = VECTOR('',#1837,1.);
#1837 = DIRECTION('',(-1.,0.,0.));
#1838 = ORIENTED_EDGE('',*,*,#1839,.F.);
#1839 = EDGE_CURVE('',#1814,#1832,#1840,.T.);
#1840 = LINE('',#1841,#1842);
#1841 = CARTESIAN_POINT('',(74.930805,191.18,-3.34));
#1842 = VECTOR('',#1843,1.);
#1843 = DIRECTION('',(0.,0.,1.));
#1844 = PLANE('',#1845);
#1845 = AXIS2_PLACEMENT_3D('',#1846,#1847,#1848);
#1846 = CARTESIAN_POINT('',(120.96595250358,191.18,-3.68));
#1847 = DIRECTION('',(0.,-1.,0.));
#1848 = DIRECTION('',(-1.,0.,0.));
#1849 = ADVANCED_FACE('',(#1850),#1875,.T.);
#1850 = FACE_BOUND('',#1851,.T.);
#1851 = EDGE_LOOP('',(#1852,#1860,#1868,#1874));
#1852 = ORIENTED_EDGE('',*,*,#1853,.F.);
#1853 = EDGE_CURVE('',#1854,#1816,#1856,.T.);
#1854 = VERTEX_POINT('',#1855);
#1855 = CARTESIAN_POINT('',(56.930805,191.15,-3.));
#1856 = LINE('',#1857,#1858);
#1857 = CARTESIAN_POINT('',(56.930805,190.5,-3.));
#1858 = VECTOR('',#1859,1.);
#1859 = DIRECTION('',(-0.,1.,0.));
#1860 = ORIENTED_EDGE('',*,*,#1861,.F.);
#1861 = EDGE_CURVE('',#1862,#1854,#1864,.T.);
#1862 = VERTEX_POINT('',#1863);
#1863 = CARTESIAN_POINT('',(74.930805,191.15,-3.));
#1864 = LINE('',#1865,#1866);
#1865 = CARTESIAN_POINT('',(88.932166043161,191.15,-3.));
#1866 = VECTOR('',#1867,1.);
#1867 = DIRECTION('',(-1.,0.,0.));
#1868 = ORIENTED_EDGE('',*,*,#1869,.T.);
#1869 = EDGE_CURVE('',#1862,#1814,#1870,.T.);
#1870 = LINE('',#1871,#1872);
#1871 = CARTESIAN_POINT('',(74.930805,190.5,-3.));
#1872 = VECTOR('',#1873,1.);
#1873 = DIRECTION('',(-0.,1.,0.));
#1874 = ORIENTED_EDGE('',*,*,#1813,.T.);
#1875 = PLANE('',#1876);
#1876 = AXIS2_PLACEMENT_3D('',#1877,#1878,#1879);
#1877 = CARTESIAN_POINT('',(56.930805,190.5,-3.));
#1878 = DIRECTION('',(0.,0.,1.));
#1879 = DIRECTION('',(1.,0.,-0.));
#1880 = ADVANCED_FACE('',(#1881),#1899,.F.);
#1881 = FACE_BOUND('',#1882,.F.);
#1882 = EDGE_LOOP('',(#1883,#1891,#1897,#1898));
#1883 = ORIENTED_EDGE('',*,*,#1884,.F.);
#1884 = EDGE_CURVE('',#1885,#1832,#1887,.T.);
#1885 = VERTEX_POINT('',#1886);
#1886 = CARTESIAN_POINT('',(74.930805,191.15,3.));
#1887 = LINE('',#1888,#1889);
#1888 = CARTESIAN_POINT('',(74.930805,190.5,3.));
#1889 = VECTOR('',#1890,1.);
#1890 = DIRECTION('',(-0.,1.,0.));
#1891 = ORIENTED_EDGE('',*,*,#1892,.F.);
#1892 = EDGE_CURVE('',#1862,#1885,#1893,.T.);
#1893 = LINE('',#1894,#1895);
#1894 = CARTESIAN_POINT('',(74.930805,191.15,-3.325));
#1895 = VECTOR('',#1896,1.);
#1896 = DIRECTION('',(0.,0.,1.));
#1897 = ORIENTED_EDGE('',*,*,#1869,.T.);
#1898 = ORIENTED_EDGE('',*,*,#1839,.T.);
#1899 = PLANE('',#1900);
#1900 = AXIS2_PLACEMENT_3D('',#1901,#1902,#1903);
#1901 = CARTESIAN_POINT('',(74.930805,190.5,-3.));
#1902 = DIRECTION('',(1.,0.,-0.));
#1903 = DIRECTION('',(0.,0.,1.));
#1904 = ADVANCED_FACE('',(#1905),#1923,.F.);
#1905 = FACE_BOUND('',#1906,.F.);
#1906 = EDGE_LOOP('',(#1907,#1915,#1921,#1922));
#1907 = ORIENTED_EDGE('',*,*,#1908,.F.);
#1908 = EDGE_CURVE('',#1909,#1824,#1911,.T.);
#1909 = VERTEX_POINT('',#1910);
#1910 = CARTESIAN_POINT('',(56.930805,191.15,3.));
#1911 = LINE('',#1912,#1913);
#1912 = CARTESIAN_POINT('',(56.930805,190.5,3.));
#1913 = VECTOR('',#1914,1.);
#1914 = DIRECTION('',(-0.,1.,0.));
#1915 = ORIENTED_EDGE('',*,*,#1916,.F.);
#1916 = EDGE_CURVE('',#1885,#1909,#1917,.T.);
#1917 = LINE('',#1918,#1919);
#1918 = CARTESIAN_POINT('',(88.932166043161,191.15,3.));
#1919 = VECTOR('',#1920,1.);
#1920 = DIRECTION('',(-1.,0.,0.));
#1921 = ORIENTED_EDGE('',*,*,#1884,.T.);
#1922 = ORIENTED_EDGE('',*,*,#1831,.T.);
#1923 = PLANE('',#1924);
#1924 = AXIS2_PLACEMENT_3D('',#1925,#1926,#1927);
#1925 = CARTESIAN_POINT('',(56.930805,190.5,3.));
#1926 = DIRECTION('',(0.,0.,1.));
#1927 = DIRECTION('',(1.,0.,-0.));
#1928 = ADVANCED_FACE('',(#1929),#1940,.T.);
#1929 = FACE_BOUND('',#1930,.T.);
#1930 = EDGE_LOOP('',(#1931,#1932,#1938,#1939));
#1931 = ORIENTED_EDGE('',*,*,#1908,.F.);
#1932 = ORIENTED_EDGE('',*,*,#1933,.F.);
#1933 = EDGE_CURVE('',#1854,#1909,#1934,.T.);
#1934 = LINE('',#1935,#1936);
#1935 = CARTESIAN_POINT('',(56.930805,191.15,-3.325));
#1936 = VECTOR('',#1937,1.);
#1937 = DIRECTION('',(0.,0.,1.));
#1938 = ORIENTED_EDGE('',*,*,#1853,.T.);
#1939 = ORIENTED_EDGE('',*,*,#1823,.T.);
#1940 = PLANE('',#1941);
#1941 = AXIS2_PLACEMENT_3D('',#1942,#1943,#1944);
#1942 = CARTESIAN_POINT('',(56.930805,190.5,-3.));
#1943 = DIRECTION('',(1.,0.,-0.));
#1944 = DIRECTION('',(0.,0.,1.));
#1945 = ADVANCED_FACE('',(#1946,#1980),#1986,.T.);
#1946 = FACE_BOUND('',#1947,.T.);
#1947 = EDGE_LOOP('',(#1948,#1958,#1966,#1974));
#1948 = ORIENTED_EDGE('',*,*,#1949,.T.);
#1949 = EDGE_CURVE('',#1950,#1952,#1954,.T.);
#1950 = VERTEX_POINT('',#1951);
#1951 = CARTESIAN_POINT('',(120.93352708632,191.15,-3.65));
#1952 = VERTEX_POINT('',#1953);
#1953 = CARTESIAN_POINT('',(120.93352708632,191.15,3.65));
#1954 = LINE('',#1955,#1956);
#1955 = CARTESIAN_POINT('',(120.93352708632,191.15,-3.65));
#1956 = VECTOR('',#1957,1.);
#1957 = DIRECTION('',(0.,0.,1.));
#1958 = ORIENTED_EDGE('',*,*,#1959,.T.);
#1959 = EDGE_CURVE('',#1952,#1960,#1962,.T.);
#1960 = VERTEX_POINT('',#1961);
#1961 = CARTESIAN_POINT('',(-0.15,191.15,3.65));
#1962 = LINE('',#1963,#1964);
#1963 = CARTESIAN_POINT('',(120.7714,191.15,3.65));
#1964 = VECTOR('',#1965,1.);
#1965 = DIRECTION('',(-1.,0.,0.));
#1966 = ORIENTED_EDGE('',*,*,#1967,.F.);
#1967 = EDGE_CURVE('',#1968,#1960,#1970,.T.);
#1968 = VERTEX_POINT('',#1969);
#1969 = CARTESIAN_POINT('',(-0.15,191.15,-3.65));
#1970 = LINE('',#1971,#1972);
#1971 = CARTESIAN_POINT('',(-0.15,191.15,-3.65));
#1972 = VECTOR('',#1973,1.);
#1973 = DIRECTION('',(0.,0.,1.));
#1974 = ORIENTED_EDGE('',*,*,#1975,.F.);
#1975 = EDGE_CURVE('',#1950,#1968,#1976,.T.);
#1976 = LINE('',#1977,#1978);
#1977 = CARTESIAN_POINT('',(120.7714,191.15,-3.65));
#1978 = VECTOR('',#1979,1.);
#1979 = DIRECTION('',(-1.,0.,0.));
#1980 = FACE_BOUND('',#1981,.T.);
#1981 = EDGE_LOOP('',(#1982,#1983,#1984,#1985));
#1982 = ORIENTED_EDGE('',*,*,#1861,.T.);
#1983 = ORIENTED_EDGE('',*,*,#1933,.T.);
#1984 = ORIENTED_EDGE('',*,*,#1916,.F.);
#1985 = ORIENTED_EDGE('',*,*,#1892,.F.);
#1986 = PLANE('',#1987);
#1987 = AXIS2_PLACEMENT_3D('',#1988,#1989,#1990);
#1988 = CARTESIAN_POINT('',(120.93352708632,191.15,-3.65));
#1989 = DIRECTION('',(0.,-1.,0.));
#1990 = DIRECTION('',(-1.,0.,0.));
#1991 = ADVANCED_FACE('',(#1992),#2017,.T.);
#1992 = FACE_BOUND('',#1993,.T.);
#1993 = EDGE_LOOP('',(#1994,#2004,#2010,#2011));
#1994 = ORIENTED_EDGE('',*,*,#1995,.T.);
#1995 = EDGE_CURVE('',#1996,#1998,#2000,.T.);
#1996 = VERTEX_POINT('',#1997);
#1997 = CARTESIAN_POINT('',(106.04588001825,-0.15,-3.65));
#1998 = VERTEX_POINT('',#1999);
#1999 = CARTESIAN_POINT('',(106.04588001825,-0.15,3.65));
#2000 = LINE('',#2001,#2002);
#2001 = CARTESIAN_POINT('',(106.04588001825,-0.15,-3.65));
#2002 = VECTOR('',#2003,1.);
#2003 = DIRECTION('',(0.,0.,1.));
#2004 = ORIENTED_EDGE('',*,*,#2005,.T.);
#2005 = EDGE_CURVE('',#1998,#1952,#2006,.T.);
#2006 = LINE('',#2007,#2008);
#2007 = CARTESIAN_POINT('',(106.05664781497,-1.163834338277E-02,3.65));
#2008 = VECTOR('',#2009,1.);
#2009 = DIRECTION('',(7.758895588511E-02,0.996985433156,0.));
#2010 = ORIENTED_EDGE('',*,*,#1949,.F.);
#2011 = ORIENTED_EDGE('',*,*,#2012,.F.);
#2012 = EDGE_CURVE('',#1996,#1950,#2013,.T.);
#2013 = LINE('',#2014,#2015);
#2014 = CARTESIAN_POINT('',(106.05664781497,-1.163834338277E-02,-3.65));
#2015 = VECTOR('',#2016,1.);
#2016 = DIRECTION('',(7.758895588511E-02,0.996985433156,0.));
#2017 = PLANE('',#2018);
#2018 = AXIS2_PLACEMENT_3D('',#2019,#2020,#2021);
#2019 = CARTESIAN_POINT('',(106.04588001825,-0.15,-3.65));
#2020 = DIRECTION('',(-0.996985433156,7.758895588511E-02,0.));
#2021 = DIRECTION('',(7.758895588511E-02,0.996985433156,0.));
#2022 = ADVANCED_FACE('',(#2023),#2041,.T.);
#2023 = FACE_BOUND('',#2024,.F.);
#2024 = EDGE_LOOP('',(#2025,#2033,#2039,#2040));
#2025 = ORIENTED_EDGE('',*,*,#2026,.F.);
#2026 = EDGE_CURVE('',#2027,#1996,#2029,.T.);
#2027 = VERTEX_POINT('',#2028);
#2028 = CARTESIAN_POINT('',(-0.15,-0.15,-3.65));
#2029 = LINE('',#2030,#2031);
#2030 = CARTESIAN_POINT('',(-1.42108547152E-14,-0.15,-3.65));
#2031 = VECTOR('',#2032,1.);
#2032 = DIRECTION('',(1.,0.,0.));
#2033 = ORIENTED_EDGE('',*,*,#2034,.F.);
#2034 = EDGE_CURVE('',#1968,#2027,#2035,.T.);
#2035 = LINE('',#2036,#2037);
#2036 = CARTESIAN_POINT('',(-0.15,191.,-3.65));
#2037 = VECTOR('',#2038,1.);
#2038 = DIRECTION('',(0.,-1.,-0.));
#2039 = ORIENTED_EDGE('',*,*,#1975,.F.);
#2040 = ORIENTED_EDGE('',*,*,#2012,.F.);
#2041 = PLANE('',#2042);
#2042 = AXIS2_PLACEMENT_3D('',#2043,#2044,#2045);
#2043 = CARTESIAN_POINT('',(56.814005812425,97.829957515115,-3.65));
#2044 = DIRECTION('',(0.,0.,1.));
#2045 = DIRECTION('',(1.,0.,-0.));
#2046 = ADVANCED_FACE('',(#2047),#2065,.F.);
#2047 = FACE_BOUND('',#2048,.T.);
#2048 = EDGE_LOOP('',(#2049,#2057,#2063,#2064));
#2049 = ORIENTED_EDGE('',*,*,#2050,.F.);
#2050 = EDGE_CURVE('',#2051,#1998,#2053,.T.);
#2051 = VERTEX_POINT('',#2052);
#2052 = CARTESIAN_POINT('',(-0.15,-0.15,3.65));
#2053 = LINE('',#2054,#2055);
#2054 = CARTESIAN_POINT('',(-1.42108547152E-14,-0.15,3.65));
#2055 = VECTOR('',#2056,1.);
#2056 = DIRECTION('',(1.,0.,0.));
#2057 = ORIENTED_EDGE('',*,*,#2058,.F.);
#2058 = EDGE_CURVE('',#1960,#2051,#2059,.T.);
#2059 = LINE('',#2060,#2061);
#2060 = CARTESIAN_POINT('',(-0.15,191.,3.65));
#2061 = VECTOR('',#2062,1.);
#2062 = DIRECTION('',(0.,-1.,-0.));
#2063 = ORIENTED_EDGE('',*,*,#1959,.F.);
#2064 = ORIENTED_EDGE('',*,*,#2005,.F.);
#2065 = PLANE('',#2066);
#2066 = AXIS2_PLACEMENT_3D('',#2067,#2068,#2069);
#2067 = CARTESIAN_POINT('',(56.814005812425,97.829957515115,3.65));
#2068 = DIRECTION('',(0.,0.,1.));
#2069 = DIRECTION('',(1.,0.,-0.));
#2070 = ADVANCED_FACE('',(#2071),#2082,.T.);
#2071 = FACE_BOUND('',#2072,.T.);
#2072 = EDGE_LOOP('',(#2073,#2074,#2075,#2081));
#2073 = ORIENTED_EDGE('',*,*,#1967,.T.);
#2074 = ORIENTED_EDGE('',*,*,#2058,.T.);
#2075 = ORIENTED_EDGE('',*,*,#2076,.F.);
#2076 = EDGE_CURVE('',#2027,#2051,#2077,.T.);
#2077 = LINE('',#2078,#2079);
#2078 = CARTESIAN_POINT('',(-0.15,-0.15,-3.65));
#2079 = VECTOR('',#2080,1.);
#2080 = DIRECTION('',(0.,0.,1.));
#2081 = ORIENTED_EDGE('',*,*,#2034,.F.);
#2082 = PLANE('',#2083);
#2083 = AXIS2_PLACEMENT_3D('',#2084,#2085,#2086);
#2084 = CARTESIAN_POINT('',(-0.15,191.15,-3.65));
#2085 = DIRECTION('',(1.,0.,-0.));
#2086 = DIRECTION('',(0.,-1.,0.));
#2087 = ADVANCED_FACE('',(#2088),#2094,.T.);
#2088 = FACE_BOUND('',#2089,.T.);
#2089 = EDGE_LOOP('',(#2090,#2091,#2092,#2093));
#2090 = ORIENTED_EDGE('',*,*,#2076,.T.);
#2091 = ORIENTED_EDGE('',*,*,#2050,.T.);
#2092 = ORIENTED_EDGE('',*,*,#1995,.F.);
#2093 = ORIENTED_EDGE('',*,*,#2026,.F.);
#2094 = PLANE('',#2095);
#2095 = AXIS2_PLACEMENT_3D('',#2096,#2097,#2098);
#2096 = CARTESIAN_POINT('',(-0.15,-0.15,-3.65));
#2097 = DIRECTION('',(0.,1.,0.));
#2098 = DIRECTION('',(1.,0.,0.));
#2099 = ( GEOMETRIC_REPRESENTATION_CONTEXT(3) 
GLOBAL_UNCERTAINTY_ASSIGNED_CONTEXT((#2103)) 
GLOBAL_UNIT_ASSIGNED_CONTEXT((#2100,#2101,#2102)) REPRESENTATION_CONTEXT
('Context #1','3D Context with UNIT and UNCERTAINTY') );
#2100 = ( LENGTH_UNIT() NAMED_UNIT(*) SI_UNIT(.MILLI.,.METRE.) );
#2101 = ( NAMED_UNIT(*) PLANE_ANGLE_UNIT() SI_UNIT($,.RADIAN.) );
#2102 = ( NAMED_UNIT(*) SI_UNIT($,.STERADIAN.) SOLID_ANGLE_UNIT() );
#2103 = UNCERTAINTY_MEASURE_WITH_UNIT(LENGTH_MEASURE(1.E-07),#2100,
  'distance_accuracy_value','confusion accuracy');
#2104 = CONTEXT_DEPENDENT_SHAPE_REPRESENTATION(#2105,#2107);
#2105 = ( REPRESENTATION_RELATIONSHIP('','',#1664,#10) 
REPRESENTATION_RELATIONSHIP_WITH_TRANSFORMATION(#2106) 
SHAPE_REPRESENTATION_RELATIONSHIP() );
#2106 = ITEM_DEFINED_TRANSFORMATION('','',#11,#31);
#2107 = PRODUCT_DEFINITION_SHAPE('Placement','Placement of an item',
  #2108);
#2108 = NEXT_ASSEMBLY_USAGE_OCCURRENCE('5','Tile0_WrapCling','',#5,#1659
  ,$);
#2109 = PRODUCT_RELATED_PRODUCT_CATEGORY('part',$,(#1661));
#2110 = SHAPE_DEFINITION_REPRESENTATION(#2111,#2117);
#2111 = PRODUCT_DEFINITION_SHAPE('','',#2112);
#2112 = PRODUCT_DEFINITION('design','',#2113,#2116);
#2113 = PRODUCT_DEFINITION_FORMATION('','',#2114);
#2114 = PRODUCT('Tile0_WrapVinyl','Tile0_WrapVinyl','',(#2115));
#2115 = PRODUCT_CONTEXT('',#2,'mechanical');
#2116 = PRODUCT_DEFINITION_CONTEXT('part definition',#2,'design');
#2117 = ADVANCED_BREP_SHAPE_REPRESENTATION('',(#11,#2118),#2552);
#2118 = MANIFOLD_SOLID_BREP('',#2119);
#2119 = CLOSED_SHELL('',(#2120,#2160,#2191,#2222,#2239,#2256,#2302,#2333
    ,#2357,#2381,#2398,#2444,#2475,#2499,#2523,#2540));
#2120 = ADVANCED_FACE('',(#2121),#2155,.F.);
#2121 = FACE_BOUND('',#2122,.F.);
#2122 = EDGE_LOOP('',(#2123,#2133,#2141,#2149));
#2123 = ORIENTED_EDGE('',*,*,#2124,.T.);
#2124 = EDGE_CURVE('',#2125,#2127,#2129,.T.);
#2125 = VERTEX_POINT('',#2126);
#2126 = CARTESIAN_POINT('',(-0.28,-0.28,-3.78));
#2127 = VERTEX_POINT('',#2128);
#2128 = CARTESIAN_POINT('',(-0.28,-0.28,3.78));
#2129 = LINE('',#2130,#2131);
#2130 = CARTESIAN_POINT('',(-0.28,-0.28,-3.78));
#2131 = VECTOR('',#2132,1.);
#2132 = DIRECTION('',(0.,0.,1.));
#2133 = ORIENTED_EDGE('',*,*,#2134,.T.);
#2134 = EDGE_CURVE('',#2127,#2135,#2137,.T.);
#2135 = VERTEX_POINT('',#2136);
#2136 = CARTESIAN_POINT('',(106.16615603408,-0.28,3.78));
#2137 = LINE('',#2138,#2139);
#2138 = CARTESIAN_POINT('',(-1.42108547152E-14,-0.28,3.78));
#2139 = VECTOR('',#2140,1.);
#2140 = DIRECTION('',(1.,0.,0.));
#2141 = ORIENTED_EDGE('',*,*,#2142,.F.);
#2142 = EDGE_CURVE('',#2143,#2135,#2145,.T.);
#2143 = VERTEX_POINT('',#2144);
#2144 = CARTESIAN_POINT('',(106.16615603408,-0.28,-3.78));
#2145 = LINE('',#2146,#2147);
#2146 = CARTESIAN_POINT('',(106.16615603408,-0.28,-3.78));
#2147 = VECTOR('',#2148,1.);
#2148 = DIRECTION('',(0.,0.,1.));
#2149 = ORIENTED_EDGE('',*,*,#2150,.F.);
#2150 = EDGE_CURVE('',#2125,#2143,#2151,.T.);
#2151 = LINE('',#2152,#2153);
#2152 = CARTESIAN_POINT('',(-1.42108547152E-14,-0.28,-3.78));
#2153 = VECTOR('',#2154,1.);
#2154 = DIRECTION('',(1.,0.,0.));
#2155 = PLANE('',#2156);
#2156 = AXIS2_PLACEMENT_3D('',#2157,#2158,#2159);
#2157 = CARTESIAN_POINT('',(-0.28,-0.28,-3.78));
#2158 = DIRECTION('',(0.,1.,0.));
#2159 = DIRECTION('',(1.,0.,0.));
#2160 = ADVANCED_FACE('',(#2161),#2186,.F.);
#2161 = FACE_BOUND('',#2162,.F.);
#2162 = EDGE_LOOP('',(#2163,#2173,#2179,#2180));
#2163 = ORIENTED_EDGE('',*,*,#2164,.T.);
#2164 = EDGE_CURVE('',#2165,#2167,#2169,.T.);
#2165 = VERTEX_POINT('',#2166);
#2166 = CARTESIAN_POINT('',(-0.28,191.28,-3.78));
#2167 = VERTEX_POINT('',#2168);
#2168 = CARTESIAN_POINT('',(-0.28,191.28,3.78));
#2169 = LINE('',#2170,#2171);
#2170 = CARTESIAN_POINT('',(-0.28,191.28,-3.78));
#2171 = VECTOR('',#2172,1.);
#2172 = DIRECTION('',(0.,0.,1.));
#2173 = ORIENTED_EDGE('',*,*,#2174,.T.);
#2174 = EDGE_CURVE('',#2167,#2127,#2175,.T.);
#2175 = LINE('',#2176,#2177);
#2176 = CARTESIAN_POINT('',(-0.28,191.,3.78));
#2177 = VECTOR('',#2178,1.);
#2178 = DIRECTION('',(0.,-1.,-0.));
#2179 = ORIENTED_EDGE('',*,*,#2124,.F.);
#2180 = ORIENTED_EDGE('',*,*,#2181,.F.);
#2181 = EDGE_CURVE('',#2165,#2125,#2182,.T.);
#2182 = LINE('',#2183,#2184);
#2183 = CARTESIAN_POINT('',(-0.28,191.,-3.78));
#2184 = VECTOR('',#2185,1.);
#2185 = DIRECTION('',(0.,-1.,-0.));
#2186 = PLANE('',#2187);
#2187 = AXIS2_PLACEMENT_3D('',#2188,#2189,#2190);
#2188 = CARTESIAN_POINT('',(-0.28,191.28,-3.78));
#2189 = DIRECTION('',(1.,0.,-0.));
#2190 = DIRECTION('',(0.,-1.,0.));
#2191 = ADVANCED_FACE('',(#2192),#2217,.F.);
#2192 = FACE_BOUND('',#2193,.F.);
#2193 = EDGE_LOOP('',(#2194,#2195,#2203,#2211));
#2194 = ORIENTED_EDGE('',*,*,#2142,.T.);
#2195 = ORIENTED_EDGE('',*,*,#2196,.T.);
#2196 = EDGE_CURVE('',#2135,#2197,#2199,.T.);
#2197 = VERTEX_POINT('',#2198);
#2198 = CARTESIAN_POINT('',(121.0740372278,191.28,3.78));
#2199 = LINE('',#2200,#2201);
#2200 = CARTESIAN_POINT('',(106.18625592128,-2.172490764784E-02,3.78));
#2201 = VECTOR('',#2202,1.);
#2202 = DIRECTION('',(7.758895588511E-02,0.996985433156,0.));
#2203 = ORIENTED_EDGE('',*,*,#2204,.F.);
#2204 = EDGE_CURVE('',#2205,#2197,#2207,.T.);
#2205 = VERTEX_POINT('',#2206);
#2206 = CARTESIAN_POINT('',(121.0740372278,191.28,-3.78));
#2207 = LINE('',#2208,#2209);
#2208 = CARTESIAN_POINT('',(121.0740372278,191.28,-3.78));
#2209 = VECTOR('',#2210,1.);
#2210 = DIRECTION('',(0.,0.,1.));
#2211 = ORIENTED_EDGE('',*,*,#2212,.F.);
#2212 = EDGE_CURVE('',#2143,#2205,#2213,.T.);
#2213 = LINE('',#2214,#2215);
#2214 = CARTESIAN_POINT('',(106.18625592128,-2.172490764784E-02,-3.78));
#2215 = VECTOR('',#2216,1.);
#2216 = DIRECTION('',(7.758895588511E-02,0.996985433156,0.));
#2217 = PLANE('',#2218);
#2218 = AXIS2_PLACEMENT_3D('',#2219,#2220,#2221);
#2219 = CARTESIAN_POINT('',(106.16615603408,-0.28,-3.78));
#2220 = DIRECTION('',(-0.996985433156,7.758895588511E-02,0.));
#2221 = DIRECTION('',(7.758895588511E-02,0.996985433156,0.));
#2222 = ADVANCED_FACE('',(#2223),#2234,.F.);
#2223 = FACE_BOUND('',#2224,.T.);
#2224 = EDGE_LOOP('',(#2225,#2226,#2227,#2233));
#2225 = ORIENTED_EDGE('',*,*,#2150,.F.);
#2226 = ORIENTED_EDGE('',*,*,#2181,.F.);
#2227 = ORIENTED_EDGE('',*,*,#2228,.F.);
#2228 = EDGE_CURVE('',#2205,#2165,#2229,.T.);
#2229 = LINE('',#2230,#2231);
#2230 = CARTESIAN_POINT('',(120.7714,191.28,-3.78));
#2231 = VECTOR('',#2232,1.);
#2232 = DIRECTION('',(-1.,0.,0.));
#2233 = ORIENTED_EDGE('',*,*,#2212,.F.);
#2234 = PLANE('',#2235);
#2235 = AXIS2_PLACEMENT_3D('',#2236,#2237,#2238);
#2236 = CARTESIAN_POINT('',(56.814005812425,97.829957515115,-3.78));
#2237 = DIRECTION('',(0.,0.,1.));
#2238 = DIRECTION('',(1.,0.,-0.));
#2239 = ADVANCED_FACE('',(#2240),#2251,.T.);
#2240 = FACE_BOUND('',#2241,.F.);
#2241 = EDGE_LOOP('',(#2242,#2243,#2244,#2250));
#2242 = ORIENTED_EDGE('',*,*,#2134,.F.);
#2243 = ORIENTED_EDGE('',*,*,#2174,.F.);
#2244 = ORIENTED_EDGE('',*,*,#2245,.F.);
#2245 = EDGE_CURVE('',#2197,#2167,#2246,.T.);
#2246 = LINE('',#2247,#2248);
#2247 = CARTESIAN_POINT('',(120.7714,191.28,3.78));
#2248 = VECTOR('',#2249,1.);
#2249 = DIRECTION('',(-1.,0.,0.));
#2250 = ORIENTED_EDGE('',*,*,#2196,.F.);
#2251 = PLANE('',#2252);
#2252 = AXIS2_PLACEMENT_3D('',#2253,#2254,#2255);
#2253 = CARTESIAN_POINT('',(56.814005812425,97.829957515115,3.78));
#2254 = DIRECTION('',(0.,0.,1.));
#2255 = DIRECTION('',(1.,0.,-0.));
#2256 = ADVANCED_FACE('',(#2257,#2263),#2297,.F.);
#2257 = FACE_BOUND('',#2258,.F.);
#2258 = EDGE_LOOP('',(#2259,#2260,#2261,#2262));
#2259 = ORIENTED_EDGE('',*,*,#2204,.T.);
#2260 = ORIENTED_EDGE('',*,*,#2245,.T.);
#2261 = ORIENTED_EDGE('',*,*,#2164,.F.);
#2262 = ORIENTED_EDGE('',*,*,#2228,.F.);
#2263 = FACE_BOUND('',#2264,.F.);
#2264 = EDGE_LOOP('',(#2265,#2275,#2283,#2291));
#2265 = ORIENTED_EDGE('',*,*,#2266,.T.);
#2266 = EDGE_CURVE('',#2267,#2269,#2271,.T.);
#2267 = VERTEX_POINT('',#2268);
#2268 = CARTESIAN_POINT('',(74.930805,191.28,-3.));
#2269 = VERTEX_POINT('',#2270);
#2270 = CARTESIAN_POINT('',(56.930805,191.28,-3.));
#2271 = LINE('',#2272,#2273);
#2272 = CARTESIAN_POINT('',(89.0024211139,191.28,-3.));
#2273 = VECTOR('',#2274,1.);
#2274 = DIRECTION('',(-1.,0.,0.));
#2275 = ORIENTED_EDGE('',*,*,#2276,.T.);
#2276 = EDGE_CURVE('',#2269,#2277,#2279,.T.);
#2277 = VERTEX_POINT('',#2278);
#2278 = CARTESIAN_POINT('',(56.930805,191.28,3.));
#2279 = LINE('',#2280,#2281);
#2280 = CARTESIAN_POINT('',(56.930805,191.28,-3.39));
#2281 = VECTOR('',#2282,1.);
#2282 = DIRECTION('',(0.,0.,1.));
#2283 = ORIENTED_EDGE('',*,*,#2284,.F.);
#2284 = EDGE_CURVE('',#2285,#2277,#2287,.T.);
#2285 = VERTEX_POINT('',#2286);
#2286 = CARTESIAN_POINT('',(74.930805,191.28,3.));
#2287 = LINE('',#2288,#2289);
#2288 = CARTESIAN_POINT('',(89.0024211139,191.28,3.));
#2289 = VECTOR('',#2290,1.);
#2290 = DIRECTION('',(-1.,0.,0.));
#2291 = ORIENTED_EDGE('',*,*,#2292,.F.);
#2292 = EDGE_CURVE('',#2267,#2285,#2293,.T.);
#2293 = LINE('',#2294,#2295);
#2294 = CARTESIAN_POINT('',(74.930805,191.28,-3.39));
#2295 = VECTOR('',#2296,1.);
#2296 = DIRECTION('',(0.,0.,1.));
#2297 = PLANE('',#2298);
#2298 = AXIS2_PLACEMENT_3D('',#2299,#2300,#2301);
#2299 = CARTESIAN_POINT('',(121.0740372278,191.28,-3.78));
#2300 = DIRECTION('',(0.,-1.,0.));
#2301 = DIRECTION('',(-1.,0.,0.));
#2302 = ADVANCED_FACE('',(#2303),#2328,.T.);
#2303 = FACE_BOUND('',#2304,.T.);
#2304 = EDGE_LOOP('',(#2305,#2313,#2321,#2327));
#2305 = ORIENTED_EDGE('',*,*,#2306,.F.);
#2306 = EDGE_CURVE('',#2307,#2269,#2309,.T.);
#2307 = VERTEX_POINT('',#2308);
#2308 = CARTESIAN_POINT('',(56.930805,191.18,-3.));
#2309 = LINE('',#2310,#2311);
#2310 = CARTESIAN_POINT('',(56.930805,190.5,-3.));
#2311 = VECTOR('',#2312,1.);
#2312 = DIRECTION('',(-0.,1.,0.));
#2313 = ORIENTED_EDGE('',*,*,#2314,.F.);
#2314 = EDGE_CURVE('',#2315,#2307,#2317,.T.);
#2315 = VERTEX_POINT('',#2316);
#2316 = CARTESIAN_POINT('',(74.930805,191.18,-3.));
#2317 = LINE('',#2318,#2319);
#2318 = CARTESIAN_POINT('',(88.948378751793,191.18,-3.));
#2319 = VECTOR('',#2320,1.);
#2320 = DIRECTION('',(-1.,0.,0.));
#2321 = ORIENTED_EDGE('',*,*,#2322,.T.);
#2322 = EDGE_CURVE('',#2315,#2267,#2323,.T.);
#2323 = LINE('',#2324,#2325);
#2324 = CARTESIAN_POINT('',(74.930805,190.5,-3.));
#2325 = VECTOR('',#2326,1.);
#2326 = DIRECTION('',(-0.,1.,0.));
#2327 = ORIENTED_EDGE('',*,*,#2266,.T.);
#2328 = PLANE('',#2329);
#2329 = AXIS2_PLACEMENT_3D('',#2330,#2331,#2332);
#2330 = CARTESIAN_POINT('',(56.930805,190.5,-3.));
#2331 = DIRECTION('',(0.,0.,1.));
#2332 = DIRECTION('',(1.,0.,-0.));
#2333 = ADVANCED_FACE('',(#2334),#2352,.F.);
#2334 = FACE_BOUND('',#2335,.F.);
#2335 = EDGE_LOOP('',(#2336,#2344,#2350,#2351));
#2336 = ORIENTED_EDGE('',*,*,#2337,.F.);
#2337 = EDGE_CURVE('',#2338,#2285,#2340,.T.);
#2338 = VERTEX_POINT('',#2339);
#2339 = CARTESIAN_POINT('',(74.930805,191.18,3.));
#2340 = LINE('',#2341,#2342);
#2341 = CARTESIAN_POINT('',(74.930805,190.5,3.));
#2342 = VECTOR('',#2343,1.);
#2343 = DIRECTION('',(-0.,1.,0.));
#2344 = ORIENTED_EDGE('',*,*,#2345,.F.);
#2345 = EDGE_CURVE('',#2315,#2338,#2346,.T.);
#2346 = LINE('',#2347,#2348);
#2347 = CARTESIAN_POINT('',(74.930805,191.18,-3.34));
#2348 = VECTOR('',#2349,1.);
#2349 = DIRECTION('',(0.,0.,1.));
#2350 = ORIENTED_EDGE('',*,*,#2322,.T.);
#2351 = ORIENTED_EDGE('',*,*,#2292,.T.);
#2352 = PLANE('',#2353);
#2353 = AXIS2_PLACEMENT_3D('',#2354,#2355,#2356);
#2354 = CARTESIAN_POINT('',(74.930805,190.5,-3.));
#2355 = DIRECTION('',(1.,0.,-0.));
#2356 = DIRECTION('',(0.,0.,1.));
#2357 = ADVANCED_FACE('',(#2358),#2376,.F.);
#2358 = FACE_BOUND('',#2359,.F.);
#2359 = EDGE_LOOP('',(#2360,#2368,#2374,#2375));
#2360 = ORIENTED_EDGE('',*,*,#2361,.F.);
#2361 = EDGE_CURVE('',#2362,#2277,#2364,.T.);
#2362 = VERTEX_POINT('',#2363);
#2363 = CARTESIAN_POINT('',(56.930805,191.18,3.));
#2364 = LINE('',#2365,#2366);
#2365 = CARTESIAN_POINT('',(56.930805,190.5,3.));
#2366 = VECTOR('',#2367,1.);
#2367 = DIRECTION('',(-0.,1.,0.));
#2368 = ORIENTED_EDGE('',*,*,#2369,.F.);
#2369 = EDGE_CURVE('',#2338,#2362,#2370,.T.);
#2370 = LINE('',#2371,#2372);
#2371 = CARTESIAN_POINT('',(88.948378751793,191.18,3.));
#2372 = VECTOR('',#2373,1.);
#2373 = DIRECTION('',(-1.,0.,0.));
#2374 = ORIENTED_EDGE('',*,*,#2337,.T.);
#2375 = ORIENTED_EDGE('',*,*,#2284,.T.);
#2376 = PLANE('',#2377);
#2377 = AXIS2_PLACEMENT_3D('',#2378,#2379,#2380);
#2378 = CARTESIAN_POINT('',(56.930805,190.5,3.));
#2379 = DIRECTION('',(0.,0.,1.));
#2380 = DIRECTION('',(1.,0.,-0.));
#2381 = ADVANCED_FACE('',(#2382),#2393,.T.);
#2382 = FACE_BOUND('',#2383,.T.);
#2383 = EDGE_LOOP('',(#2384,#2385,#2391,#2392));
#2384 = ORIENTED_EDGE('',*,*,#2361,.F.);
#2385 = ORIENTED_EDGE('',*,*,#2386,.F.);
#2386 = EDGE_CURVE('',#2307,#2362,#2387,.T.);
#2387 = LINE('',#2388,#2389);
#2388 = CARTESIAN_POINT('',(56.930805,191.18,-3.34));
#2389 = VECTOR('',#2390,1.);
#2390 = DIRECTION('',(0.,0.,1.));
#2391 = ORIENTED_EDGE('',*,*,#2306,.T.);
#2392 = ORIENTED_EDGE('',*,*,#2276,.T.);
#2393 = PLANE('',#2394);
#2394 = AXIS2_PLACEMENT_3D('',#2395,#2396,#2397);
#2395 = CARTESIAN_POINT('',(56.930805,190.5,-3.));
#2396 = DIRECTION('',(1.,0.,-0.));
#2397 = DIRECTION('',(0.,0.,1.));
#2398 = ADVANCED_FACE('',(#2399,#2433),#2439,.T.);
#2399 = FACE_BOUND('',#2400,.T.);
#2400 = EDGE_LOOP('',(#2401,#2411,#2419,#2427));
#2401 = ORIENTED_EDGE('',*,*,#2402,.T.);
#2402 = EDGE_CURVE('',#2403,#2405,#2407,.T.);
#2403 = VERTEX_POINT('',#2404);
#2404 = CARTESIAN_POINT('',(120.96595250358,191.18,-3.68));
#2405 = VERTEX_POINT('',#2406);
#2406 = CARTESIAN_POINT('',(120.96595250358,191.18,3.68));
#2407 = LINE('',#2408,#2409);
#2408 = CARTESIAN_POINT('',(120.96595250358,191.18,-3.68));
#2409 = VECTOR('',#2410,1.);
#2410 = DIRECTION('',(0.,0.,1.));
#2411 = ORIENTED_EDGE('',*,*,#2412,.T.);
#2412 = EDGE_CURVE('',#2405,#2413,#2415,.T.);
#2413 = VERTEX_POINT('',#2414);
#2414 = CARTESIAN_POINT('',(-0.18,191.18,3.68));
#2415 = LINE('',#2416,#2417);
#2416 = CARTESIAN_POINT('',(120.7714,191.18,3.68));
#2417 = VECTOR('',#2418,1.);
#2418 = DIRECTION('',(-1.,0.,0.));
#2419 = ORIENTED_EDGE('',*,*,#2420,.F.);
#2420 = EDGE_CURVE('',#2421,#2413,#2423,.T.);
#2421 = VERTEX_POINT('',#2422);
#2422 = CARTESIAN_POINT('',(-0.18,191.18,-3.68));
#2423 = LINE('',#2424,#2425);
#2424 = CARTESIAN_POINT('',(-0.18,191.18,-3.68));
#2425 = VECTOR('',#2426,1.);
#2426 = DIRECTION('',(0.,0.,1.));
#2427 = ORIENTED_EDGE('',*,*,#2428,.F.);
#2428 = EDGE_CURVE('',#2403,#2421,#2429,.T.);
#2429 = LINE('',#2430,#2431);
#2430 = CARTESIAN_POINT('',(120.7714,191.18,-3.68));
#2431 = VECTOR('',#2432,1.);
#2432 = DIRECTION('',(-1.,0.,0.));
#2433 = FACE_BOUND('',#2434,.T.);
#2434 = EDGE_LOOP('',(#2435,#2436,#2437,#2438));
#2435 = ORIENTED_EDGE('',*,*,#2314,.T.);
#2436 = ORIENTED_EDGE('',*,*,#2386,.T.);
#2437 = ORIENTED_EDGE('',*,*,#2369,.F.);
#2438 = ORIENTED_EDGE('',*,*,#2345,.F.);
#2439 = PLANE('',#2440);
#2440 = AXIS2_PLACEMENT_3D('',#2441,#2442,#2443);
#2441 = CARTESIAN_POINT('',(120.96595250358,191.18,-3.68));
#2442 = DIRECTION('',(0.,-1.,0.));
#2443 = DIRECTION('',(-1.,0.,0.));
#2444 = ADVANCED_FACE('',(#2445),#2470,.T.);
#2445 = FACE_BOUND('',#2446,.T.);
#2446 = EDGE_LOOP('',(#2447,#2457,#2463,#2464));
#2447 = ORIENTED_EDGE('',*,*,#2448,.T.);
#2448 = EDGE_CURVE('',#2449,#2451,#2453,.T.);
#2449 = VERTEX_POINT('',#2450);
#2450 = CARTESIAN_POINT('',(106.07363602191,-0.18,-3.68));
#2451 = VERTEX_POINT('',#2452);
#2452 = CARTESIAN_POINT('',(106.07363602191,-0.18,3.68));
#2453 = LINE('',#2454,#2455);
#2454 = CARTESIAN_POINT('',(106.07363602191,-0.18,-3.68));
#2455 = VECTOR('',#2456,1.);
#2456 = DIRECTION('',(0.,0.,1.));
#2457 = ORIENTED_EDGE('',*,*,#2458,.T.);
#2458 = EDGE_CURVE('',#2451,#2405,#2459,.T.);
#2459 = LINE('',#2460,#2461);
#2460 = CARTESIAN_POINT('',(106.08655737796,-1.396601205931E-02,3.68));
#2461 = VECTOR('',#2462,1.);
#2462 = DIRECTION('',(7.758895588511E-02,0.996985433156,0.));
#2463 = ORIENTED_EDGE('',*,*,#2402,.F.);
#2464 = ORIENTED_EDGE('',*,*,#2465,.F.);
#2465 = EDGE_CURVE('',#2449,#2403,#2466,.T.);
#2466 = LINE('',#2467,#2468);
#2467 = CARTESIAN_POINT('',(106.08655737796,-1.396601205931E-02,-3.68));
#2468 = VECTOR('',#2469,1.);
#2469 = DIRECTION('',(7.758895588511E-02,0.996985433156,0.));
#2470 = PLANE('',#2471);
#2471 = AXIS2_PLACEMENT_3D('',#2472,#2473,#2474);
#2472 = CARTESIAN_POINT('',(106.07363602191,-0.18,-3.68));
#2473 = DIRECTION('',(-0.996985433156,7.758895588511E-02,0.));
#2474 = DIRECTION('',(7.758895588511E-02,0.996985433156,0.));
#2475 = ADVANCED_FACE('',(#2476),#2494,.T.);
#2476 = FACE_BOUND('',#2477,.F.);
#2477 = EDGE_LOOP('',(#2478,#2486,#2492,#2493));
#2478 = ORIENTED_EDGE('',*,*,#2479,.F.);
#2479 = EDGE_CURVE('',#2480,#2449,#2482,.T.);
#2480 = VERTEX_POINT('',#2481);
#2481 = CARTESIAN_POINT('',(-0.18,-0.18,-3.68));
#2482 = LINE('',#2483,#2484);
#2483 = CARTESIAN_POINT('',(-1.42108547152E-14,-0.18,-3.68));
#2484 = VECTOR('',#2485,1.);
#2485 = DIRECTION('',(1.,0.,0.));
#2486 = ORIENTED_EDGE('',*,*,#2487,.F.);
#2487 = EDGE_CURVE('',#2421,#2480,#2488,.T.);
#2488 = LINE('',#2489,#2490);
#2489 = CARTESIAN_POINT('',(-0.18,191.,-3.68));
#2490 = VECTOR('',#2491,1.);
#2491 = DIRECTION('',(0.,-1.,-0.));
#2492 = ORIENTED_EDGE('',*,*,#2428,.F.);
#2493 = ORIENTED_EDGE('',*,*,#2465,.F.);
#2494 = PLANE('',#2495);
#2495 = AXIS2_PLACEMENT_3D('',#2496,#2497,#2498);
#2496 = CARTESIAN_POINT('',(56.814005812425,97.829957515115,-3.68));
#2497 = DIRECTION('',(0.,0.,1.));
#2498 = DIRECTION('',(1.,0.,-0.));
#2499 = ADVANCED_FACE('',(#2500),#2518,.F.);
#2500 = FACE_BOUND('',#2501,.T.);
#2501 = EDGE_LOOP('',(#2502,#2510,#2516,#2517));
#2502 = ORIENTED_EDGE('',*,*,#2503,.F.);
#2503 = EDGE_CURVE('',#2504,#2451,#2506,.T.);
#2504 = VERTEX_POINT('',#2505);
#2505 = CARTESIAN_POINT('',(-0.18,-0.18,3.68));
#2506 = LINE('',#2507,#2508);
#2507 = CARTESIAN_POINT('',(-1.42108547152E-14,-0.18,3.68));
#2508 = VECTOR('',#2509,1.);
#2509 = DIRECTION('',(1.,0.,0.));
#2510 = ORIENTED_EDGE('',*,*,#2511,.F.);
#2511 = EDGE_CURVE('',#2413,#2504,#2512,.T.);
#2512 = LINE('',#2513,#2514);
#2513 = CARTESIAN_POINT('',(-0.18,191.,3.68));
#2514 = VECTOR('',#2515,1.);
#2515 = DIRECTION('',(0.,-1.,-0.));
#2516 = ORIENTED_EDGE('',*,*,#2412,.F.);
#2517 = ORIENTED_EDGE('',*,*,#2458,.F.);
#2518 = PLANE('',#2519);
#2519 = AXIS2_PLACEMENT_3D('',#2520,#2521,#2522);
#2520 = CARTESIAN_POINT('',(56.814005812425,97.829957515115,3.68));
#2521 = DIRECTION('',(0.,0.,1.));
#2522 = DIRECTION('',(1.,0.,-0.));
#2523 = ADVANCED_FACE('',(#2524),#2535,.T.);
#2524 = FACE_BOUND('',#2525,.T.);
#2525 = EDGE_LOOP('',(#2526,#2527,#2528,#2534));
#2526 = ORIENTED_EDGE('',*,*,#2420,.T.);
#2527 = ORIENTED_EDGE('',*,*,#2511,.T.);
#2528 = ORIENTED_EDGE('',*,*,#2529,.F.);
#2529 = EDGE_CURVE('',#2480,#2504,#2530,.T.);
#2530 = LINE('',#2531,#2532);
#2531 = CARTESIAN_POINT('',(-0.18,-0.18,-3.68));
#2532 = VECTOR('',#2533,1.);
#2533 = DIRECTION('',(0.,0.,1.));
#2534 = ORIENTED_EDGE('',*,*,#2487,.F.);
#2535 = PLANE('',#2536);
#2536 = AXIS2_PLACEMENT_3D('',#2537,#2538,#2539);
#2537 = CARTESIAN_POINT('',(-0.18,191.18,-3.68));
#2538 = DIRECTION('',(1.,0.,-0.));
#2539 = DIRECTION('',(0.,-1.,0.));
#2540 = ADVANCED_FACE('',(#2541),#2547,.T.);
#2541 = FACE_BOUND('',#2542,.T.);
#2542 = EDGE_LOOP('',(#2543,#2544,#2545,#2546));
#2543 = ORIENTED_EDGE('',*,*,#2529,.T.);
#2544 = ORIENTED_EDGE('',*,*,#2503,.T.);
#2545 = ORIENTED_EDGE('',*,*,#2448,.F.);
#2546 = ORIENTED_EDGE('',*,*,#2479,.F.);
#2547 = PLANE('',#2548);
#2548 = AXIS2_PLACEMENT_3D('',#2549,#2550,#2551);
#2549 = CARTESIAN_POINT('',(-0.18,-0.18,-3.68));
#2550 = DIRECTION('',(0.,1.,0.));
#2551 = DIRECTION('',(1.,0.,0.));
#2552 = ( GEOMETRIC_REPRESENTATION_CONTEXT(3) 
GLOBAL_UNCERTAINTY_ASSIGNED_CONTEXT((#2556)) 
GLOBAL_UNIT_ASSIGNED_CONTEXT((#2553,#2554,#2555)) REPRESENTATION_CONTEXT
('Context #1','3D Context with UNIT and UNCERTAINTY') );
#2553 = ( LENGTH_UNIT() NAMED_UNIT(*) SI_UNIT(.MILLI.,.METRE.) );
#2554 = ( NAMED_UNIT(*) PLANE_ANGLE_UNIT() SI_UNIT($,.RADIAN.) );
#2555 = ( NAMED_UNIT(*) SI_UNIT($,.STERADIAN.) SOLID_ANGLE_UNIT() );
#2556 = UNCERTAINTY_MEASURE_WITH_UNIT(LENGTH_MEASURE(1.E-07),#2553,
  'distance_accuracy_value','confusion accuracy');
#2557 = CONTEXT_DEPENDENT_SHAPE_REPRESENTATION(#2558,#2560);
#2558 = ( REPRESENTATION_RELATIONSHIP('','',#2117,#10) 
REPRESENTATION_RELATIONSHIP_WITH_TRANSFORMATION(#2559) 
SHAPE_REPRESENTATION_RELATIONSHIP() );
#2559 = ITEM_DEFINED_TRANSFORMATION('','',#11,#35);
#2560 = PRODUCT_DEFINITION_SHAPE('Placement','Placement of an item',
  #2561);
#2561 = NEXT_ASSEMBLY_USAGE_OCCURRENCE('6','Tile0_WrapVinyl','',#5,#2112
  ,$);
#2562 = PRODUCT_RELATED_PRODUCT_CATEGORY('part',$,(#2114));
#2563 = SHAPE_DEFINITION_REPRESENTATION(#2564,#2570);
#2564 = PRODUCT_DEFINITION_SHAPE('','',#2565);
#2565 = PRODUCT_DEFINITION('design','',#2566,#2569);
#2566 = PRODUCT_DEFINITION_FORMATION('','',#2567);
#2567 = PRODUCT('Tile0_Coupler','Tile0_Coupler','',(#2568));
#2568 = PRODUCT_CONTEXT('',#2,'mechanical');
#2569 = PRODUCT_DEFINITION_CONTEXT('part definition',#2,'design');
#2570 = ADVANCED_BREP_SHAPE_REPRESENTATION('',(#11,#2571),#3005);
#2571 = MANIFOLD_SOLID_BREP('',#2572);
#2572 = CLOSED_SHELL('',(#2573,#2613,#2678,#2702,#2726,#2743,#2755,#2786
    ,#2810,#2834,#2851,#2897,#2928,#2952,#2976,#2993));
#2573 = ADVANCED_FACE('',(#2574),#2608,.F.);
#2574 = FACE_BOUND('',#2575,.F.);
#2575 = EDGE_LOOP('',(#2576,#2586,#2594,#2602));
#2576 = ORIENTED_EDGE('',*,*,#2577,.F.);
#2577 = EDGE_CURVE('',#2578,#2580,#2582,.T.);
#2578 = VERTEX_POINT('',#2579);
#2579 = CARTESIAN_POINT('',(57.930805,191.,-4.));
#2580 = VERTEX_POINT('',#2581);
#2581 = CARTESIAN_POINT('',(57.930805,191.,4.));
#2582 = LINE('',#2583,#2584);
#2583 = CARTESIAN_POINT('',(57.930805,191.,-4.));
#2584 = VECTOR('',#2585,1.);
#2585 = DIRECTION('',(0.,0.,1.));
#2586 = ORIENTED_EDGE('',*,*,#2587,.T.);
#2587 = EDGE_CURVE('',#2578,#2588,#2590,.T.);
#2588 = VERTEX_POINT('',#2589);
#2589 = CARTESIAN_POINT('',(57.930805,197.,-4.));
#2590 = LINE('',#2591,#2592);
#2591 = CARTESIAN_POINT('',(57.930805,191.,-4.));
#2592 = VECTOR('',#2593,1.);
#2593 = DIRECTION('',(-0.,1.,0.));
#2594 = ORIENTED_EDGE('',*,*,#2595,.T.);
#2595 = EDGE_CURVE('',#2588,#2596,#2598,.T.);
#2596 = VERTEX_POINT('',#2597);
#2597 = CARTESIAN_POINT('',(57.930805,197.,4.));
#2598 = LINE('',#2599,#2600);
#2599 = CARTESIAN_POINT('',(57.930805,197.,-4.));
#2600 = VECTOR('',#2601,1.);
#2601 = DIRECTION('',(0.,0.,1.));
#2602 = ORIENTED_EDGE('',*,*,#2603,.F.);
#2603 = EDGE_CURVE('',#2580,#2596,#2604,.T.);
#2604 = LINE('',#2605,#2606);
#2605 = CARTESIAN_POINT('',(57.930805,191.,4.));
#2606 = VECTOR('',#2607,1.);
#2607 = DIRECTION('',(-0.,1.,0.));
#2608 = PLANE('',#2609);
#2609 = AXIS2_PLACEMENT_3D('',#2610,#2611,#2612);
#2610 = CARTESIAN_POINT('',(57.930805,191.,-4.));
#2611 = DIRECTION('',(1.,0.,-0.));
#2612 = DIRECTION('',(0.,0.,1.));
#2613 = ADVANCED_FACE('',(#2614,#2639),#2673,.F.);
#2614 = FACE_BOUND('',#2615,.F.);
#2615 = EDGE_LOOP('',(#2616,#2624,#2625,#2633));
#2616 = ORIENTED_EDGE('',*,*,#2617,.F.);
#2617 = EDGE_CURVE('',#2578,#2618,#2620,.T.);
#2618 = VERTEX_POINT('',#2619);
#2619 = CARTESIAN_POINT('',(73.930805,191.,-4.));
#2620 = LINE('',#2621,#2622);
#2621 = CARTESIAN_POINT('',(57.930805,191.,-4.));
#2622 = VECTOR('',#2623,1.);
#2623 = DIRECTION('',(1.,0.,-0.));
#2624 = ORIENTED_EDGE('',*,*,#2577,.T.);
#2625 = ORIENTED_EDGE('',*,*,#2626,.T.);
#2626 = EDGE_CURVE('',#2580,#2627,#2629,.T.);
#2627 = VERTEX_POINT('',#2628);
#2628 = CARTESIAN_POINT('',(73.930805,191.,4.));
#2629 = LINE('',#2630,#2631);
#2630 = CARTESIAN_POINT('',(57.930805,191.,4.));
#2631 = VECTOR('',#2632,1.);
#2632 = DIRECTION('',(1.,0.,-0.));
#2633 = ORIENTED_EDGE('',*,*,#2634,.F.);
#2634 = EDGE_CURVE('',#2618,#2627,#2635,.T.);
#2635 = LINE('',#2636,#2637);
#2636 = CARTESIAN_POINT('',(73.930805,191.,-4.));
#2637 = VECTOR('',#2638,1.);
#2638 = DIRECTION('',(0.,0.,1.));
#2639 = FACE_BOUND('',#2640,.F.);
#2640 = EDGE_LOOP('',(#2641,#2651,#2659,#2667));
#2641 = ORIENTED_EDGE('',*,*,#2642,.F.);
#2642 = EDGE_CURVE('',#2643,#2645,#2647,.T.);
#2643 = VERTEX_POINT('',#2644);
#2644 = CARTESIAN_POINT('',(63.430805,191.,2.5));
#2645 = VERTEX_POINT('',#2646);
#2646 = CARTESIAN_POINT('',(68.430805,191.,2.5));
#2647 = LINE('',#2648,#2649);
#2648 = CARTESIAN_POINT('',(60.680805,191.,2.5));
#2649 = VECTOR('',#2650,1.);
#2650 = DIRECTION('',(1.,0.,-0.));
#2651 = ORIENTED_EDGE('',*,*,#2652,.T.);
#2652 = EDGE_CURVE('',#2643,#2653,#2655,.T.);
#2653 = VERTEX_POINT('',#2654);
#2654 = CARTESIAN_POINT('',(63.430805,191.,-2.5));
#2655 = LINE('',#2656,#2657);
#2656 = CARTESIAN_POINT('',(63.430805,191.,-3.25));
#2657 = VECTOR('',#2658,1.);
#2658 = DIRECTION('',(-0.,0.,-1.));
#2659 = ORIENTED_EDGE('',*,*,#2660,.T.);
#2660 = EDGE_CURVE('',#2653,#2661,#2663,.T.);
#2661 = VERTEX_POINT('',#2662);
#2662 = CARTESIAN_POINT('',(68.430805,191.,-2.5));
#2663 = LINE('',#2664,#2665);
#2664 = CARTESIAN_POINT('',(60.680805,191.,-2.5));
#2665 = VECTOR('',#2666,1.);
#2666 = DIRECTION('',(1.,0.,-0.));
#2667 = ORIENTED_EDGE('',*,*,#2668,.F.);
#2668 = EDGE_CURVE('',#2645,#2661,#2669,.T.);
#2669 = LINE('',#2670,#2671);
#2670 = CARTESIAN_POINT('',(68.430805,191.,-3.25));
#2671 = VECTOR('',#2672,1.);
#2672 = DIRECTION('',(-0.,0.,-1.));
#2673 = PLANE('',#2674);
#2674 = AXIS2_PLACEMENT_3D('',#2675,#2676,#2677);
#2675 = CARTESIAN_POINT('',(57.930805,191.,-4.));
#2676 = DIRECTION('',(-0.,1.,0.));
#2677 = DIRECTION('',(0.,0.,1.));
#2678 = ADVANCED_FACE('',(#2679),#2697,.T.);
#2679 = FACE_BOUND('',#2680,.T.);
#2680 = EDGE_LOOP('',(#2681,#2682,#2683,#2691));
#2681 = ORIENTED_EDGE('',*,*,#2603,.F.);
#2682 = ORIENTED_EDGE('',*,*,#2626,.T.);
#2683 = ORIENTED_EDGE('',*,*,#2684,.T.);
#2684 = EDGE_CURVE('',#2627,#2685,#2687,.T.);
#2685 = VERTEX_POINT('',#2686);
#2686 = CARTESIAN_POINT('',(73.930805,197.,4.));
#2687 = LINE('',#2688,#2689);
#2688 = CARTESIAN_POINT('',(73.930805,191.,4.));
#2689 = VECTOR('',#2690,1.);
#2690 = DIRECTION('',(-0.,1.,0.));
#2691 = ORIENTED_EDGE('',*,*,#2692,.F.);
#2692 = EDGE_CURVE('',#2596,#2685,#2693,.T.);
#2693 = LINE('',#2694,#2695);
#2694 = CARTESIAN_POINT('',(57.930805,197.,4.));
#2695 = VECTOR('',#2696,1.);
#2696 = DIRECTION('',(1.,0.,-0.));
#2697 = PLANE('',#2698);
#2698 = AXIS2_PLACEMENT_3D('',#2699,#2700,#2701);
#2699 = CARTESIAN_POINT('',(57.930805,191.,4.));
#2700 = DIRECTION('',(0.,0.,1.));
#2701 = DIRECTION('',(1.,0.,-0.));
#2702 = ADVANCED_FACE('',(#2703),#2721,.T.);
#2703 = FACE_BOUND('',#2704,.T.);
#2704 = EDGE_LOOP('',(#2705,#2713,#2714,#2715));
#2705 = ORIENTED_EDGE('',*,*,#2706,.F.);
#2706 = EDGE_CURVE('',#2588,#2707,#2709,.T.);
#2707 = VERTEX_POINT('',#2708);
#2708 = CARTESIAN_POINT('',(73.930805,197.,-4.));
#2709 = LINE('',#2710,#2711);
#2710 = CARTESIAN_POINT('',(57.930805,197.,-4.));
#2711 = VECTOR('',#2712,1.);
#2712 = DIRECTION('',(1.,0.,-0.));
#2713 = ORIENTED_EDGE('',*,*,#2595,.T.);
#2714 = ORIENTED_EDGE('',*,*,#2692,.T.);
#2715 = ORIENTED_EDGE('',*,*,#2716,.F.);
#2716 = EDGE_CURVE('',#2707,#2685,#2717,.T.);
#2717 = LINE('',#2718,#2719);
#2718 = CARTESIAN_POINT('',(73.930805,197.,-4.));
#2719 = VECTOR('',#2720,1.);
#2720 = DIRECTION('',(0.,0.,1.));
#2721 = PLANE('',#2722);
#2722 = AXIS2_PLACEMENT_3D('',#2723,#2724,#2725);
#2723 = CARTESIAN_POINT('',(57.930805,197.,-4.));
#2724 = DIRECTION('',(-0.,1.,0.));
#2725 = DIRECTION('',(0.,0.,1.));
#2726 = ADVANCED_FACE('',(#2727),#2738,.F.);
#2727 = FACE_BOUND('',#2728,.F.);
#2728 = EDGE_LOOP('',(#2729,#2730,#2731,#2737));
#2729 = ORIENTED_EDGE('',*,*,#2587,.F.);
#2730 = ORIENTED_EDGE('',*,*,#2617,.T.);
#2731 = ORIENTED_EDGE('',*,*,#2732,.T.);
#2732 = EDGE_CURVE('',#2618,#2707,#2733,.T.);
#2733 = LINE('',#2734,#2735);
#2734 = CARTESIAN_POINT('',(73.930805,191.,-4.));
#2735 = VECTOR('',#2736,1.);
#2736 = DIRECTION('',(-0.,1.,0.));
#2737 = ORIENTED_EDGE('',*,*,#2706,.F.);
#2738 = PLANE('',#2739);
#2739 = AXIS2_PLACEMENT_3D('',#2740,#2741,#2742);
#2740 = CARTESIAN_POINT('',(57.930805,191.,-4.));
#2741 = DIRECTION('',(0.,0.,1.));
#2742 = DIRECTION('',(1.,0.,-0.));
#2743 = ADVANCED_FACE('',(#2744),#2750,.T.);
#2744 = FACE_BOUND('',#2745,.T.);
#2745 = EDGE_LOOP('',(#2746,#2747,#2748,#2749));
#2746 = ORIENTED_EDGE('',*,*,#2634,.F.);
#2747 = ORIENTED_EDGE('',*,*,#2732,.T.);
#2748 = ORIENTED_EDGE('',*,*,#2716,.T.);
#2749 = ORIENTED_EDGE('',*,*,#2684,.F.);
#2750 = PLANE('',#2751);
#2751 = AXIS2_PLACEMENT_3D('',#2752,#2753,#2754);
#2752 = CARTESIAN_POINT('',(73.930805,191.,-4.));
#2753 = DIRECTION('',(1.,0.,-0.));
#2754 = DIRECTION('',(0.,0.,1.));
#2755 = ADVANCED_FACE('',(#2756),#2781,.F.);
#2756 = FACE_BOUND('',#2757,.F.);
#2757 = EDGE_LOOP('',(#2758,#2766,#2767,#2775));
#2758 = ORIENTED_EDGE('',*,*,#2759,.F.);
#2759 = EDGE_CURVE('',#2643,#2760,#2762,.T.);
#2760 = VERTEX_POINT('',#2761);
#2761 = CARTESIAN_POINT('',(63.430805,191.75,2.5));
#2762 = LINE('',#2763,#2764);
#2763 = CARTESIAN_POINT('',(63.430805,190.9,2.5));
#2764 = VECTOR('',#2765,1.);
#2765 = DIRECTION('',(-0.,1.,0.));
#2766 = ORIENTED_EDGE('',*,*,#2642,.T.);
#2767 = ORIENTED_EDGE('',*,*,#2768,.T.);
#2768 = EDGE_CURVE('',#2645,#2769,#2771,.T.);
#2769 = VERTEX_POINT('',#2770);
#2770 = CARTESIAN_POINT('',(68.430805,191.75,2.5));
#2771 = LINE('',#2772,#2773);
#2772 = CARTESIAN_POINT('',(68.430805,190.9,2.5));
#2773 = VECTOR('',#2774,1.);
#2774 = DIRECTION('',(-0.,1.,0.));
#2775 = ORIENTED_EDGE('',*,*,#2776,.F.);
#2776 = EDGE_CURVE('',#2760,#2769,#2777,.T.);
#2777 = LINE('',#2778,#2779);
#2778 = CARTESIAN_POINT('',(63.430805,191.75,2.5));
#2779 = VECTOR('',#2780,1.);
#2780 = DIRECTION('',(1.,0.,-0.));
#2781 = PLANE('',#2782);
#2782 = AXIS2_PLACEMENT_3D('',#2783,#2784,#2785);
#2783 = CARTESIAN_POINT('',(63.430805,190.9,2.5));
#2784 = DIRECTION('',(0.,0.,1.));
#2785 = DIRECTION('',(1.,0.,-0.));
#2786 = ADVANCED_FACE('',(#2787),#2805,.F.);
#2787 = FACE_BOUND('',#2788,.F.);
#2788 = EDGE_LOOP('',(#2789,#2790,#2791,#2799));
#2789 = ORIENTED_EDGE('',*,*,#2768,.F.);
#2790 = ORIENTED_EDGE('',*,*,#2668,.T.);
#2791 = ORIENTED_EDGE('',*,*,#2792,.T.);
#2792 = EDGE_CURVE('',#2661,#2793,#2795,.T.);
#2793 = VERTEX_POINT('',#2794);
#2794 = CARTESIAN_POINT('',(68.430805,191.75,-2.5));
#2795 = LINE('',#2796,#2797);
#2796 = CARTESIAN_POINT('',(68.430805,190.9,-2.5));
#2797 = VECTOR('',#2798,1.);
#2798 = DIRECTION('',(-0.,1.,0.));
#2799 = ORIENTED_EDGE('',*,*,#2800,.T.);
#2800 = EDGE_CURVE('',#2793,#2769,#2801,.T.);
#2801 = LINE('',#2802,#2803);
#2802 = CARTESIAN_POINT('',(68.430805,191.75,-2.5));
#2803 = VECTOR('',#2804,1.);
#2804 = DIRECTION('',(0.,0.,1.));
#2805 = PLANE('',#2806);
#2806 = AXIS2_PLACEMENT_3D('',#2807,#2808,#2809);
#2807 = CARTESIAN_POINT('',(68.430805,190.9,-2.5));
#2808 = DIRECTION('',(1.,0.,-0.));
#2809 = DIRECTION('',(0.,0.,1.));
#2810 = ADVANCED_FACE('',(#2811),#2829,.T.);
#2811 = FACE_BOUND('',#2812,.T.);
#2812 = EDGE_LOOP('',(#2813,#2821,#2822,#2823));
#2813 = ORIENTED_EDGE('',*,*,#2814,.F.);
#2814 = EDGE_CURVE('',#2653,#2815,#2817,.T.);
#2815 = VERTEX_POINT('',#2816);
#2816 = CARTESIAN_POINT('',(63.430805,191.75,-2.5));
#2817 = LINE('',#2818,#2819);
#2818 = CARTESIAN_POINT('',(63.430805,190.9,-2.5));
#2819 = VECTOR('',#2820,1.);
#2820 = DIRECTION('',(-0.,1.,0.));
#2821 = ORIENTED_EDGE('',*,*,#2660,.T.);
#2822 = ORIENTED_EDGE('',*,*,#2792,.T.);
#2823 = ORIENTED_EDGE('',*,*,#2824,.F.);
#2824 = EDGE_CURVE('',#2815,#2793,#2825,.T.);
#2825 = LINE('',#2826,#2827);
#2826 = CARTESIAN_POINT('',(63.430805,191.75,-2.5));
#2827 = VECTOR('',#2828,1.);
#2828 = DIRECTION('',(1.,0.,-0.));
#2829 = PLANE('',#2830);
#2830 = AXIS2_PLACEMENT_3D('',#2831,#2832,#2833);
#2831 = CARTESIAN_POINT('',(63.430805,190.9,-2.5));
#2832 = DIRECTION('',(0.,0.,1.));
#2833 = DIRECTION('',(1.,0.,-0.));
#2834 = ADVANCED_FACE('',(#2835),#2846,.T.);
#2835 = FACE_BOUND('',#2836,.T.);
#2836 = EDGE_LOOP('',(#2837,#2838,#2839,#2840));
#2837 = ORIENTED_EDGE('',*,*,#2759,.F.);
#2838 = ORIENTED_EDGE('',*,*,#2652,.T.);
#2839 = ORIENTED_EDGE('',*,*,#2814,.T.);
#2840 = ORIENTED_EDGE('',*,*,#2841,.T.);
#2841 = EDGE_CURVE('',#2815,#2760,#2842,.T.);
#2842 = LINE('',#2843,#2844);
#2843 = CARTESIAN_POINT('',(63.430805,191.75,-2.5));
#2844 = VECTOR('',#2845,1.);
#2845 = DIRECTION('',(0.,0.,1.));
#2846 = PLANE('',#2847);
#2847 = AXIS2_PLACEMENT_3D('',#2848,#2849,#2850);
#2848 = CARTESIAN_POINT('',(63.430805,190.9,-2.5));
#2849 = DIRECTION('',(1.,0.,-0.));
#2850 = DIRECTION('',(0.,0.,1.));
#2851 = ADVANCED_FACE('',(#2852,#2858),#2892,.F.);
#2852 = FACE_BOUND('',#2853,.F.);
#2853 = EDGE_LOOP('',(#2854,#2855,#2856,#2857));
#2854 = ORIENTED_EDGE('',*,*,#2824,.F.);
#2855 = ORIENTED_EDGE('',*,*,#2841,.T.);
#2856 = ORIENTED_EDGE('',*,*,#2776,.T.);
#2857 = ORIENTED_EDGE('',*,*,#2800,.F.);
#2858 = FACE_BOUND('',#2859,.F.);
#2859 = EDGE_LOOP('',(#2860,#2870,#2878,#2886));
#2860 = ORIENTED_EDGE('',*,*,#2861,.F.);
#2861 = EDGE_CURVE('',#2862,#2864,#2866,.T.);
#2862 = VERTEX_POINT('',#2863);
#2863 = CARTESIAN_POINT('',(64.030805,191.75,1.9));
#2864 = VERTEX_POINT('',#2865);
#2865 = CARTESIAN_POINT('',(67.830805,191.75,1.9));
#2866 = LINE('',#2867,#2868);
#2867 = CARTESIAN_POINT('',(63.730805,191.75,1.9));
#2868 = VECTOR('',#2869,1.);
#2869 = DIRECTION('',(1.,0.,-0.));
#2870 = ORIENTED_EDGE('',*,*,#2871,.T.);
#2871 = EDGE_CURVE('',#2862,#2872,#2874,.T.);
#2872 = VERTEX_POINT('',#2873);
#2873 = CARTESIAN_POINT('',(64.030805,191.75,-1.9));
#2874 = LINE('',#2875,#2876);
#2875 = CARTESIAN_POINT('',(64.030805,191.75,-2.2));
#2876 = VECTOR('',#2877,1.);
#2877 = DIRECTION('',(-0.,0.,-1.));
#2878 = ORIENTED_EDGE('',*,*,#2879,.T.);
#2879 = EDGE_CURVE('',#2872,#2880,#2882,.T.);
#2880 = VERTEX_POINT('',#2881);
#2881 = CARTESIAN_POINT('',(67.830805,191.75,-1.9));
#2882 = LINE('',#2883,#2884);
#2883 = CARTESIAN_POINT('',(63.730805,191.75,-1.9));
#2884 = VECTOR('',#2885,1.);
#2885 = DIRECTION('',(1.,0.,-0.));
#2886 = ORIENTED_EDGE('',*,*,#2887,.F.);
#2887 = EDGE_CURVE('',#2864,#2880,#2888,.T.);
#2888 = LINE('',#2889,#2890);
#2889 = CARTESIAN_POINT('',(67.830805,191.75,-2.2));
#2890 = VECTOR('',#2891,1.);
#2891 = DIRECTION('',(-0.,0.,-1.));
#2892 = PLANE('',#2893);
#2893 = AXIS2_PLACEMENT_3D('',#2894,#2895,#2896);
#2894 = CARTESIAN_POINT('',(63.430805,191.75,-2.5));
#2895 = DIRECTION('',(-0.,1.,0.));
#2896 = DIRECTION('',(0.,0.,1.));
#2897 = ADVANCED_FACE('',(#2898),#2923,.F.);
#2898 = FACE_BOUND('',#2899,.F.);
#2899 = EDGE_LOOP('',(#2900,#2908,#2909,#2917));
#2900 = ORIENTED_EDGE('',*,*,#2901,.F.);
#2901 = EDGE_CURVE('',#2862,#2902,#2904,.T.);
#2902 = VERTEX_POINT('',#2903);
#2903 = CARTESIAN_POINT('',(64.030805,193.8,1.9));
#2904 = LINE('',#2905,#2906);
#2905 = CARTESIAN_POINT('',(64.030805,191.7,1.9));
#2906 = VECTOR('',#2907,1.);
#2907 = DIRECTION('',(-0.,1.,0.));
#2908 = ORIENTED_EDGE('',*,*,#2861,.T.);
#2909 = ORIENTED_EDGE('',*,*,#2910,.T.);
#2910 = EDGE_CURVE('',#2864,#2911,#2913,.T.);
#2911 = VERTEX_POINT('',#2912);
#2912 = CARTESIAN_POINT('',(67.830805,193.8,1.9));
#2913 = LINE('',#2914,#2915);
#2914 = CARTESIAN_POINT('',(67.830805,191.7,1.9));
#2915 = VECTOR('',#2916,1.);
#2916 = DIRECTION('',(-0.,1.,0.));
#2917 = ORIENTED_EDGE('',*,*,#2918,.F.);
#2918 = EDGE_CURVE('',#2902,#2911,#2919,.T.);
#2919 = LINE('',#2920,#2921);
#2920 = CARTESIAN_POINT('',(64.030805,193.8,1.9));
#2921 = VECTOR('',#2922,1.);
#2922 = DIRECTION('',(1.,0.,-0.));
#2923 = PLANE('',#2924);
#2924 = AXIS2_PLACEMENT_3D('',#2925,#2926,#2927);
#2925 = CARTESIAN_POINT('',(64.030805,191.7,1.9));
#2926 = DIRECTION('',(0.,0.,1.));
#2927 = DIRECTION('',(1.,0.,-0.));
#2928 = ADVANCED_FACE('',(#2929),#2947,.F.);
#2929 = FACE_BOUND('',#2930,.F.);
#2930 = EDGE_LOOP('',(#2931,#2932,#2933,#2941));
#2931 = ORIENTED_EDGE('',*,*,#2910,.F.);
#2932 = ORIENTED_EDGE('',*,*,#2887,.T.);
#2933 = ORIENTED_EDGE('',*,*,#2934,.T.);
#2934 = EDGE_CURVE('',#2880,#2935,#2937,.T.);
#2935 = VERTEX_POINT('',#2936);
#2936 = CARTESIAN_POINT('',(67.830805,193.8,-1.9));
#2937 = LINE('',#2938,#2939);
#2938 = CARTESIAN_POINT('',(67.830805,191.7,-1.9));
#2939 = VECTOR('',#2940,1.);
#2940 = DIRECTION('',(-0.,1.,0.));
#2941 = ORIENTED_EDGE('',*,*,#2942,.T.);
#2942 = EDGE_CURVE('',#2935,#2911,#2943,.T.);
#2943 = LINE('',#2944,#2945);
#2944 = CARTESIAN_POINT('',(67.830805,193.8,-1.9));
#2945 = VECTOR('',#2946,1.);
#2946 = DIRECTION('',(0.,0.,1.));
#2947 = PLANE('',#2948);
#2948 = AXIS2_PLACEMENT_3D('',#2949,#2950,#2951);
#2949 = CARTESIAN_POINT('',(67.830805,191.7,-1.9));
#2950 = DIRECTION('',(1.,0.,-0.));
#2951 = DIRECTION('',(0.,0.,1.));
#2952 = ADVANCED_FACE('',(#2953),#2971,.T.);
#2953 = FACE_BOUND('',#2954,.T.);
#2954 = EDGE_LOOP('',(#2955,#2963,#2964,#2965));
#2955 = ORIENTED_EDGE('',*,*,#2956,.F.);
#2956 = EDGE_CURVE('',#2872,#2957,#2959,.T.);
#2957 = VERTEX_POINT('',#2958);
#2958 = CARTESIAN_POINT('',(64.030805,193.8,-1.9));
#2959 = LINE('',#2960,#2961);
#2960 = CARTESIAN_POINT('',(64.030805,191.7,-1.9));
#2961 = VECTOR('',#2962,1.);
#2962 = DIRECTION('',(-0.,1.,0.));
#2963 = ORIENTED_EDGE('',*,*,#2879,.T.);
#2964 = ORIENTED_EDGE('',*,*,#2934,.T.);
#2965 = ORIENTED_EDGE('',*,*,#2966,.F.);
#2966 = EDGE_CURVE('',#2957,#2935,#2967,.T.);
#2967 = LINE('',#2968,#2969);
#2968 = CARTESIAN_POINT('',(64.030805,193.8,-1.9));
#2969 = VECTOR('',#2970,1.);
#2970 = DIRECTION('',(1.,0.,-0.));
#2971 = PLANE('',#2972);
#2972 = AXIS2_PLACEMENT_3D('',#2973,#2974,#2975);
#2973 = CARTESIAN_POINT('',(64.030805,191.7,-1.9));
#2974 = DIRECTION('',(0.,0.,1.));
#2975 = DIRECTION('',(1.,0.,-0.));
#2976 = ADVANCED_FACE('',(#2977),#2988,.T.);
#2977 = FACE_BOUND('',#2978,.T.);
#2978 = EDGE_LOOP('',(#2979,#2980,#2981,#2982));
#2979 = ORIENTED_EDGE('',*,*,#2901,.F.);
#2980 = ORIENTED_EDGE('',*,*,#2871,.T.);
#2981 = ORIENTED_EDGE('',*,*,#2956,.T.);
#2982 = ORIENTED_EDGE('',*,*,#2983,.T.);
#2983 = EDGE_CURVE('',#2957,#2902,#2984,.T.);
#2984 = LINE('',#2985,#2986);
#2985 = CARTESIAN_POINT('',(64.030805,193.8,-1.9));
#2986 = VECTOR('',#2987,1.);
#2987 = DIRECTION('',(0.,0.,1.));
#2988 = PLANE('',#2989);
#2989 = AXIS2_PLACEMENT_3D('',#2990,#2991,#2992);
#2990 = CARTESIAN_POINT('',(64.030805,191.7,-1.9));
#2991 = DIRECTION('',(1.,0.,-0.));
#2992 = DIRECTION('',(0.,0.,1.));
#2993 = ADVANCED_FACE('',(#2994),#3000,.F.);
#2994 = FACE_BOUND('',#2995,.F.);
#2995 = EDGE_LOOP('',(#2996,#2997,#2998,#2999));
#2996 = ORIENTED_EDGE('',*,*,#2966,.F.);
#2997 = ORIENTED_EDGE('',*,*,#2983,.T.);
#2998 = ORIENTED_EDGE('',*,*,#2918,.T.);
#2999 = ORIENTED_EDGE('',*,*,#2942,.F.);
#3000 = PLANE('',#3001);
#3001 = AXIS2_PLACEMENT_3D('',#3002,#3003,#3004);
#3002 = CARTESIAN_POINT('',(64.030805,193.8,-1.9));
#3003 = DIRECTION('',(-0.,1.,0.));
#3004 = DIRECTION('',(0.,0.,1.));
#3005 = ( GEOMETRIC_REPRESENTATION_CONTEXT(3) 
GLOBAL_UNCERTAINTY_ASSIGNED_CONTEXT((#3009)) 
GLOBAL_UNIT_ASSIGNED_CONTEXT((#3006,#3007,#3008)) REPRESENTATION_CONTEXT
('Context #1','3D Context with UNIT and UNCERTAINTY') );
#3006 = ( LENGTH_UNIT() NAMED_UNIT(*) SI_UNIT(.MILLI.,.METRE.) );
#3007 = ( NAMED_UNIT(*) PLANE_ANGLE_UNIT() SI_UNIT($,.RADIAN.) );
#3008 = ( NAMED_UNIT(*) SI_UNIT($,.STERADIAN.) SOLID_ANGLE_UNIT() );
#3009 = UNCERTAINTY_MEASURE_WITH_UNIT(LENGTH_MEASURE(1.E-07),#3006,
  'distance_accuracy_value','confusion accuracy');
#3010 = CONTEXT_DEPENDENT_SHAPE_REPRESENTATION(#3011,#3013);
#3011 = ( REPRESENTATION_RELATIONSHIP('','',#2570,#10) 
REPRESENTATION_RELATIONSHIP_WITH_TRANSFORMATION(#3012) 
SHAPE_REPRESENTATION_RELATIONSHIP() );
#3012 = ITEM_DEFINED_TRANSFORMATION('','',#11,#39);
#3013 = PRODUCT_DEFINITION_SHAPE('Placement','Placement of an item',
  #3014);
#3014 = NEXT_ASSEMBLY_USAGE_OCCURRENCE('7','Tile0_Coupler','',#5,#2565,$
  );
#3015 = PRODUCT_RELATED_PRODUCT_CATEGORY('part',$,(#2567));
#3016 = SHAPE_DEFINITION_REPRESENTATION(#3017,#3023);
#3017 = PRODUCT_DEFINITION_SHAPE('','',#3018);
#3018 = PRODUCT_DEFINITION('design','',#3019,#3022);
#3019 = PRODUCT_DEFINITION_FORMATION('','',#3020);
#3020 = PRODUCT('Tile0_SiPM','Tile0_SiPM','',(#3021));
#3021 = PRODUCT_CONTEXT('',#2,'mechanical');
#3022 = PRODUCT_DEFINITION_CONTEXT('part definition',#2,'design');
#3023 = ADVANCED_BREP_SHAPE_REPRESENTATION('',(#11,#3024),#3174);
#3024 = MANIFOLD_SOLID_BREP('',#3025);
#3025 = CLOSED_SHELL('',(#3026,#3066,#3106,#3128,#3150,#3162));
#3026 = ADVANCED_FACE('',(#3027),#3061,.F.);
#3027 = FACE_BOUND('',#3028,.F.);
#3028 = EDGE_LOOP('',(#3029,#3039,#3047,#3055));
#3029 = ORIENTED_EDGE('',*,*,#3030,.F.);
#3030 = EDGE_CURVE('',#3031,#3033,#3035,.T.);
#3031 = VERTEX_POINT('',#3032);
#3032 = CARTESIAN_POINT('',(64.430805,191.75,-1.5));
#3033 = VERTEX_POINT('',#3034);
#3034 = CARTESIAN_POINT('',(64.430805,191.75,1.5));
#3035 = LINE('',#3036,#3037);
#3036 = CARTESIAN_POINT('',(64.430805,191.75,-1.5));
#3037 = VECTOR('',#3038,1.);
#3038 = DIRECTION('',(0.,0.,1.));
#3039 = ORIENTED_EDGE('',*,*,#3040,.T.);
#3040 = EDGE_CURVE('',#3031,#3041,#3043,.T.);
#3041 = VERTEX_POINT('',#3042);
#3042 = CARTESIAN_POINT('',(64.430805,193.25,-1.5));
#3043 = LINE('',#3044,#3045);
#3044 = CARTESIAN_POINT('',(64.430805,191.75,-1.5));
#3045 = VECTOR('',#3046,1.);
#3046 = DIRECTION('',(-0.,1.,0.));
#3047 = ORIENTED_EDGE('',*,*,#3048,.T.);
#3048 = EDGE_CURVE('',#3041,#3049,#3051,.T.);
#3049 = VERTEX_POINT('',#3050);
#3050 = CARTESIAN_POINT('',(64.430805,193.25,1.5));
#3051 = LINE('',#3052,#3053);
#3052 = CARTESIAN_POINT('',(64.430805,193.25,-1.5));
#3053 = VECTOR('',#3054,1.);
#3054 = DIRECTION('',(0.,0.,1.));
#3055 = ORIENTED_EDGE('',*,*,#3056,.F.);
#3056 = EDGE_CURVE('',#3033,#3049,#3057,.T.);
#3057 = LINE('',#3058,#3059);
#3058 = CARTESIAN_POINT('',(64.430805,191.75,1.5));
#3059 = VECTOR('',#3060,1.);
#3060 = DIRECTION('',(-0.,1.,0.));
#3061 = PLANE('',#3062);
#3062 = AXIS2_PLACEMENT_3D('',#3063,#3064,#3065);
#3063 = CARTESIAN_POINT('',(64.430805,191.75,-1.5));
#3064 = DIRECTION('',(1.,0.,-0.));
#3065 = DIRECTION('',(0.,0.,1.));
#3066 = ADVANCED_FACE('',(#3067),#3101,.T.);
#3067 = FACE_BOUND('',#3068,.T.);
#3068 = EDGE_LOOP('',(#3069,#3079,#3087,#3095));
#3069 = ORIENTED_EDGE('',*,*,#3070,.F.);
#3070 = EDGE_CURVE('',#3071,#3073,#3075,.T.);
#3071 = VERTEX_POINT('',#3072);
#3072 = CARTESIAN_POINT('',(67.430805,191.75,-1.5));
#3073 = VERTEX_POINT('',#3074);
#3074 = CARTESIAN_POINT('',(67.430805,191.75,1.5));
#3075 = LINE('',#3076,#3077);
#3076 = CARTESIAN_POINT('',(67.430805,191.75,-1.5));
#3077 = VECTOR('',#3078,1.);
#3078 = DIRECTION('',(0.,0.,1.));
#3079 = ORIENTED_EDGE('',*,*,#3080,.T.);
#3080 = EDGE_CURVE('',#3071,#3081,#3083,.T.);
#3081 = VERTEX_POINT('',#3082);
#3082 = CARTESIAN_POINT('',(67.430805,193.25,-1.5));
#3083 = LINE('',#3084,#3085);
#3084 = CARTESIAN_POINT('',(67.430805,191.75,-1.5));
#3085 = VECTOR('',#3086,1.);
#3086 = DIRECTION('',(-0.,1.,0.));
#3087 = ORIENTED_EDGE('',*,*,#3088,.T.);
#3088 = EDGE_CURVE('',#3081,#3089,#3091,.T.);
#3089 = VERTEX_POINT('',#3090);
#3090 = CARTESIAN_POINT('',(67.430805,193.25,1.5));
#3091 = LINE('',#3092,#3093);
#3092 = CARTESIAN_POINT('',(67.430805,193.25,-1.5));
#3093 = VECTOR('',#3094,1.);
#3094 = DIRECTION('',(0.,0.,1.));
#3095 = ORIENTED_EDGE('',*,*,#3096,.F.);
#3096 = EDGE_CURVE('',#3073,#3089,#3097,.T.);
#3097 = LINE('',#3098,#3099);
#3098 = CARTESIAN_POINT('',(67.430805,191.75,1.5));
#3099 = VECTOR('',#3100,1.);
#3100 = DIRECTION('',(-0.,1.,0.));
#3101 = PLANE('',#3102);
#3102 = AXIS2_PLACEMENT_3D('',#3103,#3104,#3105);
#3103 = CARTESIAN_POINT('',(67.430805,191.75,-1.5));
#3104 = DIRECTION('',(1.,0.,-0.));
#3105 = DIRECTION('',(0.,0.,1.));
#3106 = ADVANCED_FACE('',(#3107),#3123,.F.);
#3107 = FACE_BOUND('',#3108,.F.);
#3108 = EDGE_LOOP('',(#3109,#3115,#3116,#3122));
#3109 = ORIENTED_EDGE('',*,*,#3110,.F.);
#3110 = EDGE_CURVE('',#3031,#3071,#3111,.T.);
#3111 = LINE('',#3112,#3113);
#3112 = CARTESIAN_POINT('',(64.430805,191.75,-1.5));
#3113 = VECTOR('',#3114,1.);
#3114 = DIRECTION('',(1.,0.,-0.));
#3115 = ORIENTED_EDGE('',*,*,#3030,.T.);
#3116 = ORIENTED_EDGE('',*,*,#3117,.T.);
#3117 = EDGE_CURVE('',#3033,#3073,#3118,.T.);
#3118 = LINE('',#3119,#3120);
#3119 = CARTESIAN_POINT('',(64.430805,191.75,1.5));
#3120 = VECTOR('',#3121,1.);
#3121 = DIRECTION('',(1.,0.,-0.));
#3122 = ORIENTED_EDGE('',*,*,#3070,.F.);
#3123 = PLANE('',#3124);
#3124 = AXIS2_PLACEMENT_3D('',#3125,#3126,#3127);
#3125 = CARTESIAN_POINT('',(64.430805,191.75,-1.5));
#3126 = DIRECTION('',(-0.,1.,0.));
#3127 = DIRECTION('',(0.,0.,1.));
#3128 = ADVANCED_FACE('',(#3129),#3145,.T.);
#3129 = FACE_BOUND('',#3130,.T.);
#3130 = EDGE_LOOP('',(#3131,#3137,#3138,#3144));
#3131 = ORIENTED_EDGE('',*,*,#3132,.F.);
#3132 = EDGE_CURVE('',#3041,#3081,#3133,.T.);
#3133 = LINE('',#3134,#3135);
#3134 = CARTESIAN_POINT('',(64.430805,193.25,-1.5));
#3135 = VECTOR('',#3136,1.);
#3136 = DIRECTION('',(1.,0.,-0.));
#3137 = ORIENTED_EDGE('',*,*,#3048,.T.);
#3138 = ORIENTED_EDGE('',*,*,#3139,.T.);
#3139 = EDGE_CURVE('',#3049,#3089,#3140,.T.);
#3140 = LINE('',#3141,#3142);
#3141 = CARTESIAN_POINT('',(64.430805,193.25,1.5));
#3142 = VECTOR('',#3143,1.);
#3143 = DIRECTION('',(1.,0.,-0.));
#3144 = ORIENTED_EDGE('',*,*,#3088,.F.);
#3145 = PLANE('',#3146);
#3146 = AXIS2_PLACEMENT_3D('',#3147,#3148,#3149);
#3147 = CARTESIAN_POINT('',(64.430805,193.25,-1.5));
#3148 = DIRECTION('',(-0.,1.,0.));
#3149 = DIRECTION('',(0.,0.,1.));
#3150 = ADVANCED_FACE('',(#3151),#3157,.F.);
#3151 = FACE_BOUND('',#3152,.F.);
#3152 = EDGE_LOOP('',(#3153,#3154,#3155,#3156));
#3153 = ORIENTED_EDGE('',*,*,#3040,.F.);
#3154 = ORIENTED_EDGE('',*,*,#3110,.T.);
#3155 = ORIENTED_EDGE('',*,*,#3080,.T.);
#3156 = ORIENTED_EDGE('',*,*,#3132,.F.);
#3157 = PLANE('',#3158);
#3158 = AXIS2_PLACEMENT_3D('',#3159,#3160,#3161);
#3159 = CARTESIAN_POINT('',(64.430805,191.75,-1.5));
#3160 = DIRECTION('',(0.,0.,1.));
#3161 = DIRECTION('',(1.,0.,-0.));
#3162 = ADVANCED_FACE('',(#3163),#3169,.T.);
#3163 = FACE_BOUND('',#3164,.T.);
#3164 = EDGE_LOOP('',(#3165,#3166,#3167,#3168));
#3165 = ORIENTED_EDGE('',*,*,#3056,.F.);
#3166 = ORIENTED_EDGE('',*,*,#3117,.T.);
#3167 = ORIENTED_EDGE('',*,*,#3096,.T.);
#3168 = ORIENTED_EDGE('',*,*,#3139,.F.);
#3169 = PLANE('',#3170);
#3170 = AXIS2_PLACEMENT_3D('',#3171,#3172,#3173);
#3171 = CARTESIAN_POINT('',(64.430805,191.75,1.5));
#3172 = DIRECTION('',(0.,0.,1.));
#3173 = DIRECTION('',(1.,0.,-0.));
#3174 = ( GEOMETRIC_REPRESENTATION_CONTEXT(3) 
GLOBAL_UNCERTAINTY_ASSIGNED_CONTEXT((#3178)) 
GLOBAL_UNIT_ASSIGNED_CONTEXT((#3175,#3176,#3177)) REPRESENTATION_CONTEXT
('Context #1','3D Context with UNIT and UNCERTAINTY') );
#3175 = ( LENGTH_UNIT() NAMED_UNIT(*) SI_UNIT(.MILLI.,.METRE.) );
#3176 = ( NAMED_UNIT(*) PLANE_ANGLE_UNIT() SI_UNIT($,.RADIAN.) );
#3177 = ( NAMED_UNIT(*) SI_UNIT($,.STERADIAN.) SOLID_ANGLE_UNIT() );
#3178 = UNCERTAINTY_MEASURE_WITH_UNIT(LENGTH_MEASURE(1.E-07),#3175,
  'distance_accuracy_value','confusion accuracy');
#3179 = CONTEXT_DEPENDENT_SHAPE_REPRESENTATION(#3180,#3182);
#3180 = ( REPRESENTATION_RELATIONSHIP('','',#3023,#10) 
REPRESENTATION_RELATIONSHIP_WITH_TRANSFORMATION(#3181) 
SHAPE_REPRESENTATION_RELATIONSHIP() );
#3181 = ITEM_DEFINED_TRANSFORMATION('','',#11,#43);
#3182 = PRODUCT_DEFINITION_SHAPE('Placement','Placement of an item',
  #3183);
#3183 = NEXT_ASSEMBLY_USAGE_OCCURRENCE('8','Tile0_SiPM','',#5,#3018,$);
#3184 = PRODUCT_RELATED_PRODUCT_CATEGORY('part',$,(#3020));
#3185 = SHAPE_DEFINITION_REPRESENTATION(#3186,#3192);
#3186 = PRODUCT_DEFINITION_SHAPE('','',#3187);
#3187 = PRODUCT_DEFINITION('design','',#3188,#3191);
#3188 = PRODUCT_DEFINITION_FORMATION('','',#3189);
#3189 = PRODUCT('Tile0_SiPM_PCB','Tile0_SiPM_PCB','',(#3190));
#3190 = PRODUCT_CONTEXT('',#2,'mechanical');
#3191 = PRODUCT_DEFINITION_CONTEXT('part definition',#2,'design');
#3192 = ADVANCED_BREP_SHAPE_REPRESENTATION('',(#11,#3193),#3343);
#3193 = MANIFOLD_SOLID_BREP('',#3194);
#3194 = CLOSED_SHELL('',(#3195,#3235,#3275,#3297,#3319,#3331));
#3195 = ADVANCED_FACE('',(#3196),#3230,.F.);
#3196 = FACE_BOUND('',#3197,.F.);
#3197 = EDGE_LOOP('',(#3198,#3208,#3216,#3224));
#3198 = ORIENTED_EDGE('',*,*,#3199,.F.);
#3199 = EDGE_CURVE('',#3200,#3202,#3204,.T.);
#3200 = VERTEX_POINT('',#3201);
#3201 = CARTESIAN_POINT('',(53.930805,197.,-6.));
#3202 = VERTEX_POINT('',#3203);
#3203 = CARTESIAN_POINT('',(53.930805,197.,6.));
#3204 = LINE('',#3205,#3206);
#3205 = CARTESIAN_POINT('',(53.930805,197.,-6.));
#3206 = VECTOR('',#3207,1.);
#3207 = DIRECTION('',(0.,0.,1.));
#3208 = ORIENTED_EDGE('',*,*,#3209,.T.);
#3209 = EDGE_CURVE('',#3200,#3210,#3212,.T.);
#3210 = VERTEX_POINT('',#3211);
#3211 = CARTESIAN_POINT('',(53.930805,198.6,-6.));
#3212 = LINE('',#3213,#3214);
#3213 = CARTESIAN_POINT('',(53.930805,197.,-6.));
#3214 = VECTOR('',#3215,1.);
#3215 = DIRECTION('',(-0.,1.,0.));
#3216 = ORIENTED_EDGE('',*,*,#3217,.T.);
#3217 = EDGE_CURVE('',#3210,#3218,#3220,.T.);
#3218 = VERTEX_POINT('',#3219);
#3219 = CARTESIAN_POINT('',(53.930805,198.6,6.));
#3220 = LINE('',#3221,#3222);
#3221 = CARTESIAN_POINT('',(53.930805,198.6,-6.));
#3222 = VECTOR('',#3223,1.);
#3223 = DIRECTION('',(0.,0.,1.));
#3224 = ORIENTED_EDGE('',*,*,#3225,.F.);
#3225 = EDGE_CURVE('',#3202,#3218,#3226,.T.);
#3226 = LINE('',#3227,#3228);
#3227 = CARTESIAN_POINT('',(53.930805,197.,6.));
#3228 = VECTOR('',#3229,1.);
#3229 = DIRECTION('',(-0.,1.,0.));
#3230 = PLANE('',#3231);
#3231 = AXIS2_PLACEMENT_3D('',#3232,#3233,#3234);
#3232 = CARTESIAN_POINT('',(53.930805,197.,-6.));
#3233 = DIRECTION('',(1.,0.,-0.));
#3234 = DIRECTION('',(0.,0.,1.));
#3235 = ADVANCED_FACE('',(#3236),#3270,.T.);
#3236 = FACE_BOUND('',#3237,.T.);
#3237 = EDGE_LOOP('',(#3238,#3248,#3256,#3264));
#3238 = ORIENTED_EDGE('',*,*,#3239,.F.);
#3239 = EDGE_CURVE('',#3240,#3242,#3244,.T.);
#3240 = VERTEX_POINT('',#3241);
#3241 = CARTESIAN_POINT('',(77.930805,197.,-6.));
#3242 = VERTEX_POINT('',#3243);
#3243 = CARTESIAN_POINT('',(77.930805,197.,6.));
#3244 = LINE('',#3245,#3246);
#3245 = CARTESIAN_POINT('',(77.930805,197.,-6.));
#3246 = VECTOR('',#3247,1.);
#3247 = DIRECTION('',(0.,0.,1.));
#3248 = ORIENTED_EDGE('',*,*,#3249,.T.);
#3249 = EDGE_CURVE('',#3240,#3250,#3252,.T.);
#3250 = VERTEX_POINT('',#3251);
#3251 = CARTESIAN_POINT('',(77.930805,198.6,-6.));
#3252 = LINE('',#3253,#3254);
#3253 = CARTESIAN_POINT('',(77.930805,197.,-6.));
#3254 = VECTOR('',#3255,1.);
#3255 = DIRECTION('',(-0.,1.,0.));
#3256 = ORIENTED_EDGE('',*,*,#3257,.T.);
#3257 = EDGE_CURVE('',#3250,#3258,#3260,.T.);
#3258 = VERTEX_POINT('',#3259);
#3259 = CARTESIAN_POINT('',(77.930805,198.6,6.));
#3260 = LINE('',#3261,#3262);
#3261 = CARTESIAN_POINT('',(77.930805,198.6,-6.));
#3262 = VECTOR('',#3263,1.);
#3263 = DIRECTION('',(0.,0.,1.));
#3264 = ORIENTED_EDGE('',*,*,#3265,.F.);
#3265 = EDGE_CURVE('',#3242,#3258,#3266,.T.);
#3266 = LINE('',#3267,#3268);
#3267 = CARTESIAN_POINT('',(77.930805,197.,6.));
#3268 = VECTOR('',#3269,1.);
#3269 = DIRECTION('',(-0.,1.,0.));
#3270 = PLANE('',#3271);
#3271 = AXIS2_PLACEMENT_3D('',#3272,#3273,#3274);
#3272 = CARTESIAN_POINT('',(77.930805,197.,-6.));
#3273 = DIRECTION('',(1.,0.,-0.));
#3274 = DIRECTION('',(0.,0.,1.));
#3275 = ADVANCED_FACE('',(#3276),#3292,.F.);
#3276 = FACE_BOUND('',#3277,.F.);
#3277 = EDGE_LOOP('',(#3278,#3284,#3285,#3291));
#3278 = ORIENTED_EDGE('',*,*,#3279,.F.);
#3279 = EDGE_CURVE('',#3200,#3240,#3280,.T.);
#3280 = LINE('',#3281,#3282);
#3281 = CARTESIAN_POINT('',(53.930805,197.,-6.));
#3282 = VECTOR('',#3283,1.);
#3283 = DIRECTION('',(1.,0.,-0.));
#3284 = ORIENTED_EDGE('',*,*,#3199,.T.);
#3285 = ORIENTED_EDGE('',*,*,#3286,.T.);
#3286 = EDGE_CURVE('',#3202,#3242,#3287,.T.);
#3287 = LINE('',#3288,#3289);
#3288 = CARTESIAN_POINT('',(53.930805,197.,6.));
#3289 = VECTOR('',#3290,1.);
#3290 = DIRECTION('',(1.,0.,-0.));
#3291 = ORIENTED_EDGE('',*,*,#3239,.F.);
#3292 = PLANE('',#3293);
#3293 = AXIS2_PLACEMENT_3D('',#3294,#3295,#3296);
#3294 = CARTESIAN_POINT('',(53.930805,197.,-6.));
#3295 = DIRECTION('',(-0.,1.,0.));
#3296 = DIRECTION('',(0.,0.,1.));
#3297 = ADVANCED_FACE('',(#3298),#3314,.T.);
#3298 = FACE_BOUND('',#3299,.T.);
#3299 = EDGE_LOOP('',(#3300,#3306,#3307,#3313));
#3300 = ORIENTED_EDGE('',*,*,#3301,.F.);
#3301 = EDGE_CURVE('',#3210,#3250,#3302,.T.);
#3302 = LINE('',#3303,#3304);
#3303 = CARTESIAN_POINT('',(53.930805,198.6,-6.));
#3304 = VECTOR('',#3305,1.);
#3305 = DIRECTION('',(1.,0.,-0.));
#3306 = ORIENTED_EDGE('',*,*,#3217,.T.);
#3307 = ORIENTED_EDGE('',*,*,#3308,.T.);
#3308 = EDGE_CURVE('',#3218,#3258,#3309,.T.);
#3309 = LINE('',#3310,#3311);
#3310 = CARTESIAN_POINT('',(53.930805,198.6,6.));
#3311 = VECTOR('',#3312,1.);
#3312 = DIRECTION('',(1.,0.,-0.));
#3313 = ORIENTED_EDGE('',*,*,#3257,.F.);
#3314 = PLANE('',#3315);
#3315 = AXIS2_PLACEMENT_3D('',#3316,#3317,#3318);
#3316 = CARTESIAN_POINT('',(53.930805,198.6,-6.));
#3317 = DIRECTION('',(-0.,1.,0.));
#3318 = DIRECTION('',(0.,0.,1.));
#3319 = ADVANCED_FACE('',(#3320),#3326,.F.);
#3320 = FACE_BOUND('',#3321,.F.);
#3321 = EDGE_LOOP('',(#3322,#3323,#3324,#3325));
#3322 = ORIENTED_EDGE('',*,*,#3209,.F.);
#3323 = ORIENTED_EDGE('',*,*,#3279,.T.);
#3324 = ORIENTED_EDGE('',*,*,#3249,.T.);
#3325 = ORIENTED_EDGE('',*,*,#3301,.F.);
#3326 = PLANE('',#3327);
#3327 = AXIS2_PLACEMENT_3D('',#3328,#3329,#3330);
#3328 = CARTESIAN_POINT('',(53.930805,197.,-6.));
#3329 = DIRECTION('',(0.,0.,1.));
#3330 = DIRECTION('',(1.,0.,-0.));
#3331 = ADVANCED_FACE('',(#3332),#3338,.T.);
#3332 = FACE_BOUND('',#3333,.T.);
#3333 = EDGE_LOOP('',(#3334,#3335,#3336,#3337));
#3334 = ORIENTED_EDGE('',*,*,#3225,.F.);
#3335 = ORIENTED_EDGE('',*,*,#3286,.T.);
#3336 = ORIENTED_EDGE('',*,*,#3265,.T.);
#3337 = ORIENTED_EDGE('',*,*,#3308,.F.);
#3338 = PLANE('',#3339);
#3339 = AXIS2_PLACEMENT_3D('',#3340,#3341,#3342);
#3340 = CARTESIAN_POINT('',(53.930805,197.,6.));
#3341 = DIRECTION('',(0.,0.,1.));
#3342 = DIRECTION('',(1.,0.,-0.));
#3343 = ( GEOMETRIC_REPRESENTATION_CONTEXT(3) 
GLOBAL_UNCERTAINTY_ASSIGNED_CONTEXT((#3347)) 
GLOBAL_UNIT_ASSIGNED_CONTEXT((#3344,#3345,#3346)) REPRESENTATION_CONTEXT
('Context #1','3D Context with UNIT and UNCERTAINTY') );
#3344 = ( LENGTH_UNIT() NAMED_UNIT(*) SI_UNIT(.MILLI.,.METRE.) );
#3345 = ( NAMED_UNIT(*) PLANE_ANGLE_UNIT() SI_UNIT($,.RADIAN.) );
#3346 = ( NAMED_UNIT(*) SI_UNIT($,.STERADIAN.) SOLID_ANGLE_UNIT() );
#3347 = UNCERTAINTY_MEASURE_WITH_UNIT(LENGTH_MEASURE(1.E-07),#3344,
  'distance_accuracy_value','confusion accuracy');
#3348 = CONTEXT_DEPENDENT_SHAPE_REPRESENTATION(#3349,#3351);
#3349 = ( REPRESENTATION_RELATIONSHIP('','',#3192,#10) 
REPRESENTATION_RELATIONSHIP_WITH_TRANSFORMATION(#3350) 
SHAPE_REPRESENTATION_RELATIONSHIP() );
#3350 = ITEM_DEFINED_TRANSFORMATION('','',#11,#47);
#3351 = PRODUCT_DEFINITION_SHAPE('Placement','Placement of an item',
  #3352);
#3352 = NEXT_ASSEMBLY_USAGE_OCCURRENCE('9','Tile0_SiPM_PCB','',#5,#3187,
  $);
#3353 = PRODUCT_RELATED_PRODUCT_CATEGORY('part',$,(#3189));
#3354 = SHAPE_DEFINITION_REPRESENTATION(#3355,#3361);
#3355 = PRODUCT_DEFINITION_SHAPE('','',#3356);
#3356 = PRODUCT_DEFINITION('design','',#3357,#3360);
#3357 = PRODUCT_DEFINITION_FORMATION('','',#3358);
#3358 = PRODUCT('Tile0_UFL','Tile0_UFL','',(#3359));
#3359 = PRODUCT_CONTEXT('',#2,'mechanical');
#3360 = PRODUCT_DEFINITION_CONTEXT('part definition',#2,'design');
#3361 = ADVANCED_BREP_SHAPE_REPRESENTATION('',(#11,#3362),#3512);
#3362 = MANIFOLD_SOLID_BREP('',#3363);
#3363 = CLOSED_SHELL('',(#3364,#3404,#3444,#3466,#3488,#3500));
#3364 = ADVANCED_FACE('',(#3365),#3399,.F.);
#3365 = FACE_BOUND('',#3366,.F.);
#3366 = EDGE_LOOP('',(#3367,#3377,#3385,#3393));
#3367 = ORIENTED_EDGE('',*,*,#3368,.F.);
#3368 = EDGE_CURVE('',#3369,#3371,#3373,.T.);
#3369 = VERTEX_POINT('',#3370);
#3370 = CARTESIAN_POINT('',(64.430805,198.6,-1.3));
#3371 = VERTEX_POINT('',#3372);
#3372 = CARTESIAN_POINT('',(64.430805,198.6,1.3));
#3373 = LINE('',#3374,#3375);
#3374 = CARTESIAN_POINT('',(64.430805,198.6,-1.3));
#3375 = VECTOR('',#3376,1.);
#3376 = DIRECTION('',(0.,0.,1.));
#3377 = ORIENTED_EDGE('',*,*,#3378,.T.);
#3378 = EDGE_CURVE('',#3369,#3379,#3381,.T.);
#3379 = VERTEX_POINT('',#3380);
#3380 = CARTESIAN_POINT('',(64.430805,199.85,-1.3));
#3381 = LINE('',#3382,#3383);
#3382 = CARTESIAN_POINT('',(64.430805,198.6,-1.3));
#3383 = VECTOR('',#3384,1.);
#3384 = DIRECTION('',(-0.,1.,0.));
#3385 = ORIENTED_EDGE('',*,*,#3386,.T.);
#3386 = EDGE_CURVE('',#3379,#3387,#3389,.T.);
#3387 = VERTEX_POINT('',#3388);
#3388 = CARTESIAN_POINT('',(64.430805,199.85,1.3));
#3389 = LINE('',#3390,#3391);
#3390 = CARTESIAN_POINT('',(64.430805,199.85,-1.3));
#3391 = VECTOR('',#3392,1.);
#3392 = DIRECTION('',(0.,0.,1.));
#3393 = ORIENTED_EDGE('',*,*,#3394,.F.);
#3394 = EDGE_CURVE('',#3371,#3387,#3395,.T.);
#3395 = LINE('',#3396,#3397);
#3396 = CARTESIAN_POINT('',(64.430805,198.6,1.3));
#3397 = VECTOR('',#3398,1.);
#3398 = DIRECTION('',(-0.,1.,0.));
#3399 = PLANE('',#3400);
#3400 = AXIS2_PLACEMENT_3D('',#3401,#3402,#3403);
#3401 = CARTESIAN_POINT('',(64.430805,198.6,-1.3));
#3402 = DIRECTION('',(1.,0.,-0.));
#3403 = DIRECTION('',(0.,0.,1.));
#3404 = ADVANCED_FACE('',(#3405),#3439,.T.);
#3405 = FACE_BOUND('',#3406,.T.);
#3406 = EDGE_LOOP('',(#3407,#3417,#3425,#3433));
#3407 = ORIENTED_EDGE('',*,*,#3408,.F.);
#3408 = EDGE_CURVE('',#3409,#3411,#3413,.T.);
#3409 = VERTEX_POINT('',#3410);
#3410 = CARTESIAN_POINT('',(67.430805,198.6,-1.3));
#3411 = VERTEX_POINT('',#3412);
#3412 = CARTESIAN_POINT('',(67.430805,198.6,1.3));
#3413 = LINE('',#3414,#3415);
#3414 = CARTESIAN_POINT('',(67.430805,198.6,-1.3));
#3415 = VECTOR('',#3416,1.);
#3416 = DIRECTION('',(0.,0.,1.));
#3417 = ORIENTED_EDGE('',*,*,#3418,.T.);
#3418 = EDGE_CURVE('',#3409,#3419,#3421,.T.);
#3419 = VERTEX_POINT('',#3420);
#3420 = CARTESIAN_POINT('',(67.430805,199.85,-1.3));
#3421 = LINE('',#3422,#3423);
#3422 = CARTESIAN_POINT('',(67.430805,198.6,-1.3));
#3423 = VECTOR('',#3424,1.);
#3424 = DIRECTION('',(-0.,1.,0.));
#3425 = ORIENTED_EDGE('',*,*,#3426,.T.);
#3426 = EDGE_CURVE('',#3419,#3427,#3429,.T.);
#3427 = VERTEX_POINT('',#3428);
#3428 = CARTESIAN_POINT('',(67.430805,199.85,1.3));
#3429 = LINE('',#3430,#3431);
#3430 = CARTESIAN_POINT('',(67.430805,199.85,-1.3));
#3431 = VECTOR('',#3432,1.);
#3432 = DIRECTION('',(0.,0.,1.));
#3433 = ORIENTED_EDGE('',*,*,#3434,.F.);
#3434 = EDGE_CURVE('',#3411,#3427,#3435,.T.);
#3435 = LINE('',#3436,#3437);
#3436 = CARTESIAN_POINT('',(67.430805,198.6,1.3));
#3437 = VECTOR('',#3438,1.);
#3438 = DIRECTION('',(-0.,1.,0.));
#3439 = PLANE('',#3440);
#3440 = AXIS2_PLACEMENT_3D('',#3441,#3442,#3443);
#3441 = CARTESIAN_POINT('',(67.430805,198.6,-1.3));
#3442 = DIRECTION('',(1.,0.,-0.));
#3443 = DIRECTION('',(0.,0.,1.));
#3444 = ADVANCED_FACE('',(#3445),#3461,.F.);
#3445 = FACE_BOUND('',#3446,.F.);
#3446 = EDGE_LOOP('',(#3447,#3453,#3454,#3460));
#3447 = ORIENTED_EDGE('',*,*,#3448,.F.);
#3448 = EDGE_CURVE('',#3369,#3409,#3449,.T.);
#3449 = LINE('',#3450,#3451);
#3450 = CARTESIAN_POINT('',(64.430805,198.6,-1.3));
#3451 = VECTOR('',#3452,1.);
#3452 = DIRECTION('',(1.,0.,-0.));
#3453 = ORIENTED_EDGE('',*,*,#3368,.T.);
#3454 = ORIENTED_EDGE('',*,*,#3455,.T.);
#3455 = EDGE_CURVE('',#3371,#3411,#3456,.T.);
#3456 = LINE('',#3457,#3458);
#3457 = CARTESIAN_POINT('',(64.430805,198.6,1.3));
#3458 = VECTOR('',#3459,1.);
#3459 = DIRECTION('',(1.,0.,-0.));
#3460 = ORIENTED_EDGE('',*,*,#3408,.F.);
#3461 = PLANE('',#3462);
#3462 = AXIS2_PLACEMENT_3D('',#3463,#3464,#3465);
#3463 = CARTESIAN_POINT('',(64.430805,198.6,-1.3));
#3464 = DIRECTION('',(-0.,1.,0.));
#3465 = DIRECTION('',(0.,0.,1.));
#3466 = ADVANCED_FACE('',(#3467),#3483,.T.);
#3467 = FACE_BOUND('',#3468,.T.);
#3468 = EDGE_LOOP('',(#3469,#3475,#3476,#3482));
#3469 = ORIENTED_EDGE('',*,*,#3470,.F.);
#3470 = EDGE_CURVE('',#3379,#3419,#3471,.T.);
#3471 = LINE('',#3472,#3473);
#3472 = CARTESIAN_POINT('',(64.430805,199.85,-1.3));
#3473 = VECTOR('',#3474,1.);
#3474 = DIRECTION('',(1.,0.,-0.));
#3475 = ORIENTED_EDGE('',*,*,#3386,.T.);
#3476 = ORIENTED_EDGE('',*,*,#3477,.T.);
#3477 = EDGE_CURVE('',#3387,#3427,#3478,.T.);
#3478 = LINE('',#3479,#3480);
#3479 = CARTESIAN_POINT('',(64.430805,199.85,1.3));
#3480 = VECTOR('',#3481,1.);
#3481 = DIRECTION('',(1.,0.,-0.));
#3482 = ORIENTED_EDGE('',*,*,#3426,.F.);
#3483 = PLANE('',#3484);
#3484 = AXIS2_PLACEMENT_3D('',#3485,#3486,#3487);
#3485 = CARTESIAN_POINT('',(64.430805,199.85,-1.3));
#3486 = DIRECTION('',(-0.,1.,0.));
#3487 = DIRECTION('',(0.,0.,1.));
#3488 = ADVANCED_FACE('',(#3489),#3495,.F.);
#3489 = FACE_BOUND('',#3490,.F.);
#3490 = EDGE_LOOP('',(#3491,#3492,#3493,#3494));
#3491 = ORIENTED_EDGE('',*,*,#3378,.F.);
#3492 = ORIENTED_EDGE('',*,*,#3448,.T.);
#3493 = ORIENTED_EDGE('',*,*,#3418,.T.);
#3494 = ORIENTED_EDGE('',*,*,#3470,.F.);
#3495 = PLANE('',#3496);
#3496 = AXIS2_PLACEMENT_3D('',#3497,#3498,#3499);
#3497 = CARTESIAN_POINT('',(64.430805,198.6,-1.3));
#3498 = DIRECTION('',(0.,0.,1.));
#3499 = DIRECTION('',(1.,0.,-0.));
#3500 = ADVANCED_FACE('',(#3501),#3507,.T.);
#3501 = FACE_BOUND('',#3502,.T.);
#3502 = EDGE_LOOP('',(#3503,#3504,#3505,#3506));
#3503 = ORIENTED_EDGE('',*,*,#3394,.F.);
#3504 = ORIENTED_EDGE('',*,*,#3455,.T.);
#3505 = ORIENTED_EDGE('',*,*,#3434,.T.);
#3506 = ORIENTED_EDGE('',*,*,#3477,.F.);
#3507 = PLANE('',#3508);
#3508 = AXIS2_PLACEMENT_3D('',#3509,#3510,#3511);
#3509 = CARTESIAN_POINT('',(64.430805,198.6,1.3));
#3510 = DIRECTION('',(0.,0.,1.));
#3511 = DIRECTION('',(1.,0.,-0.));
#3512 = ( GEOMETRIC_REPRESENTATION_CONTEXT(3) 
GLOBAL_UNCERTAINTY_ASSIGNED_CONTEXT((#3516)) 
GLOBAL_UNIT_ASSIGNED_CONTEXT((#3513,#3514,#3515)) REPRESENTATION_CONTEXT
('Context #1','3D Context with UNIT and UNCERTAINTY') );
#3513 = ( LENGTH_UNIT() NAMED_UNIT(*) SI_UNIT(.MILLI.,.METRE.) );
#3514 = ( NAMED_UNIT(*) PLANE_ANGLE_UNIT() SI_UNIT($,.RADIAN.) );
#3515 = ( NAMED_UNIT(*) SI_UNIT($,.STERADIAN.) SOLID_ANGLE_UNIT() );
#3516 = UNCERTAINTY_MEASURE_WITH_UNIT(LENGTH_MEASURE(1.E-07),#3513,
  'distance_accuracy_value','confusion accuracy');
#3517 = CONTEXT_DEPENDENT_SHAPE_REPRESENTATION(#3518,#3520);
#3518 = ( REPRESENTATION_RELATIONSHIP('','',#3361,#10) 
REPRESENTATION_RELATIONSHIP_WITH_TRANSFORMATION(#3519) 
SHAPE_REPRESENTATION_RELATIONSHIP() );
#3519 = ITEM_DEFINED_TRANSFORMATION('','',#11,#51);
#3520 = PRODUCT_DEFINITION_SHAPE('Placement','Placement of an item',
  #3521);
#3521 = NEXT_ASSEMBLY_USAGE_OCCURRENCE('10','Tile0_UFL','',#5,#3356,$);
#3522 = PRODUCT_RELATED_PRODUCT_CATEGORY('part',$,(#3358));
ENDSEC;
END-ISO-10303-21;
